outer_fold,method,alpha,beta,threshold,top_k,query_rows,baseline_fpr,adapted_fpr,adapted_recall,adapted_f1,participant_macro_recall,participant_macro_f1,safety_passed,fpr_increase,selected_recipe
0,prototype_only,0.0,0.0,0.55,1,7180,0.0057306590257879654,0.003151862464183381,0.9566395663956639,0.9763518185589821,0.9505880129978178,0.9729963260695674,True,-0.0025787965616045844,
0,prototype_only,0.0,0.0,0.6000000000000001,1,7180,0.0057306590257879654,0.0028653295128939827,0.9566395663956639,0.9764868603042877,0.9505880129978178,0.9733340498115465,True,-0.0028653295128939827,prototype_personalization
0,prototype_only,0.0,0.0,0.65,1,7180,0.0057306590257879654,0.0028653295128939827,0.9566395663956639,0.9764868603042877,0.9505880129978178,0.9733340498115465,True,-0.0028653295128939827,
0,prototype_only,0.0,0.0,0.7,1,7180,0.0057306590257879654,0.0028653295128939827,0.9566395663956639,0.9764868603042877,0.9505880129978178,0.9733340498115465,True,-0.0028653295128939827,
0,prototype_only,0.0,0.0,0.75,1,7180,0.0057306590257879654,0.0028653295128939827,0.9547425474254743,0.9754949466980479,0.9489213463311511,0.9724551105154889,True,-0.0028653295128939827,
0,prototype_only,0.0,0.0,0.8,1,7180,0.0057306590257879654,0.0028653295128939827,0.9544715447154472,0.9753530877873166,0.948683251093056,0.9723269386626686,True,-0.0028653295128939827,
0,prototype_only,0.0,0.0,0.85,1,7180,0.0057306590257879654,0.0028653295128939827,0.9544715447154472,0.9753530877873166,0.948683251093056,0.9723269386626686,True,-0.0028653295128939827,
0,prototype_only,0.0,0.0,0.8999999999999999,1,7180,0.0057306590257879654,0.0028653295128939827,0.9544715447154472,0.9753530877873166,0.948683251093056,0.9723269386626686,True,-0.0028653295128939827,
0,prototype_only,0.0,0.0,0.95,1,7180,0.0057306590257879654,0.0028653295128939827,0.9468834688346883,0.971365026410898,0.9398133900173123,0.9670162147135476,True,-0.0028653295128939827,
0,base_plus_prototype,0.25,0.0,0.5,1,7180,0.0057306590257879654,0.008595988538681949,0.9566395663956639,0.9737931034482759,0.9505880129978178,0.969772446577911,True,0.002865329512893983,
0,base_plus_prototype,0.25,0.0,0.55,1,7180,0.0057306590257879654,0.008595988538681949,0.9566395663956639,0.9737931034482759,0.9505880129978178,0.969772446577911,True,0.002865329512893983,
0,base_plus_prototype,0.25,0.0,0.6,1,7180,0.0057306590257879654,0.008595988538681949,0.9566395663956639,0.9737931034482759,0.9505880129978178,0.969772446577911,True,0.002865329512893983,
0,base_plus_prototype,0.25,0.0,0.65,1,7180,0.0057306590257879654,0.008595988538681949,0.9566395663956639,0.9737931034482759,0.9505880129978178,0.969772446577911,True,0.002865329512893983,
0,base_plus_prototype,0.25,0.0,0.7,1,7180,0.0057306590257879654,0.0057306590257879654,0.9566395663956639,0.9751381215469613,0.9505880129978178,0.9701594466369433,True,0.0,
0,base_plus_prototype,0.25,0.0,0.75,1,7180,0.0057306590257879654,0.0057306590257879654,0.9566395663956639,0.9751381215469613,0.9505880129978178,0.9701594466369433,True,0.0,
0,base_plus_prototype,0.25,0.0,0.8,1,7180,0.0057306590257879654,0.0057306590257879654,0.9566395663956639,0.9751381215469613,0.9505880129978178,0.9701594466369433,True,0.0,
0,base_plus_prototype,0.25,0.0,0.8500000000000001,1,7180,0.0057306590257879654,0.0057306590257879654,0.9566395663956639,0.9751381215469613,0.9505880129978178,0.9701594466369433,True,0.0,
0,base_plus_prototype,0.25,0.0,0.9,1,7180,0.0057306590257879654,0.005157593123209169,0.9566395663956639,0.9754075711522521,0.9505880129978178,0.9707600472375439,True,-0.0005730659025787966,
0,base_plus_prototype,0.25,0.0,0.95,1,7180,0.0057306590257879654,0.0028653295128939827,0.9566395663956639,0.9764868603042877,0.9505880129978178,0.9733340498115465,True,-0.0028653295128939827,
0,base_plus_prototype,0.25,0.0,1.0,1,7180,0.0057306590257879654,0.0028653295128939827,0.9512195121951219,0.9736477115117892,0.9443301967400016,0.9695491005381149,True,-0.0028653295128939827,
0,base_plus_prototype,0.25,0.0,1.05,1,7180,0.0057306590257879654,0.0028653295128939827,0.697289972899729,0.8203411445879164,0.7296837320935369,0.977484779468794,True,-0.0028653295128939827,
0,base_plus_prototype,0.25,0.0,1.1,1,7180,0.0057306590257879654,0.0028653295128939827,0.26639566395663955,0.41981635703608805,0.22944444444444445,0.9794131025113677,True,-0.0028653295128939827,
0,base_plus_prototype,0.25,0.0,1.15,1,7180,0.0057306590257879654,0.0028653295128939827,0.26504065040650404,0.41812740487387773,0.22646825396825396,0.9722523434709093,True,-0.0028653295128939827,
0,base_plus_prototype,0.25,0.0,1.2000000000000002,1,7180,0.0057306590257879654,0.0,0.0,,0.0,,True,-0.0057306590257879654,
0,base_plus_prototype,0.25,0.0,1.25,1,7180,0.0057306590257879654,0.0,0.0,,0.0,,True,-0.0057306590257879654,
0,base_plus_prototype,0.25,0.0,1.3,1,7180,0.0057306590257879654,0.0,0.0,,0.0,,True,-0.0057306590257879654,
0,base_plus_prototype,0.5,0.0,0.5,1,7180,0.0057306590257879654,0.008595988538681949,0.9566395663956639,0.9737931034482759,0.9505880129978178,0.969772446577911,True,0.002865329512893983,
0,base_plus_prototype,0.5,0.0,0.55,1,7180,0.0057306590257879654,0.008595988538681949,0.9566395663956639,0.9737931034482759,0.9505880129978178,0.969772446577911,True,0.002865329512893983,
0,base_plus_prototype,0.5,0.0,0.6,1,7180,0.0057306590257879654,0.008595988538681949,0.9566395663956639,0.9737931034482759,0.9505880129978178,0.969772446577911,True,0.002865329512893983,
0,base_plus_prototype,0.5,0.0,0.65,1,7180,0.0057306590257879654,0.008595988538681949,0.9566395663956639,0.9737931034482759,0.9505880129978178,0.969772446577911,True,0.002865329512893983,
0,base_plus_prototype,0.5,0.0,0.7,1,7180,0.0057306590257879654,0.007449856733524355,0.9566395663956639,0.97433066519459,0.9505880129978178,0.9699264770902218,True,0.00171919770773639,
0,base_plus_prototype,0.5,0.0,0.75,1,7180,0.0057306590257879654,0.0057306590257879654,0.9566395663956639,0.9751381215469613,0.9505880129978178,0.9701594466369433,True,0.0,
0,base_plus_prototype,0.5,0.0,0.8,1,7180,0.0057306590257879654,0.0057306590257879654,0.9566395663956639,0.9751381215469613,0.9505880129978178,0.9701594466369433,True,0.0,
0,base_plus_prototype,0.5,0.0,0.8500000000000001,1,7180,0.0057306590257879654,0.0057306590257879654,0.9566395663956639,0.9751381215469613,0.9505880129978178,0.9701594466369433,True,0.0,
0,base_plus_prototype,0.5,0.0,0.9,1,7180,0.0057306590257879654,0.0057306590257879654,0.9566395663956639,0.9751381215469613,0.9505880129978178,0.9701594466369433,True,0.0,
0,base_plus_prototype,0.5,0.0,0.95,1,7180,0.0057306590257879654,0.0057306590257879654,0.9566395663956639,0.9751381215469613,0.9505880129978178,0.9701594466369433,True,0.0,
0,base_plus_prototype,0.5,0.0,1.0,1,7180,0.0057306590257879654,0.0057306590257879654,0.9566395663956639,0.9751381215469613,0.9505880129978178,0.9701594466369433,True,0.0,
0,base_plus_prototype,0.5,0.0,1.05,1,7180,0.0057306590257879654,0.003151862464183381,0.9566395663956639,0.9763518185589821,0.9505880129978178,0.9729963260695674,True,-0.0025787965616045844,
0,base_plus_prototype,0.5,0.0,1.1,1,7180,0.0057306590257879654,0.0028653295128939827,0.9566395663956639,0.9764868603042877,0.9505880129978178,0.9733340498115465,True,-0.0028653295128939827,
0,base_plus_prototype,0.5,0.0,1.15,1,7180,0.0057306590257879654,0.0028653295128939827,0.9550135501355014,0.9756367663344407,0.9491594415692463,0.972582619981473,True,-0.0028653295128939827,
0,base_plus_prototype,0.5,0.0,1.2000000000000002,1,7180,0.0057306590257879654,0.0028653295128939827,0.9544715447154472,0.9753530877873166,0.948683251093056,0.9723269386626686,True,-0.0028653295128939827,
0,base_plus_prototype,0.5,0.0,1.25,1,7180,0.0057306590257879654,0.0028653295128939827,0.9482384823848239,0.9720794554799278,0.9427895804935028,0.9687211573422281,True,-0.0028653295128939827,
0,base_plus_prototype,0.5,0.0,1.3,1,7180,0.0057306590257879654,0.0028653295128939827,0.697289972899729,0.8203411445879164,0.7296837320935369,0.977484779468794,True,-0.0028653295128939827,
0,base_plus_prototype,1.0,0.0,0.5,1,7180,0.0057306590257879654,0.008595988538681949,0.9566395663956639,0.9737931034482759,0.9505880129978178,0.969772446577911,True,0.002865329512893983,
0,base_plus_prototype,1.0,0.0,0.55,1,7180,0.0057306590257879654,0.008595988538681949,0.9566395663956639,0.9737931034482759,0.9505880129978178,0.969772446577911,True,0.002865329512893983,
0,base_plus_prototype,1.0,0.0,0.6,1,7180,0.0057306590257879654,0.008595988538681949,0.9566395663956639,0.9737931034482759,0.9505880129978178,0.969772446577911,True,0.002865329512893983,
0,base_plus_prototype,1.0,0.0,0.65,1,7180,0.0057306590257879654,0.008595988538681949,0.9566395663956639,0.9737931034482759,0.9505880129978178,0.969772446577911,True,0.002865329512893983,
0,base_plus_prototype,1.0,0.0,0.7,1,7180,0.0057306590257879654,0.008595988538681949,0.9566395663956639,0.9737931034482759,0.9505880129978178,0.969772446577911,True,0.002865329512893983,
0,base_plus_prototype,1.0,0.0,0.75,1,7180,0.0057306590257879654,0.008595988538681949,0.9566395663956639,0.9737931034482759,0.9505880129978178,0.969772446577911,True,0.002865329512893983,
0,base_plus_prototype,1.0,0.0,0.8,1,7180,0.0057306590257879654,0.006876790830945559,0.9566395663956639,0.9745996686913307,0.9505880129978178,0.970003875824831,True,0.0011461318051575933,
0,base_plus_prototype,1.0,0.0,0.8500000000000001,1,7180,0.0057306590257879654,0.0057306590257879654,0.9566395663956639,0.9751381215469613,0.9505880129978178,0.9701594466369433,True,0.0,
0,base_plus_prototype,1.0,0.0,0.9,1,7180,0.0057306590257879654,0.0057306590257879654,0.9566395663956639,0.9751381215469613,0.9505880129978178,0.9701594466369433,True,0.0,
0,base_plus_prototype,1.0,0.0,0.95,1,7180,0.0057306590257879654,0.0057306590257879654,0.9566395663956639,0.9751381215469613,0.9505880129978178,0.9701594466369433,True,0.0,
0,base_plus_prototype,1.0,0.0,1.0,1,7180,0.0057306590257879654,0.0057306590257879654,0.9566395663956639,0.9751381215469613,0.9505880129978178,0.9701594466369433,True,0.0,
0,base_plus_prototype,1.0,0.0,1.05,1,7180,0.0057306590257879654,0.0057306590257879654,0.9566395663956639,0.9751381215469613,0.9505880129978178,0.9701594466369433,True,0.0,
0,base_plus_prototype,1.0,0.0,1.1,1,7180,0.0057306590257879654,0.0057306590257879654,0.9566395663956639,0.9751381215469613,0.9505880129978178,0.9701594466369433,True,0.0,
0,base_plus_prototype,1.0,0.0,1.15,1,7180,0.0057306590257879654,0.0057306590257879654,0.9566395663956639,0.9751381215469613,0.9505880129978178,0.9701594466369433,True,0.0,
0,base_plus_prototype,1.0,0.0,1.2000000000000002,1,7180,0.0057306590257879654,0.0057306590257879654,0.9566395663956639,0.9751381215469613,0.9505880129978178,0.9701594466369433,True,0.0,
0,base_plus_prototype,1.0,0.0,1.25,1,7180,0.0057306590257879654,0.0057306590257879654,0.9566395663956639,0.9751381215469613,0.9505880129978178,0.9701594466369433,True,0.0,
0,base_plus_prototype,1.0,0.0,1.3,1,7180,0.0057306590257879654,0.0040114613180515755,0.9566395663956639,0.975946917334808,0.9505880129978178,0.9720112984887951,True,-0.00171919770773639,
0,base_plus_prototype,2.0,0.0,0.5,1,7180,0.0057306590257879654,0.008595988538681949,0.9566395663956639,0.9737931034482759,0.9505880129978178,0.969772446577911,True,0.002865329512893983,
0,base_plus_prototype,2.0,0.0,0.55,1,7180,0.0057306590257879654,0.008595988538681949,0.9566395663956639,0.9737931034482759,0.9505880129978178,0.969772446577911,True,0.002865329512893983,
0,base_plus_prototype,2.0,0.0,0.6,1,7180,0.0057306590257879654,0.008595988538681949,0.9566395663956639,0.9737931034482759,0.9505880129978178,0.969772446577911,True,0.002865329512893983,
0,base_plus_prototype,2.0,0.0,0.65,1,7180,0.0057306590257879654,0.008595988538681949,0.9566395663956639,0.9737931034482759,0.9505880129978178,0.969772446577911,True,0.002865329512893983,
0,base_plus_prototype,2.0,0.0,0.7,1,7180,0.0057306590257879654,0.008595988538681949,0.9566395663956639,0.9737931034482759,0.9505880129978178,0.969772446577911,True,0.002865329512893983,
0,base_plus_prototype,2.0,0.0,0.75,1,7180,0.0057306590257879654,0.008595988538681949,0.9566395663956639,0.9737931034482759,0.9505880129978178,0.969772446577911,True,0.002865329512893983,
0,base_plus_prototype,2.0,0.0,0.8,1,7180,0.0057306590257879654,0.008595988538681949,0.9566395663956639,0.9737931034482759,0.9505880129978178,0.969772446577911,True,0.002865329512893983,
0,base_plus_prototype,2.0,0.0,0.8500000000000001,1,7180,0.0057306590257879654,0.008595988538681949,0.9566395663956639,0.9737931034482759,0.9505880129978178,0.969772446577911,True,0.002865329512893983,
0,base_plus_prototype,2.0,0.0,0.9,1,7180,0.0057306590257879654,0.008595988538681949,0.9566395663956639,0.9737931034482759,0.9505880129978178,0.969772446577911,True,0.002865329512893983,
0,base_plus_prototype,2.0,0.0,0.95,1,7180,0.0057306590257879654,0.007449856733524355,0.9566395663956639,0.97433066519459,0.9505880129978178,0.9699264770902218,True,0.00171919770773639,
0,base_plus_prototype,2.0,0.0,1.0,1,7180,0.0057306590257879654,0.006590257879656161,0.9566395663956639,0.9747342261493855,0.9505880129978178,0.9700426716191307,True,0.0008595988538681954,
0,base_plus_prototype,2.0,0.0,1.05,1,7180,0.0057306590257879654,0.0057306590257879654,0.9566395663956639,0.9751381215469613,0.9505880129978178,0.9701594466369433,True,0.0,
0,base_plus_prototype,2.0,0.0,1.1,1,7180,0.0057306590257879654,0.0057306590257879654,0.9566395663956639,0.9751381215469613,0.9505880129978178,0.9701594466369433,True,0.0,
0,base_plus_prototype,2.0,0.0,1.15,1,7180,0.0057306590257879654,0.0057306590257879654,0.9566395663956639,0.9751381215469613,0.9505880129978178,0.9701594466369433,True,0.0,
0,base_plus_prototype,2.0,0.0,1.2000000000000002,1,7180,0.0057306590257879654,0.0057306590257879654,0.9566395663956639,0.9751381215469613,0.9505880129978178,0.9701594466369433,True,0.0,
0,base_plus_prototype,2.0,0.0,1.25,1,7180,0.0057306590257879654,0.0057306590257879654,0.9566395663956639,0.9751381215469613,0.9505880129978178,0.9701594466369433,True,0.0,
0,base_plus_prototype,2.0,0.0,1.3,1,7180,0.0057306590257879654,0.0057306590257879654,0.9566395663956639,0.9751381215469613,0.9505880129978178,0.9701594466369433,True,0.0,
0,prototype_only,0.0,0.0,0.55,3,7180,0.0057306590257879654,0.006017191977077364,0.9566395663956639,0.9750034525618009,0.9505880129978178,0.9698651125677749,True,0.00028653295128939875,
0,prototype_only,0.0,0.0,0.6000000000000001,3,7180,0.0057306590257879654,0.0057306590257879654,0.9566395663956639,0.9751381215469613,0.9505880129978178,0.9701594466369433,True,0.0,
0,prototype_only,0.0,0.0,0.65,3,7180,0.0057306590257879654,0.0057306590257879654,0.9566395663956639,0.9751381215469613,0.9505880129978178,0.9701594466369433,True,0.0,
0,prototype_only,0.0,0.0,0.7,3,7180,0.0057306590257879654,0.0057306590257879654,0.9566395663956639,0.9751381215469613,0.9505880129978178,0.9701594466369433,True,0.0,
0,prototype_only,0.0,0.0,0.75,3,7180,0.0057306590257879654,0.0057306590257879654,0.9547425474254743,0.9741462740218443,0.9489213463311511,0.9692805073408858,True,0.0,
0,prototype_only,0.0,0.0,0.8,3,7180,0.0057306590257879654,0.0057306590257879654,0.9544715447154472,0.974004424778761,0.948683251093056,0.9691523354880655,True,0.0,
0,prototype_only,0.0,0.0,0.85,3,7180,0.0057306590257879654,0.0057306590257879654,0.9544715447154472,0.974004424778761,0.948683251093056,0.9691523354880655,True,0.0,
0,prototype_only,0.0,0.0,0.8999999999999999,3,7180,0.0057306590257879654,0.0057306590257879654,0.9544715447154472,0.974004424778761,0.948683251093056,0.9691523354880655,True,0.0,
0,prototype_only,0.0,0.0,0.95,3,7180,0.0057306590257879654,0.0057306590257879654,0.9468834688346883,0.9700166574125486,0.9398133900173123,0.9638416115389444,True,0.0,
0,base_plus_prototype,0.25,0.0,0.5,3,7180,0.0057306590257879654,0.011461318051575931,0.9566395663956639,0.9724517906336089,0.9505880129978178,0.9669946688001334,True,0.0057306590257879654,
0,base_plus_prototype,0.25,0.0,0.55,3,7180,0.0057306590257879654,0.011461318051575931,0.9566395663956639,0.9724517906336089,0.9505880129978178,0.9669946688001334,True,0.0057306590257879654,
0,base_plus_prototype,0.25,0.0,0.6,3,7180,0.0057306590257879654,0.011461318051575931,0.9566395663956639,0.9724517906336089,0.9505880129978178,0.9669946688001334,True,0.0057306590257879654,
0,base_plus_prototype,0.25,0.0,0.65,3,7180,0.0057306590257879654,0.011461318051575931,0.9566395663956639,0.9724517906336089,0.9505880129978178,0.9669946688001334,True,0.0057306590257879654,
0,base_plus_prototype,0.25,0.0,0.7,3,7180,0.0057306590257879654,0.008595988538681949,0.9566395663956639,0.9737931034482759,0.9505880129978178,0.9673816688591655,True,0.002865329512893983,
0,base_plus_prototype,0.25,0.0,0.75,3,7180,0.0057306590257879654,0.008595988538681949,0.9566395663956639,0.9737931034482759,0.9505880129978178,0.9673816688591655,True,0.002865329512893983,
0,base_plus_prototype,0.25,0.0,0.8,3,7180,0.0057306590257879654,0.008595988538681949,0.9566395663956639,0.9737931034482759,0.9505880129978178,0.9673816688591655,True,0.002865329512893983,
0,base_plus_prototype,0.25,0.0,0.8500000000000001,3,7180,0.0057306590257879654,0.008595988538681949,0.9566395663956639,0.9737931034482759,0.9505880129978178,0.9673816688591655,True,0.002865329512893983,
0,base_plus_prototype,0.25,0.0,0.9,3,7180,0.0057306590257879654,0.008022922636103151,0.9566395663956639,0.9740618101545255,0.9505880129978178,0.9679090950195031,True,0.0022922636103151857,
0,base_plus_prototype,0.25,0.0,0.95,3,7180,0.0057306590257879654,0.0057306590257879654,0.9566395663956639,0.9751381215469613,0.9505880129978178,0.9701594466369433,True,0.0,
0,base_plus_prototype,0.25,0.0,1.0,3,7180,0.0057306590257879654,0.0057306590257879654,0.9512195121951219,0.9722991689750692,0.9443301967400016,0.9663744973635118,True,0.0,
0,base_plus_prototype,0.25,0.0,1.05,3,7180,0.0057306590257879654,0.0057306590257879654,0.697289972899729,0.8190354925990769,0.7296837320935369,0.9733181128021273,True,0.0,
0,base_plus_prototype,0.25,0.0,1.1,3,7180,0.0057306590257879654,0.0057306590257879654,0.26639566395663955,0.4189217984231834,0.22944444444444445,0.9660797691780342,True,0.0,
0,base_plus_prototype,0.25,0.0,1.15,3,7180,0.0057306590257879654,0.0057306590257879654,0.26504065040650404,0.41723549488054607,0.22646825396825396,0.958919010137576,True,0.0,
0,base_plus_prototype,0.25,0.0,1.2000000000000002,3,7180,0.0057306590257879654,0.0,0.0,,0.0,,True,-0.0057306590257879654,
0,base_plus_prototype,0.25,0.0,1.25,3,7180,0.0057306590257879654,0.0,0.0,,0.0,,True,-0.0057306590257879654,
0,base_plus_prototype,0.25,0.0,1.3,3,7180,0.0057306590257879654,0.0,0.0,,0.0,,True,-0.0057306590257879654,
0,base_plus_prototype,0.5,0.0,0.5,3,7180,0.0057306590257879654,0.011461318051575931,0.9566395663956639,0.9724517906336089,0.9505880129978178,0.9669946688001334,True,0.0057306590257879654,
0,base_plus_prototype,0.5,0.0,0.55,3,7180,0.0057306590257879654,0.011461318051575931,0.9566395663956639,0.9724517906336089,0.9505880129978178,0.9669946688001334,True,0.0057306590257879654,
0,base_plus_prototype,0.5,0.0,0.6,3,7180,0.0057306590257879654,0.011461318051575931,0.9566395663956639,0.9724517906336089,0.9505880129978178,0.9669946688001334,True,0.0057306590257879654,
0,base_plus_prototype,0.5,0.0,0.65,3,7180,0.0057306590257879654,0.011461318051575931,0.9566395663956639,0.9724517906336089,0.9505880129978178,0.9669946688001334,True,0.0057306590257879654,
0,base_plus_prototype,0.5,0.0,0.7,3,7180,0.0057306590257879654,0.010315186246418338,0.9566395663956639,0.9729878721058435,0.9505880129978178,0.9671486993124441,True,0.004584527220630372,
0,base_plus_prototype,0.5,0.0,0.75,3,7180,0.0057306590257879654,0.008595988538681949,0.9566395663956639,0.9737931034482759,0.9505880129978178,0.9673816688591655,True,0.002865329512893983,
0,base_plus_prototype,0.5,0.0,0.8,3,7180,0.0057306590257879654,0.008595988538681949,0.9566395663956639,0.9737931034482759,0.9505880129978178,0.9673816688591655,True,0.002865329512893983,
0,base_plus_prototype,0.5,0.0,0.8500000000000001,3,7180,0.0057306590257879654,0.008595988538681949,0.9566395663956639,0.9737931034482759,0.9505880129978178,0.9673816688591655,True,0.002865329512893983,
0,base_plus_prototype,0.5,0.0,0.9,3,7180,0.0057306590257879654,0.008595988538681949,0.9566395663956639,0.9737931034482759,0.9505880129978178,0.9673816688591655,True,0.002865329512893983,
0,base_plus_prototype,0.5,0.0,0.95,3,7180,0.0057306590257879654,0.008595988538681949,0.9566395663956639,0.9737931034482759,0.9505880129978178,0.9673816688591655,True,0.002865329512893983,
0,base_plus_prototype,0.5,0.0,1.0,3,7180,0.0057306590257879654,0.008595988538681949,0.9566395663956639,0.9737931034482759,0.9505880129978178,0.9673816688591655,True,0.002865329512893983,
0,base_plus_prototype,0.5,0.0,1.05,3,7180,0.0057306590257879654,0.006017191977077364,0.9566395663956639,0.9750034525618009,0.9505880129978178,0.9698651125677749,True,0.00028653295128939875,
0,base_plus_prototype,0.5,0.0,1.1,3,7180,0.0057306590257879654,0.0057306590257879654,0.9566395663956639,0.9751381215469613,0.9505880129978178,0.9701594466369433,True,0.0,
0,base_plus_prototype,0.5,0.0,1.15,3,7180,0.0057306590257879654,0.0057306590257879654,0.9550135501355014,0.9742880840475533,0.9491594415692463,0.9694080168068698,True,0.0,
0,base_plus_prototype,0.5,0.0,1.2000000000000002,3,7180,0.0057306590257879654,0.0057306590257879654,0.9544715447154472,0.974004424778761,0.948683251093056,0.9691523354880655,True,0.0,
0,base_plus_prototype,0.5,0.0,1.25,3,7180,0.0057306590257879654,0.0057306590257879654,0.9482384823848239,0.9707310306561243,0.9427895804935028,0.9655465541676249,True,0.0,
0,base_plus_prototype,0.5,0.0,1.3,3,7180,0.0057306590257879654,0.0057306590257879654,0.697289972899729,0.8190354925990769,0.7296837320935369,0.9733181128021273,True,0.0,
0,base_plus_prototype,1.0,0.0,0.5,3,7180,0.0057306590257879654,0.011461318051575931,0.9566395663956639,0.9724517906336089,0.9505880129978178,0.9669946688001334,True,0.0057306590257879654,
0,base_plus_prototype,1.0,0.0,0.55,3,7180,0.0057306590257879654,0.011461318051575931,0.9566395663956639,0.9724517906336089,0.9505880129978178,0.9669946688001334,True,0.0057306590257879654,
0,base_plus_prototype,1.0,0.0,0.6,3,7180,0.0057306590257879654,0.011461318051575931,0.9566395663956639,0.9724517906336089,0.9505880129978178,0.9669946688001334,True,0.0057306590257879654,
0,base_plus_prototype,1.0,0.0,0.65,3,7180,0.0057306590257879654,0.011461318051575931,0.9566395663956639,0.9724517906336089,0.9505880129978178,0.9669946688001334,True,0.0057306590257879654,
0,base_plus_prototype,1.0,0.0,0.7,3,7180,0.0057306590257879654,0.011461318051575931,0.9566395663956639,0.9724517906336089,0.9505880129978178,0.9669946688001334,True,0.0057306590257879654,
0,base_plus_prototype,1.0,0.0,0.75,3,7180,0.0057306590257879654,0.011461318051575931,0.9566395663956639,0.9724517906336089,0.9505880129978178,0.9669946688001334,True,0.0057306590257879654,
0,base_plus_prototype,1.0,0.0,0.8,3,7180,0.0057306590257879654,0.009742120343839542,0.9566395663956639,0.9732561345464571,0.9505880129978178,0.9672260980470533,True,0.004011461318051576,
0,base_plus_prototype,1.0,0.0,0.8500000000000001,3,7180,0.0057306590257879654,0.008595988538681949,0.9566395663956639,0.9737931034482759,0.9505880129978178,0.9673816688591655,True,0.002865329512893983,
0,base_plus_prototype,1.0,0.0,0.9,3,7180,0.0057306590257879654,0.008595988538681949,0.9566395663956639,0.9737931034482759,0.9505880129978178,0.9673816688591655,True,0.002865329512893983,
0,base_plus_prototype,1.0,0.0,0.95,3,7180,0.0057306590257879654,0.008595988538681949,0.9566395663956639,0.9737931034482759,0.9505880129978178,0.9673816688591655,True,0.002865329512893983,
0,base_plus_prototype,1.0,0.0,1.0,3,7180,0.0057306590257879654,0.008595988538681949,0.9566395663956639,0.9737931034482759,0.9505880129978178,0.9673816688591655,True,0.002865329512893983,
0,base_plus_prototype,1.0,0.0,1.05,3,7180,0.0057306590257879654,0.008595988538681949,0.9566395663956639,0.9737931034482759,0.9505880129978178,0.9673816688591655,True,0.002865329512893983,
0,base_plus_prototype,1.0,0.0,1.1,3,7180,0.0057306590257879654,0.008595988538681949,0.9566395663956639,0.9737931034482759,0.9505880129978178,0.9673816688591655,True,0.002865329512893983,
0,base_plus_prototype,1.0,0.0,1.15,3,7180,0.0057306590257879654,0.008595988538681949,0.9566395663956639,0.9737931034482759,0.9505880129978178,0.9673816688591655,True,0.002865329512893983,
0,base_plus_prototype,1.0,0.0,1.2000000000000002,3,7180,0.0057306590257879654,0.008595988538681949,0.9566395663956639,0.9737931034482759,0.9505880129978178,0.9673816688591655,True,0.002865329512893983,
0,base_plus_prototype,1.0,0.0,1.25,3,7180,0.0057306590257879654,0.008595988538681949,0.9566395663956639,0.9737931034482759,0.9505880129978178,0.9673816688591655,True,0.002865329512893983,
0,base_plus_prototype,1.0,0.0,1.3,3,7180,0.0057306590257879654,0.006876790830945559,0.9566395663956639,0.9745996686913307,0.9505880129978178,0.9690050454825422,True,0.0011461318051575933,
0,base_plus_prototype,2.0,0.0,0.5,3,7180,0.0057306590257879654,0.011461318051575931,0.9566395663956639,0.9724517906336089,0.9505880129978178,0.9669946688001334,True,0.0057306590257879654,
0,base_plus_prototype,2.0,0.0,0.55,3,7180,0.0057306590257879654,0.011461318051575931,0.9566395663956639,0.9724517906336089,0.9505880129978178,0.9669946688001334,True,0.0057306590257879654,
0,base_plus_prototype,2.0,0.0,0.6,3,7180,0.0057306590257879654,0.011461318051575931,0.9566395663956639,0.9724517906336089,0.9505880129978178,0.9669946688001334,True,0.0057306590257879654,
0,base_plus_prototype,2.0,0.0,0.65,3,7180,0.0057306590257879654,0.011461318051575931,0.9566395663956639,0.9724517906336089,0.9505880129978178,0.9669946688001334,True,0.0057306590257879654,
0,base_plus_prototype,2.0,0.0,0.7,3,7180,0.0057306590257879654,0.011461318051575931,0.9566395663956639,0.9724517906336089,0.9505880129978178,0.9669946688001334,True,0.0057306590257879654,
0,base_plus_prototype,2.0,0.0,0.75,3,7180,0.0057306590257879654,0.011461318051575931,0.9566395663956639,0.9724517906336089,0.9505880129978178,0.9669946688001334,True,0.0057306590257879654,
0,base_plus_prototype,2.0,0.0,0.8,3,7180,0.0057306590257879654,0.011461318051575931,0.9566395663956639,0.9724517906336089,0.9505880129978178,0.9669946688001334,True,0.0057306590257879654,
0,base_plus_prototype,2.0,0.0,0.8500000000000001,3,7180,0.0057306590257879654,0.011461318051575931,0.9566395663956639,0.9724517906336089,0.9505880129978178,0.9669946688001334,True,0.0057306590257879654,
0,base_plus_prototype,2.0,0.0,0.9,3,7180,0.0057306590257879654,0.011461318051575931,0.9566395663956639,0.9724517906336089,0.9505880129978178,0.9669946688001334,True,0.0057306590257879654,
0,base_plus_prototype,2.0,0.0,0.95,3,7180,0.0057306590257879654,0.010315186246418338,0.9566395663956639,0.9729878721058435,0.9505880129978178,0.9671486993124441,True,0.004584527220630372,
0,base_plus_prototype,2.0,0.0,1.0,3,7180,0.0057306590257879654,0.009455587392550143,0.9566395663956639,0.9733903212463808,0.9505880129978178,0.9672648938413528,True,0.0037249283667621777,
0,base_plus_prototype,2.0,0.0,1.05,3,7180,0.0057306590257879654,0.008595988538681949,0.9566395663956639,0.9737931034482759,0.9505880129978178,0.9673816688591655,True,0.002865329512893983,
0,base_plus_prototype,2.0,0.0,1.1,3,7180,0.0057306590257879654,0.008595988538681949,0.9566395663956639,0.9737931034482759,0.9505880129978178,0.9673816688591655,True,0.002865329512893983,
0,base_plus_prototype,2.0,0.0,1.15,3,7180,0.0057306590257879654,0.008595988538681949,0.9566395663956639,0.9737931034482759,0.9505880129978178,0.9673816688591655,True,0.002865329512893983,
0,base_plus_prototype,2.0,0.0,1.2000000000000002,3,7180,0.0057306590257879654,0.008595988538681949,0.9566395663956639,0.9737931034482759,0.9505880129978178,0.9673816688591655,True,0.002865329512893983,
0,base_plus_prototype,2.0,0.0,1.25,3,7180,0.0057306590257879654,0.008595988538681949,0.9566395663956639,0.9737931034482759,0.9505880129978178,0.9673816688591655,True,0.002865329512893983,
0,base_plus_prototype,2.0,0.0,1.3,3,7180,0.0057306590257879654,0.008595988538681949,0.9566395663956639,0.9737931034482759,0.9505880129978178,0.9673816688591655,True,0.002865329512893983,
1,prototype_only,0.0,0.0,0.55,1,7150,0.019943019943019943,0.021082621082621083,0.9489010989010989,0.9637276785714285,0.9368981673008314,0.9515341871188752,False,0.0011396011396011402,
1,prototype_only,0.0,0.0,0.6000000000000001,1,7150,0.019943019943019943,0.019943019943019943,0.9486263736263736,0.9641211782772581,0.936580706983371,0.9515187902822514,True,0.0,prototype_personalization
1,prototype_only,0.0,0.0,0.65,1,7150,0.019943019943019943,0.019943019943019943,0.9475274725274725,0.9635423941891326,0.9350992255018895,0.950768522468588,True,0.0,
1,prototype_only,0.0,0.0,0.7,1,7150,0.019943019943019943,0.019943019943019943,0.9469780219780219,0.9632527595361184,0.9342526646553286,0.9503359033301942,True,0.0,
1,prototype_only,0.0,0.0,0.75,1,7150,0.019943019943019943,0.019943019943019943,0.9456043956043956,0.9625279642058165,0.9323757501468352,0.9493431753871013,True,0.0,
1,prototype_only,0.0,0.0,0.8,1,7150,0.019943019943019943,0.017378917378917377,0.9425824175824176,0.9621424565339316,0.9285829347750726,0.948321481986963,True,-0.0025641025641025654,
1,prototype_only,0.0,0.0,0.85,1,7150,0.019943019943019943,0.017094017094017096,0.9362637362637363,0.9589195272931907,0.9201520416412932,0.9438853163246673,True,-0.002849002849002847,
1,prototype_only,0.0,0.0,0.8999999999999999,1,7150,0.019943019943019943,0.017094017094017096,0.9181318681318681,0.9491621698381142,0.9008914288025819,0.9325913698555249,True,-0.002849002849002847,
1,prototype_only,0.0,0.0,0.95,1,7150,0.019943019943019943,0.009401709401709401,0.8868131868131868,0.9355165917982902,0.8669693067819877,0.9149698515076109,True,-0.010541310541310541,
1,base_plus_prototype,0.25,0.0,0.5,1,7150,0.019943019943019943,0.022792022792022793,0.9516483516483516,0.9643652561247215,0.9383862625389267,0.9521955772598287,False,0.0028490028490028504,
1,base_plus_prototype,0.25,0.0,0.55,1,7150,0.019943019943019943,0.022792022792022793,0.9516483516483516,0.9643652561247215,0.9383862625389267,0.9521955772598287,False,0.0028490028490028504,
1,base_plus_prototype,0.25,0.0,0.6,1,7150,0.019943019943019943,0.022792022792022793,0.9516483516483516,0.9643652561247215,0.9383862625389267,0.9521955772598287,False,0.0028490028490028504,
1,base_plus_prototype,0.25,0.0,0.65,1,7150,0.019943019943019943,0.022792022792022793,0.9516483516483516,0.9643652561247215,0.9383862625389267,0.9521955772598287,False,0.0028490028490028504,
1,base_plus_prototype,0.25,0.0,0.7,1,7150,0.019943019943019943,0.022792022792022793,0.9513736263736263,0.9642210775442016,0.9380688022214663,0.9520363162310026,False,0.0028490028490028504,
1,base_plus_prototype,0.25,0.0,0.75,1,7150,0.019943019943019943,0.022792022792022793,0.9486263736263736,0.9627770807193642,0.933835997988662,0.9498632157437938,False,0.0028490028490028504,
1,base_plus_prototype,0.25,0.0,0.8,1,7150,0.019943019943019943,0.019943019943019943,0.9401098901098901,0.9596186203028604,0.9205082341345824,0.9429086027772173,True,0.0,
1,base_plus_prototype,0.25,0.0,0.8500000000000001,1,7150,0.019943019943019943,0.019943019943019943,0.9225274725274726,0.9501980758347482,0.8996872187825824,0.9303805646965292,True,0.0,
1,base_plus_prototype,0.25,0.0,0.9,1,7150,0.019943019943019943,0.019943019943019943,0.8813186813186813,0.9274356750505925,0.8385832042660042,0.8810130720835726,True,0.0,
1,base_plus_prototype,0.25,0.0,0.95,1,7150,0.019943019943019943,0.019943019943019943,0.7277472527472527,0.8331498663311843,0.7049908084834555,0.9408366121463948,True,0.0,
1,base_plus_prototype,0.25,0.0,1.0,1,7150,0.019943019943019943,0.019943019943019943,0.7074175824175825,0.8194112967382657,0.6996517031443502,0.9370956084789244,True,0.0,
1,base_plus_prototype,0.25,0.0,1.05,1,7150,0.019943019943019943,0.002849002849002849,0.4673076923076923,0.6357690151373575,0.47429335778600484,0.9428105813754672,True,-0.017094017094017092,
1,base_plus_prototype,0.25,0.0,1.1,1,7150,0.019943019943019943,0.002849002849002849,0.20741758241758243,0.34279228149829744,0.2553136446886447,0.9319880827233767,True,-0.017094017094017092,
1,base_plus_prototype,0.25,0.0,1.15,1,7150,0.019943019943019943,0.0,0.0,,0.0,,True,-0.019943019943019943,
1,base_plus_prototype,0.25,0.0,1.2000000000000002,1,7150,0.019943019943019943,0.0,0.0,,0.0,,True,-0.019943019943019943,
1,base_plus_prototype,0.25,0.0,1.25,1,7150,0.019943019943019943,0.0,0.0,,0.0,,True,-0.019943019943019943,
1,base_plus_prototype,0.25,0.0,1.3,1,7150,0.019943019943019943,0.0,0.0,,0.0,,True,-0.019943019943019943,
1,base_plus_prototype,0.5,0.0,0.5,1,7150,0.019943019943019943,0.022792022792022793,0.9516483516483516,0.9643652561247215,0.9383862625389267,0.9521955772598287,False,0.0028490028490028504,
1,base_plus_prototype,0.5,0.0,0.55,1,7150,0.019943019943019943,0.022792022792022793,0.9516483516483516,0.9643652561247215,0.9383862625389267,0.9521955772598287,False,0.0028490028490028504,
1,base_plus_prototype,0.5,0.0,0.6,1,7150,0.019943019943019943,0.022792022792022793,0.9516483516483516,0.9643652561247215,0.9383862625389267,0.9521955772598287,False,0.0028490028490028504,
1,base_plus_prototype,0.5,0.0,0.65,1,7150,0.019943019943019943,0.022792022792022793,0.9516483516483516,0.9643652561247215,0.9383862625389267,0.9521955772598287,False,0.0028490028490028504,
1,base_plus_prototype,0.5,0.0,0.7,1,7150,0.019943019943019943,0.022792022792022793,0.9516483516483516,0.9643652561247215,0.9383862625389267,0.9521955772598287,False,0.0028490028490028504,
1,base_plus_prototype,0.5,0.0,0.75,1,7150,0.019943019943019943,0.022792022792022793,0.9516483516483516,0.9643652561247215,0.9383862625389267,0.9521955772598287,False,0.0028490028490028504,
1,base_plus_prototype,0.5,0.0,0.8,1,7150,0.019943019943019943,0.022792022792022793,0.9516483516483516,0.9643652561247215,0.9383862625389267,0.9521955772598287,False,0.0028490028490028504,
1,base_plus_prototype,0.5,0.0,0.8500000000000001,1,7150,0.019943019943019943,0.022792022792022793,0.9513736263736263,0.9642210775442016,0.9380688022214663,0.9520363162310026,False,0.0028490028490028504,
1,base_plus_prototype,0.5,0.0,0.9,1,7150,0.019943019943019943,0.021367521367521368,0.9497252747252747,0.9640267707752369,0.935740759893424,0.951031772711651,False,0.0014245014245014252,
1,base_plus_prototype,0.5,0.0,0.95,1,7150,0.019943019943019943,0.019943019943019943,0.9456043956043956,0.9625279642058165,0.9318188022214662,0.9490641978879351,True,0.0,
1,base_plus_prototype,0.5,0.0,1.0,1,7150,0.019943019943019943,0.019943019943019943,0.9381868131868132,0.9585964912280702,0.9206074404837887,0.9429507925132755,True,0.0,
1,base_plus_prototype,0.5,0.0,1.05,1,7150,0.019943019943019943,0.019943019943019943,0.9318681318681319,0.9552238805970149,0.9121614150258788,0.9381295187429227,True,0.0,
1,base_plus_prototype,0.5,0.0,1.1,1,7150,0.019943019943019943,0.019943019943019943,0.9164835164835164,0.9469202384331535,0.8905532728065311,0.924161537182087,True,0.0,
1,base_plus_prototype,0.5,0.0,1.15,1,7150,0.019943019943019943,0.019943019943019943,0.8601648351648352,0.9153632509866979,0.8091592860475187,0.8465692620857979,True,0.0,
1,base_plus_prototype,0.5,0.0,1.2000000000000002,1,7150,0.019943019943019943,0.019943019943019943,0.7214285714285714,0.8289141414141414,0.7033313568240038,0.9397197655678595,True,0.0,
1,base_plus_prototype,0.5,0.0,1.25,1,7150,0.019943019943019943,0.004273504273504274,0.7013736263736263,0.8224871134020618,0.6980644015570486,0.9493516105478748,True,-0.015669515669515667,
1,base_plus_prototype,0.5,0.0,1.3,1,7150,0.019943019943019943,0.002849002849002849,0.46291208791208793,0.6316776007497658,0.46743910093174795,0.9343396800194288,True,-0.017094017094017092,
1,base_plus_prototype,1.0,0.0,0.5,1,7150,0.019943019943019943,0.022792022792022793,0.9519230769230769,0.9645093945720251,0.9386368891053426,0.9523348142411711,False,0.0028490028490028504,
1,base_plus_prototype,1.0,0.0,0.55,1,7150,0.019943019943019943,0.022792022792022793,0.9516483516483516,0.9643652561247215,0.9383862625389267,0.9521955772598287,False,0.0028490028490028504,
1,base_plus_prototype,1.0,0.0,0.6,1,7150,0.019943019943019943,0.022792022792022793,0.9516483516483516,0.9643652561247215,0.9383862625389267,0.9521955772598287,False,0.0028490028490028504,
1,base_plus_prototype,1.0,0.0,0.65,1,7150,0.019943019943019943,0.022792022792022793,0.9516483516483516,0.9643652561247215,0.9383862625389267,0.9521955772598287,False,0.0028490028490028504,
1,base_plus_prototype,1.0,0.0,0.7,1,7150,0.019943019943019943,0.022792022792022793,0.9516483516483516,0.9643652561247215,0.9383862625389267,0.9521955772598287,False,0.0028490028490028504,
1,base_plus_prototype,1.0,0.0,0.75,1,7150,0.019943019943019943,0.022792022792022793,0.9516483516483516,0.9643652561247215,0.9383862625389267,0.9521955772598287,False,0.0028490028490028504,
1,base_plus_prototype,1.0,0.0,0.8,1,7150,0.019943019943019943,0.022792022792022793,0.9516483516483516,0.9643652561247215,0.9383862625389267,0.9521955772598287,False,0.0028490028490028504,
1,base_plus_prototype,1.0,0.0,0.8500000000000001,1,7150,0.019943019943019943,0.022792022792022793,0.9516483516483516,0.9643652561247215,0.9383862625389267,0.9521955772598287,False,0.0028490028490028504,
1,base_plus_prototype,1.0,0.0,0.9,1,7150,0.019943019943019943,0.022792022792022793,0.9516483516483516,0.9643652561247215,0.9383862625389267,0.9521955772598287,False,0.0028490028490028504,
1,base_plus_prototype,1.0,0.0,0.95,1,7150,0.019943019943019943,0.022792022792022793,0.9516483516483516,0.9643652561247215,0.9383862625389267,0.9521955772598287,False,0.0028490028490028504,
1,base_plus_prototype,1.0,0.0,1.0,1,7150,0.019943019943019943,0.022792022792022793,0.9516483516483516,0.9643652561247215,0.9383862625389267,0.9521955772598287,False,0.0028490028490028504,
1,base_plus_prototype,1.0,0.0,1.05,1,7150,0.019943019943019943,0.022792022792022793,0.9516483516483516,0.9643652561247215,0.9383862625389267,0.9521955772598287,False,0.0028490028490028504,
1,base_plus_prototype,1.0,0.0,1.1,1,7150,0.019943019943019943,0.022792022792022793,0.9516483516483516,0.9643652561247215,0.9383862625389267,0.9521955772598287,False,0.0028490028490028504,
1,base_plus_prototype,1.0,0.0,1.15,1,7150,0.019943019943019943,0.021652421652421653,0.9486263736263736,0.9633142697726321,0.936580706983371,0.9513033194785453,False,0.0017094017094017103,
1,base_plus_prototype,1.0,0.0,1.2000000000000002,1,7150,0.019943019943019943,0.020227920227920228,0.9475274725274725,0.9634078212290503,0.9350992255018895,0.9507324747413971,False,0.00028490028490028504,
1,base_plus_prototype,1.0,0.0,1.25,1,7150,0.019943019943019943,0.019943019943019943,0.9469780219780219,0.9632527595361184,0.9342526646553286,0.9503359033301942,True,0.0,
1,base_plus_prototype,1.0,0.0,1.3,1,7150,0.019943019943019943,0.019943019943019943,0.9464285714285714,0.962962962962963,0.9334061038087679,0.9498991315107121,True,0.0,
1,base_plus_prototype,2.0,0.0,0.5,1,7150,0.019943019943019943,0.022792022792022793,0.9521978021978021,0.9646534929028667,0.9388875156717587,0.952473281957423,False,0.0028490028490028504,
1,base_plus_prototype,2.0,0.0,0.55,1,7150,0.019943019943019943,0.022792022792022793,0.9519230769230769,0.9645093945720251,0.9386368891053426,0.9523348142411711,False,0.0028490028490028504,
1,base_plus_prototype,2.0,0.0,0.6,1,7150,0.019943019943019943,0.022792022792022793,0.9519230769230769,0.9645093945720251,0.9386368891053426,0.9523348142411711,False,0.0028490028490028504,
1,base_plus_prototype,2.0,0.0,0.65,1,7150,0.019943019943019943,0.022792022792022793,0.9516483516483516,0.9643652561247215,0.9383862625389267,0.9521955772598287,False,0.0028490028490028504,
1,base_plus_prototype,2.0,0.0,0.7,1,7150,0.019943019943019943,0.022792022792022793,0.9516483516483516,0.9643652561247215,0.9383862625389267,0.9521955772598287,False,0.0028490028490028504,
1,base_plus_prototype,2.0,0.0,0.75,1,7150,0.019943019943019943,0.022792022792022793,0.9516483516483516,0.9643652561247215,0.9383862625389267,0.9521955772598287,False,0.0028490028490028504,
1,base_plus_prototype,2.0,0.0,0.8,1,7150,0.019943019943019943,0.022792022792022793,0.9516483516483516,0.9643652561247215,0.9383862625389267,0.9521955772598287,False,0.0028490028490028504,
1,base_plus_prototype,2.0,0.0,0.8500000000000001,1,7150,0.019943019943019943,0.022792022792022793,0.9516483516483516,0.9643652561247215,0.9383862625389267,0.9521955772598287,False,0.0028490028490028504,
1,base_plus_prototype,2.0,0.0,0.9,1,7150,0.019943019943019943,0.022792022792022793,0.9516483516483516,0.9643652561247215,0.9383862625389267,0.9521955772598287,False,0.0028490028490028504,
1,base_plus_prototype,2.0,0.0,0.95,1,7150,0.019943019943019943,0.022792022792022793,0.9516483516483516,0.9643652561247215,0.9383862625389267,0.9521955772598287,False,0.0028490028490028504,
1,base_plus_prototype,2.0,0.0,1.0,1,7150,0.019943019943019943,0.022792022792022793,0.9516483516483516,0.9643652561247215,0.9383862625389267,0.9521955772598287,False,0.0028490028490028504,
1,base_plus_prototype,2.0,0.0,1.05,1,7150,0.019943019943019943,0.022792022792022793,0.9516483516483516,0.9643652561247215,0.9383862625389267,0.9521955772598287,False,0.0028490028490028504,
1,base_plus_prototype,2.0,0.0,1.1,1,7150,0.019943019943019943,0.022792022792022793,0.9516483516483516,0.9643652561247215,0.9383862625389267,0.9521955772598287,False,0.0028490028490028504,
1,base_plus_prototype,2.0,0.0,1.15,1,7150,0.019943019943019943,0.022792022792022793,0.9516483516483516,0.9643652561247215,0.9383862625389267,0.9521955772598287,False,0.0028490028490028504,
1,base_plus_prototype,2.0,0.0,1.2000000000000002,1,7150,0.019943019943019943,0.022792022792022793,0.9516483516483516,0.9643652561247215,0.9383862625389267,0.9521955772598287,False,0.0028490028490028504,
1,base_plus_prototype,2.0,0.0,1.25,1,7150,0.019943019943019943,0.022792022792022793,0.9516483516483516,0.9643652561247215,0.9383862625389267,0.9521955772598287,False,0.0028490028490028504,
1,base_plus_prototype,2.0,0.0,1.3,1,7150,0.019943019943019943,0.022792022792022793,0.9516483516483516,0.9643652561247215,0.9383862625389267,0.9521955772598287,False,0.0028490028490028504,
1,prototype_only,0.0,0.0,0.55,3,7150,0.019943019943019943,0.021082621082621083,0.9489010989010989,0.9637276785714285,0.9368981673008314,0.9515341871188752,False,0.0011396011396011402,
1,prototype_only,0.0,0.0,0.6000000000000001,3,7150,0.019943019943019943,0.019943019943019943,0.9486263736263736,0.9641211782772581,0.936580706983371,0.9515187902822514,True,0.0,
1,prototype_only,0.0,0.0,0.65,3,7150,0.019943019943019943,0.019943019943019943,0.9475274725274725,0.9635423941891326,0.9350992255018895,0.950768522468588,True,0.0,
1,prototype_only,0.0,0.0,0.7,3,7150,0.019943019943019943,0.019943019943019943,0.9469780219780219,0.9632527595361184,0.9342526646553286,0.9503359033301942,True,0.0,
1,prototype_only,0.0,0.0,0.75,3,7150,0.019943019943019943,0.019943019943019943,0.9456043956043956,0.9625279642058165,0.9323757501468352,0.9493431753871013,True,0.0,
1,prototype_only,0.0,0.0,0.8,3,7150,0.019943019943019943,0.017378917378917377,0.9425824175824176,0.9621424565339316,0.9285829347750726,0.948321481986963,True,-0.0025641025641025654,
1,prototype_only,0.0,0.0,0.85,3,7150,0.019943019943019943,0.017094017094017096,0.9362637362637363,0.9589195272931907,0.9201520416412932,0.9438853163246673,True,-0.002849002849002847,
1,prototype_only,0.0,0.0,0.8999999999999999,3,7150,0.019943019943019943,0.017094017094017096,0.9181318681318681,0.9491621698381142,0.9008914288025819,0.9325913698555249,True,-0.002849002849002847,
1,prototype_only,0.0,0.0,0.95,3,7150,0.019943019943019943,0.009401709401709401,0.8868131868131868,0.9355165917982902,0.8669693067819877,0.9149698515076109,True,-0.010541310541310541,
1,base_plus_prototype,0.25,0.0,0.5,3,7150,0.019943019943019943,0.022792022792022793,0.9516483516483516,0.9643652561247215,0.9383862625389267,0.9521955772598287,False,0.0028490028490028504,
1,base_plus_prototype,0.25,0.0,0.55,3,7150,0.019943019943019943,0.022792022792022793,0.9516483516483516,0.9643652561247215,0.9383862625389267,0.9521955772598287,False,0.0028490028490028504,
1,base_plus_prototype,0.25,0.0,0.6,3,7150,0.019943019943019943,0.022792022792022793,0.9516483516483516,0.9643652561247215,0.9383862625389267,0.9521955772598287,False,0.0028490028490028504,
1,base_plus_prototype,0.25,0.0,0.65,3,7150,0.019943019943019943,0.022792022792022793,0.9516483516483516,0.9643652561247215,0.9383862625389267,0.9521955772598287,False,0.0028490028490028504,
1,base_plus_prototype,0.25,0.0,0.7,3,7150,0.019943019943019943,0.022792022792022793,0.9513736263736263,0.9642210775442016,0.9380688022214663,0.9520363162310026,False,0.0028490028490028504,
1,base_plus_prototype,0.25,0.0,0.75,3,7150,0.019943019943019943,0.022792022792022793,0.9486263736263736,0.9627770807193642,0.933835997988662,0.9498632157437938,False,0.0028490028490028504,
1,base_plus_prototype,0.25,0.0,0.8,3,7150,0.019943019943019943,0.019943019943019943,0.9401098901098901,0.9596186203028604,0.9205082341345824,0.9429086027772173,True,0.0,
1,base_plus_prototype,0.25,0.0,0.8500000000000001,3,7150,0.019943019943019943,0.019943019943019943,0.9225274725274726,0.9501980758347482,0.8996872187825824,0.9303805646965292,True,0.0,
1,base_plus_prototype,0.25,0.0,0.9,3,7150,0.019943019943019943,0.019943019943019943,0.8813186813186813,0.9274356750505925,0.8385832042660042,0.8810130720835726,True,0.0,
1,base_plus_prototype,0.25,0.0,0.95,3,7150,0.019943019943019943,0.019943019943019943,0.7277472527472527,0.8331498663311843,0.7049908084834555,0.9408366121463948,True,0.0,
1,base_plus_prototype,0.25,0.0,1.0,3,7150,0.019943019943019943,0.019943019943019943,0.7074175824175825,0.8194112967382657,0.6996517031443502,0.9370956084789244,True,0.0,
1,base_plus_prototype,0.25,0.0,1.05,3,7150,0.019943019943019943,0.002849002849002849,0.4673076923076923,0.6357690151373575,0.47429335778600484,0.9428105813754672,True,-0.017094017094017092,
1,base_plus_prototype,0.25,0.0,1.1,3,7150,0.019943019943019943,0.002849002849002849,0.20741758241758243,0.34279228149829744,0.2553136446886447,0.9319880827233767,True,-0.017094017094017092,
1,base_plus_prototype,0.25,0.0,1.15,3,7150,0.019943019943019943,0.0,0.0,,0.0,,True,-0.019943019943019943,
1,base_plus_prototype,0.25,0.0,1.2000000000000002,3,7150,0.019943019943019943,0.0,0.0,,0.0,,True,-0.019943019943019943,
1,base_plus_prototype,0.25,0.0,1.25,3,7150,0.019943019943019943,0.0,0.0,,0.0,,True,-0.019943019943019943,
1,base_plus_prototype,0.25,0.0,1.3,3,7150,0.019943019943019943,0.0,0.0,,0.0,,True,-0.019943019943019943,
1,base_plus_prototype,0.5,0.0,0.5,3,7150,0.019943019943019943,0.022792022792022793,0.9516483516483516,0.9643652561247215,0.9383862625389267,0.9521955772598287,False,0.0028490028490028504,
1,base_plus_prototype,0.5,0.0,0.55,3,7150,0.019943019943019943,0.022792022792022793,0.9516483516483516,0.9643652561247215,0.9383862625389267,0.9521955772598287,False,0.0028490028490028504,
1,base_plus_prototype,0.5,0.0,0.6,3,7150,0.019943019943019943,0.022792022792022793,0.9516483516483516,0.9643652561247215,0.9383862625389267,0.9521955772598287,False,0.0028490028490028504,
1,base_plus_prototype,0.5,0.0,0.65,3,7150,0.019943019943019943,0.022792022792022793,0.9516483516483516,0.9643652561247215,0.9383862625389267,0.9521955772598287,False,0.0028490028490028504,
1,base_plus_prototype,0.5,0.0,0.7,3,7150,0.019943019943019943,0.022792022792022793,0.9516483516483516,0.9643652561247215,0.9383862625389267,0.9521955772598287,False,0.0028490028490028504,
1,base_plus_prototype,0.5,0.0,0.75,3,7150,0.019943019943019943,0.022792022792022793,0.9516483516483516,0.9643652561247215,0.9383862625389267,0.9521955772598287,False,0.0028490028490028504,
1,base_plus_prototype,0.5,0.0,0.8,3,7150,0.019943019943019943,0.022792022792022793,0.9516483516483516,0.9643652561247215,0.9383862625389267,0.9521955772598287,False,0.0028490028490028504,
1,base_plus_prototype,0.5,0.0,0.8500000000000001,3,7150,0.019943019943019943,0.022792022792022793,0.9513736263736263,0.9642210775442016,0.9380688022214663,0.9520363162310026,False,0.0028490028490028504,
1,base_plus_prototype,0.5,0.0,0.9,3,7150,0.019943019943019943,0.021367521367521368,0.9497252747252747,0.9640267707752369,0.935740759893424,0.951031772711651,False,0.0014245014245014252,
1,base_plus_prototype,0.5,0.0,0.95,3,7150,0.019943019943019943,0.019943019943019943,0.9456043956043956,0.9625279642058165,0.9318188022214662,0.9490641978879351,True,0.0,
1,base_plus_prototype,0.5,0.0,1.0,3,7150,0.019943019943019943,0.019943019943019943,0.9381868131868132,0.9585964912280702,0.9206074404837887,0.9429507925132755,True,0.0,
1,base_plus_prototype,0.5,0.0,1.05,3,7150,0.019943019943019943,0.019943019943019943,0.9318681318681319,0.9552238805970149,0.9121614150258788,0.9381295187429227,True,0.0,
1,base_plus_prototype,0.5,0.0,1.1,3,7150,0.019943019943019943,0.019943019943019943,0.9164835164835164,0.9469202384331535,0.8905532728065311,0.924161537182087,True,0.0,
1,base_plus_prototype,0.5,0.0,1.15,3,7150,0.019943019943019943,0.019943019943019943,0.8601648351648352,0.9153632509866979,0.8091592860475187,0.8465692620857979,True,0.0,
1,base_plus_prototype,0.5,0.0,1.2000000000000002,3,7150,0.019943019943019943,0.019943019943019943,0.7214285714285714,0.8289141414141414,0.7033313568240038,0.9397197655678595,True,0.0,
1,base_plus_prototype,0.5,0.0,1.25,3,7150,0.019943019943019943,0.004273504273504274,0.7013736263736263,0.8224871134020618,0.6980644015570486,0.9493516105478748,True,-0.015669515669515667,
1,base_plus_prototype,0.5,0.0,1.3,3,7150,0.019943019943019943,0.002849002849002849,0.46291208791208793,0.6316776007497658,0.46743910093174795,0.9343396800194288,True,-0.017094017094017092,
1,base_plus_prototype,1.0,0.0,0.5,3,7150,0.019943019943019943,0.022792022792022793,0.9519230769230769,0.9645093945720251,0.9386368891053426,0.9523348142411711,False,0.0028490028490028504,
1,base_plus_prototype,1.0,0.0,0.55,3,7150,0.019943019943019943,0.022792022792022793,0.9516483516483516,0.9643652561247215,0.9383862625389267,0.9521955772598287,False,0.0028490028490028504,
1,base_plus_prototype,1.0,0.0,0.6,3,7150,0.019943019943019943,0.022792022792022793,0.9516483516483516,0.9643652561247215,0.9383862625389267,0.9521955772598287,False,0.0028490028490028504,
1,base_plus_prototype,1.0,0.0,0.65,3,7150,0.019943019943019943,0.022792022792022793,0.9516483516483516,0.9643652561247215,0.9383862625389267,0.9521955772598287,False,0.0028490028490028504,
1,base_plus_prototype,1.0,0.0,0.7,3,7150,0.019943019943019943,0.022792022792022793,0.9516483516483516,0.9643652561247215,0.9383862625389267,0.9521955772598287,False,0.0028490028490028504,
1,base_plus_prototype,1.0,0.0,0.75,3,7150,0.019943019943019943,0.022792022792022793,0.9516483516483516,0.9643652561247215,0.9383862625389267,0.9521955772598287,False,0.0028490028490028504,
1,base_plus_prototype,1.0,0.0,0.8,3,7150,0.019943019943019943,0.022792022792022793,0.9516483516483516,0.9643652561247215,0.9383862625389267,0.9521955772598287,False,0.0028490028490028504,
1,base_plus_prototype,1.0,0.0,0.8500000000000001,3,7150,0.019943019943019943,0.022792022792022793,0.9516483516483516,0.9643652561247215,0.9383862625389267,0.9521955772598287,False,0.0028490028490028504,
1,base_plus_prototype,1.0,0.0,0.9,3,7150,0.019943019943019943,0.022792022792022793,0.9516483516483516,0.9643652561247215,0.9383862625389267,0.9521955772598287,False,0.0028490028490028504,
1,base_plus_prototype,1.0,0.0,0.95,3,7150,0.019943019943019943,0.022792022792022793,0.9516483516483516,0.9643652561247215,0.9383862625389267,0.9521955772598287,False,0.0028490028490028504,
1,base_plus_prototype,1.0,0.0,1.0,3,7150,0.019943019943019943,0.022792022792022793,0.9516483516483516,0.9643652561247215,0.9383862625389267,0.9521955772598287,False,0.0028490028490028504,
1,base_plus_prototype,1.0,0.0,1.05,3,7150,0.019943019943019943,0.022792022792022793,0.9516483516483516,0.9643652561247215,0.9383862625389267,0.9521955772598287,False,0.0028490028490028504,
1,base_plus_prototype,1.0,0.0,1.1,3,7150,0.019943019943019943,0.022792022792022793,0.9516483516483516,0.9643652561247215,0.9383862625389267,0.9521955772598287,False,0.0028490028490028504,
1,base_plus_prototype,1.0,0.0,1.15,3,7150,0.019943019943019943,0.021652421652421653,0.9486263736263736,0.9633142697726321,0.936580706983371,0.9513033194785453,False,0.0017094017094017103,
1,base_plus_prototype,1.0,0.0,1.2000000000000002,3,7150,0.019943019943019943,0.020227920227920228,0.9475274725274725,0.9634078212290503,0.9350992255018895,0.9507324747413971,False,0.00028490028490028504,
1,base_plus_prototype,1.0,0.0,1.25,3,7150,0.019943019943019943,0.019943019943019943,0.9469780219780219,0.9632527595361184,0.9342526646553286,0.9503359033301942,True,0.0,
1,base_plus_prototype,1.0,0.0,1.3,3,7150,0.019943019943019943,0.019943019943019943,0.9464285714285714,0.962962962962963,0.9334061038087679,0.9498991315107121,True,0.0,
1,base_plus_prototype,2.0,0.0,0.5,3,7150,0.019943019943019943,0.022792022792022793,0.9521978021978021,0.9646534929028667,0.9388875156717587,0.952473281957423,False,0.0028490028490028504,
1,base_plus_prototype,2.0,0.0,0.55,3,7150,0.019943019943019943,0.022792022792022793,0.9519230769230769,0.9645093945720251,0.9386368891053426,0.9523348142411711,False,0.0028490028490028504,
1,base_plus_prototype,2.0,0.0,0.6,3,7150,0.019943019943019943,0.022792022792022793,0.9519230769230769,0.9645093945720251,0.9386368891053426,0.9523348142411711,False,0.0028490028490028504,
1,base_plus_prototype,2.0,0.0,0.65,3,7150,0.019943019943019943,0.022792022792022793,0.9516483516483516,0.9643652561247215,0.9383862625389267,0.9521955772598287,False,0.0028490028490028504,
1,base_plus_prototype,2.0,0.0,0.7,3,7150,0.019943019943019943,0.022792022792022793,0.9516483516483516,0.9643652561247215,0.9383862625389267,0.9521955772598287,False,0.0028490028490028504,
1,base_plus_prototype,2.0,0.0,0.75,3,7150,0.019943019943019943,0.022792022792022793,0.9516483516483516,0.9643652561247215,0.9383862625389267,0.9521955772598287,False,0.0028490028490028504,
1,base_plus_prototype,2.0,0.0,0.8,3,7150,0.019943019943019943,0.022792022792022793,0.9516483516483516,0.9643652561247215,0.9383862625389267,0.9521955772598287,False,0.0028490028490028504,
1,base_plus_prototype,2.0,0.0,0.8500000000000001,3,7150,0.019943019943019943,0.022792022792022793,0.9516483516483516,0.9643652561247215,0.9383862625389267,0.9521955772598287,False,0.0028490028490028504,
1,base_plus_prototype,2.0,0.0,0.9,3,7150,0.019943019943019943,0.022792022792022793,0.9516483516483516,0.9643652561247215,0.9383862625389267,0.9521955772598287,False,0.0028490028490028504,
1,base_plus_prototype,2.0,0.0,0.95,3,7150,0.019943019943019943,0.022792022792022793,0.9516483516483516,0.9643652561247215,0.9383862625389267,0.9521955772598287,False,0.0028490028490028504,
1,base_plus_prototype,2.0,0.0,1.0,3,7150,0.019943019943019943,0.022792022792022793,0.9516483516483516,0.9643652561247215,0.9383862625389267,0.9521955772598287,False,0.0028490028490028504,
1,base_plus_prototype,2.0,0.0,1.05,3,7150,0.019943019943019943,0.022792022792022793,0.9516483516483516,0.9643652561247215,0.9383862625389267,0.9521955772598287,False,0.0028490028490028504,
1,base_plus_prototype,2.0,0.0,1.1,3,7150,0.019943019943019943,0.022792022792022793,0.9516483516483516,0.9643652561247215,0.9383862625389267,0.9521955772598287,False,0.0028490028490028504,
1,base_plus_prototype,2.0,0.0,1.15,3,7150,0.019943019943019943,0.022792022792022793,0.9516483516483516,0.9643652561247215,0.9383862625389267,0.9521955772598287,False,0.0028490028490028504,
1,base_plus_prototype,2.0,0.0,1.2000000000000002,3,7150,0.019943019943019943,0.022792022792022793,0.9516483516483516,0.9643652561247215,0.9383862625389267,0.9521955772598287,False,0.0028490028490028504,
1,base_plus_prototype,2.0,0.0,1.25,3,7150,0.019943019943019943,0.022792022792022793,0.9516483516483516,0.9643652561247215,0.9383862625389267,0.9521955772598287,False,0.0028490028490028504,
1,base_plus_prototype,2.0,0.0,1.3,3,7150,0.019943019943019943,0.022792022792022793,0.9516483516483516,0.9643652561247215,0.9383862625389267,0.9521955772598287,False,0.0028490028490028504,
2,prototype_only,0.0,0.0,0.55,1,7140,0.0057306590257879654,0.008595988538681949,0.9534246575342465,0.9720670391061452,0.9457285165999998,0.9672240122009773,True,0.002865329512893983,
2,prototype_only,0.0,0.0,0.6000000000000001,1,7140,0.0057306590257879654,0.0057306590257879654,0.9534246575342465,0.9734265734265735,0.9457285165999998,0.9676103496158862,True,0.0,prototype_personalization
2,prototype_only,0.0,0.0,0.65,1,7140,0.0057306590257879654,0.0057306590257879654,0.9534246575342465,0.9734265734265735,0.9457285165999998,0.9676103496158862,True,0.0,
2,prototype_only,0.0,0.0,0.7,1,7140,0.0057306590257879654,0.0057306590257879654,0.9534246575342465,0.9734265734265735,0.9457285165999998,0.9676103496158862,True,0.0,
2,prototype_only,0.0,0.0,0.75,1,7140,0.0057306590257879654,0.0057306590257879654,0.9534246575342465,0.9734265734265735,0.9457285165999998,0.9676103496158862,True,0.0,
2,prototype_only,0.0,0.0,0.8,1,7140,0.0057306590257879654,0.0057306590257879654,0.9534246575342465,0.9734265734265735,0.9457285165999998,0.9676103496158862,True,0.0,
2,prototype_only,0.0,0.0,0.85,1,7140,0.0057306590257879654,0.0057306590257879654,0.9531506849315069,0.9732829766400896,0.9456563665278497,0.9675742472295186,True,0.0,
2,prototype_only,0.0,0.0,0.8999999999999999,1,7140,0.0057306590257879654,0.0057306590257879654,0.9506849315068493,0.9719887955182073,0.943437751809235,0.9664465599675156,True,0.0,
2,prototype_only,0.0,0.0,0.95,1,7140,0.0057306590257879654,0.0057306590257879654,0.929041095890411,0.9604871831185383,0.9185413386985362,0.952061556789868,True,0.0,
2,base_plus_prototype,0.25,0.0,0.5,1,7140,0.0057306590257879654,0.008595988538681949,0.9534246575342465,0.9720670391061452,0.9457285165999998,0.9672240122009773,True,0.002865329512893983,
2,base_plus_prototype,0.25,0.0,0.55,1,7140,0.0057306590257879654,0.008595988538681949,0.9534246575342465,0.9720670391061452,0.9457285165999998,0.9672240122009773,True,0.002865329512893983,
2,base_plus_prototype,0.25,0.0,0.6,1,7140,0.0057306590257879654,0.008595988538681949,0.9534246575342465,0.9720670391061452,0.9457285165999998,0.9672240122009773,True,0.002865329512893983,
2,base_plus_prototype,0.25,0.0,0.65,1,7140,0.0057306590257879654,0.008595988538681949,0.9534246575342465,0.9720670391061452,0.9457285165999998,0.9672240122009773,True,0.002865329512893983,
2,base_plus_prototype,0.25,0.0,0.7,1,7140,0.0057306590257879654,0.008595988538681949,0.9534246575342465,0.9720670391061452,0.9457285165999998,0.9672240122009773,True,0.002865329512893983,
2,base_plus_prototype,0.25,0.0,0.75,1,7140,0.0057306590257879654,0.008595988538681949,0.9534246575342465,0.9720670391061452,0.9457285165999998,0.9672240122009773,True,0.002865329512893983,
2,base_plus_prototype,0.25,0.0,0.8,1,7140,0.0057306590257879654,0.008595988538681949,0.9534246575342465,0.9720670391061452,0.9457285165999998,0.9672240122009773,True,0.002865329512893983,
2,base_plus_prototype,0.25,0.0,0.8500000000000001,1,7140,0.0057306590257879654,0.008595988538681949,0.9534246575342465,0.9720670391061452,0.9457285165999998,0.9672240122009773,True,0.002865329512893983,
2,base_plus_prototype,0.25,0.0,0.9,1,7140,0.0057306590257879654,0.008595988538681949,0.9534246575342465,0.9720670391061452,0.9457285165999998,0.9672240122009773,True,0.002865329512893983,
2,base_plus_prototype,0.25,0.0,0.95,1,7140,0.0057306590257879654,0.0057306590257879654,0.9534246575342465,0.9734265734265735,0.9457285165999998,0.9676103496158862,True,0.0,
2,base_plus_prototype,0.25,0.0,1.0,1,7140,0.0057306590257879654,0.0057306590257879654,0.9534246575342465,0.9734265734265735,0.9457285165999998,0.9676103496158862,True,0.0,
2,base_plus_prototype,0.25,0.0,1.05,1,7140,0.0057306590257879654,0.0057306590257879654,0.9526027397260274,0.9729956625157409,0.9455120663835495,0.9675018779812187,True,0.0,
2,base_plus_prototype,0.25,0.0,1.1,1,7140,0.0057306590257879654,0.0057306590257879654,0.9134246575342466,0.9520274129069104,0.9185207243922074,0.9523101410570601,True,0.0,
2,base_plus_prototype,0.25,0.0,1.15,1,7140,0.0057306590257879654,0.0,0.0,,0.0,,True,-0.0057306590257879654,
2,base_plus_prototype,0.25,0.0,1.2000000000000002,1,7140,0.0057306590257879654,0.0,0.0,,0.0,,True,-0.0057306590257879654,
2,base_plus_prototype,0.25,0.0,1.25,1,7140,0.0057306590257879654,0.0,0.0,,0.0,,True,-0.0057306590257879654,
2,base_plus_prototype,0.25,0.0,1.3,1,7140,0.0057306590257879654,0.0,0.0,,0.0,,True,-0.0057306590257879654,
2,base_plus_prototype,0.5,0.0,0.5,1,7140,0.0057306590257879654,0.008595988538681949,0.9534246575342465,0.9720670391061452,0.9457285165999998,0.9672240122009773,True,0.002865329512893983,
2,base_plus_prototype,0.5,0.0,0.55,1,7140,0.0057306590257879654,0.008595988538681949,0.9534246575342465,0.9720670391061452,0.9457285165999998,0.9672240122009773,True,0.002865329512893983,
2,base_plus_prototype,0.5,0.0,0.6,1,7140,0.0057306590257879654,0.008595988538681949,0.9534246575342465,0.9720670391061452,0.9457285165999998,0.9672240122009773,True,0.002865329512893983,
2,base_plus_prototype,0.5,0.0,0.65,1,7140,0.0057306590257879654,0.008595988538681949,0.9534246575342465,0.9720670391061452,0.9457285165999998,0.9672240122009773,True,0.002865329512893983,
2,base_plus_prototype,0.5,0.0,0.7,1,7140,0.0057306590257879654,0.008595988538681949,0.9534246575342465,0.9720670391061452,0.9457285165999998,0.9672240122009773,True,0.002865329512893983,
2,base_plus_prototype,0.5,0.0,0.75,1,7140,0.0057306590257879654,0.008595988538681949,0.9534246575342465,0.9720670391061452,0.9457285165999998,0.9672240122009773,True,0.002865329512893983,
2,base_plus_prototype,0.5,0.0,0.8,1,7140,0.0057306590257879654,0.008595988538681949,0.9534246575342465,0.9720670391061452,0.9457285165999998,0.9672240122009773,True,0.002865329512893983,
2,base_plus_prototype,0.5,0.0,0.8500000000000001,1,7140,0.0057306590257879654,0.008595988538681949,0.9534246575342465,0.9720670391061452,0.9457285165999998,0.9672240122009773,True,0.002865329512893983,
2,base_plus_prototype,0.5,0.0,0.9,1,7140,0.0057306590257879654,0.008595988538681949,0.9534246575342465,0.9720670391061452,0.9457285165999998,0.9672240122009773,True,0.002865329512893983,
2,base_plus_prototype,0.5,0.0,0.95,1,7140,0.0057306590257879654,0.008595988538681949,0.9534246575342465,0.9720670391061452,0.9457285165999998,0.9672240122009773,True,0.002865329512893983,
2,base_plus_prototype,0.5,0.0,1.0,1,7140,0.0057306590257879654,0.008595988538681949,0.9534246575342465,0.9720670391061452,0.9457285165999998,0.9672240122009773,True,0.002865329512893983,
2,base_plus_prototype,0.5,0.0,1.05,1,7140,0.0057306590257879654,0.008595988538681949,0.9534246575342465,0.9720670391061452,0.9457285165999998,0.9672240122009773,True,0.002865329512893983,
2,base_plus_prototype,0.5,0.0,1.1,1,7140,0.0057306590257879654,0.0057306590257879654,0.9534246575342465,0.9734265734265735,0.9457285165999998,0.9676103496158862,True,0.0,
2,base_plus_prototype,0.5,0.0,1.15,1,7140,0.0057306590257879654,0.0057306590257879654,0.9534246575342465,0.9734265734265735,0.9457285165999998,0.9676103496158862,True,0.0,
2,base_plus_prototype,0.5,0.0,1.2000000000000002,1,7140,0.0057306590257879654,0.0057306590257879654,0.9534246575342465,0.9734265734265735,0.9457285165999998,0.9676103496158862,True,0.0,
2,base_plus_prototype,0.5,0.0,1.25,1,7140,0.0057306590257879654,0.0057306590257879654,0.9534246575342465,0.9734265734265735,0.9457285165999998,0.9676103496158862,True,0.0,
2,base_plus_prototype,0.5,0.0,1.3,1,7140,0.0057306590257879654,0.0057306590257879654,0.9495890410958904,0.9714125560538116,0.9433475642190474,0.9664030870498428,True,0.0,
2,base_plus_prototype,1.0,0.0,0.5,1,7140,0.0057306590257879654,0.008595988538681949,0.9534246575342465,0.9720670391061452,0.9457285165999998,0.9672240122009773,True,0.002865329512893983,
2,base_plus_prototype,1.0,0.0,0.55,1,7140,0.0057306590257879654,0.008595988538681949,0.9534246575342465,0.9720670391061452,0.9457285165999998,0.9672240122009773,True,0.002865329512893983,
2,base_plus_prototype,1.0,0.0,0.6,1,7140,0.0057306590257879654,0.008595988538681949,0.9534246575342465,0.9720670391061452,0.9457285165999998,0.9672240122009773,True,0.002865329512893983,
2,base_plus_prototype,1.0,0.0,0.65,1,7140,0.0057306590257879654,0.008595988538681949,0.9534246575342465,0.9720670391061452,0.9457285165999998,0.9672240122009773,True,0.002865329512893983,
2,base_plus_prototype,1.0,0.0,0.7,1,7140,0.0057306590257879654,0.008595988538681949,0.9534246575342465,0.9720670391061452,0.9457285165999998,0.9672240122009773,True,0.002865329512893983,
2,base_plus_prototype,1.0,0.0,0.75,1,7140,0.0057306590257879654,0.008595988538681949,0.9534246575342465,0.9720670391061452,0.9457285165999998,0.9672240122009773,True,0.002865329512893983,
2,base_plus_prototype,1.0,0.0,0.8,1,7140,0.0057306590257879654,0.008595988538681949,0.9534246575342465,0.9720670391061452,0.9457285165999998,0.9672240122009773,True,0.002865329512893983,
2,base_plus_prototype,1.0,0.0,0.8500000000000001,1,7140,0.0057306590257879654,0.008595988538681949,0.9534246575342465,0.9720670391061452,0.9457285165999998,0.9672240122009773,True,0.002865329512893983,
2,base_plus_prototype,1.0,0.0,0.9,1,7140,0.0057306590257879654,0.008595988538681949,0.9534246575342465,0.9720670391061452,0.9457285165999998,0.9672240122009773,True,0.002865329512893983,
2,base_plus_prototype,1.0,0.0,0.95,1,7140,0.0057306590257879654,0.008595988538681949,0.9534246575342465,0.9720670391061452,0.9457285165999998,0.9672240122009773,True,0.002865329512893983,
2,base_plus_prototype,1.0,0.0,1.0,1,7140,0.0057306590257879654,0.008595988538681949,0.9534246575342465,0.9720670391061452,0.9457285165999998,0.9672240122009773,True,0.002865329512893983,
2,base_plus_prototype,1.0,0.0,1.05,1,7140,0.0057306590257879654,0.008595988538681949,0.9534246575342465,0.9720670391061452,0.9457285165999998,0.9672240122009773,True,0.002865329512893983,
2,base_plus_prototype,1.0,0.0,1.1,1,7140,0.0057306590257879654,0.008595988538681949,0.9534246575342465,0.9720670391061452,0.9457285165999998,0.9672240122009773,True,0.002865329512893983,
2,base_plus_prototype,1.0,0.0,1.15,1,7140,0.0057306590257879654,0.008595988538681949,0.9534246575342465,0.9720670391061452,0.9457285165999998,0.9672240122009773,True,0.002865329512893983,
2,base_plus_prototype,1.0,0.0,1.2000000000000002,1,7140,0.0057306590257879654,0.008595988538681949,0.9534246575342465,0.9720670391061452,0.9457285165999998,0.9672240122009773,True,0.002865329512893983,
2,base_plus_prototype,1.0,0.0,1.25,1,7140,0.0057306590257879654,0.008595988538681949,0.9534246575342465,0.9720670391061452,0.9457285165999998,0.9672240122009773,True,0.002865329512893983,
2,base_plus_prototype,1.0,0.0,1.3,1,7140,0.0057306590257879654,0.008595988538681949,0.9534246575342465,0.9720670391061452,0.9457285165999998,0.9672240122009773,True,0.002865329512893983,
2,base_plus_prototype,2.0,0.0,0.5,1,7140,0.0057306590257879654,0.008595988538681949,0.9534246575342465,0.9720670391061452,0.9457285165999998,0.9672240122009773,True,0.002865329512893983,
2,base_plus_prototype,2.0,0.0,0.55,1,7140,0.0057306590257879654,0.008595988538681949,0.9534246575342465,0.9720670391061452,0.9457285165999998,0.9672240122009773,True,0.002865329512893983,
2,base_plus_prototype,2.0,0.0,0.6,1,7140,0.0057306590257879654,0.008595988538681949,0.9534246575342465,0.9720670391061452,0.9457285165999998,0.9672240122009773,True,0.002865329512893983,
2,base_plus_prototype,2.0,0.0,0.65,1,7140,0.0057306590257879654,0.008595988538681949,0.9534246575342465,0.9720670391061452,0.9457285165999998,0.9672240122009773,True,0.002865329512893983,
2,base_plus_prototype,2.0,0.0,0.7,1,7140,0.0057306590257879654,0.008595988538681949,0.9534246575342465,0.9720670391061452,0.9457285165999998,0.9672240122009773,True,0.002865329512893983,
2,base_plus_prototype,2.0,0.0,0.75,1,7140,0.0057306590257879654,0.008595988538681949,0.9534246575342465,0.9720670391061452,0.9457285165999998,0.9672240122009773,True,0.002865329512893983,
2,base_plus_prototype,2.0,0.0,0.8,1,7140,0.0057306590257879654,0.008595988538681949,0.9534246575342465,0.9720670391061452,0.9457285165999998,0.9672240122009773,True,0.002865329512893983,
2,base_plus_prototype,2.0,0.0,0.8500000000000001,1,7140,0.0057306590257879654,0.008595988538681949,0.9534246575342465,0.9720670391061452,0.9457285165999998,0.9672240122009773,True,0.002865329512893983,
2,base_plus_prototype,2.0,0.0,0.9,1,7140,0.0057306590257879654,0.008595988538681949,0.9534246575342465,0.9720670391061452,0.9457285165999998,0.9672240122009773,True,0.002865329512893983,
2,base_plus_prototype,2.0,0.0,0.95,1,7140,0.0057306590257879654,0.008595988538681949,0.9534246575342465,0.9720670391061452,0.9457285165999998,0.9672240122009773,True,0.002865329512893983,
2,base_plus_prototype,2.0,0.0,1.0,1,7140,0.0057306590257879654,0.008595988538681949,0.9534246575342465,0.9720670391061452,0.9457285165999998,0.9672240122009773,True,0.002865329512893983,
2,base_plus_prototype,2.0,0.0,1.05,1,7140,0.0057306590257879654,0.008595988538681949,0.9534246575342465,0.9720670391061452,0.9457285165999998,0.9672240122009773,True,0.002865329512893983,
2,base_plus_prototype,2.0,0.0,1.1,1,7140,0.0057306590257879654,0.008595988538681949,0.9534246575342465,0.9720670391061452,0.9457285165999998,0.9672240122009773,True,0.002865329512893983,
2,base_plus_prototype,2.0,0.0,1.15,1,7140,0.0057306590257879654,0.008595988538681949,0.9534246575342465,0.9720670391061452,0.9457285165999998,0.9672240122009773,True,0.002865329512893983,
2,base_plus_prototype,2.0,0.0,1.2000000000000002,1,7140,0.0057306590257879654,0.008595988538681949,0.9534246575342465,0.9720670391061452,0.9457285165999998,0.9672240122009773,True,0.002865329512893983,
2,base_plus_prototype,2.0,0.0,1.25,1,7140,0.0057306590257879654,0.008595988538681949,0.9534246575342465,0.9720670391061452,0.9457285165999998,0.9672240122009773,True,0.002865329512893983,
2,base_plus_prototype,2.0,0.0,1.3,1,7140,0.0057306590257879654,0.008595988538681949,0.9534246575342465,0.9720670391061452,0.9457285165999998,0.9672240122009773,True,0.002865329512893983,
2,prototype_only,0.0,0.0,0.55,3,7140,0.0057306590257879654,0.008595988538681949,0.9534246575342465,0.9720670391061452,0.9457285165999998,0.9672240122009773,True,0.002865329512893983,
2,prototype_only,0.0,0.0,0.6000000000000001,3,7140,0.0057306590257879654,0.0057306590257879654,0.9534246575342465,0.9734265734265735,0.9457285165999998,0.9676103496158862,True,0.0,
2,prototype_only,0.0,0.0,0.65,3,7140,0.0057306590257879654,0.0057306590257879654,0.9534246575342465,0.9734265734265735,0.9457285165999998,0.9676103496158862,True,0.0,
2,prototype_only,0.0,0.0,0.7,3,7140,0.0057306590257879654,0.0057306590257879654,0.9534246575342465,0.9734265734265735,0.9457285165999998,0.9676103496158862,True,0.0,
2,prototype_only,0.0,0.0,0.75,3,7140,0.0057306590257879654,0.0057306590257879654,0.9534246575342465,0.9734265734265735,0.9457285165999998,0.9676103496158862,True,0.0,
2,prototype_only,0.0,0.0,0.8,3,7140,0.0057306590257879654,0.0057306590257879654,0.9534246575342465,0.9734265734265735,0.9457285165999998,0.9676103496158862,True,0.0,
2,prototype_only,0.0,0.0,0.85,3,7140,0.0057306590257879654,0.0057306590257879654,0.9531506849315069,0.9732829766400896,0.9456563665278497,0.9675742472295186,True,0.0,
2,prototype_only,0.0,0.0,0.8999999999999999,3,7140,0.0057306590257879654,0.0057306590257879654,0.9506849315068493,0.9719887955182073,0.943437751809235,0.9664465599675156,True,0.0,
2,prototype_only,0.0,0.0,0.95,3,7140,0.0057306590257879654,0.0057306590257879654,0.929041095890411,0.9604871831185383,0.9185413386985362,0.952061556789868,True,0.0,
2,base_plus_prototype,0.25,0.0,0.5,3,7140,0.0057306590257879654,0.008595988538681949,0.9534246575342465,0.9720670391061452,0.9457285165999998,0.9672240122009773,True,0.002865329512893983,
2,base_plus_prototype,0.25,0.0,0.55,3,7140,0.0057306590257879654,0.008595988538681949,0.9534246575342465,0.9720670391061452,0.9457285165999998,0.9672240122009773,True,0.002865329512893983,
2,base_plus_prototype,0.25,0.0,0.6,3,7140,0.0057306590257879654,0.008595988538681949,0.9534246575342465,0.9720670391061452,0.9457285165999998,0.9672240122009773,True,0.002865329512893983,
2,base_plus_prototype,0.25,0.0,0.65,3,7140,0.0057306590257879654,0.008595988538681949,0.9534246575342465,0.9720670391061452,0.9457285165999998,0.9672240122009773,True,0.002865329512893983,
2,base_plus_prototype,0.25,0.0,0.7,3,7140,0.0057306590257879654,0.008595988538681949,0.9534246575342465,0.9720670391061452,0.9457285165999998,0.9672240122009773,True,0.002865329512893983,
2,base_plus_prototype,0.25,0.0,0.75,3,7140,0.0057306590257879654,0.008595988538681949,0.9534246575342465,0.9720670391061452,0.9457285165999998,0.9672240122009773,True,0.002865329512893983,
2,base_plus_prototype,0.25,0.0,0.8,3,7140,0.0057306590257879654,0.008595988538681949,0.9534246575342465,0.9720670391061452,0.9457285165999998,0.9672240122009773,True,0.002865329512893983,
2,base_plus_prototype,0.25,0.0,0.8500000000000001,3,7140,0.0057306590257879654,0.008595988538681949,0.9534246575342465,0.9720670391061452,0.9457285165999998,0.9672240122009773,True,0.002865329512893983,
2,base_plus_prototype,0.25,0.0,0.9,3,7140,0.0057306590257879654,0.008595988538681949,0.9534246575342465,0.9720670391061452,0.9457285165999998,0.9672240122009773,True,0.002865329512893983,
2,base_plus_prototype,0.25,0.0,0.95,3,7140,0.0057306590257879654,0.0057306590257879654,0.9534246575342465,0.9734265734265735,0.9457285165999998,0.9676103496158862,True,0.0,
2,base_plus_prototype,0.25,0.0,1.0,3,7140,0.0057306590257879654,0.0057306590257879654,0.9534246575342465,0.9734265734265735,0.9457285165999998,0.9676103496158862,True,0.0,
2,base_plus_prototype,0.25,0.0,1.05,3,7140,0.0057306590257879654,0.0057306590257879654,0.9526027397260274,0.9729956625157409,0.9455120663835495,0.9675018779812187,True,0.0,
2,base_plus_prototype,0.25,0.0,1.1,3,7140,0.0057306590257879654,0.0057306590257879654,0.9134246575342466,0.9520274129069104,0.9185207243922074,0.9523101410570601,True,0.0,
2,base_plus_prototype,0.25,0.0,1.15,3,7140,0.0057306590257879654,0.0,0.0,,0.0,,True,-0.0057306590257879654,
2,base_plus_prototype,0.25,0.0,1.2000000000000002,3,7140,0.0057306590257879654,0.0,0.0,,0.0,,True,-0.0057306590257879654,
2,base_plus_prototype,0.25,0.0,1.25,3,7140,0.0057306590257879654,0.0,0.0,,0.0,,True,-0.0057306590257879654,
2,base_plus_prototype,0.25,0.0,1.3,3,7140,0.0057306590257879654,0.0,0.0,,0.0,,True,-0.0057306590257879654,
2,base_plus_prototype,0.5,0.0,0.5,3,7140,0.0057306590257879654,0.008595988538681949,0.9534246575342465,0.9720670391061452,0.9457285165999998,0.9672240122009773,True,0.002865329512893983,
2,base_plus_prototype,0.5,0.0,0.55,3,7140,0.0057306590257879654,0.008595988538681949,0.9534246575342465,0.9720670391061452,0.9457285165999998,0.9672240122009773,True,0.002865329512893983,
2,base_plus_prototype,0.5,0.0,0.6,3,7140,0.0057306590257879654,0.008595988538681949,0.9534246575342465,0.9720670391061452,0.9457285165999998,0.9672240122009773,True,0.002865329512893983,
2,base_plus_prototype,0.5,0.0,0.65,3,7140,0.0057306590257879654,0.008595988538681949,0.9534246575342465,0.9720670391061452,0.9457285165999998,0.9672240122009773,True,0.002865329512893983,
2,base_plus_prototype,0.5,0.0,0.7,3,7140,0.0057306590257879654,0.008595988538681949,0.9534246575342465,0.9720670391061452,0.9457285165999998,0.9672240122009773,True,0.002865329512893983,
2,base_plus_prototype,0.5,0.0,0.75,3,7140,0.0057306590257879654,0.008595988538681949,0.9534246575342465,0.9720670391061452,0.9457285165999998,0.9672240122009773,True,0.002865329512893983,
2,base_plus_prototype,0.5,0.0,0.8,3,7140,0.0057306590257879654,0.008595988538681949,0.9534246575342465,0.9720670391061452,0.9457285165999998,0.9672240122009773,True,0.002865329512893983,
2,base_plus_prototype,0.5,0.0,0.8500000000000001,3,7140,0.0057306590257879654,0.008595988538681949,0.9534246575342465,0.9720670391061452,0.9457285165999998,0.9672240122009773,True,0.002865329512893983,
2,base_plus_prototype,0.5,0.0,0.9,3,7140,0.0057306590257879654,0.008595988538681949,0.9534246575342465,0.9720670391061452,0.9457285165999998,0.9672240122009773,True,0.002865329512893983,
2,base_plus_prototype,0.5,0.0,0.95,3,7140,0.0057306590257879654,0.008595988538681949,0.9534246575342465,0.9720670391061452,0.9457285165999998,0.9672240122009773,True,0.002865329512893983,
2,base_plus_prototype,0.5,0.0,1.0,3,7140,0.0057306590257879654,0.008595988538681949,0.9534246575342465,0.9720670391061452,0.9457285165999998,0.9672240122009773,True,0.002865329512893983,
2,base_plus_prototype,0.5,0.0,1.05,3,7140,0.0057306590257879654,0.008595988538681949,0.9534246575342465,0.9720670391061452,0.9457285165999998,0.9672240122009773,True,0.002865329512893983,
2,base_plus_prototype,0.5,0.0,1.1,3,7140,0.0057306590257879654,0.0057306590257879654,0.9534246575342465,0.9734265734265735,0.9457285165999998,0.9676103496158862,True,0.0,
2,base_plus_prototype,0.5,0.0,1.15,3,7140,0.0057306590257879654,0.0057306590257879654,0.9534246575342465,0.9734265734265735,0.9457285165999998,0.9676103496158862,True,0.0,
2,base_plus_prototype,0.5,0.0,1.2000000000000002,3,7140,0.0057306590257879654,0.0057306590257879654,0.9534246575342465,0.9734265734265735,0.9457285165999998,0.9676103496158862,True,0.0,
2,base_plus_prototype,0.5,0.0,1.25,3,7140,0.0057306590257879654,0.0057306590257879654,0.9534246575342465,0.9734265734265735,0.9457285165999998,0.9676103496158862,True,0.0,
2,base_plus_prototype,0.5,0.0,1.3,3,7140,0.0057306590257879654,0.0057306590257879654,0.9495890410958904,0.9714125560538116,0.9433475642190474,0.9664030870498428,True,0.0,
2,base_plus_prototype,1.0,0.0,0.5,3,7140,0.0057306590257879654,0.008595988538681949,0.9534246575342465,0.9720670391061452,0.9457285165999998,0.9672240122009773,True,0.002865329512893983,
2,base_plus_prototype,1.0,0.0,0.55,3,7140,0.0057306590257879654,0.008595988538681949,0.9534246575342465,0.9720670391061452,0.9457285165999998,0.9672240122009773,True,0.002865329512893983,
2,base_plus_prototype,1.0,0.0,0.6,3,7140,0.0057306590257879654,0.008595988538681949,0.9534246575342465,0.9720670391061452,0.9457285165999998,0.9672240122009773,True,0.002865329512893983,
2,base_plus_prototype,1.0,0.0,0.65,3,7140,0.0057306590257879654,0.008595988538681949,0.9534246575342465,0.9720670391061452,0.9457285165999998,0.9672240122009773,True,0.002865329512893983,
2,base_plus_prototype,1.0,0.0,0.7,3,7140,0.0057306590257879654,0.008595988538681949,0.9534246575342465,0.9720670391061452,0.9457285165999998,0.9672240122009773,True,0.002865329512893983,
2,base_plus_prototype,1.0,0.0,0.75,3,7140,0.0057306590257879654,0.008595988538681949,0.9534246575342465,0.9720670391061452,0.9457285165999998,0.9672240122009773,True,0.002865329512893983,
2,base_plus_prototype,1.0,0.0,0.8,3,7140,0.0057306590257879654,0.008595988538681949,0.9534246575342465,0.9720670391061452,0.9457285165999998,0.9672240122009773,True,0.002865329512893983,
2,base_plus_prototype,1.0,0.0,0.8500000000000001,3,7140,0.0057306590257879654,0.008595988538681949,0.9534246575342465,0.9720670391061452,0.9457285165999998,0.9672240122009773,True,0.002865329512893983,
2,base_plus_prototype,1.0,0.0,0.9,3,7140,0.0057306590257879654,0.008595988538681949,0.9534246575342465,0.9720670391061452,0.9457285165999998,0.9672240122009773,True,0.002865329512893983,
2,base_plus_prototype,1.0,0.0,0.95,3,7140,0.0057306590257879654,0.008595988538681949,0.9534246575342465,0.9720670391061452,0.9457285165999998,0.9672240122009773,True,0.002865329512893983,
2,base_plus_prototype,1.0,0.0,1.0,3,7140,0.0057306590257879654,0.008595988538681949,0.9534246575342465,0.9720670391061452,0.9457285165999998,0.9672240122009773,True,0.002865329512893983,
2,base_plus_prototype,1.0,0.0,1.05,3,7140,0.0057306590257879654,0.008595988538681949,0.9534246575342465,0.9720670391061452,0.9457285165999998,0.9672240122009773,True,0.002865329512893983,
2,base_plus_prototype,1.0,0.0,1.1,3,7140,0.0057306590257879654,0.008595988538681949,0.9534246575342465,0.9720670391061452,0.9457285165999998,0.9672240122009773,True,0.002865329512893983,
2,base_plus_prototype,1.0,0.0,1.15,3,7140,0.0057306590257879654,0.008595988538681949,0.9534246575342465,0.9720670391061452,0.9457285165999998,0.9672240122009773,True,0.002865329512893983,
2,base_plus_prototype,1.0,0.0,1.2000000000000002,3,7140,0.0057306590257879654,0.008595988538681949,0.9534246575342465,0.9720670391061452,0.9457285165999998,0.9672240122009773,True,0.002865329512893983,
2,base_plus_prototype,1.0,0.0,1.25,3,7140,0.0057306590257879654,0.008595988538681949,0.9534246575342465,0.9720670391061452,0.9457285165999998,0.9672240122009773,True,0.002865329512893983,
2,base_plus_prototype,1.0,0.0,1.3,3,7140,0.0057306590257879654,0.008595988538681949,0.9534246575342465,0.9720670391061452,0.9457285165999998,0.9672240122009773,True,0.002865329512893983,
2,base_plus_prototype,2.0,0.0,0.5,3,7140,0.0057306590257879654,0.008595988538681949,0.9534246575342465,0.9720670391061452,0.9457285165999998,0.9672240122009773,True,0.002865329512893983,
2,base_plus_prototype,2.0,0.0,0.55,3,7140,0.0057306590257879654,0.008595988538681949,0.9534246575342465,0.9720670391061452,0.9457285165999998,0.9672240122009773,True,0.002865329512893983,
2,base_plus_prototype,2.0,0.0,0.6,3,7140,0.0057306590257879654,0.008595988538681949,0.9534246575342465,0.9720670391061452,0.9457285165999998,0.9672240122009773,True,0.002865329512893983,
2,base_plus_prototype,2.0,0.0,0.65,3,7140,0.0057306590257879654,0.008595988538681949,0.9534246575342465,0.9720670391061452,0.9457285165999998,0.9672240122009773,True,0.002865329512893983,
2,base_plus_prototype,2.0,0.0,0.7,3,7140,0.0057306590257879654,0.008595988538681949,0.9534246575342465,0.9720670391061452,0.9457285165999998,0.9672240122009773,True,0.002865329512893983,
2,base_plus_prototype,2.0,0.0,0.75,3,7140,0.0057306590257879654,0.008595988538681949,0.9534246575342465,0.9720670391061452,0.9457285165999998,0.9672240122009773,True,0.002865329512893983,
2,base_plus_prototype,2.0,0.0,0.8,3,7140,0.0057306590257879654,0.008595988538681949,0.9534246575342465,0.9720670391061452,0.9457285165999998,0.9672240122009773,True,0.002865329512893983,
2,base_plus_prototype,2.0,0.0,0.8500000000000001,3,7140,0.0057306590257879654,0.008595988538681949,0.9534246575342465,0.9720670391061452,0.9457285165999998,0.9672240122009773,True,0.002865329512893983,
2,base_plus_prototype,2.0,0.0,0.9,3,7140,0.0057306590257879654,0.008595988538681949,0.9534246575342465,0.9720670391061452,0.9457285165999998,0.9672240122009773,True,0.002865329512893983,
2,base_plus_prototype,2.0,0.0,0.95,3,7140,0.0057306590257879654,0.008595988538681949,0.9534246575342465,0.9720670391061452,0.9457285165999998,0.9672240122009773,True,0.002865329512893983,
2,base_plus_prototype,2.0,0.0,1.0,3,7140,0.0057306590257879654,0.008595988538681949,0.9534246575342465,0.9720670391061452,0.9457285165999998,0.9672240122009773,True,0.002865329512893983,
2,base_plus_prototype,2.0,0.0,1.05,3,7140,0.0057306590257879654,0.008595988538681949,0.9534246575342465,0.9720670391061452,0.9457285165999998,0.9672240122009773,True,0.002865329512893983,
2,base_plus_prototype,2.0,0.0,1.1,3,7140,0.0057306590257879654,0.008595988538681949,0.9534246575342465,0.9720670391061452,0.9457285165999998,0.9672240122009773,True,0.002865329512893983,
2,base_plus_prototype,2.0,0.0,1.15,3,7140,0.0057306590257879654,0.008595988538681949,0.9534246575342465,0.9720670391061452,0.9457285165999998,0.9672240122009773,True,0.002865329512893983,
2,base_plus_prototype,2.0,0.0,1.2000000000000002,3,7140,0.0057306590257879654,0.008595988538681949,0.9534246575342465,0.9720670391061452,0.9457285165999998,0.9672240122009773,True,0.002865329512893983,
2,base_plus_prototype,2.0,0.0,1.25,3,7140,0.0057306590257879654,0.008595988538681949,0.9534246575342465,0.9720670391061452,0.9457285165999998,0.9672240122009773,True,0.002865329512893983,
2,base_plus_prototype,2.0,0.0,1.3,3,7140,0.0057306590257879654,0.008595988538681949,0.9534246575342465,0.9720670391061452,0.9457285165999998,0.9672240122009773,True,0.002865329512893983,
3,prototype_only,0.0,0.0,0.55,1,7210,0.02064896755162242,0.02064896755162242,0.9518324607329843,0.9662503321817699,0.9287691970727685,0.9478644025501877,False,0.0,
3,prototype_only,0.0,0.0,0.6000000000000001,1,7210,0.02064896755162242,0.02064896755162242,0.9518324607329843,0.9662503321817699,0.9287691970727685,0.9478644025501877,False,0.0,
3,prototype_only,0.0,0.0,0.65,1,7210,0.02064896755162242,0.02064896755162242,0.9518324607329843,0.9662503321817699,0.9287691970727685,0.9478644025501877,False,0.0,
3,prototype_only,0.0,0.0,0.7,1,7210,0.02064896755162242,0.02064896755162242,0.9502617801047121,0.9654255319148937,0.9230549113584827,0.9444851679468252,False,0.0,
3,prototype_only,0.0,0.0,0.75,1,7210,0.02064896755162242,0.02064896755162242,0.9481675392670157,0.9643237486687966,0.9195917078952794,0.9426882227536537,False,0.0,
3,prototype_only,0.0,0.0,0.8,1,7210,0.02064896755162242,0.02064896755162242,0.9481675392670157,0.9643237486687966,0.9195917078952794,0.9426882227536537,False,0.0,
3,prototype_only,0.0,0.0,0.85,1,7210,0.02064896755162242,0.02064896755162242,0.9476439790575916,0.9640479360852198,0.9182311636775923,0.9418483277405304,False,0.0,
3,prototype_only,0.0,0.0,0.8999999999999999,1,7210,0.02064896755162242,0.020353982300884955,0.9429319371727749,0.9616873581631291,0.9120674860853433,0.9379871216226681,False,-0.0002949852507374631,
3,prototype_only,0.0,0.0,0.95,1,7210,0.02064896755162242,0.0058997050147492625,0.9282722513089006,0.9601949634443542,0.8913623479694909,0.9330610889926745,True,-0.014749262536873156,prototype_personalization
3,base_plus_prototype,0.25,0.0,0.5,1,7210,0.02064896755162242,0.02064896755162242,0.9531413612565445,0.966936661797902,0.9321705576169861,0.9498527903653472,False,0.0,
3,base_plus_prototype,0.25,0.0,0.55,1,7210,0.02064896755162242,0.02064896755162242,0.9531413612565445,0.966936661797902,0.9321705576169861,0.9498527903653472,False,0.0,
3,base_plus_prototype,0.25,0.0,0.6,1,7210,0.02064896755162242,0.02064896755162242,0.9531413612565445,0.966936661797902,0.9321705576169861,0.9498527903653472,False,0.0,
3,base_plus_prototype,0.25,0.0,0.65,1,7210,0.02064896755162242,0.02064896755162242,0.9531413612565445,0.966936661797902,0.9321705576169861,0.9498527903653472,False,0.0,
3,base_plus_prototype,0.25,0.0,0.7,1,7210,0.02064896755162242,0.02064896755162242,0.9531413612565445,0.966936661797902,0.9321705576169861,0.9498527903653472,False,0.0,
3,base_plus_prototype,0.25,0.0,0.75,1,7210,0.02064896755162242,0.02064896755162242,0.9531413612565445,0.966936661797902,0.9321705576169861,0.9498527903653472,False,0.0,
3,base_plus_prototype,0.25,0.0,0.8,1,7210,0.02064896755162242,0.02064896755162242,0.9518324607329843,0.9662503321817699,0.9287691970727685,0.9478644025501877,False,0.0,
3,base_plus_prototype,0.25,0.0,0.8500000000000001,1,7210,0.02064896755162242,0.02064896755162242,0.9518324607329843,0.9662503321817699,0.9287691970727685,0.9478644025501877,False,0.0,
3,base_plus_prototype,0.25,0.0,0.9,1,7210,0.02064896755162242,0.02064896755162242,0.9518324607329843,0.9662503321817699,0.9287691970727685,0.9478644025501877,False,0.0,
3,base_plus_prototype,0.25,0.0,0.95,1,7210,0.02064896755162242,0.02064896755162242,0.9518324607329843,0.9662503321817699,0.9287691970727685,0.9478644025501877,False,0.0,
3,base_plus_prototype,0.25,0.0,1.0,1,7210,0.02064896755162242,0.02064896755162242,0.7020942408376963,0.8161898965307365,0.7047768930804645,0.9422720205439595,False,0.0,
3,base_plus_prototype,0.25,0.0,1.05,1,7210,0.02064896755162242,0.02064896755162242,0.7,0.8147471054235222,0.701313689617261,0.9399135299779218,False,0.0,
3,base_plus_prototype,0.25,0.0,1.1,1,7210,0.02064896755162242,0.008849557522123894,0.48350785340314134,0.6484114446199755,0.4287153851439566,0.9354643235426241,True,-0.011799410029498525,
3,base_plus_prototype,0.25,0.0,1.15,1,7210,0.02064896755162242,0.0029498525073746312,0.24581151832460732,0.39379324806039,0.20149144506287361,0.9026351634692776,True,-0.017699115044247787,
3,base_plus_prototype,0.25,0.0,1.2000000000000002,1,7210,0.02064896755162242,0.0,0.0,,0.0,,True,-0.02064896755162242,
3,base_plus_prototype,0.25,0.0,1.25,1,7210,0.02064896755162242,0.0,0.0,,0.0,,True,-0.02064896755162242,
3,base_plus_prototype,0.25,0.0,1.3,1,7210,0.02064896755162242,0.0,0.0,,0.0,,True,-0.02064896755162242,
3,base_plus_prototype,0.5,0.0,0.5,1,7210,0.02064896755162242,0.02064896755162242,0.9531413612565445,0.966936661797902,0.9321705576169861,0.9498527903653472,False,0.0,
3,base_plus_prototype,0.5,0.0,0.55,1,7210,0.02064896755162242,0.02064896755162242,0.9531413612565445,0.966936661797902,0.9321705576169861,0.9498527903653472,False,0.0,
3,base_plus_prototype,0.5,0.0,0.6,1,7210,0.02064896755162242,0.02064896755162242,0.9531413612565445,0.966936661797902,0.9321705576169861,0.9498527903653472,False,0.0,
3,base_plus_prototype,0.5,0.0,0.65,1,7210,0.02064896755162242,0.02064896755162242,0.9531413612565445,0.966936661797902,0.9321705576169861,0.9498527903653472,False,0.0,
3,base_plus_prototype,0.5,0.0,0.7,1,7210,0.02064896755162242,0.02064896755162242,0.9531413612565445,0.966936661797902,0.9321705576169861,0.9498527903653472,False,0.0,
3,base_plus_prototype,0.5,0.0,0.75,1,7210,0.02064896755162242,0.02064896755162242,0.9531413612565445,0.966936661797902,0.9321705576169861,0.9498527903653472,False,0.0,
3,base_plus_prototype,0.5,0.0,0.8,1,7210,0.02064896755162242,0.02064896755162242,0.9531413612565445,0.966936661797902,0.9321705576169861,0.9498527903653472,False,0.0,
3,base_plus_prototype,0.5,0.0,0.8500000000000001,1,7210,0.02064896755162242,0.02064896755162242,0.9531413612565445,0.966936661797902,0.9321705576169861,0.9498527903653472,False,0.0,
3,base_plus_prototype,0.5,0.0,0.9,1,7210,0.02064896755162242,0.02064896755162242,0.9520942408376963,0.9663876710508835,0.929449469181612,0.9482745075370642,False,0.0,
3,base_plus_prototype,0.5,0.0,0.95,1,7210,0.02064896755162242,0.02064896755162242,0.9518324607329843,0.9662503321817699,0.9287691970727685,0.9478644025501877,False,0.0,
3,base_plus_prototype,0.5,0.0,1.0,1,7210,0.02064896755162242,0.02064896755162242,0.9518324607329843,0.9662503321817699,0.9287691970727685,0.9478644025501877,False,0.0,
3,base_plus_prototype,0.5,0.0,1.05,1,7210,0.02064896755162242,0.02064896755162242,0.9518324607329843,0.9662503321817699,0.9287691970727685,0.9478644025501877,False,0.0,
3,base_plus_prototype,0.5,0.0,1.1,1,7210,0.02064896755162242,0.02064896755162242,0.9518324607329843,0.9662503321817699,0.9287691970727685,0.9478644025501877,False,0.0,
3,base_plus_prototype,0.5,0.0,1.15,1,7210,0.02064896755162242,0.02064896755162242,0.9502617801047121,0.9654255319148937,0.9230549113584827,0.9444851679468252,False,0.0,
3,base_plus_prototype,0.5,0.0,1.2000000000000002,1,7210,0.02064896755162242,0.02064896755162242,0.9502617801047121,0.9654255319148937,0.9230549113584827,0.9444851679468252,False,0.0,
3,base_plus_prototype,0.5,0.0,1.25,1,7210,0.02064896755162242,0.02064896755162242,0.7,0.8147471054235222,0.701313689617261,0.9399135299779218,False,0.0,
3,base_plus_prototype,0.5,0.0,1.3,1,7210,0.02064896755162242,0.02064896755162242,0.6955497382198953,0.8116694669314191,0.6995505222290936,0.93865516112534,False,0.0,
3,base_plus_prototype,1.0,0.0,0.5,1,7210,0.02064896755162242,0.02064896755162242,0.9531413612565445,0.966936661797902,0.9321705576169861,0.9498527903653472,False,0.0,
3,base_plus_prototype,1.0,0.0,0.55,1,7210,0.02064896755162242,0.02064896755162242,0.9531413612565445,0.966936661797902,0.9321705576169861,0.9498527903653472,False,0.0,
3,base_plus_prototype,1.0,0.0,0.6,1,7210,0.02064896755162242,0.02064896755162242,0.9531413612565445,0.966936661797902,0.9321705576169861,0.9498527903653472,False,0.0,
3,base_plus_prototype,1.0,0.0,0.65,1,7210,0.02064896755162242,0.02064896755162242,0.9531413612565445,0.966936661797902,0.9321705576169861,0.9498527903653472,False,0.0,
3,base_plus_prototype,1.0,0.0,0.7,1,7210,0.02064896755162242,0.02064896755162242,0.9531413612565445,0.966936661797902,0.9321705576169861,0.9498527903653472,False,0.0,
3,base_plus_prototype,1.0,0.0,0.75,1,7210,0.02064896755162242,0.02064896755162242,0.9531413612565445,0.966936661797902,0.9321705576169861,0.9498527903653472,False,0.0,
3,base_plus_prototype,1.0,0.0,0.8,1,7210,0.02064896755162242,0.02064896755162242,0.9531413612565445,0.966936661797902,0.9321705576169861,0.9498527903653472,False,0.0,
3,base_plus_prototype,1.0,0.0,0.8500000000000001,1,7210,0.02064896755162242,0.02064896755162242,0.9531413612565445,0.966936661797902,0.9321705576169861,0.9498527903653472,False,0.0,
3,base_plus_prototype,1.0,0.0,0.9,1,7210,0.02064896755162242,0.02064896755162242,0.9531413612565445,0.966936661797902,0.9321705576169861,0.9498527903653472,False,0.0,
3,base_plus_prototype,1.0,0.0,0.95,1,7210,0.02064896755162242,0.02064896755162242,0.9531413612565445,0.966936661797902,0.9321705576169861,0.9498527903653472,False,0.0,
3,base_plus_prototype,1.0,0.0,1.0,1,7210,0.02064896755162242,0.02064896755162242,0.9531413612565445,0.966936661797902,0.9321705576169861,0.9498527903653472,False,0.0,
3,base_plus_prototype,1.0,0.0,1.05,1,7210,0.02064896755162242,0.02064896755162242,0.9528795811518325,0.9667994687915007,0.9314902855081426,0.9494672556286674,False,0.0,
3,base_plus_prototype,1.0,0.0,1.1,1,7210,0.02064896755162242,0.02064896755162242,0.9523560209424083,0.9665249734325186,0.9301297412904556,0.9486782543070902,False,0.0,
3,base_plus_prototype,1.0,0.0,1.15,1,7210,0.02064896755162242,0.02064896755162242,0.9518324607329843,0.9662503321817699,0.9287691970727685,0.9478644025501877,False,0.0,
3,base_plus_prototype,1.0,0.0,1.2000000000000002,1,7210,0.02064896755162242,0.02064896755162242,0.9518324607329843,0.9662503321817699,0.9287691970727685,0.9478644025501877,False,0.0,
3,base_plus_prototype,1.0,0.0,1.25,1,7210,0.02064896755162242,0.02064896755162242,0.9518324607329843,0.9662503321817699,0.9287691970727685,0.9478644025501877,False,0.0,
3,base_plus_prototype,1.0,0.0,1.3,1,7210,0.02064896755162242,0.02064896755162242,0.9518324607329843,0.9662503321817699,0.9287691970727685,0.9478644025501877,False,0.0,
3,base_plus_prototype,2.0,0.0,0.5,1,7210,0.02064896755162242,0.02064896755162242,0.9531413612565445,0.966936661797902,0.9321705576169861,0.9498527903653472,False,0.0,
3,base_plus_prototype,2.0,0.0,0.55,1,7210,0.02064896755162242,0.02064896755162242,0.9531413612565445,0.966936661797902,0.9321705576169861,0.9498527903653472,False,0.0,
3,base_plus_prototype,2.0,0.0,0.6,1,7210,0.02064896755162242,0.02064896755162242,0.9531413612565445,0.966936661797902,0.9321705576169861,0.9498527903653472,False,0.0,
3,base_plus_prototype,2.0,0.0,0.65,1,7210,0.02064896755162242,0.02064896755162242,0.9531413612565445,0.966936661797902,0.9321705576169861,0.9498527903653472,False,0.0,
3,base_plus_prototype,2.0,0.0,0.7,1,7210,0.02064896755162242,0.02064896755162242,0.9531413612565445,0.966936661797902,0.9321705576169861,0.9498527903653472,False,0.0,
3,base_plus_prototype,2.0,0.0,0.75,1,7210,0.02064896755162242,0.02064896755162242,0.9531413612565445,0.966936661797902,0.9321705576169861,0.9498527903653472,False,0.0,
3,base_plus_prototype,2.0,0.0,0.8,1,7210,0.02064896755162242,0.02064896755162242,0.9531413612565445,0.966936661797902,0.9321705576169861,0.9498527903653472,False,0.0,
3,base_plus_prototype,2.0,0.0,0.8500000000000001,1,7210,0.02064896755162242,0.02064896755162242,0.9531413612565445,0.966936661797902,0.9321705576169861,0.9498527903653472,False,0.0,
3,base_plus_prototype,2.0,0.0,0.9,1,7210,0.02064896755162242,0.02064896755162242,0.9531413612565445,0.966936661797902,0.9321705576169861,0.9498527903653472,False,0.0,
3,base_plus_prototype,2.0,0.0,0.95,1,7210,0.02064896755162242,0.02064896755162242,0.9531413612565445,0.966936661797902,0.9321705576169861,0.9498527903653472,False,0.0,
3,base_plus_prototype,2.0,0.0,1.0,1,7210,0.02064896755162242,0.02064896755162242,0.9531413612565445,0.966936661797902,0.9321705576169861,0.9498527903653472,False,0.0,
3,base_plus_prototype,2.0,0.0,1.05,1,7210,0.02064896755162242,0.02064896755162242,0.9531413612565445,0.966936661797902,0.9321705576169861,0.9498527903653472,False,0.0,
3,base_plus_prototype,2.0,0.0,1.1,1,7210,0.02064896755162242,0.02064896755162242,0.9531413612565445,0.966936661797902,0.9321705576169861,0.9498527903653472,False,0.0,
3,base_plus_prototype,2.0,0.0,1.15,1,7210,0.02064896755162242,0.02064896755162242,0.9531413612565445,0.966936661797902,0.9321705576169861,0.9498527903653472,False,0.0,
3,base_plus_prototype,2.0,0.0,1.2000000000000002,1,7210,0.02064896755162242,0.02064896755162242,0.9531413612565445,0.966936661797902,0.9321705576169861,0.9498527903653472,False,0.0,
3,base_plus_prototype,2.0,0.0,1.25,1,7210,0.02064896755162242,0.02064896755162242,0.9531413612565445,0.966936661797902,0.9321705576169861,0.9498527903653472,False,0.0,
3,base_plus_prototype,2.0,0.0,1.3,1,7210,0.02064896755162242,0.02064896755162242,0.9531413612565445,0.966936661797902,0.9321705576169861,0.9498527903653472,False,0.0,
3,prototype_only,0.0,0.0,0.55,3,7210,0.02064896755162242,0.02064896755162242,0.9518324607329843,0.9662503321817699,0.9287691970727685,0.9478644025501877,False,0.0,
3,prototype_only,0.0,0.0,0.6000000000000001,3,7210,0.02064896755162242,0.02064896755162242,0.9518324607329843,0.9662503321817699,0.9287691970727685,0.9478644025501877,False,0.0,
3,prototype_only,0.0,0.0,0.65,3,7210,0.02064896755162242,0.02064896755162242,0.9518324607329843,0.9662503321817699,0.9287691970727685,0.9478644025501877,False,0.0,
3,prototype_only,0.0,0.0,0.7,3,7210,0.02064896755162242,0.02064896755162242,0.9502617801047121,0.9654255319148937,0.9230549113584827,0.9444851679468252,False,0.0,
3,prototype_only,0.0,0.0,0.75,3,7210,0.02064896755162242,0.02064896755162242,0.9481675392670157,0.9643237486687966,0.9195917078952794,0.9426882227536537,False,0.0,
3,prototype_only,0.0,0.0,0.8,3,7210,0.02064896755162242,0.02064896755162242,0.9481675392670157,0.9643237486687966,0.9195917078952794,0.9426882227536537,False,0.0,
3,prototype_only,0.0,0.0,0.85,3,7210,0.02064896755162242,0.02064896755162242,0.9476439790575916,0.9640479360852198,0.9182311636775923,0.9418483277405304,False,0.0,
3,prototype_only,0.0,0.0,0.8999999999999999,3,7210,0.02064896755162242,0.020353982300884955,0.9429319371727749,0.9616873581631291,0.9120674860853433,0.9379871216226681,False,-0.0002949852507374631,
3,prototype_only,0.0,0.0,0.95,3,7210,0.02064896755162242,0.0058997050147492625,0.9282722513089006,0.9601949634443542,0.8913623479694909,0.9330610889926745,True,-0.014749262536873156,
3,base_plus_prototype,0.25,0.0,0.5,3,7210,0.02064896755162242,0.02064896755162242,0.9531413612565445,0.966936661797902,0.9321705576169861,0.9498527903653472,False,0.0,
3,base_plus_prototype,0.25,0.0,0.55,3,7210,0.02064896755162242,0.02064896755162242,0.9531413612565445,0.966936661797902,0.9321705576169861,0.9498527903653472,False,0.0,
3,base_plus_prototype,0.25,0.0,0.6,3,7210,0.02064896755162242,0.02064896755162242,0.9531413612565445,0.966936661797902,0.9321705576169861,0.9498527903653472,False,0.0,
3,base_plus_prototype,0.25,0.0,0.65,3,7210,0.02064896755162242,0.02064896755162242,0.9531413612565445,0.966936661797902,0.9321705576169861,0.9498527903653472,False,0.0,
3,base_plus_prototype,0.25,0.0,0.7,3,7210,0.02064896755162242,0.02064896755162242,0.9531413612565445,0.966936661797902,0.9321705576169861,0.9498527903653472,False,0.0,
3,base_plus_prototype,0.25,0.0,0.75,3,7210,0.02064896755162242,0.02064896755162242,0.9531413612565445,0.966936661797902,0.9321705576169861,0.9498527903653472,False,0.0,
3,base_plus_prototype,0.25,0.0,0.8,3,7210,0.02064896755162242,0.02064896755162242,0.9518324607329843,0.9662503321817699,0.9287691970727685,0.9478644025501877,False,0.0,
3,base_plus_prototype,0.25,0.0,0.8500000000000001,3,7210,0.02064896755162242,0.02064896755162242,0.9518324607329843,0.9662503321817699,0.9287691970727685,0.9478644025501877,False,0.0,
3,base_plus_prototype,0.25,0.0,0.9,3,7210,0.02064896755162242,0.02064896755162242,0.9518324607329843,0.9662503321817699,0.9287691970727685,0.9478644025501877,False,0.0,
3,base_plus_prototype,0.25,0.0,0.95,3,7210,0.02064896755162242,0.02064896755162242,0.9518324607329843,0.9662503321817699,0.9287691970727685,0.9478644025501877,False,0.0,
3,base_plus_prototype,0.25,0.0,1.0,3,7210,0.02064896755162242,0.02064896755162242,0.7020942408376963,0.8161898965307365,0.7047768930804645,0.9422720205439595,False,0.0,
3,base_plus_prototype,0.25,0.0,1.05,3,7210,0.02064896755162242,0.02064896755162242,0.7,0.8147471054235222,0.701313689617261,0.9399135299779218,False,0.0,
3,base_plus_prototype,0.25,0.0,1.1,3,7210,0.02064896755162242,0.008849557522123894,0.48350785340314134,0.6484114446199755,0.4287153851439566,0.9354643235426241,True,-0.011799410029498525,
3,base_plus_prototype,0.25,0.0,1.15,3,7210,0.02064896755162242,0.0029498525073746312,0.24581151832460732,0.39379324806039,0.20149144506287361,0.9026351634692776,True,-0.017699115044247787,
3,base_plus_prototype,0.25,0.0,1.2000000000000002,3,7210,0.02064896755162242,0.0,0.0,,0.0,,True,-0.02064896755162242,
3,base_plus_prototype,0.25,0.0,1.25,3,7210,0.02064896755162242,0.0,0.0,,0.0,,True,-0.02064896755162242,
3,base_plus_prototype,0.25,0.0,1.3,3,7210,0.02064896755162242,0.0,0.0,,0.0,,True,-0.02064896755162242,
3,base_plus_prototype,0.5,0.0,0.5,3,7210,0.02064896755162242,0.02064896755162242,0.9531413612565445,0.966936661797902,0.9321705576169861,0.9498527903653472,False,0.0,
3,base_plus_prototype,0.5,0.0,0.55,3,7210,0.02064896755162242,0.02064896755162242,0.9531413612565445,0.966936661797902,0.9321705576169861,0.9498527903653472,False,0.0,
3,base_plus_prototype,0.5,0.0,0.6,3,7210,0.02064896755162242,0.02064896755162242,0.9531413612565445,0.966936661797902,0.9321705576169861,0.9498527903653472,False,0.0,
3,base_plus_prototype,0.5,0.0,0.65,3,7210,0.02064896755162242,0.02064896755162242,0.9531413612565445,0.966936661797902,0.9321705576169861,0.9498527903653472,False,0.0,
3,base_plus_prototype,0.5,0.0,0.7,3,7210,0.02064896755162242,0.02064896755162242,0.9531413612565445,0.966936661797902,0.9321705576169861,0.9498527903653472,False,0.0,
3,base_plus_prototype,0.5,0.0,0.75,3,7210,0.02064896755162242,0.02064896755162242,0.9531413612565445,0.966936661797902,0.9321705576169861,0.9498527903653472,False,0.0,
3,base_plus_prototype,0.5,0.0,0.8,3,7210,0.02064896755162242,0.02064896755162242,0.9531413612565445,0.966936661797902,0.9321705576169861,0.9498527903653472,False,0.0,
3,base_plus_prototype,0.5,0.0,0.8500000000000001,3,7210,0.02064896755162242,0.02064896755162242,0.9531413612565445,0.966936661797902,0.9321705576169861,0.9498527903653472,False,0.0,
3,base_plus_prototype,0.5,0.0,0.9,3,7210,0.02064896755162242,0.02064896755162242,0.9520942408376963,0.9663876710508835,0.929449469181612,0.9482745075370642,False,0.0,
3,base_plus_prototype,0.5,0.0,0.95,3,7210,0.02064896755162242,0.02064896755162242,0.9518324607329843,0.9662503321817699,0.9287691970727685,0.9478644025501877,False,0.0,
3,base_plus_prototype,0.5,0.0,1.0,3,7210,0.02064896755162242,0.02064896755162242,0.9518324607329843,0.9662503321817699,0.9287691970727685,0.9478644025501877,False,0.0,
3,base_plus_prototype,0.5,0.0,1.05,3,7210,0.02064896755162242,0.02064896755162242,0.9518324607329843,0.9662503321817699,0.9287691970727685,0.9478644025501877,False,0.0,
3,base_plus_prototype,0.5,0.0,1.1,3,7210,0.02064896755162242,0.02064896755162242,0.9518324607329843,0.9662503321817699,0.9287691970727685,0.9478644025501877,False,0.0,
3,base_plus_prototype,0.5,0.0,1.15,3,7210,0.02064896755162242,0.02064896755162242,0.9502617801047121,0.9654255319148937,0.9230549113584827,0.9444851679468252,False,0.0,
3,base_plus_prototype,0.5,0.0,1.2000000000000002,3,7210,0.02064896755162242,0.02064896755162242,0.9502617801047121,0.9654255319148937,0.9230549113584827,0.9444851679468252,False,0.0,
3,base_plus_prototype,0.5,0.0,1.25,3,7210,0.02064896755162242,0.02064896755162242,0.7,0.8147471054235222,0.701313689617261,0.9399135299779218,False,0.0,
3,base_plus_prototype,0.5,0.0,1.3,3,7210,0.02064896755162242,0.02064896755162242,0.6955497382198953,0.8116694669314191,0.6995505222290936,0.93865516112534,False,0.0,
3,base_plus_prototype,1.0,0.0,0.5,3,7210,0.02064896755162242,0.02064896755162242,0.9531413612565445,0.966936661797902,0.9321705576169861,0.9498527903653472,False,0.0,
3,base_plus_prototype,1.0,0.0,0.55,3,7210,0.02064896755162242,0.02064896755162242,0.9531413612565445,0.966936661797902,0.9321705576169861,0.9498527903653472,False,0.0,
3,base_plus_prototype,1.0,0.0,0.6,3,7210,0.02064896755162242,0.02064896755162242,0.9531413612565445,0.966936661797902,0.9321705576169861,0.9498527903653472,False,0.0,
3,base_plus_prototype,1.0,0.0,0.65,3,7210,0.02064896755162242,0.02064896755162242,0.9531413612565445,0.966936661797902,0.9321705576169861,0.9498527903653472,False,0.0,
3,base_plus_prototype,1.0,0.0,0.7,3,7210,0.02064896755162242,0.02064896755162242,0.9531413612565445,0.966936661797902,0.9321705576169861,0.9498527903653472,False,0.0,
3,base_plus_prototype,1.0,0.0,0.75,3,7210,0.02064896755162242,0.02064896755162242,0.9531413612565445,0.966936661797902,0.9321705576169861,0.9498527903653472,False,0.0,
3,base_plus_prototype,1.0,0.0,0.8,3,7210,0.02064896755162242,0.02064896755162242,0.9531413612565445,0.966936661797902,0.9321705576169861,0.9498527903653472,False,0.0,
3,base_plus_prototype,1.0,0.0,0.8500000000000001,3,7210,0.02064896755162242,0.02064896755162242,0.9531413612565445,0.966936661797902,0.9321705576169861,0.9498527903653472,False,0.0,
3,base_plus_prototype,1.0,0.0,0.9,3,7210,0.02064896755162242,0.02064896755162242,0.9531413612565445,0.966936661797902,0.9321705576169861,0.9498527903653472,False,0.0,
3,base_plus_prototype,1.0,0.0,0.95,3,7210,0.02064896755162242,0.02064896755162242,0.9531413612565445,0.966936661797902,0.9321705576169861,0.9498527903653472,False,0.0,
3,base_plus_prototype,1.0,0.0,1.0,3,7210,0.02064896755162242,0.02064896755162242,0.9531413612565445,0.966936661797902,0.9321705576169861,0.9498527903653472,False,0.0,
3,base_plus_prototype,1.0,0.0,1.05,3,7210,0.02064896755162242,0.02064896755162242,0.9528795811518325,0.9667994687915007,0.9314902855081426,0.9494672556286674,False,0.0,
3,base_plus_prototype,1.0,0.0,1.1,3,7210,0.02064896755162242,0.02064896755162242,0.9523560209424083,0.9665249734325186,0.9301297412904556,0.9486782543070902,False,0.0,
3,base_plus_prototype,1.0,0.0,1.15,3,7210,0.02064896755162242,0.02064896755162242,0.9518324607329843,0.9662503321817699,0.9287691970727685,0.9478644025501877,False,0.0,
3,base_plus_prototype,1.0,0.0,1.2000000000000002,3,7210,0.02064896755162242,0.02064896755162242,0.9518324607329843,0.9662503321817699,0.9287691970727685,0.9478644025501877,False,0.0,
3,base_plus_prototype,1.0,0.0,1.25,3,7210,0.02064896755162242,0.02064896755162242,0.9518324607329843,0.9662503321817699,0.9287691970727685,0.9478644025501877,False,0.0,
3,base_plus_prototype,1.0,0.0,1.3,3,7210,0.02064896755162242,0.02064896755162242,0.9518324607329843,0.9662503321817699,0.9287691970727685,0.9478644025501877,False,0.0,
3,base_plus_prototype,2.0,0.0,0.5,3,7210,0.02064896755162242,0.02064896755162242,0.9531413612565445,0.966936661797902,0.9321705576169861,0.9498527903653472,False,0.0,
3,base_plus_prototype,2.0,0.0,0.55,3,7210,0.02064896755162242,0.02064896755162242,0.9531413612565445,0.966936661797902,0.9321705576169861,0.9498527903653472,False,0.0,
3,base_plus_prototype,2.0,0.0,0.6,3,7210,0.02064896755162242,0.02064896755162242,0.9531413612565445,0.966936661797902,0.9321705576169861,0.9498527903653472,False,0.0,
3,base_plus_prototype,2.0,0.0,0.65,3,7210,0.02064896755162242,0.02064896755162242,0.9531413612565445,0.966936661797902,0.9321705576169861,0.9498527903653472,False,0.0,
3,base_plus_prototype,2.0,0.0,0.7,3,7210,0.02064896755162242,0.02064896755162242,0.9531413612565445,0.966936661797902,0.9321705576169861,0.9498527903653472,False,0.0,
3,base_plus_prototype,2.0,0.0,0.75,3,7210,0.02064896755162242,0.02064896755162242,0.9531413612565445,0.966936661797902,0.9321705576169861,0.9498527903653472,False,0.0,
3,base_plus_prototype,2.0,0.0,0.8,3,7210,0.02064896755162242,0.02064896755162242,0.9531413612565445,0.966936661797902,0.9321705576169861,0.9498527903653472,False,0.0,
3,base_plus_prototype,2.0,0.0,0.8500000000000001,3,7210,0.02064896755162242,0.02064896755162242,0.9531413612565445,0.966936661797902,0.9321705576169861,0.9498527903653472,False,0.0,
3,base_plus_prototype,2.0,0.0,0.9,3,7210,0.02064896755162242,0.02064896755162242,0.9531413612565445,0.966936661797902,0.9321705576169861,0.9498527903653472,False,0.0,
3,base_plus_prototype,2.0,0.0,0.95,3,7210,0.02064896755162242,0.02064896755162242,0.9531413612565445,0.966936661797902,0.9321705576169861,0.9498527903653472,False,0.0,
3,base_plus_prototype,2.0,0.0,1.0,3,7210,0.02064896755162242,0.02064896755162242,0.9531413612565445,0.966936661797902,0.9321705576169861,0.9498527903653472,False,0.0,
3,base_plus_prototype,2.0,0.0,1.05,3,7210,0.02064896755162242,0.02064896755162242,0.9531413612565445,0.966936661797902,0.9321705576169861,0.9498527903653472,False,0.0,
3,base_plus_prototype,2.0,0.0,1.1,3,7210,0.02064896755162242,0.02064896755162242,0.9531413612565445,0.966936661797902,0.9321705576169861,0.9498527903653472,False,0.0,
3,base_plus_prototype,2.0,0.0,1.15,3,7210,0.02064896755162242,0.02064896755162242,0.9531413612565445,0.966936661797902,0.9321705576169861,0.9498527903653472,False,0.0,
3,base_plus_prototype,2.0,0.0,1.2000000000000002,3,7210,0.02064896755162242,0.02064896755162242,0.9531413612565445,0.966936661797902,0.9321705576169861,0.9498527903653472,False,0.0,
3,base_plus_prototype,2.0,0.0,1.25,3,7210,0.02064896755162242,0.02064896755162242,0.9531413612565445,0.966936661797902,0.9321705576169861,0.9498527903653472,False,0.0,
3,base_plus_prototype,2.0,0.0,1.3,3,7210,0.02064896755162242,0.02064896755162242,0.9531413612565445,0.966936661797902,0.9321705576169861,0.9498527903653472,False,0.0,
4,prototype_only,0.0,0.0,0.55,1,7280,0.017241379310344827,0.020114942528735632,0.9528947368421052,0.9667601121345616,0.9319699722791828,0.94690052311501,False,0.0028735632183908046,
4,prototype_only,0.0,0.0,0.6000000000000001,1,7280,0.017241379310344827,0.020114942528735632,0.9526315789473684,0.9666221628838452,0.9318942147034253,0.9468622101842799,False,0.0028735632183908046,
4,prototype_only,0.0,0.0,0.65,1,7280,0.017241379310344827,0.020114942528735632,0.9526315789473684,0.9666221628838452,0.9318942147034253,0.9468622101842799,False,0.0028735632183908046,
4,prototype_only,0.0,0.0,0.7,1,7280,0.017241379310344827,0.020114942528735632,0.9526315789473684,0.9666221628838452,0.9318942147034253,0.9468622101842799,False,0.0028735632183908046,
4,prototype_only,0.0,0.0,0.75,1,7280,0.017241379310344827,0.020114942528735632,0.9526315789473684,0.9666221628838452,0.9318942147034253,0.9468622101842799,False,0.0028735632183908046,
4,prototype_only,0.0,0.0,0.8,1,7280,0.017241379310344827,0.020114942528735632,0.9513157894736842,0.9659318637274549,0.9291164369256475,0.9452955760107665,False,0.0028735632183908046,
4,prototype_only,0.0,0.0,0.85,1,7280,0.017241379310344827,0.020114942528735632,0.9489473684210527,0.9646869983948635,0.9255558308650415,0.94317188044317,False,0.0028735632183908046,
4,prototype_only,0.0,0.0,0.8999999999999999,1,7280,0.017241379310344827,0.020114942528735632,0.9415789473684211,0.9607948442534908,0.9165521094402674,0.9376645161392771,False,0.0028735632183908046,
4,prototype_only,0.0,0.0,0.95,1,7280,0.017241379310344827,0.011206896551724138,0.9139473684210526,0.949945295404814,0.8908024701906282,0.9284929726647343,True,-0.00603448275862069,prototype_personalization
4,base_plus_prototype,0.25,0.0,0.5,1,7280,0.017241379310344827,0.02586206896551724,0.9547368421052631,0.9651503059324288,0.9325002753094859,0.9417334414201033,False,0.008620689655172414,
4,base_plus_prototype,0.25,0.0,0.55,1,7280,0.017241379310344827,0.02586206896551724,0.9547368421052631,0.9651503059324288,0.9325002753094859,0.9417334414201033,False,0.008620689655172414,
4,base_plus_prototype,0.25,0.0,0.6,1,7280,0.017241379310344827,0.02586206896551724,0.9547368421052631,0.9651503059324288,0.9325002753094859,0.9417334414201033,False,0.008620689655172414,
4,base_plus_prototype,0.25,0.0,0.65,1,7280,0.017241379310344827,0.02586206896551724,0.9547368421052631,0.9651503059324288,0.9325002753094859,0.9417334414201033,False,0.008620689655172414,
4,base_plus_prototype,0.25,0.0,0.7,1,7280,0.017241379310344827,0.025574712643678162,0.9547368421052631,0.9652787016096847,0.9325002753094859,0.9419736483676273,False,0.008333333333333335,
4,base_plus_prototype,0.25,0.0,0.75,1,7280,0.017241379310344827,0.020114942528735632,0.9547368421052631,0.9677247265937583,0.9325002753094859,0.9471670882330605,False,0.0028735632183908046,
4,base_plus_prototype,0.25,0.0,0.8,1,7280,0.017241379310344827,0.020114942528735632,0.9536842105263158,0.967173738991193,0.9321972450064555,0.9470151125491698,False,0.0028735632183908046,
4,base_plus_prototype,0.25,0.0,0.8500000000000001,1,7280,0.017241379310344827,0.020114942528735632,0.9526315789473684,0.9666221628838452,0.9318942147034253,0.9468622101842799,False,0.0028735632183908046,
4,base_plus_prototype,0.25,0.0,0.9,1,7280,0.017241379310344827,0.020114942528735632,0.9526315789473684,0.9666221628838452,0.9318942147034253,0.9468622101842799,False,0.0028735632183908046,
4,base_plus_prototype,0.25,0.0,0.95,1,7280,0.017241379310344827,0.020114942528735632,0.9510526315789474,0.965793693212186,0.9285608813700919,0.9449709241097493,False,0.0028735632183908046,
4,base_plus_prototype,0.25,0.0,1.0,1,7280,0.017241379310344827,0.020114942528735632,0.9465789473684211,0.963439132181599,0.9212450918964077,0.9406544571410504,False,0.0028735632183908046,
4,base_plus_prototype,0.25,0.0,1.05,1,7280,0.017241379310344827,0.014367816091954023,0.9134210526315789,0.948231115967764,0.8731506892230577,0.9162197894657071,True,-0.0028735632183908046,
4,base_plus_prototype,0.25,0.0,1.1,1,7280,0.017241379310344827,0.0,0.24578947368421053,0.3945923109421208,0.22282828282828282,0.93187414500684,True,-0.017241379310344827,
4,base_plus_prototype,0.25,0.0,1.15,1,7280,0.017241379310344827,0.0,0.0,,0.0,,True,-0.017241379310344827,
4,base_plus_prototype,0.25,0.0,1.2000000000000002,1,7280,0.017241379310344827,0.0,0.0,,0.0,,True,-0.017241379310344827,
4,base_plus_prototype,0.25,0.0,1.25,1,7280,0.017241379310344827,0.0,0.0,,0.0,,True,-0.017241379310344827,
4,base_plus_prototype,0.25,0.0,1.3,1,7280,0.017241379310344827,0.0,0.0,,0.0,,True,-0.017241379310344827,
4,base_plus_prototype,0.5,0.0,0.5,1,7280,0.017241379310344827,0.02586206896551724,0.9547368421052631,0.9651503059324288,0.9325002753094859,0.9417334414201033,False,0.008620689655172414,
4,base_plus_prototype,0.5,0.0,0.55,1,7280,0.017241379310344827,0.02586206896551724,0.9547368421052631,0.9651503059324288,0.9325002753094859,0.9417334414201033,False,0.008620689655172414,
4,base_plus_prototype,0.5,0.0,0.6,1,7280,0.017241379310344827,0.02586206896551724,0.9547368421052631,0.9651503059324288,0.9325002753094859,0.9417334414201033,False,0.008620689655172414,
4,base_plus_prototype,0.5,0.0,0.65,1,7280,0.017241379310344827,0.02586206896551724,0.9547368421052631,0.9651503059324288,0.9325002753094859,0.9417334414201033,False,0.008620689655172414,
4,base_plus_prototype,0.5,0.0,0.7,1,7280,0.017241379310344827,0.02586206896551724,0.9547368421052631,0.9651503059324288,0.9325002753094859,0.9417334414201033,False,0.008620689655172414,
4,base_plus_prototype,0.5,0.0,0.75,1,7280,0.017241379310344827,0.02586206896551724,0.9547368421052631,0.9651503059324288,0.9325002753094859,0.9417334414201033,False,0.008620689655172414,
4,base_plus_prototype,0.5,0.0,0.8,1,7280,0.017241379310344827,0.02471264367816092,0.9547368421052631,0.9656640936917754,0.9325002753094859,0.9427121728336173,False,0.007471264367816092,
4,base_plus_prototype,0.5,0.0,0.8500000000000001,1,7280,0.017241379310344827,0.020689655172413793,0.9547368421052631,0.9674666666666667,0.9325002753094859,0.9465571891009938,False,0.0034482758620689655,
4,base_plus_prototype,0.5,0.0,0.9,1,7280,0.017241379310344827,0.020114942528735632,0.9547368421052631,0.9677247265937583,0.9325002753094859,0.9471670882330605,False,0.0028735632183908046,
4,base_plus_prototype,0.5,0.0,0.95,1,7280,0.017241379310344827,0.020114942528735632,0.9528947368421052,0.9667601121345616,0.9319699722791828,0.94690052311501,False,0.0028735632183908046,
4,base_plus_prototype,0.5,0.0,1.0,1,7280,0.017241379310344827,0.020114942528735632,0.9526315789473684,0.9666221628838452,0.9318942147034253,0.9468622101842799,False,0.0028735632183908046,
4,base_plus_prototype,0.5,0.0,1.05,1,7280,0.017241379310344827,0.020114942528735632,0.9526315789473684,0.9666221628838452,0.9318942147034253,0.9468622101842799,False,0.0028735632183908046,
4,base_plus_prototype,0.5,0.0,1.1,1,7280,0.017241379310344827,0.020114942528735632,0.9526315789473684,0.9666221628838452,0.9318942147034253,0.9468622101842799,False,0.0028735632183908046,
4,base_plus_prototype,0.5,0.0,1.15,1,7280,0.017241379310344827,0.020114942528735632,0.9513157894736842,0.9659318637274549,0.9291164369256475,0.9452955760107665,False,0.0028735632183908046,
4,base_plus_prototype,0.5,0.0,1.2000000000000002,1,7280,0.017241379310344827,0.020114942528735632,0.9494736842105264,0.9649638940893288,0.9252275480367584,0.9429377915796288,False,0.0028735632183908046,
4,base_plus_prototype,0.5,0.0,1.25,1,7280,0.017241379310344827,0.020114942528735632,0.9397368421052632,0.9598172288670878,0.9106206520088099,0.934436244981209,False,0.0028735632183908046,
4,base_plus_prototype,0.5,0.0,1.3,1,7280,0.017241379310344827,0.010344827586206896,0.8868421052631579,0.935331668054399,0.839990100801858,0.8937856968413633,True,-0.006896551724137931,
4,base_plus_prototype,1.0,0.0,0.5,1,7280,0.017241379310344827,0.02586206896551724,0.9547368421052631,0.9651503059324288,0.9325002753094859,0.9417334414201033,False,0.008620689655172414,
4,base_plus_prototype,1.0,0.0,0.55,1,7280,0.017241379310344827,0.02586206896551724,0.9547368421052631,0.9651503059324288,0.9325002753094859,0.9417334414201033,False,0.008620689655172414,
4,base_plus_prototype,1.0,0.0,0.6,1,7280,0.017241379310344827,0.02586206896551724,0.9547368421052631,0.9651503059324288,0.9325002753094859,0.9417334414201033,False,0.008620689655172414,
4,base_plus_prototype,1.0,0.0,0.65,1,7280,0.017241379310344827,0.02586206896551724,0.9547368421052631,0.9651503059324288,0.9325002753094859,0.9417334414201033,False,0.008620689655172414,
4,base_plus_prototype,1.0,0.0,0.7,1,7280,0.017241379310344827,0.02586206896551724,0.9547368421052631,0.9651503059324288,0.9325002753094859,0.9417334414201033,False,0.008620689655172414,
4,base_plus_prototype,1.0,0.0,0.75,1,7280,0.017241379310344827,0.02586206896551724,0.9547368421052631,0.9651503059324288,0.9325002753094859,0.9417334414201033,False,0.008620689655172414,
4,base_plus_prototype,1.0,0.0,0.8,1,7280,0.017241379310344827,0.02586206896551724,0.9547368421052631,0.9651503059324288,0.9325002753094859,0.9417334414201033,False,0.008620689655172414,
4,base_plus_prototype,1.0,0.0,0.8500000000000001,1,7280,0.017241379310344827,0.02586206896551724,0.9547368421052631,0.9651503059324288,0.9325002753094859,0.9417334414201033,False,0.008620689655172414,
4,base_plus_prototype,1.0,0.0,0.9,1,7280,0.017241379310344827,0.02586206896551724,0.9547368421052631,0.9651503059324288,0.9325002753094859,0.9417334414201033,False,0.008620689655172414,
4,base_plus_prototype,1.0,0.0,0.95,1,7280,0.017241379310344827,0.02586206896551724,0.9547368421052631,0.9651503059324288,0.9325002753094859,0.9417334414201033,False,0.008620689655172414,
4,base_plus_prototype,1.0,0.0,1.0,1,7280,0.017241379310344827,0.02413793103448276,0.9547368421052631,0.9659211927582535,0.9325002753094859,0.9432200051708179,False,0.006896551724137931,
4,base_plus_prototype,1.0,0.0,1.05,1,7280,0.017241379310344827,0.021551724137931036,0.9547368421052631,0.9670798347327736,0.9325002753094859,0.9456728353594972,False,0.004310344827586209,
4,base_plus_prototype,1.0,0.0,1.1,1,7280,0.017241379310344827,0.020689655172413793,0.9547368421052631,0.9674666666666667,0.9325002753094859,0.9465571891009938,False,0.0034482758620689655,
4,base_plus_prototype,1.0,0.0,1.15,1,7280,0.017241379310344827,0.020402298850574714,0.9539473684210527,0.9671824973319103,0.9322730025822132,0.9467461547549684,False,0.0031609195402298867,
4,base_plus_prototype,1.0,0.0,1.2000000000000002,1,7280,0.017241379310344827,0.020114942528735632,0.9528947368421052,0.9667601121345616,0.9319699722791828,0.94690052311501,False,0.0028735632183908046,
4,base_plus_prototype,1.0,0.0,1.25,1,7280,0.017241379310344827,0.020114942528735632,0.9526315789473684,0.9666221628838452,0.9318942147034253,0.9468622101842799,False,0.0028735632183908046,
4,base_plus_prototype,1.0,0.0,1.3,1,7280,0.017241379310344827,0.020114942528735632,0.9526315789473684,0.9666221628838452,0.9318942147034253,0.9468622101842799,False,0.0028735632183908046,
4,base_plus_prototype,2.0,0.0,0.5,1,7280,0.017241379310344827,0.02586206896551724,0.9547368421052631,0.9651503059324288,0.9325002753094859,0.9417334414201033,False,0.008620689655172414,
4,base_plus_prototype,2.0,0.0,0.55,1,7280,0.017241379310344827,0.02586206896551724,0.9547368421052631,0.9651503059324288,0.9325002753094859,0.9417334414201033,False,0.008620689655172414,
4,base_plus_prototype,2.0,0.0,0.6,1,7280,0.017241379310344827,0.02586206896551724,0.9547368421052631,0.9651503059324288,0.9325002753094859,0.9417334414201033,False,0.008620689655172414,
4,base_plus_prototype,2.0,0.0,0.65,1,7280,0.017241379310344827,0.02586206896551724,0.9547368421052631,0.9651503059324288,0.9325002753094859,0.9417334414201033,False,0.008620689655172414,
4,base_plus_prototype,2.0,0.0,0.7,1,7280,0.017241379310344827,0.02586206896551724,0.9547368421052631,0.9651503059324288,0.9325002753094859,0.9417334414201033,False,0.008620689655172414,
4,base_plus_prototype,2.0,0.0,0.75,1,7280,0.017241379310344827,0.02586206896551724,0.9547368421052631,0.9651503059324288,0.9325002753094859,0.9417334414201033,False,0.008620689655172414,
4,base_plus_prototype,2.0,0.0,0.8,1,7280,0.017241379310344827,0.02586206896551724,0.9547368421052631,0.9651503059324288,0.9325002753094859,0.9417334414201033,False,0.008620689655172414,
4,base_plus_prototype,2.0,0.0,0.8500000000000001,1,7280,0.017241379310344827,0.02586206896551724,0.9547368421052631,0.9651503059324288,0.9325002753094859,0.9417334414201033,False,0.008620689655172414,
4,base_plus_prototype,2.0,0.0,0.9,1,7280,0.017241379310344827,0.02586206896551724,0.9547368421052631,0.9651503059324288,0.9325002753094859,0.9417334414201033,False,0.008620689655172414,
4,base_plus_prototype,2.0,0.0,0.95,1,7280,0.017241379310344827,0.02586206896551724,0.9547368421052631,0.9651503059324288,0.9325002753094859,0.9417334414201033,False,0.008620689655172414,
4,base_plus_prototype,2.0,0.0,1.0,1,7280,0.017241379310344827,0.02586206896551724,0.9547368421052631,0.9651503059324288,0.9325002753094859,0.9417334414201033,False,0.008620689655172414,
4,base_plus_prototype,2.0,0.0,1.05,1,7280,0.017241379310344827,0.02586206896551724,0.9547368421052631,0.9651503059324288,0.9325002753094859,0.9417334414201033,False,0.008620689655172414,
4,base_plus_prototype,2.0,0.0,1.1,1,7280,0.017241379310344827,0.02586206896551724,0.9547368421052631,0.9651503059324288,0.9325002753094859,0.9417334414201033,False,0.008620689655172414,
4,base_plus_prototype,2.0,0.0,1.15,1,7280,0.017241379310344827,0.02586206896551724,0.9547368421052631,0.9651503059324288,0.9325002753094859,0.9417334414201033,False,0.008620689655172414,
4,base_plus_prototype,2.0,0.0,1.2000000000000002,1,7280,0.017241379310344827,0.02586206896551724,0.9547368421052631,0.9651503059324288,0.9325002753094859,0.9417334414201033,False,0.008620689655172414,
4,base_plus_prototype,2.0,0.0,1.25,1,7280,0.017241379310344827,0.02586206896551724,0.9547368421052631,0.9651503059324288,0.9325002753094859,0.9417334414201033,False,0.008620689655172414,
4,base_plus_prototype,2.0,0.0,1.3,1,7280,0.017241379310344827,0.02586206896551724,0.9547368421052631,0.9651503059324288,0.9325002753094859,0.9417334414201033,False,0.008620689655172414,
4,prototype_only,0.0,0.0,0.55,3,7280,0.017241379310344827,0.020114942528735632,0.9528947368421052,0.9667601121345616,0.9319699722791828,0.94690052311501,False,0.0028735632183908046,
4,prototype_only,0.0,0.0,0.6000000000000001,3,7280,0.017241379310344827,0.020114942528735632,0.9526315789473684,0.9666221628838452,0.9318942147034253,0.9468622101842799,False,0.0028735632183908046,
4,prototype_only,0.0,0.0,0.65,3,7280,0.017241379310344827,0.020114942528735632,0.9526315789473684,0.9666221628838452,0.9318942147034253,0.9468622101842799,False,0.0028735632183908046,
4,prototype_only,0.0,0.0,0.7,3,7280,0.017241379310344827,0.020114942528735632,0.9526315789473684,0.9666221628838452,0.9318942147034253,0.9468622101842799,False,0.0028735632183908046,
4,prototype_only,0.0,0.0,0.75,3,7280,0.017241379310344827,0.020114942528735632,0.9526315789473684,0.9666221628838452,0.9318942147034253,0.9468622101842799,False,0.0028735632183908046,
4,prototype_only,0.0,0.0,0.8,3,7280,0.017241379310344827,0.020114942528735632,0.9513157894736842,0.9659318637274549,0.9291164369256475,0.9452955760107665,False,0.0028735632183908046,
4,prototype_only,0.0,0.0,0.85,3,7280,0.017241379310344827,0.020114942528735632,0.9489473684210527,0.9646869983948635,0.9255558308650415,0.94317188044317,False,0.0028735632183908046,
4,prototype_only,0.0,0.0,0.8999999999999999,3,7280,0.017241379310344827,0.020114942528735632,0.9415789473684211,0.9607948442534908,0.9165521094402674,0.9376645161392771,False,0.0028735632183908046,
4,prototype_only,0.0,0.0,0.95,3,7280,0.017241379310344827,0.011206896551724138,0.9139473684210526,0.949945295404814,0.8908024701906282,0.9284929726647343,True,-0.00603448275862069,
4,base_plus_prototype,0.25,0.0,0.5,3,7280,0.017241379310344827,0.02586206896551724,0.9547368421052631,0.9651503059324288,0.9325002753094859,0.9417334414201033,False,0.008620689655172414,
4,base_plus_prototype,0.25,0.0,0.55,3,7280,0.017241379310344827,0.02586206896551724,0.9547368421052631,0.9651503059324288,0.9325002753094859,0.9417334414201033,False,0.008620689655172414,
4,base_plus_prototype,0.25,0.0,0.6,3,7280,0.017241379310344827,0.02586206896551724,0.9547368421052631,0.9651503059324288,0.9325002753094859,0.9417334414201033,False,0.008620689655172414,
4,base_plus_prototype,0.25,0.0,0.65,3,7280,0.017241379310344827,0.02586206896551724,0.9547368421052631,0.9651503059324288,0.9325002753094859,0.9417334414201033,False,0.008620689655172414,
4,base_plus_prototype,0.25,0.0,0.7,3,7280,0.017241379310344827,0.025574712643678162,0.9547368421052631,0.9652787016096847,0.9325002753094859,0.9419736483676273,False,0.008333333333333335,
4,base_plus_prototype,0.25,0.0,0.75,3,7280,0.017241379310344827,0.020114942528735632,0.9547368421052631,0.9677247265937583,0.9325002753094859,0.9471670882330605,False,0.0028735632183908046,
4,base_plus_prototype,0.25,0.0,0.8,3,7280,0.017241379310344827,0.020114942528735632,0.9536842105263158,0.967173738991193,0.9321972450064555,0.9470151125491698,False,0.0028735632183908046,
4,base_plus_prototype,0.25,0.0,0.8500000000000001,3,7280,0.017241379310344827,0.020114942528735632,0.9526315789473684,0.9666221628838452,0.9318942147034253,0.9468622101842799,False,0.0028735632183908046,
4,base_plus_prototype,0.25,0.0,0.9,3,7280,0.017241379310344827,0.020114942528735632,0.9526315789473684,0.9666221628838452,0.9318942147034253,0.9468622101842799,False,0.0028735632183908046,
4,base_plus_prototype,0.25,0.0,0.95,3,7280,0.017241379310344827,0.020114942528735632,0.9510526315789474,0.965793693212186,0.9285608813700919,0.9449709241097493,False,0.0028735632183908046,
4,base_plus_prototype,0.25,0.0,1.0,3,7280,0.017241379310344827,0.020114942528735632,0.9465789473684211,0.963439132181599,0.9212450918964077,0.9406544571410504,False,0.0028735632183908046,
4,base_plus_prototype,0.25,0.0,1.05,3,7280,0.017241379310344827,0.014367816091954023,0.9134210526315789,0.948231115967764,0.8731506892230577,0.9162197894657071,True,-0.0028735632183908046,
4,base_plus_prototype,0.25,0.0,1.1,3,7280,0.017241379310344827,0.0,0.24578947368421053,0.3945923109421208,0.22282828282828282,0.93187414500684,True,-0.017241379310344827,
4,base_plus_prototype,0.25,0.0,1.15,3,7280,0.017241379310344827,0.0,0.0,,0.0,,True,-0.017241379310344827,
4,base_plus_prototype,0.25,0.0,1.2000000000000002,3,7280,0.017241379310344827,0.0,0.0,,0.0,,True,-0.017241379310344827,
4,base_plus_prototype,0.25,0.0,1.25,3,7280,0.017241379310344827,0.0,0.0,,0.0,,True,-0.017241379310344827,
4,base_plus_prototype,0.25,0.0,1.3,3,7280,0.017241379310344827,0.0,0.0,,0.0,,True,-0.017241379310344827,
4,base_plus_prototype,0.5,0.0,0.5,3,7280,0.017241379310344827,0.02586206896551724,0.9547368421052631,0.9651503059324288,0.9325002753094859,0.9417334414201033,False,0.008620689655172414,
4,base_plus_prototype,0.5,0.0,0.55,3,7280,0.017241379310344827,0.02586206896551724,0.9547368421052631,0.9651503059324288,0.9325002753094859,0.9417334414201033,False,0.008620689655172414,
4,base_plus_prototype,0.5,0.0,0.6,3,7280,0.017241379310344827,0.02586206896551724,0.9547368421052631,0.9651503059324288,0.9325002753094859,0.9417334414201033,False,0.008620689655172414,
4,base_plus_prototype,0.5,0.0,0.65,3,7280,0.017241379310344827,0.02586206896551724,0.9547368421052631,0.9651503059324288,0.9325002753094859,0.9417334414201033,False,0.008620689655172414,
4,base_plus_prototype,0.5,0.0,0.7,3,7280,0.017241379310344827,0.02586206896551724,0.9547368421052631,0.9651503059324288,0.9325002753094859,0.9417334414201033,False,0.008620689655172414,
4,base_plus_prototype,0.5,0.0,0.75,3,7280,0.017241379310344827,0.02586206896551724,0.9547368421052631,0.9651503059324288,0.9325002753094859,0.9417334414201033,False,0.008620689655172414,
4,base_plus_prototype,0.5,0.0,0.8,3,7280,0.017241379310344827,0.02471264367816092,0.9547368421052631,0.9656640936917754,0.9325002753094859,0.9427121728336173,False,0.007471264367816092,
4,base_plus_prototype,0.5,0.0,0.8500000000000001,3,7280,0.017241379310344827,0.020689655172413793,0.9547368421052631,0.9674666666666667,0.9325002753094859,0.9465571891009938,False,0.0034482758620689655,
4,base_plus_prototype,0.5,0.0,0.9,3,7280,0.017241379310344827,0.020114942528735632,0.9547368421052631,0.9677247265937583,0.9325002753094859,0.9471670882330605,False,0.0028735632183908046,
4,base_plus_prototype,0.5,0.0,0.95,3,7280,0.017241379310344827,0.020114942528735632,0.9528947368421052,0.9667601121345616,0.9319699722791828,0.94690052311501,False,0.0028735632183908046,
4,base_plus_prototype,0.5,0.0,1.0,3,7280,0.017241379310344827,0.020114942528735632,0.9526315789473684,0.9666221628838452,0.9318942147034253,0.9468622101842799,False,0.0028735632183908046,
4,base_plus_prototype,0.5,0.0,1.05,3,7280,0.017241379310344827,0.020114942528735632,0.9526315789473684,0.9666221628838452,0.9318942147034253,0.9468622101842799,False,0.0028735632183908046,
4,base_plus_prototype,0.5,0.0,1.1,3,7280,0.017241379310344827,0.020114942528735632,0.9526315789473684,0.9666221628838452,0.9318942147034253,0.9468622101842799,False,0.0028735632183908046,
4,base_plus_prototype,0.5,0.0,1.15,3,7280,0.017241379310344827,0.020114942528735632,0.9513157894736842,0.9659318637274549,0.9291164369256475,0.9452955760107665,False,0.0028735632183908046,
4,base_plus_prototype,0.5,0.0,1.2000000000000002,3,7280,0.017241379310344827,0.020114942528735632,0.9494736842105264,0.9649638940893288,0.9252275480367584,0.9429377915796288,False,0.0028735632183908046,
4,base_plus_prototype,0.5,0.0,1.25,3,7280,0.017241379310344827,0.020114942528735632,0.9397368421052632,0.9598172288670878,0.9106206520088099,0.934436244981209,False,0.0028735632183908046,
4,base_plus_prototype,0.5,0.0,1.3,3,7280,0.017241379310344827,0.010344827586206896,0.8868421052631579,0.935331668054399,0.839990100801858,0.8937856968413633,True,-0.006896551724137931,
4,base_plus_prototype,1.0,0.0,0.5,3,7280,0.017241379310344827,0.02586206896551724,0.9547368421052631,0.9651503059324288,0.9325002753094859,0.9417334414201033,False,0.008620689655172414,
4,base_plus_prototype,1.0,0.0,0.55,3,7280,0.017241379310344827,0.02586206896551724,0.9547368421052631,0.9651503059324288,0.9325002753094859,0.9417334414201033,False,0.008620689655172414,
4,base_plus_prototype,1.0,0.0,0.6,3,7280,0.017241379310344827,0.02586206896551724,0.9547368421052631,0.9651503059324288,0.9325002753094859,0.9417334414201033,False,0.008620689655172414,
4,base_plus_prototype,1.0,0.0,0.65,3,7280,0.017241379310344827,0.02586206896551724,0.9547368421052631,0.9651503059324288,0.9325002753094859,0.9417334414201033,False,0.008620689655172414,
4,base_plus_prototype,1.0,0.0,0.7,3,7280,0.017241379310344827,0.02586206896551724,0.9547368421052631,0.9651503059324288,0.9325002753094859,0.9417334414201033,False,0.008620689655172414,
4,base_plus_prototype,1.0,0.0,0.75,3,7280,0.017241379310344827,0.02586206896551724,0.9547368421052631,0.9651503059324288,0.9325002753094859,0.9417334414201033,False,0.008620689655172414,
4,base_plus_prototype,1.0,0.0,0.8,3,7280,0.017241379310344827,0.02586206896551724,0.9547368421052631,0.9651503059324288,0.9325002753094859,0.9417334414201033,False,0.008620689655172414,
4,base_plus_prototype,1.0,0.0,0.8500000000000001,3,7280,0.017241379310344827,0.02586206896551724,0.9547368421052631,0.9651503059324288,0.9325002753094859,0.9417334414201033,False,0.008620689655172414,
4,base_plus_prototype,1.0,0.0,0.9,3,7280,0.017241379310344827,0.02586206896551724,0.9547368421052631,0.9651503059324288,0.9325002753094859,0.9417334414201033,False,0.008620689655172414,
4,base_plus_prototype,1.0,0.0,0.95,3,7280,0.017241379310344827,0.02586206896551724,0.9547368421052631,0.9651503059324288,0.9325002753094859,0.9417334414201033,False,0.008620689655172414,
4,base_plus_prototype,1.0,0.0,1.0,3,7280,0.017241379310344827,0.02413793103448276,0.9547368421052631,0.9659211927582535,0.9325002753094859,0.9432200051708179,False,0.006896551724137931,
4,base_plus_prototype,1.0,0.0,1.05,3,7280,0.017241379310344827,0.021551724137931036,0.9547368421052631,0.9670798347327736,0.9325002753094859,0.9456728353594972,False,0.004310344827586209,
4,base_plus_prototype,1.0,0.0,1.1,3,7280,0.017241379310344827,0.020689655172413793,0.9547368421052631,0.9674666666666667,0.9325002753094859,0.9465571891009938,False,0.0034482758620689655,
4,base_plus_prototype,1.0,0.0,1.15,3,7280,0.017241379310344827,0.020402298850574714,0.9539473684210527,0.9671824973319103,0.9322730025822132,0.9467461547549684,False,0.0031609195402298867,
4,base_plus_prototype,1.0,0.0,1.2000000000000002,3,7280,0.017241379310344827,0.020114942528735632,0.9528947368421052,0.9667601121345616,0.9319699722791828,0.94690052311501,False,0.0028735632183908046,
4,base_plus_prototype,1.0,0.0,1.25,3,7280,0.017241379310344827,0.020114942528735632,0.9526315789473684,0.9666221628838452,0.9318942147034253,0.9468622101842799,False,0.0028735632183908046,
4,base_plus_prototype,1.0,0.0,1.3,3,7280,0.017241379310344827,0.020114942528735632,0.9526315789473684,0.9666221628838452,0.9318942147034253,0.9468622101842799,False,0.0028735632183908046,
4,base_plus_prototype,2.0,0.0,0.5,3,7280,0.017241379310344827,0.02586206896551724,0.9547368421052631,0.9651503059324288,0.9325002753094859,0.9417334414201033,False,0.008620689655172414,
4,base_plus_prototype,2.0,0.0,0.55,3,7280,0.017241379310344827,0.02586206896551724,0.9547368421052631,0.9651503059324288,0.9325002753094859,0.9417334414201033,False,0.008620689655172414,
4,base_plus_prototype,2.0,0.0,0.6,3,7280,0.017241379310344827,0.02586206896551724,0.9547368421052631,0.9651503059324288,0.9325002753094859,0.9417334414201033,False,0.008620689655172414,
4,base_plus_prototype,2.0,0.0,0.65,3,7280,0.017241379310344827,0.02586206896551724,0.9547368421052631,0.9651503059324288,0.9325002753094859,0.9417334414201033,False,0.008620689655172414,
4,base_plus_prototype,2.0,0.0,0.7,3,7280,0.017241379310344827,0.02586206896551724,0.9547368421052631,0.9651503059324288,0.9325002753094859,0.9417334414201033,False,0.008620689655172414,
4,base_plus_prototype,2.0,0.0,0.75,3,7280,0.017241379310344827,0.02586206896551724,0.9547368421052631,0.9651503059324288,0.9325002753094859,0.9417334414201033,False,0.008620689655172414,
4,base_plus_prototype,2.0,0.0,0.8,3,7280,0.017241379310344827,0.02586206896551724,0.9547368421052631,0.9651503059324288,0.9325002753094859,0.9417334414201033,False,0.008620689655172414,
4,base_plus_prototype,2.0,0.0,0.8500000000000001,3,7280,0.017241379310344827,0.02586206896551724,0.9547368421052631,0.9651503059324288,0.9325002753094859,0.9417334414201033,False,0.008620689655172414,
4,base_plus_prototype,2.0,0.0,0.9,3,7280,0.017241379310344827,0.02586206896551724,0.9547368421052631,0.9651503059324288,0.9325002753094859,0.9417334414201033,False,0.008620689655172414,
4,base_plus_prototype,2.0,0.0,0.95,3,7280,0.017241379310344827,0.02586206896551724,0.9547368421052631,0.9651503059324288,0.9325002753094859,0.9417334414201033,False,0.008620689655172414,
4,base_plus_prototype,2.0,0.0,1.0,3,7280,0.017241379310344827,0.02586206896551724,0.9547368421052631,0.9651503059324288,0.9325002753094859,0.9417334414201033,False,0.008620689655172414,
4,base_plus_prototype,2.0,0.0,1.05,3,7280,0.017241379310344827,0.02586206896551724,0.9547368421052631,0.9651503059324288,0.9325002753094859,0.9417334414201033,False,0.008620689655172414,
4,base_plus_prototype,2.0,0.0,1.1,3,7280,0.017241379310344827,0.02586206896551724,0.9547368421052631,0.9651503059324288,0.9325002753094859,0.9417334414201033,False,0.008620689655172414,
4,base_plus_prototype,2.0,0.0,1.15,3,7280,0.017241379310344827,0.02586206896551724,0.9547368421052631,0.9651503059324288,0.9325002753094859,0.9417334414201033,False,0.008620689655172414,
4,base_plus_prototype,2.0,0.0,1.2000000000000002,3,7280,0.017241379310344827,0.02586206896551724,0.9547368421052631,0.9651503059324288,0.9325002753094859,0.9417334414201033,False,0.008620689655172414,
4,base_plus_prototype,2.0,0.0,1.25,3,7280,0.017241379310344827,0.02586206896551724,0.9547368421052631,0.9651503059324288,0.9325002753094859,0.9417334414201033,False,0.008620689655172414,
4,base_plus_prototype,2.0,0.0,1.3,3,7280,0.017241379310344827,0.02586206896551724,0.9547368421052631,0.9651503059324288,0.9325002753094859,0.9417334414201033,False,0.008620689655172414,
