participant_alias,shots,support_seed,label,prompt_group,zero_decision,adapted_decision
P008,3,20260620,1,P1_vigil_only,True,True
P008,3,20260620,1,P2_phrase_plus_vigil,True,True
P008,3,20260620,1,P2_phrase_plus_vigil,True,True
P008,3,20260620,1,P2_phrase_plus_vigil,True,True
P008,3,20260620,1,P2_phrase_plus_vigil,True,True
P008,3,20260620,1,P3_vigil_plus_phrase,True,True
P008,3,20260620,1,P3_vigil_plus_phrase,True,True
P008,3,20260620,1,P3_vigil_plus_phrase,True,True
P008,3,20260620,0,P4_negative,False,False
P008,3,20260620,0,P4_negative,False,False
P008,3,20260620,0,P4_negative,False,False
P008,3,20260620,0,P4_negative,False,False
P008,3,20260620,0,P4_negative,False,False
P008,3,20260620,0,P4_negative,False,False
P008,3,20260620,0,P4_negative,False,False
P008,3,20260620,0,P4_negative,False,False
P008,3,20260620,0,P4_negative,False,False
P008,3,20260620,0,P4_negative,False,False
P008,3,20260620,0,P4_negative,False,False
P008,3,20260620,0,P4_negative,False,False
P008,3,20260620,0,P4_negative,False,False
P008,3,20260620,0,P4_negative,False,False
P008,3,20260620,0,P4_negative,False,False
P009,3,20260620,1,P1_vigil_only,False,False
P009,3,20260620,1,P2_phrase_plus_vigil,True,True
P009,3,20260620,1,P2_phrase_plus_vigil,True,True
P009,3,20260620,1,P2_phrase_plus_vigil,False,False
P009,3,20260620,1,P2_phrase_plus_vigil,True,True
P009,3,20260620,1,P2_phrase_plus_vigil,True,True
P009,3,20260620,1,P3_vigil_plus_phrase,True,True
P009,3,20260620,1,P3_vigil_plus_phrase,True,True
P009,3,20260620,1,P3_vigil_plus_phrase,True,True
P009,3,20260620,0,P4_negative,False,False
P009,3,20260620,0,P4_negative,False,False
P009,3,20260620,0,P4_negative,False,False
P009,3,20260620,0,P4_negative,False,False
P009,3,20260620,0,P4_negative,False,False
P009,3,20260620,0,P4_negative,False,False
P009,3,20260620,0,P4_negative,False,False
P009,3,20260620,0,P4_negative,False,False
P009,3,20260620,0,P4_negative,False,False
P009,3,20260620,0,P4_negative,False,False
P009,3,20260620,0,P4_negative,True,True
P009,3,20260620,0,P4_negative,True,True
P009,3,20260620,0,P4_negative,True,True
P009,3,20260620,0,P4_negative,False,False
P009,3,20260620,0,P4_negative,True,True
P009,3,20260620,0,P4_negative,False,False
P009,3,20260620,0,P4_negative,False,False
P009,3,20260620,0,P4_negative,False,False
P009,3,20260620,0,P4_negative,True,True
P009,3,20260620,1,P3_vigil_plus_phrase,True,True
P009,3,20260620,0,P4_negative,False,False
P014,3,20260620,1,P1_vigil_only,True,True
P014,3,20260620,1,P1_vigil_only,True,True
P014,3,20260620,1,P2_phrase_plus_vigil,True,True
P014,3,20260620,1,P2_phrase_plus_vigil,True,True
P014,3,20260620,1,P2_phrase_plus_vigil,True,True
P014,3,20260620,1,P3_vigil_plus_phrase,False,False
P014,3,20260620,0,P4_negative,False,False
P014,3,20260620,0,P4_negative,False,False
P014,3,20260620,0,P4_negative,False,False
P014,3,20260620,0,P4_negative,False,False
P014,3,20260620,0,P4_negative,False,False
P019,3,20260620,1,P1_vigil_only,True,True
P019,3,20260620,1,P1_vigil_only,True,True
P019,3,20260620,1,P1_vigil_only,True,True
P019,3,20260620,1,P1_vigil_only,True,True
P019,3,20260620,1,P1_vigil_only,True,True
P019,3,20260620,1,P1_vigil_only,True,True
P019,3,20260620,1,P1_vigil_only,True,True
P019,3,20260620,1,P1_vigil_only,True,True
P019,3,20260620,1,P1_vigil_only,True,True
P019,3,20260620,1,P1_vigil_only,True,True
P019,3,20260620,1,P1_vigil_only,True,True
P019,3,20260620,1,P1_vigil_only,True,True
P019,3,20260620,1,P1_vigil_only,True,True
P019,3,20260620,1,P1_vigil_only,True,True
P019,3,20260620,1,P1_vigil_only,True,True
P019,3,20260620,1,P1_vigil_only,True,True
P019,3,20260620,1,P1_vigil_only,True,True
P019,3,20260620,1,P1_vigil_only,True,True
P019,3,20260620,1,P1_vigil_only,True,True
P019,3,20260620,1,P1_vigil_only,True,True
P019,3,20260620,1,P1_vigil_only,True,True
P019,3,20260620,1,P1_vigil_only,True,True
P019,3,20260620,1,P1_vigil_only,True,True
P019,3,20260620,1,P1_vigil_only,True,True
P019,3,20260620,1,P1_vigil_only,True,True
P019,3,20260620,1,P1_vigil_only,True,True
P019,3,20260620,1,P1_vigil_only,True,True
P019,3,20260620,1,P1_vigil_only,True,True
P019,3,20260620,1,P2_phrase_plus_vigil,True,True
P019,3,20260620,1,P2_phrase_plus_vigil,True,True
P019,3,20260620,1,P2_phrase_plus_vigil,True,True
P019,3,20260620,1,P2_phrase_plus_vigil,True,True
P019,3,20260620,1,P2_phrase_plus_vigil,True,True
P019,3,20260620,1,P2_phrase_plus_vigil,True,True
P019,3,20260620,1,P2_phrase_plus_vigil,True,True
P019,3,20260620,1,P2_phrase_plus_vigil,True,True
P019,3,20260620,1,P2_phrase_plus_vigil,True,True
P019,3,20260620,1,P2_phrase_plus_vigil,True,True
P019,3,20260620,1,P2_phrase_plus_vigil,True,True
P019,3,20260620,1,P2_phrase_plus_vigil,True,True
P019,3,20260620,1,P2_phrase_plus_vigil,True,True
P019,3,20260620,1,P2_phrase_plus_vigil,True,True
P019,3,20260620,1,P2_phrase_plus_vigil,True,True
P019,3,20260620,1,P2_phrase_plus_vigil,True,True
P019,3,20260620,1,P2_phrase_plus_vigil,True,True
P019,3,20260620,1,P2_phrase_plus_vigil,True,True
P019,3,20260620,1,P2_phrase_plus_vigil,True,True
P019,3,20260620,1,P2_phrase_plus_vigil,True,True
P019,3,20260620,1,P2_phrase_plus_vigil,True,True
P019,3,20260620,1,P2_phrase_plus_vigil,True,True
P019,3,20260620,1,P2_phrase_plus_vigil,True,True
P019,3,20260620,1,P2_phrase_plus_vigil,True,True
P019,3,20260620,1,P2_phrase_plus_vigil,True,True
P019,3,20260620,1,P3_vigil_plus_phrase,True,True
P019,3,20260620,1,P3_vigil_plus_phrase,True,True
P019,3,20260620,1,P3_vigil_plus_phrase,True,True
P019,3,20260620,1,P3_vigil_plus_phrase,True,True
P019,3,20260620,1,P3_vigil_plus_phrase,True,True
P019,3,20260620,1,P3_vigil_plus_phrase,True,True
P019,3,20260620,1,P3_vigil_plus_phrase,True,True
P019,3,20260620,1,P3_vigil_plus_phrase,True,True
P019,3,20260620,1,P3_vigil_plus_phrase,True,True
P019,3,20260620,1,P3_vigil_plus_phrase,True,True
P019,3,20260620,1,P3_vigil_plus_phrase,True,True
P019,3,20260620,1,P3_vigil_plus_phrase,True,True
P019,3,20260620,1,P3_vigil_plus_phrase,True,True
P019,3,20260620,1,P3_vigil_plus_phrase,True,True
P019,3,20260620,0,P4_negative,False,False
P019,3,20260620,0,P4_negative,False,False
P019,3,20260620,0,P4_negative,False,False
P019,3,20260620,0,P4_negative,False,False
P019,3,20260620,0,P4_negative,False,False
P019,3,20260620,0,P4_negative,False,False
P019,3,20260620,0,P4_negative,False,False
P019,3,20260620,0,P4_negative,False,False
P019,3,20260620,0,P4_negative,False,False
P019,3,20260620,0,P4_negative,False,False
P019,3,20260620,0,P4_negative,False,False
P019,3,20260620,0,P4_negative,False,False
P019,3,20260620,0,P4_negative,False,False
P019,3,20260620,0,P4_negative,False,False
P019,3,20260620,0,P4_negative,False,False
P019,3,20260620,0,P4_negative,False,False
P019,3,20260620,0,P4_negative,False,False
P019,3,20260620,0,P4_negative,False,False
P019,3,20260620,0,P4_negative,False,False
P019,3,20260620,0,P4_negative,False,False
P019,3,20260620,0,P4_negative,False,False
P019,3,20260620,0,P4_negative,False,False
P019,3,20260620,0,P4_negative,False,False
P019,3,20260620,0,P4_negative,False,False
P019,3,20260620,0,P4_negative,False,False
P019,3,20260620,0,P4_negative,False,False
P019,3,20260620,0,P4_negative,False,False
P019,3,20260620,0,P4_negative,False,False
P019,3,20260620,0,P4_negative,False,False
P019,3,20260620,0,P4_negative,False,False
P029,3,20260620,1,P1_vigil_only,True,True
P029,3,20260620,1,P1_vigil_only,True,True
P029,3,20260620,1,P1_vigil_only,True,True
P029,3,20260620,1,P2_phrase_plus_vigil,True,True
P029,3,20260620,1,P2_phrase_plus_vigil,True,True
P029,3,20260620,1,P2_phrase_plus_vigil,True,True
P029,3,20260620,1,P2_phrase_plus_vigil,True,True
P029,3,20260620,1,P2_phrase_plus_vigil,True,True
P029,3,20260620,1,P3_vigil_plus_phrase,True,True
P029,3,20260620,1,P3_vigil_plus_phrase,True,True
P029,3,20260620,0,P4_negative,False,False
P029,3,20260620,0,P4_negative,False,False
P029,3,20260620,0,P4_negative,False,False
P029,3,20260620,0,P4_negative,False,False
P029,3,20260620,0,P4_negative,False,False
P029,3,20260620,0,P4_negative,False,False
P029,3,20260620,0,P4_negative,False,False
P029,3,20260620,0,P4_negative,False,False
P029,3,20260620,0,P4_negative,False,False
P029,3,20260620,0,P4_negative,False,False
P029,3,20260620,0,P4_negative,False,False
P029,3,20260620,0,P4_negative,False,False
P029,3,20260620,0,P4_negative,False,False
P029,3,20260620,0,P4_negative,False,False
P029,3,20260620,0,P4_negative,False,False
P008,5,20260620,1,P1_vigil_only,True,True
P008,5,20260620,1,P2_phrase_plus_vigil,True,True
P008,5,20260620,1,P2_phrase_plus_vigil,True,True
P008,5,20260620,1,P3_vigil_plus_phrase,True,True
P008,5,20260620,1,P3_vigil_plus_phrase,True,True
P008,5,20260620,1,P3_vigil_plus_phrase,True,True
P008,5,20260620,0,P4_negative,False,False
P008,5,20260620,0,P4_negative,False,False
P008,5,20260620,0,P4_negative,False,False
P008,5,20260620,0,P4_negative,False,False
P008,5,20260620,0,P4_negative,False,False
P008,5,20260620,0,P4_negative,False,False
P008,5,20260620,0,P4_negative,False,False
P008,5,20260620,0,P4_negative,False,False
P008,5,20260620,0,P4_negative,False,False
P008,5,20260620,0,P4_negative,False,False
P008,5,20260620,0,P4_negative,False,False
P008,5,20260620,0,P4_negative,False,False
P008,5,20260620,0,P4_negative,False,False
P008,5,20260620,0,P4_negative,False,False
P008,5,20260620,0,P4_negative,False,False
P009,5,20260620,1,P1_vigil_only,False,False
P009,5,20260620,1,P2_phrase_plus_vigil,True,True
P009,5,20260620,1,P2_phrase_plus_vigil,False,False
P009,5,20260620,1,P2_phrase_plus_vigil,True,True
P009,5,20260620,1,P3_vigil_plus_phrase,True,True
P009,5,20260620,1,P3_vigil_plus_phrase,True,True
P009,5,20260620,1,P3_vigil_plus_phrase,True,True
P009,5,20260620,0,P4_negative,False,False
P009,5,20260620,0,P4_negative,False,False
P009,5,20260620,0,P4_negative,False,False
P009,5,20260620,0,P4_negative,False,False
P009,5,20260620,0,P4_negative,False,False
P009,5,20260620,0,P4_negative,False,False
P009,5,20260620,0,P4_negative,False,False
P009,5,20260620,0,P4_negative,False,False
P009,5,20260620,0,P4_negative,False,False
P009,5,20260620,0,P4_negative,False,False
P009,5,20260620,0,P4_negative,True,True
P009,5,20260620,0,P4_negative,True,True
P009,5,20260620,0,P4_negative,True,True
P009,5,20260620,0,P4_negative,False,False
P009,5,20260620,0,P4_negative,True,True
P009,5,20260620,0,P4_negative,False,False
P009,5,20260620,0,P4_negative,False,False
P009,5,20260620,0,P4_negative,False,False
P009,5,20260620,0,P4_negative,True,True
P009,5,20260620,1,P3_vigil_plus_phrase,True,True
P009,5,20260620,0,P4_negative,False,False
P014,5,20260620,1,P1_vigil_only,True,True
P014,5,20260620,1,P1_vigil_only,True,True
P014,5,20260620,1,P2_phrase_plus_vigil,True,True
P014,5,20260620,1,P3_vigil_plus_phrase,False,False
P014,5,20260620,0,P4_negative,False,False
P014,5,20260620,0,P4_negative,False,False
P014,5,20260620,0,P4_negative,False,False
P014,5,20260620,0,P4_negative,False,False
P014,5,20260620,0,P4_negative,False,False
P019,5,20260620,1,P1_vigil_only,True,True
P019,5,20260620,1,P1_vigil_only,True,True
P019,5,20260620,1,P1_vigil_only,True,True
P019,5,20260620,1,P1_vigil_only,True,True
P019,5,20260620,1,P1_vigil_only,True,True
P019,5,20260620,1,P1_vigil_only,True,True
P019,5,20260620,1,P1_vigil_only,True,True
P019,5,20260620,1,P1_vigil_only,True,True
P019,5,20260620,1,P1_vigil_only,True,True
P019,5,20260620,1,P1_vigil_only,True,True
P019,5,20260620,1,P1_vigil_only,True,True
P019,5,20260620,1,P1_vigil_only,True,True
P019,5,20260620,1,P1_vigil_only,True,True
P019,5,20260620,1,P1_vigil_only,True,True
P019,5,20260620,1,P1_vigil_only,True,True
P019,5,20260620,1,P1_vigil_only,True,True
P019,5,20260620,1,P1_vigil_only,True,True
P019,5,20260620,1,P1_vigil_only,True,True
P019,5,20260620,1,P1_vigil_only,True,True
P019,5,20260620,1,P1_vigil_only,True,True
P019,5,20260620,1,P1_vigil_only,True,True
P019,5,20260620,1,P1_vigil_only,True,True
P019,5,20260620,1,P1_vigil_only,True,True
P019,5,20260620,1,P1_vigil_only,True,True
P019,5,20260620,1,P1_vigil_only,True,True
P019,5,20260620,1,P1_vigil_only,True,True
P019,5,20260620,1,P1_vigil_only,True,True
P019,5,20260620,1,P1_vigil_only,True,True
P019,5,20260620,1,P2_phrase_plus_vigil,True,True
P019,5,20260620,1,P2_phrase_plus_vigil,True,True
P019,5,20260620,1,P2_phrase_plus_vigil,True,True
P019,5,20260620,1,P2_phrase_plus_vigil,True,True
P019,5,20260620,1,P2_phrase_plus_vigil,True,True
P019,5,20260620,1,P2_phrase_plus_vigil,True,True
P019,5,20260620,1,P2_phrase_plus_vigil,True,True
P019,5,20260620,1,P2_phrase_plus_vigil,True,True
P019,5,20260620,1,P2_phrase_plus_vigil,True,True
P019,5,20260620,1,P2_phrase_plus_vigil,True,True
P019,5,20260620,1,P2_phrase_plus_vigil,True,True
P019,5,20260620,1,P2_phrase_plus_vigil,True,True
P019,5,20260620,1,P2_phrase_plus_vigil,True,True
P019,5,20260620,1,P2_phrase_plus_vigil,True,True
P019,5,20260620,1,P2_phrase_plus_vigil,True,True
P019,5,20260620,1,P2_phrase_plus_vigil,True,True
P019,5,20260620,1,P2_phrase_plus_vigil,True,True
P019,5,20260620,1,P2_phrase_plus_vigil,True,True
P019,5,20260620,1,P2_phrase_plus_vigil,True,True
P019,5,20260620,1,P2_phrase_plus_vigil,True,True
P019,5,20260620,1,P2_phrase_plus_vigil,True,True
P019,5,20260620,1,P2_phrase_plus_vigil,True,True
P019,5,20260620,1,P2_phrase_plus_vigil,True,True
P019,5,20260620,1,P3_vigil_plus_phrase,True,True
P019,5,20260620,1,P3_vigil_plus_phrase,True,True
P019,5,20260620,1,P3_vigil_plus_phrase,True,True
P019,5,20260620,1,P3_vigil_plus_phrase,True,True
P019,5,20260620,1,P3_vigil_plus_phrase,True,True
P019,5,20260620,1,P3_vigil_plus_phrase,True,True
P019,5,20260620,1,P3_vigil_plus_phrase,True,True
P019,5,20260620,1,P3_vigil_plus_phrase,True,True
P019,5,20260620,1,P3_vigil_plus_phrase,True,True
P019,5,20260620,1,P3_vigil_plus_phrase,True,True
P019,5,20260620,1,P3_vigil_plus_phrase,True,True
P019,5,20260620,1,P3_vigil_plus_phrase,True,True
P019,5,20260620,1,P3_vigil_plus_phrase,True,True
P019,5,20260620,1,P3_vigil_plus_phrase,True,True
P019,5,20260620,0,P4_negative,False,False
P019,5,20260620,0,P4_negative,False,False
P019,5,20260620,0,P4_negative,False,False
P019,5,20260620,0,P4_negative,False,False
P019,5,20260620,0,P4_negative,False,False
P019,5,20260620,0,P4_negative,False,False
P019,5,20260620,0,P4_negative,False,False
P019,5,20260620,0,P4_negative,False,False
P019,5,20260620,0,P4_negative,False,False
P019,5,20260620,0,P4_negative,False,False
P019,5,20260620,0,P4_negative,False,False
P019,5,20260620,0,P4_negative,False,False
P019,5,20260620,0,P4_negative,False,False
P019,5,20260620,0,P4_negative,False,False
P019,5,20260620,0,P4_negative,False,False
P019,5,20260620,0,P4_negative,False,False
P019,5,20260620,0,P4_negative,False,False
P019,5,20260620,0,P4_negative,False,False
P019,5,20260620,0,P4_negative,False,False
P019,5,20260620,0,P4_negative,False,False
P019,5,20260620,0,P4_negative,False,False
P019,5,20260620,0,P4_negative,False,False
P019,5,20260620,0,P4_negative,False,False
P019,5,20260620,0,P4_negative,False,False
P019,5,20260620,0,P4_negative,False,False
P019,5,20260620,0,P4_negative,False,False
P019,5,20260620,0,P4_negative,False,False
P019,5,20260620,0,P4_negative,False,False
P019,5,20260620,0,P4_negative,False,False
P019,5,20260620,0,P4_negative,False,False
P029,5,20260620,1,P1_vigil_only,True,True
P029,5,20260620,1,P1_vigil_only,True,True
P029,5,20260620,1,P2_phrase_plus_vigil,True,True
P029,5,20260620,1,P2_phrase_plus_vigil,True,True
P029,5,20260620,1,P2_phrase_plus_vigil,True,True
P029,5,20260620,1,P2_phrase_plus_vigil,True,True
P029,5,20260620,1,P3_vigil_plus_phrase,True,True
P029,5,20260620,1,P3_vigil_plus_phrase,True,True
P029,5,20260620,0,P4_negative,False,False
P029,5,20260620,0,P4_negative,False,False
P029,5,20260620,0,P4_negative,False,False
P029,5,20260620,0,P4_negative,False,False
P029,5,20260620,0,P4_negative,False,False
P029,5,20260620,0,P4_negative,False,False
P029,5,20260620,0,P4_negative,False,False
P029,5,20260620,0,P4_negative,False,False
P029,5,20260620,0,P4_negative,False,False
P029,5,20260620,0,P4_negative,False,False
P029,5,20260620,0,P4_negative,False,False
P029,5,20260620,0,P4_negative,False,False
P029,5,20260620,0,P4_negative,False,False
P029,5,20260620,0,P4_negative,False,False
P029,5,20260620,0,P4_negative,False,False
P008,3,20260621,1,P1_vigil_only,True,True
P008,3,20260621,1,P2_phrase_plus_vigil,True,True
P008,3,20260621,1,P2_phrase_plus_vigil,True,True
P008,3,20260621,1,P2_phrase_plus_vigil,True,True
P008,3,20260621,1,P2_phrase_plus_vigil,True,True
P008,3,20260621,1,P2_phrase_plus_vigil,True,True
P008,3,20260621,1,P3_vigil_plus_phrase,True,True
P008,3,20260621,1,P3_vigil_plus_phrase,True,True
P008,3,20260621,0,P4_negative,False,False
P008,3,20260621,0,P4_negative,False,False
P008,3,20260621,0,P4_negative,False,False
P008,3,20260621,0,P4_negative,False,False
P008,3,20260621,0,P4_negative,False,False
P008,3,20260621,0,P4_negative,False,False
P008,3,20260621,0,P4_negative,False,False
P008,3,20260621,0,P4_negative,False,False
P008,3,20260621,0,P4_negative,False,False
P008,3,20260621,0,P4_negative,False,False
P008,3,20260621,0,P4_negative,False,False
P008,3,20260621,0,P4_negative,False,False
P008,3,20260621,0,P4_negative,False,False
P008,3,20260621,0,P4_negative,False,False
P008,3,20260621,0,P4_negative,False,False
P009,3,20260621,1,P1_vigil_only,False,False
P009,3,20260621,1,P2_phrase_plus_vigil,True,True
P009,3,20260621,1,P2_phrase_plus_vigil,True,True
P009,3,20260621,1,P2_phrase_plus_vigil,False,False
P009,3,20260621,1,P2_phrase_plus_vigil,True,True
P009,3,20260621,1,P2_phrase_plus_vigil,True,True
P009,3,20260621,1,P3_vigil_plus_phrase,True,True
P009,3,20260621,1,P3_vigil_plus_phrase,True,True
P009,3,20260621,1,P3_vigil_plus_phrase,True,True
P009,3,20260621,0,P4_negative,False,False
P009,3,20260621,0,P4_negative,False,False
P009,3,20260621,0,P4_negative,False,False
P009,3,20260621,0,P4_negative,False,False
P009,3,20260621,0,P4_negative,False,False
P009,3,20260621,0,P4_negative,False,False
P009,3,20260621,0,P4_negative,False,False
P009,3,20260621,0,P4_negative,False,False
P009,3,20260621,0,P4_negative,False,False
P009,3,20260621,0,P4_negative,False,False
P009,3,20260621,0,P4_negative,True,True
P009,3,20260621,0,P4_negative,True,True
P009,3,20260621,0,P4_negative,True,True
P009,3,20260621,0,P4_negative,False,False
P009,3,20260621,0,P4_negative,True,True
P009,3,20260621,0,P4_negative,False,False
P009,3,20260621,0,P4_negative,False,False
P009,3,20260621,0,P4_negative,False,False
P009,3,20260621,0,P4_negative,True,True
P009,3,20260621,1,P3_vigil_plus_phrase,True,True
P009,3,20260621,0,P4_negative,False,False
P014,3,20260621,1,P1_vigil_only,True,True
P014,3,20260621,1,P1_vigil_only,True,True
P014,3,20260621,1,P2_phrase_plus_vigil,True,True
P014,3,20260621,1,P2_phrase_plus_vigil,True,True
P014,3,20260621,1,P3_vigil_plus_phrase,True,True
P014,3,20260621,1,P3_vigil_plus_phrase,True,True
P014,3,20260621,0,P4_negative,False,False
P014,3,20260621,0,P4_negative,False,False
P014,3,20260621,0,P4_negative,False,False
P014,3,20260621,0,P4_negative,False,False
P014,3,20260621,0,P4_negative,False,False
P019,3,20260621,1,P1_vigil_only,True,True
P019,3,20260621,1,P1_vigil_only,True,True
P019,3,20260621,1,P1_vigil_only,True,True
P019,3,20260621,1,P1_vigil_only,True,True
P019,3,20260621,1,P1_vigil_only,True,True
P019,3,20260621,1,P1_vigil_only,True,True
P019,3,20260621,1,P1_vigil_only,True,True
P019,3,20260621,1,P1_vigil_only,True,True
P019,3,20260621,1,P1_vigil_only,True,True
P019,3,20260621,1,P1_vigil_only,True,True
P019,3,20260621,1,P1_vigil_only,True,True
P019,3,20260621,1,P1_vigil_only,True,True
P019,3,20260621,1,P1_vigil_only,True,True
P019,3,20260621,1,P1_vigil_only,True,True
P019,3,20260621,1,P1_vigil_only,True,True
P019,3,20260621,1,P1_vigil_only,True,True
P019,3,20260621,1,P1_vigil_only,True,True
P019,3,20260621,1,P1_vigil_only,True,True
P019,3,20260621,1,P1_vigil_only,True,True
P019,3,20260621,1,P1_vigil_only,True,True
P019,3,20260621,1,P1_vigil_only,True,True
P019,3,20260621,1,P1_vigil_only,True,True
P019,3,20260621,1,P1_vigil_only,True,True
P019,3,20260621,1,P1_vigil_only,True,True
P019,3,20260621,1,P1_vigil_only,True,True
P019,3,20260621,1,P1_vigil_only,True,True
P019,3,20260621,1,P1_vigil_only,True,True
P019,3,20260621,1,P1_vigil_only,True,True
P019,3,20260621,1,P1_vigil_only,True,True
P019,3,20260621,1,P2_phrase_plus_vigil,True,True
P019,3,20260621,1,P2_phrase_plus_vigil,True,True
P019,3,20260621,1,P2_phrase_plus_vigil,True,True
P019,3,20260621,1,P2_phrase_plus_vigil,True,True
P019,3,20260621,1,P2_phrase_plus_vigil,True,True
P019,3,20260621,1,P2_phrase_plus_vigil,True,True
P019,3,20260621,1,P2_phrase_plus_vigil,True,True
P019,3,20260621,1,P2_phrase_plus_vigil,True,True
P019,3,20260621,1,P2_phrase_plus_vigil,True,True
P019,3,20260621,1,P2_phrase_plus_vigil,True,True
P019,3,20260621,1,P2_phrase_plus_vigil,True,True
P019,3,20260621,1,P2_phrase_plus_vigil,True,True
P019,3,20260621,1,P2_phrase_plus_vigil,True,True
P019,3,20260621,1,P2_phrase_plus_vigil,True,True
P019,3,20260621,1,P2_phrase_plus_vigil,True,True
P019,3,20260621,1,P2_phrase_plus_vigil,True,True
P019,3,20260621,1,P2_phrase_plus_vigil,True,True
P019,3,20260621,1,P2_phrase_plus_vigil,True,True
P019,3,20260621,1,P2_phrase_plus_vigil,True,True
P019,3,20260621,1,P2_phrase_plus_vigil,True,True
P019,3,20260621,1,P2_phrase_plus_vigil,True,True
P019,3,20260621,1,P2_phrase_plus_vigil,True,True
P019,3,20260621,1,P2_phrase_plus_vigil,True,True
P019,3,20260621,1,P2_phrase_plus_vigil,True,True
P019,3,20260621,1,P2_phrase_plus_vigil,True,True
P019,3,20260621,1,P3_vigil_plus_phrase,True,True
P019,3,20260621,1,P3_vigil_plus_phrase,True,True
P019,3,20260621,1,P3_vigil_plus_phrase,True,True
P019,3,20260621,1,P3_vigil_plus_phrase,True,True
P019,3,20260621,1,P3_vigil_plus_phrase,True,True
P019,3,20260621,1,P3_vigil_plus_phrase,True,True
P019,3,20260621,1,P3_vigil_plus_phrase,True,True
P019,3,20260621,1,P3_vigil_plus_phrase,True,True
P019,3,20260621,1,P3_vigil_plus_phrase,True,True
P019,3,20260621,1,P3_vigil_plus_phrase,True,True
P019,3,20260621,1,P3_vigil_plus_phrase,True,True
P019,3,20260621,1,P3_vigil_plus_phrase,True,True
P019,3,20260621,1,P3_vigil_plus_phrase,True,True
P019,3,20260621,0,P4_negative,False,False
P019,3,20260621,0,P4_negative,False,False
P019,3,20260621,0,P4_negative,False,False
P019,3,20260621,0,P4_negative,False,False
P019,3,20260621,0,P4_negative,False,False
P019,3,20260621,0,P4_negative,False,False
P019,3,20260621,0,P4_negative,False,False
P019,3,20260621,0,P4_negative,False,False
P019,3,20260621,0,P4_negative,False,False
P019,3,20260621,0,P4_negative,False,False
P019,3,20260621,0,P4_negative,False,False
P019,3,20260621,0,P4_negative,False,False
P019,3,20260621,0,P4_negative,False,False
P019,3,20260621,0,P4_negative,False,False
P019,3,20260621,0,P4_negative,False,False
P019,3,20260621,0,P4_negative,False,False
P019,3,20260621,0,P4_negative,False,False
P019,3,20260621,0,P4_negative,False,False
P019,3,20260621,0,P4_negative,False,False
P019,3,20260621,0,P4_negative,False,False
P019,3,20260621,0,P4_negative,False,False
P019,3,20260621,0,P4_negative,False,False
P019,3,20260621,0,P4_negative,False,False
P019,3,20260621,0,P4_negative,False,False
P019,3,20260621,0,P4_negative,False,False
P019,3,20260621,0,P4_negative,False,False
P019,3,20260621,0,P4_negative,False,False
P019,3,20260621,0,P4_negative,False,False
P019,3,20260621,0,P4_negative,False,False
P019,3,20260621,0,P4_negative,False,False
P029,3,20260621,1,P1_vigil_only,True,True
P029,3,20260621,1,P1_vigil_only,True,True
P029,3,20260621,1,P1_vigil_only,True,True
P029,3,20260621,1,P2_phrase_plus_vigil,True,True
P029,3,20260621,1,P2_phrase_plus_vigil,True,True
P029,3,20260621,1,P2_phrase_plus_vigil,True,True
P029,3,20260621,1,P2_phrase_plus_vigil,True,True
P029,3,20260621,1,P3_vigil_plus_phrase,True,True
P029,3,20260621,1,P3_vigil_plus_phrase,True,True
P029,3,20260621,1,P3_vigil_plus_phrase,True,True
P029,3,20260621,0,P4_negative,False,False
P029,3,20260621,0,P4_negative,False,False
P029,3,20260621,0,P4_negative,False,False
P029,3,20260621,0,P4_negative,False,False
P029,3,20260621,0,P4_negative,False,False
P029,3,20260621,0,P4_negative,False,False
P029,3,20260621,0,P4_negative,False,False
P029,3,20260621,0,P4_negative,False,False
P029,3,20260621,0,P4_negative,False,False
P029,3,20260621,0,P4_negative,False,False
P029,3,20260621,0,P4_negative,False,False
P029,3,20260621,0,P4_negative,False,False
P029,3,20260621,0,P4_negative,False,False
P029,3,20260621,0,P4_negative,False,False
P029,3,20260621,0,P4_negative,False,False
P008,5,20260621,1,P1_vigil_only,True,True
P008,5,20260621,1,P2_phrase_plus_vigil,True,True
P008,5,20260621,1,P2_phrase_plus_vigil,True,True
P008,5,20260621,1,P2_phrase_plus_vigil,True,True
P008,5,20260621,1,P2_phrase_plus_vigil,True,True
P008,5,20260621,1,P3_vigil_plus_phrase,True,True
P008,5,20260621,0,P4_negative,False,False
P008,5,20260621,0,P4_negative,False,False
P008,5,20260621,0,P4_negative,False,False
P008,5,20260621,0,P4_negative,False,False
P008,5,20260621,0,P4_negative,False,False
P008,5,20260621,0,P4_negative,False,False
P008,5,20260621,0,P4_negative,False,False
P008,5,20260621,0,P4_negative,False,False
P008,5,20260621,0,P4_negative,False,False
P008,5,20260621,0,P4_negative,False,False
P008,5,20260621,0,P4_negative,False,False
P008,5,20260621,0,P4_negative,False,False
P008,5,20260621,0,P4_negative,False,False
P008,5,20260621,0,P4_negative,False,False
P008,5,20260621,0,P4_negative,False,False
P009,5,20260621,1,P1_vigil_only,False,False
P009,5,20260621,1,P2_phrase_plus_vigil,True,True
P009,5,20260621,1,P2_phrase_plus_vigil,True,True
P009,5,20260621,1,P2_phrase_plus_vigil,False,False
P009,5,20260621,1,P2_phrase_plus_vigil,True,True
P009,5,20260621,1,P2_phrase_plus_vigil,True,True
P009,5,20260621,1,P3_vigil_plus_phrase,True,True
P009,5,20260621,0,P4_negative,False,False
P009,5,20260621,0,P4_negative,False,False
P009,5,20260621,0,P4_negative,False,False
P009,5,20260621,0,P4_negative,False,False
P009,5,20260621,0,P4_negative,False,False
P009,5,20260621,0,P4_negative,False,False
P009,5,20260621,0,P4_negative,False,False
P009,5,20260621,0,P4_negative,False,False
P009,5,20260621,0,P4_negative,False,False
P009,5,20260621,0,P4_negative,False,False
P009,5,20260621,0,P4_negative,True,True
P009,5,20260621,0,P4_negative,True,True
P009,5,20260621,0,P4_negative,True,True
P009,5,20260621,0,P4_negative,False,False
P009,5,20260621,0,P4_negative,True,True
P009,5,20260621,0,P4_negative,False,False
P009,5,20260621,0,P4_negative,False,False
P009,5,20260621,0,P4_negative,False,False
P009,5,20260621,0,P4_negative,True,True
P009,5,20260621,1,P3_vigil_plus_phrase,True,True
P009,5,20260621,0,P4_negative,False,False
P014,5,20260621,1,P1_vigil_only,True,True
P014,5,20260621,1,P2_phrase_plus_vigil,True,True
P014,5,20260621,1,P3_vigil_plus_phrase,True,True
P014,5,20260621,1,P3_vigil_plus_phrase,True,True
P014,5,20260621,0,P4_negative,False,False
P014,5,20260621,0,P4_negative,False,False
P014,5,20260621,0,P4_negative,False,False
P014,5,20260621,0,P4_negative,False,False
P014,5,20260621,0,P4_negative,False,False
P019,5,20260621,1,P1_vigil_only,True,True
P019,5,20260621,1,P1_vigil_only,True,True
P019,5,20260621,1,P1_vigil_only,True,True
P019,5,20260621,1,P1_vigil_only,True,True
P019,5,20260621,1,P1_vigil_only,True,True
P019,5,20260621,1,P1_vigil_only,True,True
P019,5,20260621,1,P1_vigil_only,True,True
P019,5,20260621,1,P1_vigil_only,True,True
P019,5,20260621,1,P1_vigil_only,True,True
P019,5,20260621,1,P1_vigil_only,True,True
P019,5,20260621,1,P1_vigil_only,True,True
P019,5,20260621,1,P1_vigil_only,True,True
P019,5,20260621,1,P1_vigil_only,True,True
P019,5,20260621,1,P1_vigil_only,True,True
P019,5,20260621,1,P1_vigil_only,True,True
P019,5,20260621,1,P1_vigil_only,True,True
P019,5,20260621,1,P1_vigil_only,True,True
P019,5,20260621,1,P1_vigil_only,True,True
P019,5,20260621,1,P1_vigil_only,True,True
P019,5,20260621,1,P1_vigil_only,True,True
P019,5,20260621,1,P1_vigil_only,True,True
P019,5,20260621,1,P1_vigil_only,True,True
P019,5,20260621,1,P1_vigil_only,True,True
P019,5,20260621,1,P1_vigil_only,True,True
P019,5,20260621,1,P1_vigil_only,True,True
P019,5,20260621,1,P1_vigil_only,True,True
P019,5,20260621,1,P1_vigil_only,True,True
P019,5,20260621,1,P1_vigil_only,True,True
P019,5,20260621,1,P2_phrase_plus_vigil,True,True
P019,5,20260621,1,P2_phrase_plus_vigil,True,True
P019,5,20260621,1,P2_phrase_plus_vigil,True,True
P019,5,20260621,1,P2_phrase_plus_vigil,True,True
P019,5,20260621,1,P2_phrase_plus_vigil,True,True
P019,5,20260621,1,P2_phrase_plus_vigil,True,True
P019,5,20260621,1,P2_phrase_plus_vigil,True,True
P019,5,20260621,1,P2_phrase_plus_vigil,True,True
P019,5,20260621,1,P2_phrase_plus_vigil,True,True
P019,5,20260621,1,P2_phrase_plus_vigil,True,True
P019,5,20260621,1,P2_phrase_plus_vigil,True,True
P019,5,20260621,1,P2_phrase_plus_vigil,True,True
P019,5,20260621,1,P2_phrase_plus_vigil,True,True
P019,5,20260621,1,P2_phrase_plus_vigil,True,True
P019,5,20260621,1,P2_phrase_plus_vigil,True,True
P019,5,20260621,1,P2_phrase_plus_vigil,True,True
P019,5,20260621,1,P2_phrase_plus_vigil,True,True
P019,5,20260621,1,P2_phrase_plus_vigil,True,True
P019,5,20260621,1,P2_phrase_plus_vigil,True,True
P019,5,20260621,1,P2_phrase_plus_vigil,True,True
P019,5,20260621,1,P2_phrase_plus_vigil,True,True
P019,5,20260621,1,P2_phrase_plus_vigil,True,True
P019,5,20260621,1,P2_phrase_plus_vigil,True,True
P019,5,20260621,1,P2_phrase_plus_vigil,True,True
P019,5,20260621,1,P2_phrase_plus_vigil,True,True
P019,5,20260621,1,P3_vigil_plus_phrase,True,True
P019,5,20260621,1,P3_vigil_plus_phrase,True,True
P019,5,20260621,1,P3_vigil_plus_phrase,True,True
P019,5,20260621,1,P3_vigil_plus_phrase,True,True
P019,5,20260621,1,P3_vigil_plus_phrase,True,True
P019,5,20260621,1,P3_vigil_plus_phrase,True,True
P019,5,20260621,1,P3_vigil_plus_phrase,True,True
P019,5,20260621,1,P3_vigil_plus_phrase,True,True
P019,5,20260621,1,P3_vigil_plus_phrase,True,True
P019,5,20260621,1,P3_vigil_plus_phrase,True,True
P019,5,20260621,1,P3_vigil_plus_phrase,True,True
P019,5,20260621,1,P3_vigil_plus_phrase,True,True
P019,5,20260621,0,P4_negative,False,False
P019,5,20260621,0,P4_negative,False,False
P019,5,20260621,0,P4_negative,False,False
P019,5,20260621,0,P4_negative,False,False
P019,5,20260621,0,P4_negative,False,False
P019,5,20260621,0,P4_negative,False,False
P019,5,20260621,0,P4_negative,False,False
P019,5,20260621,0,P4_negative,False,False
P019,5,20260621,0,P4_negative,False,False
P019,5,20260621,0,P4_negative,False,False
P019,5,20260621,0,P4_negative,False,False
P019,5,20260621,0,P4_negative,False,False
P019,5,20260621,0,P4_negative,False,False
P019,5,20260621,0,P4_negative,False,False
P019,5,20260621,0,P4_negative,False,False
P019,5,20260621,0,P4_negative,False,False
P019,5,20260621,0,P4_negative,False,False
P019,5,20260621,0,P4_negative,False,False
P019,5,20260621,0,P4_negative,False,False
P019,5,20260621,0,P4_negative,False,False
P019,5,20260621,0,P4_negative,False,False
P019,5,20260621,0,P4_negative,False,False
P019,5,20260621,0,P4_negative,False,False
P019,5,20260621,0,P4_negative,False,False
P019,5,20260621,0,P4_negative,False,False
P019,5,20260621,0,P4_negative,False,False
P019,5,20260621,0,P4_negative,False,False
P019,5,20260621,0,P4_negative,False,False
P019,5,20260621,0,P4_negative,False,False
P019,5,20260621,0,P4_negative,False,False
P029,5,20260621,1,P1_vigil_only,True,True
P029,5,20260621,1,P1_vigil_only,True,True
P029,5,20260621,1,P1_vigil_only,True,True
P029,5,20260621,1,P2_phrase_plus_vigil,True,True
P029,5,20260621,1,P2_phrase_plus_vigil,True,True
P029,5,20260621,1,P2_phrase_plus_vigil,True,True
P029,5,20260621,1,P3_vigil_plus_phrase,True,True
P029,5,20260621,1,P3_vigil_plus_phrase,True,True
P029,5,20260621,0,P4_negative,False,False
P029,5,20260621,0,P4_negative,False,False
P029,5,20260621,0,P4_negative,False,False
P029,5,20260621,0,P4_negative,False,False
P029,5,20260621,0,P4_negative,False,False
P029,5,20260621,0,P4_negative,False,False
P029,5,20260621,0,P4_negative,False,False
P029,5,20260621,0,P4_negative,False,False
P029,5,20260621,0,P4_negative,False,False
P029,5,20260621,0,P4_negative,False,False
P029,5,20260621,0,P4_negative,False,False
P029,5,20260621,0,P4_negative,False,False
P029,5,20260621,0,P4_negative,False,False
P029,5,20260621,0,P4_negative,False,False
P029,5,20260621,0,P4_negative,False,False
P008,3,20260622,1,P1_vigil_only,True,True
P008,3,20260622,1,P2_phrase_plus_vigil,True,True
P008,3,20260622,1,P2_phrase_plus_vigil,True,True
P008,3,20260622,1,P2_phrase_plus_vigil,True,True
P008,3,20260622,1,P2_phrase_plus_vigil,True,True
P008,3,20260622,1,P3_vigil_plus_phrase,True,True
P008,3,20260622,1,P3_vigil_plus_phrase,True,True
P008,3,20260622,1,P3_vigil_plus_phrase,True,True
P008,3,20260622,0,P4_negative,False,False
P008,3,20260622,0,P4_negative,False,False
P008,3,20260622,0,P4_negative,False,False
P008,3,20260622,0,P4_negative,False,False
P008,3,20260622,0,P4_negative,False,False
P008,3,20260622,0,P4_negative,False,False
P008,3,20260622,0,P4_negative,False,False
P008,3,20260622,0,P4_negative,False,False
P008,3,20260622,0,P4_negative,False,False
P008,3,20260622,0,P4_negative,False,False
P008,3,20260622,0,P4_negative,False,False
P008,3,20260622,0,P4_negative,False,False
P008,3,20260622,0,P4_negative,False,False
P008,3,20260622,0,P4_negative,False,False
P008,3,20260622,0,P4_negative,False,False
P009,3,20260622,1,P1_vigil_only,False,False
P009,3,20260622,1,P2_phrase_plus_vigil,False,False
P009,3,20260622,1,P2_phrase_plus_vigil,True,True
P009,3,20260622,1,P2_phrase_plus_vigil,True,True
P009,3,20260622,1,P2_phrase_plus_vigil,True,True
P009,3,20260622,1,P3_vigil_plus_phrase,True,True
P009,3,20260622,1,P3_vigil_plus_phrase,True,True
P009,3,20260622,1,P3_vigil_plus_phrase,True,True
P009,3,20260622,0,P4_negative,False,False
P009,3,20260622,0,P4_negative,False,False
P009,3,20260622,0,P4_negative,False,False
P009,3,20260622,0,P4_negative,False,False
P009,3,20260622,0,P4_negative,False,False
P009,3,20260622,0,P4_negative,False,False
P009,3,20260622,0,P4_negative,False,False
P009,3,20260622,0,P4_negative,False,False
P009,3,20260622,0,P4_negative,False,False
P009,3,20260622,0,P4_negative,False,False
P009,3,20260622,0,P4_negative,True,True
P009,3,20260622,0,P4_negative,True,True
P009,3,20260622,0,P4_negative,True,True
P009,3,20260622,0,P4_negative,False,False
P009,3,20260622,0,P4_negative,True,True
P009,3,20260622,0,P4_negative,False,False
P009,3,20260622,0,P4_negative,False,False
P009,3,20260622,0,P4_negative,False,False
P009,3,20260622,0,P4_negative,True,True
P009,3,20260622,1,P3_vigil_plus_phrase,True,True
P009,3,20260622,1,P3_vigil_plus_phrase,True,True
P009,3,20260622,0,P4_negative,False,False
P014,3,20260622,1,P1_vigil_only,True,True
P014,3,20260622,1,P2_phrase_plus_vigil,True,True
P014,3,20260622,1,P2_phrase_plus_vigil,True,True
P014,3,20260622,1,P3_vigil_plus_phrase,True,True
P014,3,20260622,1,P3_vigil_plus_phrase,True,True
P014,3,20260622,1,P3_vigil_plus_phrase,False,False
P014,3,20260622,0,P4_negative,False,False
P014,3,20260622,0,P4_negative,False,False
P014,3,20260622,0,P4_negative,False,False
P014,3,20260622,0,P4_negative,False,False
P014,3,20260622,0,P4_negative,False,False
P019,3,20260622,1,P1_vigil_only,True,True
P019,3,20260622,1,P1_vigil_only,True,True
P019,3,20260622,1,P1_vigil_only,True,True
P019,3,20260622,1,P1_vigil_only,True,True
P019,3,20260622,1,P1_vigil_only,True,True
P019,3,20260622,1,P1_vigil_only,True,True
P019,3,20260622,1,P1_vigil_only,True,True
P019,3,20260622,1,P1_vigil_only,True,True
P019,3,20260622,1,P1_vigil_only,True,True
P019,3,20260622,1,P1_vigil_only,True,True
P019,3,20260622,1,P1_vigil_only,True,True
P019,3,20260622,1,P1_vigil_only,True,True
P019,3,20260622,1,P1_vigil_only,True,True
P019,3,20260622,1,P1_vigil_only,True,True
P019,3,20260622,1,P1_vigil_only,True,True
P019,3,20260622,1,P1_vigil_only,True,True
P019,3,20260622,1,P1_vigil_only,True,True
P019,3,20260622,1,P1_vigil_only,True,True
P019,3,20260622,1,P1_vigil_only,True,True
P019,3,20260622,1,P1_vigil_only,True,True
P019,3,20260622,1,P1_vigil_only,True,True
P019,3,20260622,1,P1_vigil_only,True,True
P019,3,20260622,1,P1_vigil_only,True,True
P019,3,20260622,1,P1_vigil_only,True,True
P019,3,20260622,1,P1_vigil_only,True,True
P019,3,20260622,1,P1_vigil_only,True,True
P019,3,20260622,1,P1_vigil_only,True,True
P019,3,20260622,1,P2_phrase_plus_vigil,True,True
P019,3,20260622,1,P2_phrase_plus_vigil,True,True
P019,3,20260622,1,P2_phrase_plus_vigil,True,True
P019,3,20260622,1,P2_phrase_plus_vigil,True,True
P019,3,20260622,1,P2_phrase_plus_vigil,True,True
P019,3,20260622,1,P2_phrase_plus_vigil,True,True
P019,3,20260622,1,P2_phrase_plus_vigil,True,True
P019,3,20260622,1,P2_phrase_plus_vigil,True,True
P019,3,20260622,1,P2_phrase_plus_vigil,True,True
P019,3,20260622,1,P2_phrase_plus_vigil,True,True
P019,3,20260622,1,P2_phrase_plus_vigil,True,True
P019,3,20260622,1,P2_phrase_plus_vigil,True,True
P019,3,20260622,1,P2_phrase_plus_vigil,True,True
P019,3,20260622,1,P2_phrase_plus_vigil,True,True
P019,3,20260622,1,P2_phrase_plus_vigil,True,True
P019,3,20260622,1,P2_phrase_plus_vigil,True,True
P019,3,20260622,1,P2_phrase_plus_vigil,True,True
P019,3,20260622,1,P2_phrase_plus_vigil,True,True
P019,3,20260622,1,P2_phrase_plus_vigil,True,True
P019,3,20260622,1,P2_phrase_plus_vigil,True,True
P019,3,20260622,1,P2_phrase_plus_vigil,True,True
P019,3,20260622,1,P2_phrase_plus_vigil,True,True
P019,3,20260622,1,P2_phrase_plus_vigil,True,True
P019,3,20260622,1,P2_phrase_plus_vigil,True,True
P019,3,20260622,1,P2_phrase_plus_vigil,True,True
P019,3,20260622,1,P2_phrase_plus_vigil,True,True
P019,3,20260622,1,P2_phrase_plus_vigil,True,True
P019,3,20260622,1,P3_vigil_plus_phrase,True,True
P019,3,20260622,1,P3_vigil_plus_phrase,True,True
P019,3,20260622,1,P3_vigil_plus_phrase,True,True
P019,3,20260622,1,P3_vigil_plus_phrase,True,True
P019,3,20260622,1,P3_vigil_plus_phrase,True,True
P019,3,20260622,1,P3_vigil_plus_phrase,True,True
P019,3,20260622,1,P3_vigil_plus_phrase,True,True
P019,3,20260622,1,P3_vigil_plus_phrase,True,True
P019,3,20260622,1,P3_vigil_plus_phrase,True,True
P019,3,20260622,1,P3_vigil_plus_phrase,True,True
P019,3,20260622,1,P3_vigil_plus_phrase,True,True
P019,3,20260622,1,P3_vigil_plus_phrase,True,True
P019,3,20260622,1,P3_vigil_plus_phrase,True,True
P019,3,20260622,0,P4_negative,False,False
P019,3,20260622,0,P4_negative,False,False
P019,3,20260622,0,P4_negative,False,False
P019,3,20260622,0,P4_negative,False,False
P019,3,20260622,0,P4_negative,False,False
P019,3,20260622,0,P4_negative,False,False
P019,3,20260622,0,P4_negative,False,False
P019,3,20260622,0,P4_negative,False,False
P019,3,20260622,0,P4_negative,False,False
P019,3,20260622,0,P4_negative,False,False
P019,3,20260622,0,P4_negative,False,False
P019,3,20260622,0,P4_negative,False,False
P019,3,20260622,0,P4_negative,False,False
P019,3,20260622,0,P4_negative,False,False
P019,3,20260622,0,P4_negative,False,False
P019,3,20260622,0,P4_negative,False,False
P019,3,20260622,0,P4_negative,False,False
P019,3,20260622,0,P4_negative,False,False
P019,3,20260622,0,P4_negative,False,False
P019,3,20260622,0,P4_negative,False,False
P019,3,20260622,0,P4_negative,False,False
P019,3,20260622,0,P4_negative,False,False
P019,3,20260622,0,P4_negative,False,False
P019,3,20260622,0,P4_negative,False,False
P019,3,20260622,0,P4_negative,False,False
P019,3,20260622,0,P4_negative,False,False
P019,3,20260622,0,P4_negative,False,False
P019,3,20260622,0,P4_negative,False,False
P019,3,20260622,0,P4_negative,False,False
P019,3,20260622,0,P4_negative,False,False
P029,3,20260622,1,P1_vigil_only,True,True
P029,3,20260622,1,P2_phrase_plus_vigil,True,True
P029,3,20260622,1,P2_phrase_plus_vigil,True,True
P029,3,20260622,1,P2_phrase_plus_vigil,True,True
P029,3,20260622,1,P2_phrase_plus_vigil,True,True
P029,3,20260622,1,P2_phrase_plus_vigil,True,True
P029,3,20260622,1,P2_phrase_plus_vigil,True,True
P029,3,20260622,1,P3_vigil_plus_phrase,True,True
P029,3,20260622,1,P3_vigil_plus_phrase,True,True
P029,3,20260622,1,P3_vigil_plus_phrase,True,True
P029,3,20260622,0,P4_negative,False,False
P029,3,20260622,0,P4_negative,False,False
P029,3,20260622,0,P4_negative,False,False
P029,3,20260622,0,P4_negative,False,False
P029,3,20260622,0,P4_negative,False,False
P029,3,20260622,0,P4_negative,False,False
P029,3,20260622,0,P4_negative,False,False
P029,3,20260622,0,P4_negative,False,False
P029,3,20260622,0,P4_negative,False,False
P029,3,20260622,0,P4_negative,False,False
P029,3,20260622,0,P4_negative,False,False
P029,3,20260622,0,P4_negative,False,False
P029,3,20260622,0,P4_negative,False,False
P029,3,20260622,0,P4_negative,False,False
P029,3,20260622,0,P4_negative,False,False
P008,5,20260622,1,P1_vigil_only,True,True
P008,5,20260622,1,P2_phrase_plus_vigil,True,True
P008,5,20260622,1,P2_phrase_plus_vigil,True,True
P008,5,20260622,1,P2_phrase_plus_vigil,True,True
P008,5,20260622,1,P3_vigil_plus_phrase,True,True
P008,5,20260622,1,P3_vigil_plus_phrase,True,True
P008,5,20260622,0,P4_negative,False,False
P008,5,20260622,0,P4_negative,False,False
P008,5,20260622,0,P4_negative,False,False
P008,5,20260622,0,P4_negative,False,False
P008,5,20260622,0,P4_negative,False,False
P008,5,20260622,0,P4_negative,False,False
P008,5,20260622,0,P4_negative,False,False
P008,5,20260622,0,P4_negative,False,False
P008,5,20260622,0,P4_negative,False,False
P008,5,20260622,0,P4_negative,False,False
P008,5,20260622,0,P4_negative,False,False
P008,5,20260622,0,P4_negative,False,False
P008,5,20260622,0,P4_negative,False,False
P008,5,20260622,0,P4_negative,False,False
P008,5,20260622,0,P4_negative,False,False
P009,5,20260622,1,P1_vigil_only,False,False
P009,5,20260622,1,P2_phrase_plus_vigil,True,True
P009,5,20260622,1,P2_phrase_plus_vigil,True,True
P009,5,20260622,1,P2_phrase_plus_vigil,True,True
P009,5,20260622,1,P3_vigil_plus_phrase,True,True
P009,5,20260622,1,P3_vigil_plus_phrase,True,True
P009,5,20260622,0,P4_negative,False,False
P009,5,20260622,0,P4_negative,False,False
P009,5,20260622,0,P4_negative,False,False
P009,5,20260622,0,P4_negative,False,False
P009,5,20260622,0,P4_negative,False,False
P009,5,20260622,0,P4_negative,False,False
P009,5,20260622,0,P4_negative,False,False
P009,5,20260622,0,P4_negative,False,False
P009,5,20260622,0,P4_negative,False,False
P009,5,20260622,0,P4_negative,False,False
P009,5,20260622,0,P4_negative,True,True
P009,5,20260622,0,P4_negative,True,True
P009,5,20260622,0,P4_negative,True,True
P009,5,20260622,0,P4_negative,False,False
P009,5,20260622,0,P4_negative,True,True
P009,5,20260622,0,P4_negative,False,False
P009,5,20260622,0,P4_negative,False,False
P009,5,20260622,0,P4_negative,False,False
P009,5,20260622,0,P4_negative,True,True
P009,5,20260622,1,P3_vigil_plus_phrase,True,True
P009,5,20260622,1,P3_vigil_plus_phrase,True,True
P009,5,20260622,0,P4_negative,False,False
P014,5,20260622,1,P1_vigil_only,True,True
P014,5,20260622,1,P2_phrase_plus_vigil,True,True
P014,5,20260622,1,P3_vigil_plus_phrase,True,True
P014,5,20260622,1,P3_vigil_plus_phrase,True,True
P014,5,20260622,0,P4_negative,False,False
P014,5,20260622,0,P4_negative,False,False
P014,5,20260622,0,P4_negative,False,False
P014,5,20260622,0,P4_negative,False,False
P014,5,20260622,0,P4_negative,False,False
P019,5,20260622,1,P1_vigil_only,True,True
P019,5,20260622,1,P1_vigil_only,True,True
P019,5,20260622,1,P1_vigil_only,True,True
P019,5,20260622,1,P1_vigil_only,True,True
P019,5,20260622,1,P1_vigil_only,True,True
P019,5,20260622,1,P1_vigil_only,True,True
P019,5,20260622,1,P1_vigil_only,True,True
P019,5,20260622,1,P1_vigil_only,True,True
P019,5,20260622,1,P1_vigil_only,True,True
P019,5,20260622,1,P1_vigil_only,True,True
P019,5,20260622,1,P1_vigil_only,True,True
P019,5,20260622,1,P1_vigil_only,True,True
P019,5,20260622,1,P1_vigil_only,True,True
P019,5,20260622,1,P1_vigil_only,True,True
P019,5,20260622,1,P1_vigil_only,True,True
P019,5,20260622,1,P1_vigil_only,True,True
P019,5,20260622,1,P1_vigil_only,True,True
P019,5,20260622,1,P1_vigil_only,True,True
P019,5,20260622,1,P1_vigil_only,True,True
P019,5,20260622,1,P1_vigil_only,True,True
P019,5,20260622,1,P1_vigil_only,True,True
P019,5,20260622,1,P1_vigil_only,True,True
P019,5,20260622,1,P1_vigil_only,True,True
P019,5,20260622,1,P1_vigil_only,True,True
P019,5,20260622,1,P1_vigil_only,True,True
P019,5,20260622,1,P1_vigil_only,True,True
P019,5,20260622,1,P1_vigil_only,True,True
P019,5,20260622,1,P2_phrase_plus_vigil,True,True
P019,5,20260622,1,P2_phrase_plus_vigil,True,True
P019,5,20260622,1,P2_phrase_plus_vigil,True,True
P019,5,20260622,1,P2_phrase_plus_vigil,True,True
P019,5,20260622,1,P2_phrase_plus_vigil,True,True
P019,5,20260622,1,P2_phrase_plus_vigil,True,True
P019,5,20260622,1,P2_phrase_plus_vigil,True,True
P019,5,20260622,1,P2_phrase_plus_vigil,True,True
P019,5,20260622,1,P2_phrase_plus_vigil,True,True
P019,5,20260622,1,P2_phrase_plus_vigil,True,True
P019,5,20260622,1,P2_phrase_plus_vigil,True,True
P019,5,20260622,1,P2_phrase_plus_vigil,True,True
P019,5,20260622,1,P2_phrase_plus_vigil,True,True
P019,5,20260622,1,P2_phrase_plus_vigil,True,True
P019,5,20260622,1,P2_phrase_plus_vigil,True,True
P019,5,20260622,1,P2_phrase_plus_vigil,True,True
P019,5,20260622,1,P2_phrase_plus_vigil,True,True
P019,5,20260622,1,P2_phrase_plus_vigil,True,True
P019,5,20260622,1,P2_phrase_plus_vigil,True,True
P019,5,20260622,1,P2_phrase_plus_vigil,True,True
P019,5,20260622,1,P2_phrase_plus_vigil,True,True
P019,5,20260622,1,P2_phrase_plus_vigil,True,True
P019,5,20260622,1,P2_phrase_plus_vigil,True,True
P019,5,20260622,1,P2_phrase_plus_vigil,True,True
P019,5,20260622,1,P2_phrase_plus_vigil,True,True
P019,5,20260622,1,P3_vigil_plus_phrase,True,True
P019,5,20260622,1,P3_vigil_plus_phrase,True,True
P019,5,20260622,1,P3_vigil_plus_phrase,True,True
P019,5,20260622,1,P3_vigil_plus_phrase,True,True
P019,5,20260622,1,P3_vigil_plus_phrase,True,True
P019,5,20260622,1,P3_vigil_plus_phrase,True,True
P019,5,20260622,1,P3_vigil_plus_phrase,True,True
P019,5,20260622,1,P3_vigil_plus_phrase,True,True
P019,5,20260622,1,P3_vigil_plus_phrase,True,True
P019,5,20260622,1,P3_vigil_plus_phrase,True,True
P019,5,20260622,1,P3_vigil_plus_phrase,True,True
P019,5,20260622,1,P3_vigil_plus_phrase,True,True
P019,5,20260622,1,P3_vigil_plus_phrase,True,True
P019,5,20260622,0,P4_negative,False,False
P019,5,20260622,0,P4_negative,False,False
P019,5,20260622,0,P4_negative,False,False
P019,5,20260622,0,P4_negative,False,False
P019,5,20260622,0,P4_negative,False,False
P019,5,20260622,0,P4_negative,False,False
P019,5,20260622,0,P4_negative,False,False
P019,5,20260622,0,P4_negative,False,False
P019,5,20260622,0,P4_negative,False,False
P019,5,20260622,0,P4_negative,False,False
P019,5,20260622,0,P4_negative,False,False
P019,5,20260622,0,P4_negative,False,False
P019,5,20260622,0,P4_negative,False,False
P019,5,20260622,0,P4_negative,False,False
P019,5,20260622,0,P4_negative,False,False
P019,5,20260622,0,P4_negative,False,False
P019,5,20260622,0,P4_negative,False,False
P019,5,20260622,0,P4_negative,False,False
P019,5,20260622,0,P4_negative,False,False
P019,5,20260622,0,P4_negative,False,False
P019,5,20260622,0,P4_negative,False,False
P019,5,20260622,0,P4_negative,False,False
P019,5,20260622,0,P4_negative,False,False
P019,5,20260622,0,P4_negative,False,False
P019,5,20260622,0,P4_negative,False,False
P019,5,20260622,0,P4_negative,False,False
P019,5,20260622,0,P4_negative,False,False
P019,5,20260622,0,P4_negative,False,False
P019,5,20260622,0,P4_negative,False,False
P019,5,20260622,0,P4_negative,False,False
P029,5,20260622,1,P1_vigil_only,True,True
P029,5,20260622,1,P2_phrase_plus_vigil,True,True
P029,5,20260622,1,P2_phrase_plus_vigil,True,True
P029,5,20260622,1,P2_phrase_plus_vigil,True,True
P029,5,20260622,1,P2_phrase_plus_vigil,True,True
P029,5,20260622,1,P3_vigil_plus_phrase,True,True
P029,5,20260622,1,P3_vigil_plus_phrase,True,True
P029,5,20260622,1,P3_vigil_plus_phrase,True,True
P029,5,20260622,0,P4_negative,False,False
P029,5,20260622,0,P4_negative,False,False
P029,5,20260622,0,P4_negative,False,False
P029,5,20260622,0,P4_negative,False,False
P029,5,20260622,0,P4_negative,False,False
P029,5,20260622,0,P4_negative,False,False
P029,5,20260622,0,P4_negative,False,False
P029,5,20260622,0,P4_negative,False,False
P029,5,20260622,0,P4_negative,False,False
P029,5,20260622,0,P4_negative,False,False
P029,5,20260622,0,P4_negative,False,False
P029,5,20260622,0,P4_negative,False,False
P029,5,20260622,0,P4_negative,False,False
P029,5,20260622,0,P4_negative,False,False
P029,5,20260622,0,P4_negative,False,False
P008,3,20260623,1,P2_phrase_plus_vigil,True,True
P008,3,20260623,1,P2_phrase_plus_vigil,True,True
P008,3,20260623,1,P2_phrase_plus_vigil,True,True
P008,3,20260623,1,P2_phrase_plus_vigil,True,True
P008,3,20260623,1,P3_vigil_plus_phrase,True,True
P008,3,20260623,1,P3_vigil_plus_phrase,True,True
P008,3,20260623,1,P3_vigil_plus_phrase,True,True
P008,3,20260623,1,P3_vigil_plus_phrase,True,True
P008,3,20260623,0,P4_negative,False,False
P008,3,20260623,0,P4_negative,False,False
P008,3,20260623,0,P4_negative,False,False
P008,3,20260623,0,P4_negative,False,False
P008,3,20260623,0,P4_negative,False,False
P008,3,20260623,0,P4_negative,False,False
P008,3,20260623,0,P4_negative,False,False
P008,3,20260623,0,P4_negative,False,False
P008,3,20260623,0,P4_negative,False,False
P008,3,20260623,0,P4_negative,False,False
P008,3,20260623,0,P4_negative,False,False
P008,3,20260623,0,P4_negative,False,False
P008,3,20260623,0,P4_negative,False,False
P008,3,20260623,0,P4_negative,False,False
P008,3,20260623,0,P4_negative,False,False
P009,3,20260623,1,P2_phrase_plus_vigil,True,True
P009,3,20260623,1,P2_phrase_plus_vigil,True,True
P009,3,20260623,1,P2_phrase_plus_vigil,False,False
P009,3,20260623,1,P2_phrase_plus_vigil,True,True
P009,3,20260623,1,P2_phrase_plus_vigil,True,True
P009,3,20260623,1,P3_vigil_plus_phrase,True,True
P009,3,20260623,1,P3_vigil_plus_phrase,True,True
P009,3,20260623,1,P3_vigil_plus_phrase,True,True
P009,3,20260623,0,P4_negative,False,False
P009,3,20260623,0,P4_negative,False,False
P009,3,20260623,0,P4_negative,False,False
P009,3,20260623,0,P4_negative,False,False
P009,3,20260623,0,P4_negative,False,False
P009,3,20260623,0,P4_negative,False,False
P009,3,20260623,0,P4_negative,False,False
P009,3,20260623,0,P4_negative,False,False
P009,3,20260623,0,P4_negative,False,False
P009,3,20260623,0,P4_negative,False,False
P009,3,20260623,0,P4_negative,True,True
P009,3,20260623,0,P4_negative,True,True
P009,3,20260623,0,P4_negative,True,True
P009,3,20260623,0,P4_negative,False,False
P009,3,20260623,0,P4_negative,True,True
P009,3,20260623,0,P4_negative,False,False
P009,3,20260623,0,P4_negative,False,False
P009,3,20260623,0,P4_negative,False,False
P009,3,20260623,0,P4_negative,True,True
P009,3,20260623,1,P3_vigil_plus_phrase,True,True
P009,3,20260623,1,P3_vigil_plus_phrase,True,True
P009,3,20260623,0,P4_negative,False,False
P014,3,20260623,1,P1_vigil_only,True,True
P014,3,20260623,1,P2_phrase_plus_vigil,True,True
P014,3,20260623,1,P2_phrase_plus_vigil,True,True
P014,3,20260623,1,P3_vigil_plus_phrase,True,True
P014,3,20260623,1,P3_vigil_plus_phrase,True,True
P014,3,20260623,1,P3_vigil_plus_phrase,False,False
P014,3,20260623,0,P4_negative,False,False
P014,3,20260623,0,P4_negative,False,False
P014,3,20260623,0,P4_negative,False,False
P014,3,20260623,0,P4_negative,False,False
P014,3,20260623,0,P4_negative,False,False
P019,3,20260623,1,P1_vigil_only,True,True
P019,3,20260623,1,P1_vigil_only,True,True
P019,3,20260623,1,P1_vigil_only,True,True
P019,3,20260623,1,P1_vigil_only,True,True
P019,3,20260623,1,P1_vigil_only,True,True
P019,3,20260623,1,P1_vigil_only,True,True
P019,3,20260623,1,P1_vigil_only,True,True
P019,3,20260623,1,P1_vigil_only,True,True
P019,3,20260623,1,P1_vigil_only,True,True
P019,3,20260623,1,P1_vigil_only,True,True
P019,3,20260623,1,P1_vigil_only,True,True
P019,3,20260623,1,P1_vigil_only,True,True
P019,3,20260623,1,P1_vigil_only,True,True
P019,3,20260623,1,P1_vigil_only,True,True
P019,3,20260623,1,P1_vigil_only,True,True
P019,3,20260623,1,P1_vigil_only,True,True
P019,3,20260623,1,P1_vigil_only,True,True
P019,3,20260623,1,P1_vigil_only,True,True
P019,3,20260623,1,P1_vigil_only,True,True
P019,3,20260623,1,P1_vigil_only,True,True
P019,3,20260623,1,P1_vigil_only,True,True
P019,3,20260623,1,P1_vigil_only,True,True
P019,3,20260623,1,P1_vigil_only,True,True
P019,3,20260623,1,P1_vigil_only,True,True
P019,3,20260623,1,P1_vigil_only,True,True
P019,3,20260623,1,P1_vigil_only,True,True
P019,3,20260623,1,P1_vigil_only,True,True
P019,3,20260623,1,P1_vigil_only,True,True
P019,3,20260623,1,P2_phrase_plus_vigil,True,True
P019,3,20260623,1,P2_phrase_plus_vigil,True,True
P019,3,20260623,1,P2_phrase_plus_vigil,True,True
P019,3,20260623,1,P2_phrase_plus_vigil,True,True
P019,3,20260623,1,P2_phrase_plus_vigil,True,True
P019,3,20260623,1,P2_phrase_plus_vigil,True,True
P019,3,20260623,1,P2_phrase_plus_vigil,True,True
P019,3,20260623,1,P2_phrase_plus_vigil,True,True
P019,3,20260623,1,P2_phrase_plus_vigil,True,True
P019,3,20260623,1,P2_phrase_plus_vigil,True,True
P019,3,20260623,1,P2_phrase_plus_vigil,True,True
P019,3,20260623,1,P2_phrase_plus_vigil,True,True
P019,3,20260623,1,P2_phrase_plus_vigil,True,True
P019,3,20260623,1,P2_phrase_plus_vigil,True,True
P019,3,20260623,1,P2_phrase_plus_vigil,True,True
P019,3,20260623,1,P2_phrase_plus_vigil,True,True
P019,3,20260623,1,P2_phrase_plus_vigil,True,True
P019,3,20260623,1,P2_phrase_plus_vigil,True,True
P019,3,20260623,1,P2_phrase_plus_vigil,True,True
P019,3,20260623,1,P2_phrase_plus_vigil,True,True
P019,3,20260623,1,P2_phrase_plus_vigil,True,True
P019,3,20260623,1,P2_phrase_plus_vigil,True,True
P019,3,20260623,1,P2_phrase_plus_vigil,True,True
P019,3,20260623,1,P2_phrase_plus_vigil,True,True
P019,3,20260623,1,P2_phrase_plus_vigil,True,True
P019,3,20260623,1,P3_vigil_plus_phrase,True,True
P019,3,20260623,1,P3_vigil_plus_phrase,True,True
P019,3,20260623,1,P3_vigil_plus_phrase,True,True
P019,3,20260623,1,P3_vigil_plus_phrase,True,True
P019,3,20260623,1,P3_vigil_plus_phrase,True,True
P019,3,20260623,1,P3_vigil_plus_phrase,True,True
P019,3,20260623,1,P3_vigil_plus_phrase,True,True
P019,3,20260623,1,P3_vigil_plus_phrase,True,True
P019,3,20260623,1,P3_vigil_plus_phrase,True,True
P019,3,20260623,1,P3_vigil_plus_phrase,True,True
P019,3,20260623,1,P3_vigil_plus_phrase,True,True
P019,3,20260623,1,P3_vigil_plus_phrase,True,True
P019,3,20260623,1,P3_vigil_plus_phrase,True,True
P019,3,20260623,1,P3_vigil_plus_phrase,True,True
P019,3,20260623,0,P4_negative,False,False
P019,3,20260623,0,P4_negative,False,False
P019,3,20260623,0,P4_negative,False,False
P019,3,20260623,0,P4_negative,False,False
P019,3,20260623,0,P4_negative,False,False
P019,3,20260623,0,P4_negative,False,False
P019,3,20260623,0,P4_negative,False,False
P019,3,20260623,0,P4_negative,False,False
P019,3,20260623,0,P4_negative,False,False
P019,3,20260623,0,P4_negative,False,False
P019,3,20260623,0,P4_negative,False,False
P019,3,20260623,0,P4_negative,False,False
P019,3,20260623,0,P4_negative,False,False
P019,3,20260623,0,P4_negative,False,False
P019,3,20260623,0,P4_negative,False,False
P019,3,20260623,0,P4_negative,False,False
P019,3,20260623,0,P4_negative,False,False
P019,3,20260623,0,P4_negative,False,False
P019,3,20260623,0,P4_negative,False,False
P019,3,20260623,0,P4_negative,False,False
P019,3,20260623,0,P4_negative,False,False
P019,3,20260623,0,P4_negative,False,False
P019,3,20260623,0,P4_negative,False,False
P019,3,20260623,0,P4_negative,False,False
P019,3,20260623,0,P4_negative,False,False
P019,3,20260623,0,P4_negative,False,False
P019,3,20260623,0,P4_negative,False,False
P019,3,20260623,0,P4_negative,False,False
P019,3,20260623,0,P4_negative,False,False
P019,3,20260623,0,P4_negative,False,False
P029,3,20260623,1,P1_vigil_only,True,True
P029,3,20260623,1,P1_vigil_only,True,True
P029,3,20260623,1,P2_phrase_plus_vigil,True,True
P029,3,20260623,1,P2_phrase_plus_vigil,True,True
P029,3,20260623,1,P2_phrase_plus_vigil,True,True
P029,3,20260623,1,P2_phrase_plus_vigil,True,True
P029,3,20260623,1,P2_phrase_plus_vigil,True,True
P029,3,20260623,1,P3_vigil_plus_phrase,True,True
P029,3,20260623,1,P3_vigil_plus_phrase,True,True
P029,3,20260623,1,P3_vigil_plus_phrase,True,True
P029,3,20260623,0,P4_negative,False,False
P029,3,20260623,0,P4_negative,False,False
P029,3,20260623,0,P4_negative,False,False
P029,3,20260623,0,P4_negative,False,False
P029,3,20260623,0,P4_negative,False,False
P029,3,20260623,0,P4_negative,False,False
P029,3,20260623,0,P4_negative,False,False
P029,3,20260623,0,P4_negative,False,False
P029,3,20260623,0,P4_negative,False,False
P029,3,20260623,0,P4_negative,False,False
P029,3,20260623,0,P4_negative,False,False
P029,3,20260623,0,P4_negative,False,False
P029,3,20260623,0,P4_negative,False,False
P029,3,20260623,0,P4_negative,False,False
P029,3,20260623,0,P4_negative,False,False
P008,5,20260623,1,P2_phrase_plus_vigil,True,True
P008,5,20260623,1,P2_phrase_plus_vigil,True,True
P008,5,20260623,1,P2_phrase_plus_vigil,True,True
P008,5,20260623,1,P3_vigil_plus_phrase,True,True
P008,5,20260623,1,P3_vigil_plus_phrase,True,True
P008,5,20260623,1,P3_vigil_plus_phrase,True,True
P008,5,20260623,0,P4_negative,False,False
P008,5,20260623,0,P4_negative,False,False
P008,5,20260623,0,P4_negative,False,False
P008,5,20260623,0,P4_negative,False,False
P008,5,20260623,0,P4_negative,False,False
P008,5,20260623,0,P4_negative,False,False
P008,5,20260623,0,P4_negative,False,False
P008,5,20260623,0,P4_negative,False,False
P008,5,20260623,0,P4_negative,False,False
P008,5,20260623,0,P4_negative,False,False
P008,5,20260623,0,P4_negative,False,False
P008,5,20260623,0,P4_negative,False,False
P008,5,20260623,0,P4_negative,False,False
P008,5,20260623,0,P4_negative,False,False
P008,5,20260623,0,P4_negative,False,False
P009,5,20260623,1,P2_phrase_plus_vigil,True,True
P009,5,20260623,1,P2_phrase_plus_vigil,True,True
P009,5,20260623,1,P2_phrase_plus_vigil,False,False
P009,5,20260623,1,P2_phrase_plus_vigil,True,True
P009,5,20260623,1,P3_vigil_plus_phrase,True,True
P009,5,20260623,1,P3_vigil_plus_phrase,True,True
P009,5,20260623,1,P3_vigil_plus_phrase,True,True
P009,5,20260623,0,P4_negative,False,False
P009,5,20260623,0,P4_negative,False,False
P009,5,20260623,0,P4_negative,False,False
P009,5,20260623,0,P4_negative,False,False
P009,5,20260623,0,P4_negative,False,False
P009,5,20260623,0,P4_negative,False,False
P009,5,20260623,0,P4_negative,False,False
P009,5,20260623,0,P4_negative,False,False
P009,5,20260623,0,P4_negative,False,False
P009,5,20260623,0,P4_negative,False,False
P009,5,20260623,0,P4_negative,True,True
P009,5,20260623,0,P4_negative,True,True
P009,5,20260623,0,P4_negative,True,True
P009,5,20260623,0,P4_negative,False,False
P009,5,20260623,0,P4_negative,True,True
P009,5,20260623,0,P4_negative,False,False
P009,5,20260623,0,P4_negative,False,False
P009,5,20260623,0,P4_negative,False,False
P009,5,20260623,0,P4_negative,True,True
P009,5,20260623,1,P3_vigil_plus_phrase,True,True
P009,5,20260623,0,P4_negative,False,False
P014,5,20260623,1,P1_vigil_only,True,True
P014,5,20260623,1,P2_phrase_plus_vigil,True,True
P014,5,20260623,1,P2_phrase_plus_vigil,True,True
P014,5,20260623,1,P3_vigil_plus_phrase,False,False
P014,5,20260623,0,P4_negative,False,False
P014,5,20260623,0,P4_negative,False,False
P014,5,20260623,0,P4_negative,False,False
P014,5,20260623,0,P4_negative,False,False
P014,5,20260623,0,P4_negative,False,False
P019,5,20260623,1,P1_vigil_only,True,True
P019,5,20260623,1,P1_vigil_only,True,True
P019,5,20260623,1,P1_vigil_only,True,True
P019,5,20260623,1,P1_vigil_only,True,True
P019,5,20260623,1,P1_vigil_only,True,True
P019,5,20260623,1,P1_vigil_only,True,True
P019,5,20260623,1,P1_vigil_only,True,True
P019,5,20260623,1,P1_vigil_only,True,True
P019,5,20260623,1,P1_vigil_only,True,True
P019,5,20260623,1,P1_vigil_only,True,True
P019,5,20260623,1,P1_vigil_only,True,True
P019,5,20260623,1,P1_vigil_only,True,True
P019,5,20260623,1,P1_vigil_only,True,True
P019,5,20260623,1,P1_vigil_only,True,True
P019,5,20260623,1,P1_vigil_only,True,True
P019,5,20260623,1,P1_vigil_only,True,True
P019,5,20260623,1,P1_vigil_only,True,True
P019,5,20260623,1,P1_vigil_only,True,True
P019,5,20260623,1,P1_vigil_only,True,True
P019,5,20260623,1,P1_vigil_only,True,True
P019,5,20260623,1,P1_vigil_only,True,True
P019,5,20260623,1,P1_vigil_only,True,True
P019,5,20260623,1,P1_vigil_only,True,True
P019,5,20260623,1,P1_vigil_only,True,True
P019,5,20260623,1,P1_vigil_only,True,True
P019,5,20260623,1,P1_vigil_only,True,True
P019,5,20260623,1,P1_vigil_only,True,True
P019,5,20260623,1,P2_phrase_plus_vigil,True,True
P019,5,20260623,1,P2_phrase_plus_vigil,True,True
P019,5,20260623,1,P2_phrase_plus_vigil,True,True
P019,5,20260623,1,P2_phrase_plus_vigil,True,True
P019,5,20260623,1,P2_phrase_plus_vigil,True,True
P019,5,20260623,1,P2_phrase_plus_vigil,True,True
P019,5,20260623,1,P2_phrase_plus_vigil,True,True
P019,5,20260623,1,P2_phrase_plus_vigil,True,True
P019,5,20260623,1,P2_phrase_plus_vigil,True,True
P019,5,20260623,1,P2_phrase_plus_vigil,True,True
P019,5,20260623,1,P2_phrase_plus_vigil,True,True
P019,5,20260623,1,P2_phrase_plus_vigil,True,True
P019,5,20260623,1,P2_phrase_plus_vigil,True,True
P019,5,20260623,1,P2_phrase_plus_vigil,True,True
P019,5,20260623,1,P2_phrase_plus_vigil,True,True
P019,5,20260623,1,P2_phrase_plus_vigil,True,True
P019,5,20260623,1,P2_phrase_plus_vigil,True,True
P019,5,20260623,1,P2_phrase_plus_vigil,True,True
P019,5,20260623,1,P2_phrase_plus_vigil,True,True
P019,5,20260623,1,P2_phrase_plus_vigil,True,True
P019,5,20260623,1,P2_phrase_plus_vigil,True,True
P019,5,20260623,1,P2_phrase_plus_vigil,True,True
P019,5,20260623,1,P2_phrase_plus_vigil,True,True
P019,5,20260623,1,P2_phrase_plus_vigil,True,True
P019,5,20260623,1,P3_vigil_plus_phrase,True,True
P019,5,20260623,1,P3_vigil_plus_phrase,True,True
P019,5,20260623,1,P3_vigil_plus_phrase,True,True
P019,5,20260623,1,P3_vigil_plus_phrase,True,True
P019,5,20260623,1,P3_vigil_plus_phrase,True,True
P019,5,20260623,1,P3_vigil_plus_phrase,True,True
P019,5,20260623,1,P3_vigil_plus_phrase,True,True
P019,5,20260623,1,P3_vigil_plus_phrase,True,True
P019,5,20260623,1,P3_vigil_plus_phrase,True,True
P019,5,20260623,1,P3_vigil_plus_phrase,True,True
P019,5,20260623,1,P3_vigil_plus_phrase,True,True
P019,5,20260623,1,P3_vigil_plus_phrase,True,True
P019,5,20260623,1,P3_vigil_plus_phrase,True,True
P019,5,20260623,1,P3_vigil_plus_phrase,True,True
P019,5,20260623,0,P4_negative,False,False
P019,5,20260623,0,P4_negative,False,False
P019,5,20260623,0,P4_negative,False,False
P019,5,20260623,0,P4_negative,False,False
P019,5,20260623,0,P4_negative,False,False
P019,5,20260623,0,P4_negative,False,False
P019,5,20260623,0,P4_negative,False,False
P019,5,20260623,0,P4_negative,False,False
P019,5,20260623,0,P4_negative,False,False
P019,5,20260623,0,P4_negative,False,False
P019,5,20260623,0,P4_negative,False,False
P019,5,20260623,0,P4_negative,False,False
P019,5,20260623,0,P4_negative,False,False
P019,5,20260623,0,P4_negative,False,False
P019,5,20260623,0,P4_negative,False,False
P019,5,20260623,0,P4_negative,False,False
P019,5,20260623,0,P4_negative,False,False
P019,5,20260623,0,P4_negative,False,False
P019,5,20260623,0,P4_negative,False,False
P019,5,20260623,0,P4_negative,False,False
P019,5,20260623,0,P4_negative,False,False
P019,5,20260623,0,P4_negative,False,False
P019,5,20260623,0,P4_negative,False,False
P019,5,20260623,0,P4_negative,False,False
P019,5,20260623,0,P4_negative,False,False
P019,5,20260623,0,P4_negative,False,False
P019,5,20260623,0,P4_negative,False,False
P019,5,20260623,0,P4_negative,False,False
P019,5,20260623,0,P4_negative,False,False
P019,5,20260623,0,P4_negative,False,False
P029,5,20260623,1,P1_vigil_only,True,True
P029,5,20260623,1,P1_vigil_only,True,True
P029,5,20260623,1,P2_phrase_plus_vigil,True,True
P029,5,20260623,1,P2_phrase_plus_vigil,True,True
P029,5,20260623,1,P2_phrase_plus_vigil,True,True
P029,5,20260623,1,P2_phrase_plus_vigil,True,True
P029,5,20260623,1,P3_vigil_plus_phrase,True,True
P029,5,20260623,1,P3_vigil_plus_phrase,True,True
P029,5,20260623,0,P4_negative,False,False
P029,5,20260623,0,P4_negative,False,False
P029,5,20260623,0,P4_negative,False,False
P029,5,20260623,0,P4_negative,False,False
P029,5,20260623,0,P4_negative,False,False
P029,5,20260623,0,P4_negative,False,False
P029,5,20260623,0,P4_negative,False,False
P029,5,20260623,0,P4_negative,False,False
P029,5,20260623,0,P4_negative,False,False
P029,5,20260623,0,P4_negative,False,False
P029,5,20260623,0,P4_negative,False,False
P029,5,20260623,0,P4_negative,False,False
P029,5,20260623,0,P4_negative,False,False
P029,5,20260623,0,P4_negative,False,False
P029,5,20260623,0,P4_negative,False,False
P008,3,20260624,1,P1_vigil_only,True,True
P008,3,20260624,1,P2_phrase_plus_vigil,True,True
P008,3,20260624,1,P2_phrase_plus_vigil,True,True
P008,3,20260624,1,P2_phrase_plus_vigil,True,True
P008,3,20260624,1,P2_phrase_plus_vigil,True,True
P008,3,20260624,1,P3_vigil_plus_phrase,True,True
P008,3,20260624,1,P3_vigil_plus_phrase,True,True
P008,3,20260624,1,P3_vigil_plus_phrase,True,True
P008,3,20260624,0,P4_negative,False,False
P008,3,20260624,0,P4_negative,False,False
P008,3,20260624,0,P4_negative,False,False
P008,3,20260624,0,P4_negative,False,False
P008,3,20260624,0,P4_negative,False,False
P008,3,20260624,0,P4_negative,False,False
P008,3,20260624,0,P4_negative,False,False
P008,3,20260624,0,P4_negative,False,False
P008,3,20260624,0,P4_negative,False,False
P008,3,20260624,0,P4_negative,False,False
P008,3,20260624,0,P4_negative,False,False
P008,3,20260624,0,P4_negative,False,False
P008,3,20260624,0,P4_negative,False,False
P008,3,20260624,0,P4_negative,False,False
P008,3,20260624,0,P4_negative,False,False
P009,3,20260624,1,P1_vigil_only,False,False
P009,3,20260624,1,P2_phrase_plus_vigil,True,True
P009,3,20260624,1,P2_phrase_plus_vigil,True,True
P009,3,20260624,1,P2_phrase_plus_vigil,False,False
P009,3,20260624,1,P2_phrase_plus_vigil,True,True
P009,3,20260624,1,P3_vigil_plus_phrase,True,True
P009,3,20260624,1,P3_vigil_plus_phrase,True,True
P009,3,20260624,1,P3_vigil_plus_phrase,True,True
P009,3,20260624,0,P4_negative,False,False
P009,3,20260624,0,P4_negative,False,False
P009,3,20260624,0,P4_negative,False,False
P009,3,20260624,0,P4_negative,False,False
P009,3,20260624,0,P4_negative,False,False
P009,3,20260624,0,P4_negative,False,False
P009,3,20260624,0,P4_negative,False,False
P009,3,20260624,0,P4_negative,False,False
P009,3,20260624,0,P4_negative,False,False
P009,3,20260624,0,P4_negative,False,False
P009,3,20260624,0,P4_negative,True,True
P009,3,20260624,0,P4_negative,True,True
P009,3,20260624,0,P4_negative,True,True
P009,3,20260624,0,P4_negative,False,False
P009,3,20260624,0,P4_negative,True,True
P009,3,20260624,0,P4_negative,False,False
P009,3,20260624,0,P4_negative,False,False
P009,3,20260624,0,P4_negative,False,False
P009,3,20260624,0,P4_negative,True,True
P009,3,20260624,1,P3_vigil_plus_phrase,True,True
P009,3,20260624,1,P3_vigil_plus_phrase,True,True
P009,3,20260624,0,P4_negative,False,False
P014,3,20260624,1,P1_vigil_only,True,True
P014,3,20260624,1,P1_vigil_only,True,True
P014,3,20260624,1,P2_phrase_plus_vigil,True,True
P014,3,20260624,1,P2_phrase_plus_vigil,True,True
P014,3,20260624,1,P2_phrase_plus_vigil,True,True
P014,3,20260624,1,P3_vigil_plus_phrase,True,True
P014,3,20260624,0,P4_negative,False,False
P014,3,20260624,0,P4_negative,False,False
P014,3,20260624,0,P4_negative,False,False
P014,3,20260624,0,P4_negative,False,False
P014,3,20260624,0,P4_negative,False,False
P019,3,20260624,1,P1_vigil_only,True,True
P019,3,20260624,1,P1_vigil_only,True,True
P019,3,20260624,1,P1_vigil_only,True,True
P019,3,20260624,1,P1_vigil_only,True,True
P019,3,20260624,1,P1_vigil_only,True,True
P019,3,20260624,1,P1_vigil_only,True,True
P019,3,20260624,1,P1_vigil_only,True,True
P019,3,20260624,1,P1_vigil_only,True,True
P019,3,20260624,1,P1_vigil_only,True,True
P019,3,20260624,1,P1_vigil_only,True,True
P019,3,20260624,1,P1_vigil_only,True,True
P019,3,20260624,1,P1_vigil_only,True,True
P019,3,20260624,1,P1_vigil_only,True,True
P019,3,20260624,1,P1_vigil_only,True,True
P019,3,20260624,1,P1_vigil_only,True,True
P019,3,20260624,1,P1_vigil_only,True,True
P019,3,20260624,1,P1_vigil_only,True,True
P019,3,20260624,1,P1_vigil_only,True,True
P019,3,20260624,1,P1_vigil_only,True,True
P019,3,20260624,1,P1_vigil_only,True,True
P019,3,20260624,1,P1_vigil_only,True,True
P019,3,20260624,1,P1_vigil_only,True,True
P019,3,20260624,1,P1_vigil_only,True,True
P019,3,20260624,1,P1_vigil_only,True,True
P019,3,20260624,1,P1_vigil_only,True,True
P019,3,20260624,1,P1_vigil_only,True,True
P019,3,20260624,1,P1_vigil_only,True,True
P019,3,20260624,1,P1_vigil_only,True,True
P019,3,20260624,1,P1_vigil_only,True,True
P019,3,20260624,1,P2_phrase_plus_vigil,True,True
P019,3,20260624,1,P2_phrase_plus_vigil,True,True
P019,3,20260624,1,P2_phrase_plus_vigil,True,True
P019,3,20260624,1,P2_phrase_plus_vigil,True,True
P019,3,20260624,1,P2_phrase_plus_vigil,True,True
P019,3,20260624,1,P2_phrase_plus_vigil,True,True
P019,3,20260624,1,P2_phrase_plus_vigil,True,True
P019,3,20260624,1,P2_phrase_plus_vigil,True,True
P019,3,20260624,1,P2_phrase_plus_vigil,True,True
P019,3,20260624,1,P2_phrase_plus_vigil,True,True
P019,3,20260624,1,P2_phrase_plus_vigil,True,True
P019,3,20260624,1,P2_phrase_plus_vigil,True,True
P019,3,20260624,1,P2_phrase_plus_vigil,True,True
P019,3,20260624,1,P2_phrase_plus_vigil,True,True
P019,3,20260624,1,P2_phrase_plus_vigil,True,True
P019,3,20260624,1,P2_phrase_plus_vigil,True,True
P019,3,20260624,1,P2_phrase_plus_vigil,True,True
P019,3,20260624,1,P2_phrase_plus_vigil,True,True
P019,3,20260624,1,P2_phrase_plus_vigil,True,True
P019,3,20260624,1,P2_phrase_plus_vigil,True,True
P019,3,20260624,1,P2_phrase_plus_vigil,True,True
P019,3,20260624,1,P2_phrase_plus_vigil,True,True
P019,3,20260624,1,P2_phrase_plus_vigil,True,True
P019,3,20260624,1,P2_phrase_plus_vigil,True,True
P019,3,20260624,1,P2_phrase_plus_vigil,True,True
P019,3,20260624,1,P3_vigil_plus_phrase,True,True
P019,3,20260624,1,P3_vigil_plus_phrase,True,True
P019,3,20260624,1,P3_vigil_plus_phrase,True,True
P019,3,20260624,1,P3_vigil_plus_phrase,True,True
P019,3,20260624,1,P3_vigil_plus_phrase,True,True
P019,3,20260624,1,P3_vigil_plus_phrase,True,True
P019,3,20260624,1,P3_vigil_plus_phrase,True,True
P019,3,20260624,1,P3_vigil_plus_phrase,True,True
P019,3,20260624,1,P3_vigil_plus_phrase,True,True
P019,3,20260624,1,P3_vigil_plus_phrase,True,True
P019,3,20260624,1,P3_vigil_plus_phrase,True,True
P019,3,20260624,1,P3_vigil_plus_phrase,True,True
P019,3,20260624,1,P3_vigil_plus_phrase,True,True
P019,3,20260624,0,P4_negative,False,False
P019,3,20260624,0,P4_negative,False,False
P019,3,20260624,0,P4_negative,False,False
P019,3,20260624,0,P4_negative,False,False
P019,3,20260624,0,P4_negative,False,False
P019,3,20260624,0,P4_negative,False,False
P019,3,20260624,0,P4_negative,False,False
P019,3,20260624,0,P4_negative,False,False
P019,3,20260624,0,P4_negative,False,False
P019,3,20260624,0,P4_negative,False,False
P019,3,20260624,0,P4_negative,False,False
P019,3,20260624,0,P4_negative,False,False
P019,3,20260624,0,P4_negative,False,False
P019,3,20260624,0,P4_negative,False,False
P019,3,20260624,0,P4_negative,False,False
P019,3,20260624,0,P4_negative,False,False
P019,3,20260624,0,P4_negative,False,False
P019,3,20260624,0,P4_negative,False,False
P019,3,20260624,0,P4_negative,False,False
P019,3,20260624,0,P4_negative,False,False
P019,3,20260624,0,P4_negative,False,False
P019,3,20260624,0,P4_negative,False,False
P019,3,20260624,0,P4_negative,False,False
P019,3,20260624,0,P4_negative,False,False
P019,3,20260624,0,P4_negative,False,False
P019,3,20260624,0,P4_negative,False,False
P019,3,20260624,0,P4_negative,False,False
P019,3,20260624,0,P4_negative,False,False
P019,3,20260624,0,P4_negative,False,False
P019,3,20260624,0,P4_negative,False,False
P029,3,20260624,1,P1_vigil_only,True,True
P029,3,20260624,1,P1_vigil_only,True,True
P029,3,20260624,1,P1_vigil_only,True,True
P029,3,20260624,1,P2_phrase_plus_vigil,True,True
P029,3,20260624,1,P2_phrase_plus_vigil,True,True
P029,3,20260624,1,P2_phrase_plus_vigil,True,True
P029,3,20260624,1,P3_vigil_plus_phrase,True,True
P029,3,20260624,1,P3_vigil_plus_phrase,True,True
P029,3,20260624,1,P3_vigil_plus_phrase,True,True
P029,3,20260624,1,P3_vigil_plus_phrase,True,True
P029,3,20260624,0,P4_negative,False,False
P029,3,20260624,0,P4_negative,False,False
P029,3,20260624,0,P4_negative,False,False
P029,3,20260624,0,P4_negative,False,False
P029,3,20260624,0,P4_negative,False,False
P029,3,20260624,0,P4_negative,False,False
P029,3,20260624,0,P4_negative,False,False
P029,3,20260624,0,P4_negative,False,False
P029,3,20260624,0,P4_negative,False,False
P029,3,20260624,0,P4_negative,False,False
P029,3,20260624,0,P4_negative,False,False
P029,3,20260624,0,P4_negative,False,False
P029,3,20260624,0,P4_negative,False,False
P029,3,20260624,0,P4_negative,False,False
P029,3,20260624,0,P4_negative,False,False
P008,5,20260624,1,P1_vigil_only,True,True
P008,5,20260624,1,P2_phrase_plus_vigil,True,True
P008,5,20260624,1,P2_phrase_plus_vigil,True,True
P008,5,20260624,1,P2_phrase_plus_vigil,True,True
P008,5,20260624,1,P3_vigil_plus_phrase,True,True
P008,5,20260624,1,P3_vigil_plus_phrase,True,True
P008,5,20260624,0,P4_negative,False,False
P008,5,20260624,0,P4_negative,False,False
P008,5,20260624,0,P4_negative,False,False
P008,5,20260624,0,P4_negative,False,False
P008,5,20260624,0,P4_negative,False,False
P008,5,20260624,0,P4_negative,False,False
P008,5,20260624,0,P4_negative,False,False
P008,5,20260624,0,P4_negative,False,False
P008,5,20260624,0,P4_negative,False,False
P008,5,20260624,0,P4_negative,False,False
P008,5,20260624,0,P4_negative,False,False
P008,5,20260624,0,P4_negative,False,False
P008,5,20260624,0,P4_negative,False,False
P008,5,20260624,0,P4_negative,False,False
P008,5,20260624,0,P4_negative,False,False
P009,5,20260624,1,P2_phrase_plus_vigil,True,True
P009,5,20260624,1,P2_phrase_plus_vigil,False,False
P009,5,20260624,1,P2_phrase_plus_vigil,True,True
P009,5,20260624,1,P3_vigil_plus_phrase,True,True
P009,5,20260624,1,P3_vigil_plus_phrase,True,True
P009,5,20260624,1,P3_vigil_plus_phrase,True,True
P009,5,20260624,0,P4_negative,False,False
P009,5,20260624,0,P4_negative,False,False
P009,5,20260624,0,P4_negative,False,False
P009,5,20260624,0,P4_negative,False,False
P009,5,20260624,0,P4_negative,False,False
P009,5,20260624,0,P4_negative,False,False
P009,5,20260624,0,P4_negative,False,False
P009,5,20260624,0,P4_negative,False,False
P009,5,20260624,0,P4_negative,False,False
P009,5,20260624,0,P4_negative,False,False
P009,5,20260624,0,P4_negative,True,True
P009,5,20260624,0,P4_negative,True,True
P009,5,20260624,0,P4_negative,True,True
P009,5,20260624,0,P4_negative,False,False
P009,5,20260624,0,P4_negative,True,True
P009,5,20260624,0,P4_negative,False,False
P009,5,20260624,0,P4_negative,False,False
P009,5,20260624,0,P4_negative,False,False
P009,5,20260624,0,P4_negative,True,True
P009,5,20260624,1,P3_vigil_plus_phrase,True,True
P009,5,20260624,1,P3_vigil_plus_phrase,True,True
P009,5,20260624,0,P4_negative,False,False
P014,5,20260624,1,P2_phrase_plus_vigil,True,True
P014,5,20260624,1,P2_phrase_plus_vigil,True,True
P014,5,20260624,1,P2_phrase_plus_vigil,True,True
P014,5,20260624,1,P3_vigil_plus_phrase,True,True
P014,5,20260624,0,P4_negative,False,False
P014,5,20260624,0,P4_negative,False,False
P014,5,20260624,0,P4_negative,False,False
P014,5,20260624,0,P4_negative,False,False
P014,5,20260624,0,P4_negative,False,False
P019,5,20260624,1,P1_vigil_only,True,True
P019,5,20260624,1,P1_vigil_only,True,True
P019,5,20260624,1,P1_vigil_only,True,True
P019,5,20260624,1,P1_vigil_only,True,True
P019,5,20260624,1,P1_vigil_only,True,True
P019,5,20260624,1,P1_vigil_only,True,True
P019,5,20260624,1,P1_vigil_only,True,True
P019,5,20260624,1,P1_vigil_only,True,True
P019,5,20260624,1,P1_vigil_only,True,True
P019,5,20260624,1,P1_vigil_only,True,True
P019,5,20260624,1,P1_vigil_only,True,True
P019,5,20260624,1,P1_vigil_only,True,True
P019,5,20260624,1,P1_vigil_only,True,True
P019,5,20260624,1,P1_vigil_only,True,True
P019,5,20260624,1,P1_vigil_only,True,True
P019,5,20260624,1,P1_vigil_only,True,True
P019,5,20260624,1,P1_vigil_only,True,True
P019,5,20260624,1,P1_vigil_only,True,True
P019,5,20260624,1,P1_vigil_only,True,True
P019,5,20260624,1,P1_vigil_only,True,True
P019,5,20260624,1,P1_vigil_only,True,True
P019,5,20260624,1,P1_vigil_only,True,True
P019,5,20260624,1,P1_vigil_only,True,True
P019,5,20260624,1,P1_vigil_only,True,True
P019,5,20260624,1,P1_vigil_only,True,True
P019,5,20260624,1,P1_vigil_only,True,True
P019,5,20260624,1,P1_vigil_only,True,True
P019,5,20260624,1,P2_phrase_plus_vigil,True,True
P019,5,20260624,1,P2_phrase_plus_vigil,True,True
P019,5,20260624,1,P2_phrase_plus_vigil,True,True
P019,5,20260624,1,P2_phrase_plus_vigil,True,True
P019,5,20260624,1,P2_phrase_plus_vigil,True,True
P019,5,20260624,1,P2_phrase_plus_vigil,True,True
P019,5,20260624,1,P2_phrase_plus_vigil,True,True
P019,5,20260624,1,P2_phrase_plus_vigil,True,True
P019,5,20260624,1,P2_phrase_plus_vigil,True,True
P019,5,20260624,1,P2_phrase_plus_vigil,True,True
P019,5,20260624,1,P2_phrase_plus_vigil,True,True
P019,5,20260624,1,P2_phrase_plus_vigil,True,True
P019,5,20260624,1,P2_phrase_plus_vigil,True,True
P019,5,20260624,1,P2_phrase_plus_vigil,True,True
P019,5,20260624,1,P2_phrase_plus_vigil,True,True
P019,5,20260624,1,P2_phrase_plus_vigil,True,True
P019,5,20260624,1,P2_phrase_plus_vigil,True,True
P019,5,20260624,1,P2_phrase_plus_vigil,True,True
P019,5,20260624,1,P2_phrase_plus_vigil,True,True
P019,5,20260624,1,P2_phrase_plus_vigil,True,True
P019,5,20260624,1,P2_phrase_plus_vigil,True,True
P019,5,20260624,1,P2_phrase_plus_vigil,True,True
P019,5,20260624,1,P2_phrase_plus_vigil,True,True
P019,5,20260624,1,P2_phrase_plus_vigil,True,True
P019,5,20260624,1,P2_phrase_plus_vigil,True,True
P019,5,20260624,1,P3_vigil_plus_phrase,True,True
P019,5,20260624,1,P3_vigil_plus_phrase,True,True
P019,5,20260624,1,P3_vigil_plus_phrase,True,True
P019,5,20260624,1,P3_vigil_plus_phrase,True,True
P019,5,20260624,1,P3_vigil_plus_phrase,True,True
P019,5,20260624,1,P3_vigil_plus_phrase,True,True
P019,5,20260624,1,P3_vigil_plus_phrase,True,True
P019,5,20260624,1,P3_vigil_plus_phrase,True,True
P019,5,20260624,1,P3_vigil_plus_phrase,True,True
P019,5,20260624,1,P3_vigil_plus_phrase,True,True
P019,5,20260624,1,P3_vigil_plus_phrase,True,True
P019,5,20260624,1,P3_vigil_plus_phrase,True,True
P019,5,20260624,1,P3_vigil_plus_phrase,True,True
P019,5,20260624,0,P4_negative,False,False
P019,5,20260624,0,P4_negative,False,False
P019,5,20260624,0,P4_negative,False,False
P019,5,20260624,0,P4_negative,False,False
P019,5,20260624,0,P4_negative,False,False
P019,5,20260624,0,P4_negative,False,False
P019,5,20260624,0,P4_negative,False,False
P019,5,20260624,0,P4_negative,False,False
P019,5,20260624,0,P4_negative,False,False
P019,5,20260624,0,P4_negative,False,False
P019,5,20260624,0,P4_negative,False,False
P019,5,20260624,0,P4_negative,False,False
P019,5,20260624,0,P4_negative,False,False
P019,5,20260624,0,P4_negative,False,False
P019,5,20260624,0,P4_negative,False,False
P019,5,20260624,0,P4_negative,False,False
P019,5,20260624,0,P4_negative,False,False
P019,5,20260624,0,P4_negative,False,False
P019,5,20260624,0,P4_negative,False,False
P019,5,20260624,0,P4_negative,False,False
P019,5,20260624,0,P4_negative,False,False
P019,5,20260624,0,P4_negative,False,False
P019,5,20260624,0,P4_negative,False,False
P019,5,20260624,0,P4_negative,False,False
P019,5,20260624,0,P4_negative,False,False
P019,5,20260624,0,P4_negative,False,False
P019,5,20260624,0,P4_negative,False,False
P019,5,20260624,0,P4_negative,False,False
P019,5,20260624,0,P4_negative,False,False
P019,5,20260624,0,P4_negative,False,False
P029,5,20260624,1,P1_vigil_only,True,True
P029,5,20260624,1,P2_phrase_plus_vigil,True,True
P029,5,20260624,1,P2_phrase_plus_vigil,True,True
P029,5,20260624,1,P2_phrase_plus_vigil,True,True
P029,5,20260624,1,P3_vigil_plus_phrase,True,True
P029,5,20260624,1,P3_vigil_plus_phrase,True,True
P029,5,20260624,1,P3_vigil_plus_phrase,True,True
P029,5,20260624,1,P3_vigil_plus_phrase,True,True
P029,5,20260624,0,P4_negative,False,False
P029,5,20260624,0,P4_negative,False,False
P029,5,20260624,0,P4_negative,False,False
P029,5,20260624,0,P4_negative,False,False
P029,5,20260624,0,P4_negative,False,False
P029,5,20260624,0,P4_negative,False,False
P029,5,20260624,0,P4_negative,False,False
P029,5,20260624,0,P4_negative,False,False
P029,5,20260624,0,P4_negative,False,False
P029,5,20260624,0,P4_negative,False,False
P029,5,20260624,0,P4_negative,False,False
P029,5,20260624,0,P4_negative,False,False
P029,5,20260624,0,P4_negative,False,False
P029,5,20260624,0,P4_negative,False,False
P029,5,20260624,0,P4_negative,False,False
P006,3,20260620,1,P1_vigil_only,True,True
P006,3,20260620,1,P1_vigil_only,True,True
P006,3,20260620,1,P1_vigil_only,True,True
P006,3,20260620,1,P2_phrase_plus_vigil,True,True
P006,3,20260620,1,P2_phrase_plus_vigil,True,True
P006,3,20260620,1,P2_phrase_plus_vigil,True,True
P006,3,20260620,1,P2_phrase_plus_vigil,True,True
P006,3,20260620,1,P2_phrase_plus_vigil,True,True
P006,3,20260620,1,P3_vigil_plus_phrase,True,True
P006,3,20260620,1,P3_vigil_plus_phrase,True,True
P006,3,20260620,0,P4_negative,False,False
P006,3,20260620,0,P4_negative,False,False
P006,3,20260620,0,P4_negative,False,False
P006,3,20260620,0,P4_negative,False,False
P006,3,20260620,0,P4_negative,False,False
P006,3,20260620,0,P4_negative,False,False
P006,3,20260620,0,P4_negative,False,False
P006,3,20260620,0,P4_negative,False,False
P006,3,20260620,0,P4_negative,False,False
P006,3,20260620,0,P4_negative,False,False
P006,3,20260620,0,P4_negative,False,False
P006,3,20260620,0,P4_negative,False,False
P006,3,20260620,0,P4_negative,False,False
P006,3,20260620,0,P4_negative,False,False
P006,3,20260620,0,P4_negative,False,False
P006,3,20260620,1,P3_vigil_plus_phrase,True,True
P006,3,20260620,1,P3_vigil_plus_phrase,True,True
P011,3,20260620,1,P1_vigil_only,True,True
P011,3,20260620,1,P1_vigil_only,True,True
P011,3,20260620,1,P2_phrase_plus_vigil,True,True
P011,3,20260620,1,P2_phrase_plus_vigil,True,True
P011,3,20260620,1,P2_phrase_plus_vigil,True,True
P011,3,20260620,1,P2_phrase_plus_vigil,True,True
P011,3,20260620,1,P2_phrase_plus_vigil,True,True
P011,3,20260620,1,P2_phrase_plus_vigil,True,True
P011,3,20260620,1,P2_phrase_plus_vigil,True,True
P011,3,20260620,1,P2_phrase_plus_vigil,True,True
P011,3,20260620,1,P2_phrase_plus_vigil,True,True
P011,3,20260620,1,P2_phrase_plus_vigil,True,True
P011,3,20260620,1,P2_phrase_plus_vigil,True,True
P011,3,20260620,1,P2_phrase_plus_vigil,True,True
P011,3,20260620,1,P2_phrase_plus_vigil,True,True
P011,3,20260620,1,P2_phrase_plus_vigil,True,True
P011,3,20260620,1,P2_phrase_plus_vigil,True,True
P011,3,20260620,1,P2_phrase_plus_vigil,True,True
P011,3,20260620,1,P2_phrase_plus_vigil,True,True
P011,3,20260620,1,P2_phrase_plus_vigil,True,True
P011,3,20260620,1,P2_phrase_plus_vigil,True,True
P011,3,20260620,1,P2_phrase_plus_vigil,True,True
P011,3,20260620,1,P2_phrase_plus_vigil,True,True
P011,3,20260620,1,P2_phrase_plus_vigil,True,True
P011,3,20260620,1,P2_phrase_plus_vigil,True,True
P011,3,20260620,1,P2_phrase_plus_vigil,True,True
P011,3,20260620,1,P2_phrase_plus_vigil,True,True
P011,3,20260620,1,P2_phrase_plus_vigil,True,True
P011,3,20260620,1,P2_phrase_plus_vigil,True,True
P011,3,20260620,1,P2_phrase_plus_vigil,True,True
P011,3,20260620,1,P2_phrase_plus_vigil,True,True
P011,3,20260620,1,P2_phrase_plus_vigil,True,True
P011,3,20260620,1,P2_phrase_plus_vigil,True,True
P011,3,20260620,1,P2_phrase_plus_vigil,True,True
P011,3,20260620,1,P2_phrase_plus_vigil,True,True
P011,3,20260620,1,P2_phrase_plus_vigil,True,True
P011,3,20260620,1,P1_vigil_only,True,True
P011,3,20260620,1,P1_vigil_only,True,True
P011,3,20260620,1,P1_vigil_only,True,True
P011,3,20260620,1,P1_vigil_only,True,True
P011,3,20260620,1,P3_vigil_plus_phrase,True,True
P011,3,20260620,1,P3_vigil_plus_phrase,True,True
P011,3,20260620,1,P3_vigil_plus_phrase,True,True
P011,3,20260620,1,P3_vigil_plus_phrase,True,True
P011,3,20260620,1,P3_vigil_plus_phrase,True,True
P011,3,20260620,1,P3_vigil_plus_phrase,True,True
P011,3,20260620,1,P3_vigil_plus_phrase,True,True
P011,3,20260620,1,P3_vigil_plus_phrase,True,True
P011,3,20260620,1,P3_vigil_plus_phrase,True,True
P011,3,20260620,1,P3_vigil_plus_phrase,True,True
P011,3,20260620,1,P3_vigil_plus_phrase,True,True
P011,3,20260620,1,P3_vigil_plus_phrase,True,True
P011,3,20260620,1,P3_vigil_plus_phrase,True,True
P011,3,20260620,1,P3_vigil_plus_phrase,True,True
P011,3,20260620,1,P3_vigil_plus_phrase,True,True
P011,3,20260620,1,P3_vigil_plus_phrase,False,False
P011,3,20260620,1,P3_vigil_plus_phrase,True,True
P011,3,20260620,1,P3_vigil_plus_phrase,True,True
P011,3,20260620,1,P3_vigil_plus_phrase,True,True
P011,3,20260620,1,P3_vigil_plus_phrase,True,True
P011,3,20260620,1,P3_vigil_plus_phrase,True,True
P011,3,20260620,0,P4_negative,False,False
P011,3,20260620,0,P4_negative,False,False
P011,3,20260620,0,P4_negative,False,False
P011,3,20260620,0,P4_negative,False,False
P011,3,20260620,0,P4_negative,False,False
P011,3,20260620,0,P4_negative,False,False
P011,3,20260620,0,P4_negative,False,False
P011,3,20260620,0,P4_negative,False,False
P011,3,20260620,0,P4_negative,False,False
P011,3,20260620,0,P4_negative,False,False
P011,3,20260620,0,P4_negative,False,False
P011,3,20260620,0,P4_negative,False,False
P011,3,20260620,0,P4_negative,False,False
P011,3,20260620,0,P4_negative,False,False
P011,3,20260620,0,P4_negative,False,False
P011,3,20260620,0,P4_negative,False,False
P011,3,20260620,0,P4_negative,False,False
P011,3,20260620,0,P4_negative,False,False
P011,3,20260620,0,P4_negative,True,True
P011,3,20260620,0,P4_negative,False,False
P011,3,20260620,0,P4_negative,False,False
P011,3,20260620,0,P4_negative,False,False
P011,3,20260620,0,P4_negative,False,False
P011,3,20260620,0,P4_negative,False,False
P011,3,20260620,0,P4_negative,False,False
P011,3,20260620,0,P4_negative,False,False
P011,3,20260620,0,P4_negative,False,False
P011,3,20260620,0,P4_negative,False,False
P011,3,20260620,0,P4_negative,False,False
P011,3,20260620,0,P4_negative,False,False
P011,3,20260620,0,P4_negative,False,False
P011,3,20260620,0,P4_negative,False,False
P011,3,20260620,0,P4_negative,False,False
P011,3,20260620,0,P4_negative,False,False
P011,3,20260620,0,P4_negative,False,False
P011,3,20260620,0,P4_negative,False,False
P013,3,20260620,1,P1_vigil_only,True,True
P013,3,20260620,1,P1_vigil_only,True,True
P013,3,20260620,1,P1_vigil_only,True,True
P013,3,20260620,1,P3_vigil_plus_phrase,True,True
P013,3,20260620,1,P3_vigil_plus_phrase,True,True
P013,3,20260620,1,P3_vigil_plus_phrase,True,True
P013,3,20260620,1,P3_vigil_plus_phrase,True,True
P013,3,20260620,1,P3_vigil_plus_phrase,True,True
P013,3,20260620,1,P3_vigil_plus_phrase,True,True
P013,3,20260620,1,P2_phrase_plus_vigil,True,True
P013,3,20260620,1,P2_phrase_plus_vigil,True,True
P013,3,20260620,1,P2_phrase_plus_vigil,True,True
P013,3,20260620,1,P2_phrase_plus_vigil,True,True
P013,3,20260620,1,P2_phrase_plus_vigil,True,True
P013,3,20260620,1,P2_phrase_plus_vigil,True,True
P013,3,20260620,1,P2_phrase_plus_vigil,True,True
P013,3,20260620,0,P4_negative,False,False
P013,3,20260620,0,P4_negative,False,False
P013,3,20260620,0,P4_negative,False,False
P013,3,20260620,0,P4_negative,False,False
P013,3,20260620,0,P4_negative,False,False
P013,3,20260620,0,P4_negative,False,False
P013,3,20260620,0,P4_negative,False,False
P013,3,20260620,0,P4_negative,False,False
P013,3,20260620,0,P4_negative,False,False
P013,3,20260620,0,P4_negative,False,False
P013,3,20260620,0,P4_negative,False,False
P013,3,20260620,0,P4_negative,False,False
P013,3,20260620,0,P4_negative,False,False
P013,3,20260620,0,P4_negative,False,False
P021,3,20260620,1,P1_vigil_only,True,True
P021,3,20260620,1,P1_vigil_only,True,True
P021,3,20260620,1,P2_phrase_plus_vigil,True,True
P021,3,20260620,1,P2_phrase_plus_vigil,True,True
P021,3,20260620,1,P2_phrase_plus_vigil,True,True
P021,3,20260620,1,P2_phrase_plus_vigil,True,True
P021,3,20260620,1,P2_phrase_plus_vigil,True,True
P021,3,20260620,1,P3_vigil_plus_phrase,True,True
P021,3,20260620,1,P3_vigil_plus_phrase,True,True
P021,3,20260620,0,P4_negative,False,False
P021,3,20260620,0,P4_negative,False,False
P021,3,20260620,0,P4_negative,False,False
P027,3,20260620,1,P1_vigil_only,False,False
P027,3,20260620,1,P2_phrase_plus_vigil,True,True
P027,3,20260620,1,P2_phrase_plus_vigil,True,False
P027,3,20260620,1,P2_phrase_plus_vigil,True,False
P027,3,20260620,1,P2_phrase_plus_vigil,True,False
P027,3,20260620,1,P3_vigil_plus_phrase,True,False
P027,3,20260620,1,P3_vigil_plus_phrase,True,False
P027,3,20260620,1,P3_vigil_plus_phrase,True,True
P027,3,20260620,0,P4_negative,False,False
P027,3,20260620,0,P4_negative,False,False
P027,3,20260620,0,P4_negative,False,False
P027,3,20260620,0,P4_negative,False,False
P027,3,20260620,0,P4_negative,False,False
P027,3,20260620,0,P4_negative,False,False
P027,3,20260620,0,P4_negative,False,False
P027,3,20260620,0,P4_negative,False,False
P027,3,20260620,0,P4_negative,False,False
P027,3,20260620,0,P4_negative,False,False
P027,3,20260620,0,P4_negative,False,False
P027,3,20260620,0,P4_negative,False,False
P027,3,20260620,0,P4_negative,False,False
P027,3,20260620,0,P4_negative,False,False
P027,3,20260620,0,P4_negative,False,False
P006,5,20260620,1,P1_vigil_only,True,True
P006,5,20260620,1,P1_vigil_only,True,True
P006,5,20260620,1,P2_phrase_plus_vigil,True,True
P006,5,20260620,1,P2_phrase_plus_vigil,True,True
P006,5,20260620,1,P2_phrase_plus_vigil,True,True
P006,5,20260620,1,P2_phrase_plus_vigil,True,True
P006,5,20260620,1,P3_vigil_plus_phrase,True,True
P006,5,20260620,1,P3_vigil_plus_phrase,True,True
P006,5,20260620,0,P4_negative,False,False
P006,5,20260620,0,P4_negative,False,False
P006,5,20260620,0,P4_negative,False,False
P006,5,20260620,0,P4_negative,False,False
P006,5,20260620,0,P4_negative,False,False
P006,5,20260620,0,P4_negative,False,False
P006,5,20260620,0,P4_negative,False,False
P006,5,20260620,0,P4_negative,False,False
P006,5,20260620,0,P4_negative,False,False
P006,5,20260620,0,P4_negative,False,False
P006,5,20260620,0,P4_negative,False,False
P006,5,20260620,0,P4_negative,False,False
P006,5,20260620,0,P4_negative,False,False
P006,5,20260620,0,P4_negative,False,False
P006,5,20260620,0,P4_negative,False,False
P006,5,20260620,1,P3_vigil_plus_phrase,True,True
P006,5,20260620,1,P3_vigil_plus_phrase,True,True
P011,5,20260620,1,P1_vigil_only,True,True
P011,5,20260620,1,P1_vigil_only,True,True
P011,5,20260620,1,P2_phrase_plus_vigil,True,True
P011,5,20260620,1,P2_phrase_plus_vigil,True,True
P011,5,20260620,1,P2_phrase_plus_vigil,True,True
P011,5,20260620,1,P2_phrase_plus_vigil,True,True
P011,5,20260620,1,P2_phrase_plus_vigil,True,True
P011,5,20260620,1,P2_phrase_plus_vigil,True,True
P011,5,20260620,1,P2_phrase_plus_vigil,True,True
P011,5,20260620,1,P2_phrase_plus_vigil,True,True
P011,5,20260620,1,P2_phrase_plus_vigil,True,True
P011,5,20260620,1,P2_phrase_plus_vigil,True,True
P011,5,20260620,1,P2_phrase_plus_vigil,True,True
P011,5,20260620,1,P2_phrase_plus_vigil,True,True
P011,5,20260620,1,P2_phrase_plus_vigil,True,True
P011,5,20260620,1,P2_phrase_plus_vigil,True,True
P011,5,20260620,1,P2_phrase_plus_vigil,True,True
P011,5,20260620,1,P2_phrase_plus_vigil,True,True
P011,5,20260620,1,P2_phrase_plus_vigil,True,True
P011,5,20260620,1,P2_phrase_plus_vigil,True,True
P011,5,20260620,1,P2_phrase_plus_vigil,True,True
P011,5,20260620,1,P2_phrase_plus_vigil,True,True
P011,5,20260620,1,P2_phrase_plus_vigil,True,True
P011,5,20260620,1,P2_phrase_plus_vigil,True,True
P011,5,20260620,1,P2_phrase_plus_vigil,True,True
P011,5,20260620,1,P2_phrase_plus_vigil,True,True
P011,5,20260620,1,P2_phrase_plus_vigil,True,True
P011,5,20260620,1,P2_phrase_plus_vigil,True,True
P011,5,20260620,1,P2_phrase_plus_vigil,True,True
P011,5,20260620,1,P2_phrase_plus_vigil,True,True
P011,5,20260620,1,P2_phrase_plus_vigil,True,True
P011,5,20260620,1,P2_phrase_plus_vigil,True,True
P011,5,20260620,1,P2_phrase_plus_vigil,True,True
P011,5,20260620,1,P2_phrase_plus_vigil,True,True
P011,5,20260620,1,P2_phrase_plus_vigil,True,True
P011,5,20260620,1,P1_vigil_only,True,True
P011,5,20260620,1,P1_vigil_only,True,True
P011,5,20260620,1,P1_vigil_only,True,True
P011,5,20260620,1,P1_vigil_only,True,True
P011,5,20260620,1,P3_vigil_plus_phrase,True,True
P011,5,20260620,1,P3_vigil_plus_phrase,True,True
P011,5,20260620,1,P3_vigil_plus_phrase,True,True
P011,5,20260620,1,P3_vigil_plus_phrase,True,True
P011,5,20260620,1,P3_vigil_plus_phrase,True,True
P011,5,20260620,1,P3_vigil_plus_phrase,True,True
P011,5,20260620,1,P3_vigil_plus_phrase,True,True
P011,5,20260620,1,P3_vigil_plus_phrase,True,True
P011,5,20260620,1,P3_vigil_plus_phrase,True,True
P011,5,20260620,1,P3_vigil_plus_phrase,True,True
P011,5,20260620,1,P3_vigil_plus_phrase,True,True
P011,5,20260620,1,P3_vigil_plus_phrase,True,True
P011,5,20260620,1,P3_vigil_plus_phrase,True,True
P011,5,20260620,1,P3_vigil_plus_phrase,True,True
P011,5,20260620,1,P3_vigil_plus_phrase,False,False
P011,5,20260620,1,P3_vigil_plus_phrase,True,True
P011,5,20260620,1,P3_vigil_plus_phrase,True,True
P011,5,20260620,1,P3_vigil_plus_phrase,True,True
P011,5,20260620,1,P3_vigil_plus_phrase,True,True
P011,5,20260620,1,P3_vigil_plus_phrase,True,True
P011,5,20260620,0,P4_negative,False,False
P011,5,20260620,0,P4_negative,False,False
P011,5,20260620,0,P4_negative,False,False
P011,5,20260620,0,P4_negative,False,False
P011,5,20260620,0,P4_negative,False,False
P011,5,20260620,0,P4_negative,False,False
P011,5,20260620,0,P4_negative,False,False
P011,5,20260620,0,P4_negative,False,False
P011,5,20260620,0,P4_negative,False,False
P011,5,20260620,0,P4_negative,False,False
P011,5,20260620,0,P4_negative,False,False
P011,5,20260620,0,P4_negative,False,False
P011,5,20260620,0,P4_negative,False,False
P011,5,20260620,0,P4_negative,False,False
P011,5,20260620,0,P4_negative,False,False
P011,5,20260620,0,P4_negative,False,False
P011,5,20260620,0,P4_negative,False,False
P011,5,20260620,0,P4_negative,False,False
P011,5,20260620,0,P4_negative,True,True
P011,5,20260620,0,P4_negative,False,False
P011,5,20260620,0,P4_negative,False,False
P011,5,20260620,0,P4_negative,False,False
P011,5,20260620,0,P4_negative,False,False
P011,5,20260620,0,P4_negative,False,False
P011,5,20260620,0,P4_negative,False,False
P011,5,20260620,0,P4_negative,False,False
P011,5,20260620,0,P4_negative,False,False
P011,5,20260620,0,P4_negative,False,False
P011,5,20260620,0,P4_negative,False,False
P011,5,20260620,0,P4_negative,False,False
P011,5,20260620,0,P4_negative,False,False
P011,5,20260620,0,P4_negative,False,False
P011,5,20260620,0,P4_negative,False,False
P011,5,20260620,0,P4_negative,False,False
P011,5,20260620,0,P4_negative,False,False
P011,5,20260620,0,P4_negative,False,False
P013,5,20260620,1,P1_vigil_only,True,True
P013,5,20260620,1,P1_vigil_only,True,True
P013,5,20260620,1,P1_vigil_only,True,True
P013,5,20260620,1,P3_vigil_plus_phrase,True,True
P013,5,20260620,1,P3_vigil_plus_phrase,True,True
P013,5,20260620,1,P3_vigil_plus_phrase,True,True
P013,5,20260620,1,P3_vigil_plus_phrase,True,True
P013,5,20260620,1,P3_vigil_plus_phrase,True,True
P013,5,20260620,1,P2_phrase_plus_vigil,True,True
P013,5,20260620,1,P2_phrase_plus_vigil,True,True
P013,5,20260620,1,P2_phrase_plus_vigil,True,True
P013,5,20260620,1,P2_phrase_plus_vigil,True,True
P013,5,20260620,1,P2_phrase_plus_vigil,True,True
P013,5,20260620,1,P2_phrase_plus_vigil,True,True
P013,5,20260620,0,P4_negative,False,False
P013,5,20260620,0,P4_negative,False,False
P013,5,20260620,0,P4_negative,False,False
P013,5,20260620,0,P4_negative,False,False
P013,5,20260620,0,P4_negative,False,False
P013,5,20260620,0,P4_negative,False,False
P013,5,20260620,0,P4_negative,False,False
P013,5,20260620,0,P4_negative,False,False
P013,5,20260620,0,P4_negative,False,False
P013,5,20260620,0,P4_negative,False,False
P013,5,20260620,0,P4_negative,False,False
P013,5,20260620,0,P4_negative,False,False
P013,5,20260620,0,P4_negative,False,False
P013,5,20260620,0,P4_negative,False,False
P021,5,20260620,1,P1_vigil_only,True,True
P021,5,20260620,1,P1_vigil_only,True,True
P021,5,20260620,1,P2_phrase_plus_vigil,True,True
P021,5,20260620,1,P2_phrase_plus_vigil,True,True
P021,5,20260620,1,P2_phrase_plus_vigil,True,True
P021,5,20260620,1,P3_vigil_plus_phrase,True,True
P021,5,20260620,1,P3_vigil_plus_phrase,True,True
P021,5,20260620,0,P4_negative,False,False
P021,5,20260620,0,P4_negative,False,False
P021,5,20260620,0,P4_negative,False,False
P027,5,20260620,1,P1_vigil_only,False,False
P027,5,20260620,1,P2_phrase_plus_vigil,True,True
P027,5,20260620,1,P2_phrase_plus_vigil,True,True
P027,5,20260620,1,P3_vigil_plus_phrase,True,True
P027,5,20260620,1,P3_vigil_plus_phrase,True,True
P027,5,20260620,1,P3_vigil_plus_phrase,True,True
P027,5,20260620,0,P4_negative,False,False
P027,5,20260620,0,P4_negative,False,False
P027,5,20260620,0,P4_negative,False,False
P027,5,20260620,0,P4_negative,False,False
P027,5,20260620,0,P4_negative,False,False
P027,5,20260620,0,P4_negative,False,False
P027,5,20260620,0,P4_negative,False,False
P027,5,20260620,0,P4_negative,False,False
P027,5,20260620,0,P4_negative,False,False
P027,5,20260620,0,P4_negative,False,False
P027,5,20260620,0,P4_negative,False,False
P027,5,20260620,0,P4_negative,False,False
P027,5,20260620,0,P4_negative,False,False
P027,5,20260620,0,P4_negative,False,False
P027,5,20260620,0,P4_negative,False,False
P006,3,20260621,1,P1_vigil_only,True,True
P006,3,20260621,1,P1_vigil_only,True,True
P006,3,20260621,1,P1_vigil_only,True,True
P006,3,20260621,1,P2_phrase_plus_vigil,True,True
P006,3,20260621,1,P2_phrase_plus_vigil,True,True
P006,3,20260621,1,P2_phrase_plus_vigil,True,True
P006,3,20260621,1,P2_phrase_plus_vigil,True,True
P006,3,20260621,1,P3_vigil_plus_phrase,True,True
P006,3,20260621,1,P3_vigil_plus_phrase,True,True
P006,3,20260621,1,P3_vigil_plus_phrase,True,True
P006,3,20260621,1,P3_vigil_plus_phrase,True,True
P006,3,20260621,0,P4_negative,False,False
P006,3,20260621,0,P4_negative,False,False
P006,3,20260621,0,P4_negative,False,False
P006,3,20260621,0,P4_negative,False,False
P006,3,20260621,0,P4_negative,False,False
P006,3,20260621,0,P4_negative,False,False
P006,3,20260621,0,P4_negative,False,False
P006,3,20260621,0,P4_negative,False,False
P006,3,20260621,0,P4_negative,False,False
P006,3,20260621,0,P4_negative,False,False
P006,3,20260621,0,P4_negative,False,False
P006,3,20260621,0,P4_negative,False,False
P006,3,20260621,0,P4_negative,False,False
P006,3,20260621,0,P4_negative,False,False
P006,3,20260621,0,P4_negative,False,False
P006,3,20260621,1,P3_vigil_plus_phrase,True,True
P011,3,20260621,1,P1_vigil_only,True,True
P011,3,20260621,1,P1_vigil_only,True,True
P011,3,20260621,1,P2_phrase_plus_vigil,True,True
P011,3,20260621,1,P2_phrase_plus_vigil,True,True
P011,3,20260621,1,P2_phrase_plus_vigil,True,True
P011,3,20260621,1,P2_phrase_plus_vigil,True,True
P011,3,20260621,1,P2_phrase_plus_vigil,True,True
P011,3,20260621,1,P2_phrase_plus_vigil,True,True
P011,3,20260621,1,P2_phrase_plus_vigil,True,True
P011,3,20260621,1,P2_phrase_plus_vigil,True,True
P011,3,20260621,1,P2_phrase_plus_vigil,True,True
P011,3,20260621,1,P2_phrase_plus_vigil,True,True
P011,3,20260621,1,P2_phrase_plus_vigil,True,True
P011,3,20260621,1,P2_phrase_plus_vigil,True,True
P011,3,20260621,1,P2_phrase_plus_vigil,True,True
P011,3,20260621,1,P2_phrase_plus_vigil,True,True
P011,3,20260621,1,P2_phrase_plus_vigil,True,True
P011,3,20260621,1,P2_phrase_plus_vigil,True,True
P011,3,20260621,1,P2_phrase_plus_vigil,True,True
P011,3,20260621,1,P2_phrase_plus_vigil,True,True
P011,3,20260621,1,P2_phrase_plus_vigil,True,True
P011,3,20260621,1,P2_phrase_plus_vigil,True,True
P011,3,20260621,1,P2_phrase_plus_vigil,True,True
P011,3,20260621,1,P2_phrase_plus_vigil,True,True
P011,3,20260621,1,P2_phrase_plus_vigil,True,True
P011,3,20260621,1,P2_phrase_plus_vigil,True,True
P011,3,20260621,1,P2_phrase_plus_vigil,True,True
P011,3,20260621,1,P2_phrase_plus_vigil,True,True
P011,3,20260621,1,P2_phrase_plus_vigil,True,True
P011,3,20260621,1,P2_phrase_plus_vigil,True,True
P011,3,20260621,1,P2_phrase_plus_vigil,True,True
P011,3,20260621,1,P2_phrase_plus_vigil,True,True
P011,3,20260621,1,P2_phrase_plus_vigil,True,True
P011,3,20260621,1,P2_phrase_plus_vigil,True,True
P011,3,20260621,1,P2_phrase_plus_vigil,True,True
P011,3,20260621,1,P2_phrase_plus_vigil,True,True
P011,3,20260621,1,P2_phrase_plus_vigil,True,True
P011,3,20260621,1,P1_vigil_only,True,True
P011,3,20260621,1,P1_vigil_only,True,True
P011,3,20260621,1,P1_vigil_only,True,True
P011,3,20260621,1,P1_vigil_only,True,True
P011,3,20260621,1,P3_vigil_plus_phrase,True,True
P011,3,20260621,1,P3_vigil_plus_phrase,True,True
P011,3,20260621,1,P3_vigil_plus_phrase,True,True
P011,3,20260621,1,P3_vigil_plus_phrase,True,True
P011,3,20260621,1,P3_vigil_plus_phrase,True,True
P011,3,20260621,1,P3_vigil_plus_phrase,True,True
P011,3,20260621,1,P3_vigil_plus_phrase,True,True
P011,3,20260621,1,P3_vigil_plus_phrase,True,True
P011,3,20260621,1,P3_vigil_plus_phrase,True,True
P011,3,20260621,1,P3_vigil_plus_phrase,True,True
P011,3,20260621,1,P3_vigil_plus_phrase,True,True
P011,3,20260621,1,P3_vigil_plus_phrase,True,True
P011,3,20260621,1,P3_vigil_plus_phrase,True,True
P011,3,20260621,1,P3_vigil_plus_phrase,True,True
P011,3,20260621,1,P3_vigil_plus_phrase,False,False
P011,3,20260621,1,P3_vigil_plus_phrase,True,True
P011,3,20260621,1,P3_vigil_plus_phrase,True,True
P011,3,20260621,1,P3_vigil_plus_phrase,True,True
P011,3,20260621,1,P3_vigil_plus_phrase,True,True
P011,3,20260621,1,P3_vigil_plus_phrase,True,True
P011,3,20260621,0,P4_negative,False,False
P011,3,20260621,0,P4_negative,False,False
P011,3,20260621,0,P4_negative,False,False
P011,3,20260621,0,P4_negative,False,False
P011,3,20260621,0,P4_negative,False,False
P011,3,20260621,0,P4_negative,False,False
P011,3,20260621,0,P4_negative,False,False
P011,3,20260621,0,P4_negative,False,False
P011,3,20260621,0,P4_negative,False,False
P011,3,20260621,0,P4_negative,False,False
P011,3,20260621,0,P4_negative,False,False
P011,3,20260621,0,P4_negative,False,False
P011,3,20260621,0,P4_negative,False,False
P011,3,20260621,0,P4_negative,False,False
P011,3,20260621,0,P4_negative,False,False
P011,3,20260621,0,P4_negative,False,False
P011,3,20260621,0,P4_negative,False,False
P011,3,20260621,0,P4_negative,False,False
P011,3,20260621,0,P4_negative,True,True
P011,3,20260621,0,P4_negative,False,False
P011,3,20260621,0,P4_negative,False,False
P011,3,20260621,0,P4_negative,False,False
P011,3,20260621,0,P4_negative,False,False
P011,3,20260621,0,P4_negative,False,False
P011,3,20260621,0,P4_negative,False,False
P011,3,20260621,0,P4_negative,False,False
P011,3,20260621,0,P4_negative,False,False
P011,3,20260621,0,P4_negative,False,False
P011,3,20260621,0,P4_negative,False,False
P011,3,20260621,0,P4_negative,False,False
P011,3,20260621,0,P4_negative,False,False
P011,3,20260621,0,P4_negative,False,False
P011,3,20260621,0,P4_negative,False,False
P011,3,20260621,0,P4_negative,False,False
P011,3,20260621,0,P4_negative,False,False
P011,3,20260621,0,P4_negative,False,False
P013,3,20260621,1,P1_vigil_only,True,True
P013,3,20260621,1,P1_vigil_only,True,True
P013,3,20260621,1,P1_vigil_only,True,True
P013,3,20260621,1,P3_vigil_plus_phrase,True,True
P013,3,20260621,1,P3_vigil_plus_phrase,True,True
P013,3,20260621,1,P3_vigil_plus_phrase,True,True
P013,3,20260621,1,P3_vigil_plus_phrase,True,True
P013,3,20260621,1,P3_vigil_plus_phrase,True,True
P013,3,20260621,1,P2_phrase_plus_vigil,True,True
P013,3,20260621,1,P2_phrase_plus_vigil,True,True
P013,3,20260621,1,P2_phrase_plus_vigil,True,True
P013,3,20260621,1,P2_phrase_plus_vigil,True,True
P013,3,20260621,1,P2_phrase_plus_vigil,True,True
P013,3,20260621,1,P2_phrase_plus_vigil,True,True
P013,3,20260621,1,P2_phrase_plus_vigil,True,True
P013,3,20260621,1,P2_phrase_plus_vigil,True,True
P013,3,20260621,0,P4_negative,False,False
P013,3,20260621,0,P4_negative,False,False
P013,3,20260621,0,P4_negative,False,False
P013,3,20260621,0,P4_negative,False,False
P013,3,20260621,0,P4_negative,False,False
P013,3,20260621,0,P4_negative,False,False
P013,3,20260621,0,P4_negative,False,False
P013,3,20260621,0,P4_negative,False,False
P013,3,20260621,0,P4_negative,False,False
P013,3,20260621,0,P4_negative,False,False
P013,3,20260621,0,P4_negative,False,False
P013,3,20260621,0,P4_negative,False,False
P013,3,20260621,0,P4_negative,False,False
P013,3,20260621,0,P4_negative,False,False
P021,3,20260621,1,P1_vigil_only,True,True
P021,3,20260621,1,P1_vigil_only,True,True
P021,3,20260621,1,P2_phrase_plus_vigil,True,True
P021,3,20260621,1,P2_phrase_plus_vigil,True,True
P021,3,20260621,1,P2_phrase_plus_vigil,True,True
P021,3,20260621,1,P2_phrase_plus_vigil,True,True
P021,3,20260621,1,P2_phrase_plus_vigil,True,True
P021,3,20260621,1,P3_vigil_plus_phrase,True,True
P021,3,20260621,1,P3_vigil_plus_phrase,True,True
P021,3,20260621,0,P4_negative,False,False
P021,3,20260621,0,P4_negative,False,False
P021,3,20260621,0,P4_negative,False,False
P027,3,20260621,1,P1_vigil_only,False,False
P027,3,20260621,1,P2_phrase_plus_vigil,True,True
P027,3,20260621,1,P2_phrase_plus_vigil,False,False
P027,3,20260621,1,P2_phrase_plus_vigil,True,True
P027,3,20260621,1,P2_phrase_plus_vigil,True,True
P027,3,20260621,1,P2_phrase_plus_vigil,True,True
P027,3,20260621,1,P3_vigil_plus_phrase,True,True
P027,3,20260621,1,P3_vigil_plus_phrase,False,False
P027,3,20260621,0,P4_negative,False,False
P027,3,20260621,0,P4_negative,False,False
P027,3,20260621,0,P4_negative,False,False
P027,3,20260621,0,P4_negative,False,False
P027,3,20260621,0,P4_negative,False,False
P027,3,20260621,0,P4_negative,False,False
P027,3,20260621,0,P4_negative,False,False
P027,3,20260621,0,P4_negative,False,False
P027,3,20260621,0,P4_negative,False,False
P027,3,20260621,0,P4_negative,False,False
P027,3,20260621,0,P4_negative,False,False
P027,3,20260621,0,P4_negative,False,False
P027,3,20260621,0,P4_negative,False,False
P027,3,20260621,0,P4_negative,False,False
P027,3,20260621,0,P4_negative,False,False
P006,5,20260621,1,P1_vigil_only,True,True
P006,5,20260621,1,P1_vigil_only,True,True
P006,5,20260621,1,P1_vigil_only,True,True
P006,5,20260621,1,P2_phrase_plus_vigil,True,True
P006,5,20260621,1,P2_phrase_plus_vigil,True,True
P006,5,20260621,1,P2_phrase_plus_vigil,True,True
P006,5,20260621,1,P3_vigil_plus_phrase,True,True
P006,5,20260621,1,P3_vigil_plus_phrase,True,True
P006,5,20260621,1,P3_vigil_plus_phrase,True,True
P006,5,20260621,0,P4_negative,False,False
P006,5,20260621,0,P4_negative,False,False
P006,5,20260621,0,P4_negative,False,False
P006,5,20260621,0,P4_negative,False,False
P006,5,20260621,0,P4_negative,False,False
P006,5,20260621,0,P4_negative,False,False
P006,5,20260621,0,P4_negative,False,False
P006,5,20260621,0,P4_negative,False,False
P006,5,20260621,0,P4_negative,False,False
P006,5,20260621,0,P4_negative,False,False
P006,5,20260621,0,P4_negative,False,False
P006,5,20260621,0,P4_negative,False,False
P006,5,20260621,0,P4_negative,False,False
P006,5,20260621,0,P4_negative,False,False
P006,5,20260621,0,P4_negative,False,False
P006,5,20260621,1,P3_vigil_plus_phrase,True,True
P011,5,20260621,1,P1_vigil_only,True,True
P011,5,20260621,1,P1_vigil_only,True,True
P011,5,20260621,1,P2_phrase_plus_vigil,True,True
P011,5,20260621,1,P2_phrase_plus_vigil,True,True
P011,5,20260621,1,P2_phrase_plus_vigil,True,True
P011,5,20260621,1,P2_phrase_plus_vigil,True,True
P011,5,20260621,1,P2_phrase_plus_vigil,True,True
P011,5,20260621,1,P2_phrase_plus_vigil,True,True
P011,5,20260621,1,P2_phrase_plus_vigil,True,True
P011,5,20260621,1,P2_phrase_plus_vigil,True,True
P011,5,20260621,1,P2_phrase_plus_vigil,True,True
P011,5,20260621,1,P2_phrase_plus_vigil,True,True
P011,5,20260621,1,P2_phrase_plus_vigil,True,True
P011,5,20260621,1,P2_phrase_plus_vigil,True,True
P011,5,20260621,1,P2_phrase_plus_vigil,True,True
P011,5,20260621,1,P2_phrase_plus_vigil,True,True
P011,5,20260621,1,P2_phrase_plus_vigil,True,True
P011,5,20260621,1,P2_phrase_plus_vigil,True,True
P011,5,20260621,1,P2_phrase_plus_vigil,True,True
P011,5,20260621,1,P2_phrase_plus_vigil,True,True
P011,5,20260621,1,P2_phrase_plus_vigil,True,True
P011,5,20260621,1,P2_phrase_plus_vigil,True,True
P011,5,20260621,1,P2_phrase_plus_vigil,True,True
P011,5,20260621,1,P2_phrase_plus_vigil,True,True
P011,5,20260621,1,P2_phrase_plus_vigil,True,True
P011,5,20260621,1,P2_phrase_plus_vigil,True,True
P011,5,20260621,1,P2_phrase_plus_vigil,True,True
P011,5,20260621,1,P2_phrase_plus_vigil,True,True
P011,5,20260621,1,P2_phrase_plus_vigil,True,True
P011,5,20260621,1,P2_phrase_plus_vigil,True,True
P011,5,20260621,1,P2_phrase_plus_vigil,True,True
P011,5,20260621,1,P2_phrase_plus_vigil,True,True
P011,5,20260621,1,P2_phrase_plus_vigil,True,True
P011,5,20260621,1,P2_phrase_plus_vigil,True,True
P011,5,20260621,1,P2_phrase_plus_vigil,True,True
P011,5,20260621,1,P2_phrase_plus_vigil,True,True
P011,5,20260621,1,P1_vigil_only,True,True
P011,5,20260621,1,P1_vigil_only,True,True
P011,5,20260621,1,P1_vigil_only,True,True
P011,5,20260621,1,P1_vigil_only,True,True
P011,5,20260621,1,P3_vigil_plus_phrase,True,True
P011,5,20260621,1,P3_vigil_plus_phrase,True,True
P011,5,20260621,1,P3_vigil_plus_phrase,True,True
P011,5,20260621,1,P3_vigil_plus_phrase,True,True
P011,5,20260621,1,P3_vigil_plus_phrase,True,True
P011,5,20260621,1,P3_vigil_plus_phrase,True,True
P011,5,20260621,1,P3_vigil_plus_phrase,True,True
P011,5,20260621,1,P3_vigil_plus_phrase,True,True
P011,5,20260621,1,P3_vigil_plus_phrase,True,True
P011,5,20260621,1,P3_vigil_plus_phrase,True,True
P011,5,20260621,1,P3_vigil_plus_phrase,True,True
P011,5,20260621,1,P3_vigil_plus_phrase,True,True
P011,5,20260621,1,P3_vigil_plus_phrase,True,True
P011,5,20260621,1,P3_vigil_plus_phrase,False,False
P011,5,20260621,1,P3_vigil_plus_phrase,True,True
P011,5,20260621,1,P3_vigil_plus_phrase,True,True
P011,5,20260621,1,P3_vigil_plus_phrase,True,True
P011,5,20260621,1,P3_vigil_plus_phrase,True,True
P011,5,20260621,1,P3_vigil_plus_phrase,True,True
P011,5,20260621,0,P4_negative,False,False
P011,5,20260621,0,P4_negative,False,False
P011,5,20260621,0,P4_negative,False,False
P011,5,20260621,0,P4_negative,False,False
P011,5,20260621,0,P4_negative,False,False
P011,5,20260621,0,P4_negative,False,False
P011,5,20260621,0,P4_negative,False,False
P011,5,20260621,0,P4_negative,False,False
P011,5,20260621,0,P4_negative,False,False
P011,5,20260621,0,P4_negative,False,False
P011,5,20260621,0,P4_negative,False,False
P011,5,20260621,0,P4_negative,False,False
P011,5,20260621,0,P4_negative,False,False
P011,5,20260621,0,P4_negative,False,False
P011,5,20260621,0,P4_negative,False,False
P011,5,20260621,0,P4_negative,False,False
P011,5,20260621,0,P4_negative,False,False
P011,5,20260621,0,P4_negative,False,False
P011,5,20260621,0,P4_negative,True,True
P011,5,20260621,0,P4_negative,False,False
P011,5,20260621,0,P4_negative,False,False
P011,5,20260621,0,P4_negative,False,False
P011,5,20260621,0,P4_negative,False,False
P011,5,20260621,0,P4_negative,False,False
P011,5,20260621,0,P4_negative,False,False
P011,5,20260621,0,P4_negative,False,False
P011,5,20260621,0,P4_negative,False,False
P011,5,20260621,0,P4_negative,False,False
P011,5,20260621,0,P4_negative,False,False
P011,5,20260621,0,P4_negative,False,False
P011,5,20260621,0,P4_negative,False,False
P011,5,20260621,0,P4_negative,False,False
P011,5,20260621,0,P4_negative,False,False
P011,5,20260621,0,P4_negative,False,False
P011,5,20260621,0,P4_negative,False,False
P011,5,20260621,0,P4_negative,False,False
P013,5,20260621,1,P1_vigil_only,True,True
P013,5,20260621,1,P1_vigil_only,True,True
P013,5,20260621,1,P1_vigil_only,True,True
P013,5,20260621,1,P3_vigil_plus_phrase,True,True
P013,5,20260621,1,P3_vigil_plus_phrase,True,True
P013,5,20260621,1,P3_vigil_plus_phrase,True,True
P013,5,20260621,1,P3_vigil_plus_phrase,True,True
P013,5,20260621,1,P2_phrase_plus_vigil,True,True
P013,5,20260621,1,P2_phrase_plus_vigil,True,True
P013,5,20260621,1,P2_phrase_plus_vigil,True,True
P013,5,20260621,1,P2_phrase_plus_vigil,True,True
P013,5,20260621,1,P2_phrase_plus_vigil,True,True
P013,5,20260621,1,P2_phrase_plus_vigil,True,True
P013,5,20260621,1,P2_phrase_plus_vigil,True,True
P013,5,20260621,0,P4_negative,False,False
P013,5,20260621,0,P4_negative,False,False
P013,5,20260621,0,P4_negative,False,False
P013,5,20260621,0,P4_negative,False,False
P013,5,20260621,0,P4_negative,False,False
P013,5,20260621,0,P4_negative,False,False
P013,5,20260621,0,P4_negative,False,False
P013,5,20260621,0,P4_negative,False,False
P013,5,20260621,0,P4_negative,False,False
P013,5,20260621,0,P4_negative,False,False
P013,5,20260621,0,P4_negative,False,False
P013,5,20260621,0,P4_negative,False,False
P013,5,20260621,0,P4_negative,False,False
P013,5,20260621,0,P4_negative,False,False
P021,5,20260621,1,P1_vigil_only,True,True
P021,5,20260621,1,P1_vigil_only,True,True
P021,5,20260621,1,P2_phrase_plus_vigil,True,True
P021,5,20260621,1,P2_phrase_plus_vigil,True,True
P021,5,20260621,1,P2_phrase_plus_vigil,True,True
P021,5,20260621,1,P2_phrase_plus_vigil,True,True
P021,5,20260621,1,P3_vigil_plus_phrase,True,True
P021,5,20260621,0,P4_negative,False,False
P021,5,20260621,0,P4_negative,False,False
P021,5,20260621,0,P4_negative,False,False
P027,5,20260621,1,P1_vigil_only,False,False
P027,5,20260621,1,P2_phrase_plus_vigil,True,True
P027,5,20260621,1,P2_phrase_plus_vigil,False,False
P027,5,20260621,1,P2_phrase_plus_vigil,True,True
P027,5,20260621,1,P2_phrase_plus_vigil,True,True
P027,5,20260621,1,P3_vigil_plus_phrase,True,True
P027,5,20260621,0,P4_negative,False,False
P027,5,20260621,0,P4_negative,False,False
P027,5,20260621,0,P4_negative,False,False
P027,5,20260621,0,P4_negative,False,False
P027,5,20260621,0,P4_negative,False,False
P027,5,20260621,0,P4_negative,False,False
P027,5,20260621,0,P4_negative,False,False
P027,5,20260621,0,P4_negative,False,False
P027,5,20260621,0,P4_negative,False,False
P027,5,20260621,0,P4_negative,False,False
P027,5,20260621,0,P4_negative,False,False
P027,5,20260621,0,P4_negative,False,False
P027,5,20260621,0,P4_negative,False,False
P027,5,20260621,0,P4_negative,False,False
P027,5,20260621,0,P4_negative,False,False
P006,3,20260622,1,P1_vigil_only,True,True
P006,3,20260622,1,P1_vigil_only,True,True
P006,3,20260622,1,P2_phrase_plus_vigil,True,True
P006,3,20260622,1,P2_phrase_plus_vigil,True,True
P006,3,20260622,1,P2_phrase_plus_vigil,True,True
P006,3,20260622,1,P2_phrase_plus_vigil,True,True
P006,3,20260622,1,P2_phrase_plus_vigil,True,True
P006,3,20260622,1,P2_phrase_plus_vigil,True,True
P006,3,20260622,1,P3_vigil_plus_phrase,True,True
P006,3,20260622,1,P3_vigil_plus_phrase,True,True
P006,3,20260622,1,P3_vigil_plus_phrase,True,True
P006,3,20260622,0,P4_negative,False,False
P006,3,20260622,0,P4_negative,False,False
P006,3,20260622,0,P4_negative,False,False
P006,3,20260622,0,P4_negative,False,False
P006,3,20260622,0,P4_negative,False,False
P006,3,20260622,0,P4_negative,False,False
P006,3,20260622,0,P4_negative,False,False
P006,3,20260622,0,P4_negative,False,False
P006,3,20260622,0,P4_negative,False,False
P006,3,20260622,0,P4_negative,False,False
P006,3,20260622,0,P4_negative,False,False
P006,3,20260622,0,P4_negative,False,False
P006,3,20260622,0,P4_negative,False,False
P006,3,20260622,0,P4_negative,False,False
P006,3,20260622,0,P4_negative,False,False
P006,3,20260622,1,P3_vigil_plus_phrase,True,True
P011,3,20260622,1,P1_vigil_only,True,True
P011,3,20260622,1,P1_vigil_only,True,True
P011,3,20260622,1,P2_phrase_plus_vigil,True,True
P011,3,20260622,1,P2_phrase_plus_vigil,True,True
P011,3,20260622,1,P2_phrase_plus_vigil,True,True
P011,3,20260622,1,P2_phrase_plus_vigil,True,True
P011,3,20260622,1,P2_phrase_plus_vigil,True,True
P011,3,20260622,1,P2_phrase_plus_vigil,True,True
P011,3,20260622,1,P2_phrase_plus_vigil,True,True
P011,3,20260622,1,P2_phrase_plus_vigil,True,True
P011,3,20260622,1,P2_phrase_plus_vigil,True,True
P011,3,20260622,1,P2_phrase_plus_vigil,True,True
P011,3,20260622,1,P2_phrase_plus_vigil,True,True
P011,3,20260622,1,P2_phrase_plus_vigil,True,True
P011,3,20260622,1,P2_phrase_plus_vigil,True,True
P011,3,20260622,1,P2_phrase_plus_vigil,True,True
P011,3,20260622,1,P2_phrase_plus_vigil,True,True
P011,3,20260622,1,P2_phrase_plus_vigil,True,True
P011,3,20260622,1,P2_phrase_plus_vigil,True,True
P011,3,20260622,1,P2_phrase_plus_vigil,True,True
P011,3,20260622,1,P2_phrase_plus_vigil,True,True
P011,3,20260622,1,P2_phrase_plus_vigil,True,True
P011,3,20260622,1,P2_phrase_plus_vigil,True,True
P011,3,20260622,1,P2_phrase_plus_vigil,True,True
P011,3,20260622,1,P2_phrase_plus_vigil,True,True
P011,3,20260622,1,P2_phrase_plus_vigil,True,True
P011,3,20260622,1,P2_phrase_plus_vigil,True,True
P011,3,20260622,1,P2_phrase_plus_vigil,True,True
P011,3,20260622,1,P2_phrase_plus_vigil,True,True
P011,3,20260622,1,P2_phrase_plus_vigil,True,True
P011,3,20260622,1,P2_phrase_plus_vigil,True,True
P011,3,20260622,1,P2_phrase_plus_vigil,True,True
P011,3,20260622,1,P2_phrase_plus_vigil,True,True
P011,3,20260622,1,P2_phrase_plus_vigil,True,True
P011,3,20260622,1,P1_vigil_only,True,True
P011,3,20260622,1,P1_vigil_only,True,True
P011,3,20260622,1,P1_vigil_only,True,True
P011,3,20260622,1,P1_vigil_only,True,True
P011,3,20260622,1,P3_vigil_plus_phrase,True,True
P011,3,20260622,1,P3_vigil_plus_phrase,True,True
P011,3,20260622,1,P3_vigil_plus_phrase,True,True
P011,3,20260622,1,P3_vigil_plus_phrase,True,True
P011,3,20260622,1,P3_vigil_plus_phrase,True,True
P011,3,20260622,1,P3_vigil_plus_phrase,True,True
P011,3,20260622,1,P3_vigil_plus_phrase,True,True
P011,3,20260622,1,P3_vigil_plus_phrase,True,True
P011,3,20260622,1,P3_vigil_plus_phrase,True,True
P011,3,20260622,1,P3_vigil_plus_phrase,True,True
P011,3,20260622,1,P3_vigil_plus_phrase,True,True
P011,3,20260622,1,P3_vigil_plus_phrase,True,True
P011,3,20260622,1,P3_vigil_plus_phrase,True,True
P011,3,20260622,1,P3_vigil_plus_phrase,True,True
P011,3,20260622,1,P3_vigil_plus_phrase,True,True
P011,3,20260622,1,P3_vigil_plus_phrase,True,True
P011,3,20260622,1,P3_vigil_plus_phrase,True,True
P011,3,20260622,1,P3_vigil_plus_phrase,False,False
P011,3,20260622,1,P3_vigil_plus_phrase,True,True
P011,3,20260622,1,P3_vigil_plus_phrase,True,True
P011,3,20260622,1,P3_vigil_plus_phrase,True,True
P011,3,20260622,1,P3_vigil_plus_phrase,True,True
P011,3,20260622,1,P3_vigil_plus_phrase,True,True
P011,3,20260622,0,P4_negative,False,False
P011,3,20260622,0,P4_negative,False,False
P011,3,20260622,0,P4_negative,False,False
P011,3,20260622,0,P4_negative,False,False
P011,3,20260622,0,P4_negative,False,False
P011,3,20260622,0,P4_negative,False,False
P011,3,20260622,0,P4_negative,False,False
P011,3,20260622,0,P4_negative,False,False
P011,3,20260622,0,P4_negative,False,False
P011,3,20260622,0,P4_negative,False,False
P011,3,20260622,0,P4_negative,False,False
P011,3,20260622,0,P4_negative,False,False
P011,3,20260622,0,P4_negative,False,False
P011,3,20260622,0,P4_negative,False,False
P011,3,20260622,0,P4_negative,False,False
P011,3,20260622,0,P4_negative,False,False
P011,3,20260622,0,P4_negative,False,False
P011,3,20260622,0,P4_negative,False,False
P011,3,20260622,0,P4_negative,True,True
P011,3,20260622,0,P4_negative,False,False
P011,3,20260622,0,P4_negative,False,False
P011,3,20260622,0,P4_negative,False,False
P011,3,20260622,0,P4_negative,False,False
P011,3,20260622,0,P4_negative,False,False
P011,3,20260622,0,P4_negative,False,False
P011,3,20260622,0,P4_negative,False,False
P011,3,20260622,0,P4_negative,False,False
P011,3,20260622,0,P4_negative,False,False
P011,3,20260622,0,P4_negative,False,False
P011,3,20260622,0,P4_negative,False,False
P011,3,20260622,0,P4_negative,False,False
P011,3,20260622,0,P4_negative,False,False
P011,3,20260622,0,P4_negative,False,False
P011,3,20260622,0,P4_negative,False,False
P011,3,20260622,0,P4_negative,False,False
P011,3,20260622,0,P4_negative,False,False
P013,3,20260622,1,P1_vigil_only,True,True
P013,3,20260622,1,P1_vigil_only,True,True
P013,3,20260622,1,P1_vigil_only,True,True
P013,3,20260622,1,P3_vigil_plus_phrase,True,True
P013,3,20260622,1,P3_vigil_plus_phrase,True,True
P013,3,20260622,1,P3_vigil_plus_phrase,True,True
P013,3,20260622,1,P3_vigil_plus_phrase,True,True
P013,3,20260622,1,P3_vigil_plus_phrase,True,True
P013,3,20260622,1,P3_vigil_plus_phrase,True,True
P013,3,20260622,1,P3_vigil_plus_phrase,True,True
P013,3,20260622,1,P2_phrase_plus_vigil,True,True
P013,3,20260622,1,P2_phrase_plus_vigil,True,True
P013,3,20260622,1,P2_phrase_plus_vigil,True,True
P013,3,20260622,1,P2_phrase_plus_vigil,True,True
P013,3,20260622,1,P2_phrase_plus_vigil,True,True
P013,3,20260622,1,P2_phrase_plus_vigil,True,True
P013,3,20260622,0,P4_negative,False,False
P013,3,20260622,0,P4_negative,False,False
P013,3,20260622,0,P4_negative,False,False
P013,3,20260622,0,P4_negative,False,False
P013,3,20260622,0,P4_negative,False,False
P013,3,20260622,0,P4_negative,False,False
P013,3,20260622,0,P4_negative,False,False
P013,3,20260622,0,P4_negative,False,False
P013,3,20260622,0,P4_negative,False,False
P013,3,20260622,0,P4_negative,False,False
P013,3,20260622,0,P4_negative,False,False
P013,3,20260622,0,P4_negative,False,False
P013,3,20260622,0,P4_negative,False,False
P013,3,20260622,0,P4_negative,False,False
P021,3,20260622,1,P1_vigil_only,True,True
P021,3,20260622,1,P2_phrase_plus_vigil,True,True
P021,3,20260622,1,P2_phrase_plus_vigil,True,True
P021,3,20260622,1,P2_phrase_plus_vigil,True,True
P021,3,20260622,1,P2_phrase_plus_vigil,True,True
P021,3,20260622,1,P2_phrase_plus_vigil,True,True
P021,3,20260622,1,P3_vigil_plus_phrase,True,True
P021,3,20260622,1,P3_vigil_plus_phrase,True,True
P021,3,20260622,1,P3_vigil_plus_phrase,True,True
P021,3,20260622,0,P4_negative,False,False
P021,3,20260622,0,P4_negative,False,False
P021,3,20260622,0,P4_negative,False,False
P027,3,20260622,1,P1_vigil_only,False,False
P027,3,20260622,1,P2_phrase_plus_vigil,True,True
P027,3,20260622,1,P2_phrase_plus_vigil,True,True
P027,3,20260622,1,P2_phrase_plus_vigil,True,True
P027,3,20260622,1,P2_phrase_plus_vigil,True,True
P027,3,20260622,1,P3_vigil_plus_phrase,True,True
P027,3,20260622,1,P3_vigil_plus_phrase,False,False
P027,3,20260622,1,P3_vigil_plus_phrase,True,True
P027,3,20260622,0,P4_negative,False,False
P027,3,20260622,0,P4_negative,False,False
P027,3,20260622,0,P4_negative,False,False
P027,3,20260622,0,P4_negative,False,False
P027,3,20260622,0,P4_negative,False,False
P027,3,20260622,0,P4_negative,False,False
P027,3,20260622,0,P4_negative,False,False
P027,3,20260622,0,P4_negative,False,False
P027,3,20260622,0,P4_negative,False,False
P027,3,20260622,0,P4_negative,False,False
P027,3,20260622,0,P4_negative,False,False
P027,3,20260622,0,P4_negative,False,False
P027,3,20260622,0,P4_negative,False,False
P027,3,20260622,0,P4_negative,False,False
P027,3,20260622,0,P4_negative,False,False
P006,5,20260622,1,P1_vigil_only,True,True
P006,5,20260622,1,P2_phrase_plus_vigil,True,True
P006,5,20260622,1,P2_phrase_plus_vigil,True,True
P006,5,20260622,1,P2_phrase_plus_vigil,True,True
P006,5,20260622,1,P2_phrase_plus_vigil,True,True
P006,5,20260622,1,P2_phrase_plus_vigil,True,True
P006,5,20260622,1,P3_vigil_plus_phrase,True,True
P006,5,20260622,1,P3_vigil_plus_phrase,True,True
P006,5,20260622,1,P3_vigil_plus_phrase,True,True
P006,5,20260622,0,P4_negative,False,False
P006,5,20260622,0,P4_negative,False,False
P006,5,20260622,0,P4_negative,False,False
P006,5,20260622,0,P4_negative,False,False
P006,5,20260622,0,P4_negative,False,False
P006,5,20260622,0,P4_negative,False,False
P006,5,20260622,0,P4_negative,False,False
P006,5,20260622,0,P4_negative,False,False
P006,5,20260622,0,P4_negative,False,False
P006,5,20260622,0,P4_negative,False,False
P006,5,20260622,0,P4_negative,False,False
P006,5,20260622,0,P4_negative,False,False
P006,5,20260622,0,P4_negative,False,False
P006,5,20260622,0,P4_negative,False,False
P006,5,20260622,0,P4_negative,False,False
P006,5,20260622,1,P3_vigil_plus_phrase,True,True
P011,5,20260622,1,P1_vigil_only,True,True
P011,5,20260622,1,P1_vigil_only,True,True
P011,5,20260622,1,P2_phrase_plus_vigil,True,True
P011,5,20260622,1,P2_phrase_plus_vigil,True,True
P011,5,20260622,1,P2_phrase_plus_vigil,True,True
P011,5,20260622,1,P2_phrase_plus_vigil,True,True
P011,5,20260622,1,P2_phrase_plus_vigil,True,True
P011,5,20260622,1,P2_phrase_plus_vigil,True,True
P011,5,20260622,1,P2_phrase_plus_vigil,True,True
P011,5,20260622,1,P2_phrase_plus_vigil,True,True
P011,5,20260622,1,P2_phrase_plus_vigil,True,True
P011,5,20260622,1,P2_phrase_plus_vigil,True,True
P011,5,20260622,1,P2_phrase_plus_vigil,True,True
P011,5,20260622,1,P2_phrase_plus_vigil,True,True
P011,5,20260622,1,P2_phrase_plus_vigil,True,True
P011,5,20260622,1,P2_phrase_plus_vigil,True,True
P011,5,20260622,1,P2_phrase_plus_vigil,True,True
P011,5,20260622,1,P2_phrase_plus_vigil,True,True
P011,5,20260622,1,P2_phrase_plus_vigil,True,True
P011,5,20260622,1,P2_phrase_plus_vigil,True,True
P011,5,20260622,1,P2_phrase_plus_vigil,True,True
P011,5,20260622,1,P2_phrase_plus_vigil,True,True
P011,5,20260622,1,P2_phrase_plus_vigil,True,True
P011,5,20260622,1,P2_phrase_plus_vigil,True,True
P011,5,20260622,1,P2_phrase_plus_vigil,True,True
P011,5,20260622,1,P2_phrase_plus_vigil,True,True
P011,5,20260622,1,P2_phrase_plus_vigil,True,True
P011,5,20260622,1,P2_phrase_plus_vigil,True,True
P011,5,20260622,1,P2_phrase_plus_vigil,True,True
P011,5,20260622,1,P2_phrase_plus_vigil,True,True
P011,5,20260622,1,P2_phrase_plus_vigil,True,True
P011,5,20260622,1,P2_phrase_plus_vigil,True,True
P011,5,20260622,1,P2_phrase_plus_vigil,True,True
P011,5,20260622,1,P2_phrase_plus_vigil,True,True
P011,5,20260622,1,P1_vigil_only,True,True
P011,5,20260622,1,P1_vigil_only,True,True
P011,5,20260622,1,P1_vigil_only,True,True
P011,5,20260622,1,P1_vigil_only,True,True
P011,5,20260622,1,P3_vigil_plus_phrase,True,True
P011,5,20260622,1,P3_vigil_plus_phrase,True,True
P011,5,20260622,1,P3_vigil_plus_phrase,True,True
P011,5,20260622,1,P3_vigil_plus_phrase,True,True
P011,5,20260622,1,P3_vigil_plus_phrase,True,True
P011,5,20260622,1,P3_vigil_plus_phrase,True,True
P011,5,20260622,1,P3_vigil_plus_phrase,True,True
P011,5,20260622,1,P3_vigil_plus_phrase,True,True
P011,5,20260622,1,P3_vigil_plus_phrase,True,True
P011,5,20260622,1,P3_vigil_plus_phrase,True,True
P011,5,20260622,1,P3_vigil_plus_phrase,True,True
P011,5,20260622,1,P3_vigil_plus_phrase,True,True
P011,5,20260622,1,P3_vigil_plus_phrase,True,True
P011,5,20260622,1,P3_vigil_plus_phrase,True,True
P011,5,20260622,1,P3_vigil_plus_phrase,True,True
P011,5,20260622,1,P3_vigil_plus_phrase,False,False
P011,5,20260622,1,P3_vigil_plus_phrase,True,True
P011,5,20260622,1,P3_vigil_plus_phrase,True,True
P011,5,20260622,1,P3_vigil_plus_phrase,True,True
P011,5,20260622,1,P3_vigil_plus_phrase,True,True
P011,5,20260622,1,P3_vigil_plus_phrase,True,True
P011,5,20260622,0,P4_negative,False,False
P011,5,20260622,0,P4_negative,False,False
P011,5,20260622,0,P4_negative,False,False
P011,5,20260622,0,P4_negative,False,False
P011,5,20260622,0,P4_negative,False,False
P011,5,20260622,0,P4_negative,False,False
P011,5,20260622,0,P4_negative,False,False
P011,5,20260622,0,P4_negative,False,False
P011,5,20260622,0,P4_negative,False,False
P011,5,20260622,0,P4_negative,False,False
P011,5,20260622,0,P4_negative,False,False
P011,5,20260622,0,P4_negative,False,False
P011,5,20260622,0,P4_negative,False,False
P011,5,20260622,0,P4_negative,False,False
P011,5,20260622,0,P4_negative,False,False
P011,5,20260622,0,P4_negative,False,False
P011,5,20260622,0,P4_negative,False,False
P011,5,20260622,0,P4_negative,False,False
P011,5,20260622,0,P4_negative,True,True
P011,5,20260622,0,P4_negative,False,False
P011,5,20260622,0,P4_negative,False,False
P011,5,20260622,0,P4_negative,False,False
P011,5,20260622,0,P4_negative,False,False
P011,5,20260622,0,P4_negative,False,False
P011,5,20260622,0,P4_negative,False,False
P011,5,20260622,0,P4_negative,False,False
P011,5,20260622,0,P4_negative,False,False
P011,5,20260622,0,P4_negative,False,False
P011,5,20260622,0,P4_negative,False,False
P011,5,20260622,0,P4_negative,False,False
P011,5,20260622,0,P4_negative,False,False
P011,5,20260622,0,P4_negative,False,False
P011,5,20260622,0,P4_negative,False,False
P011,5,20260622,0,P4_negative,False,False
P011,5,20260622,0,P4_negative,False,False
P011,5,20260622,0,P4_negative,False,False
P013,5,20260622,1,P1_vigil_only,True,True
P013,5,20260622,1,P1_vigil_only,True,True
P013,5,20260622,1,P1_vigil_only,True,True
P013,5,20260622,1,P3_vigil_plus_phrase,True,True
P013,5,20260622,1,P3_vigil_plus_phrase,True,True
P013,5,20260622,1,P3_vigil_plus_phrase,True,True
P013,5,20260622,1,P3_vigil_plus_phrase,True,True
P013,5,20260622,1,P3_vigil_plus_phrase,True,True
P013,5,20260622,1,P3_vigil_plus_phrase,True,True
P013,5,20260622,1,P3_vigil_plus_phrase,True,True
P013,5,20260622,1,P2_phrase_plus_vigil,True,True
P013,5,20260622,1,P2_phrase_plus_vigil,True,True
P013,5,20260622,1,P2_phrase_plus_vigil,True,True
P013,5,20260622,1,P2_phrase_plus_vigil,True,True
P013,5,20260622,0,P4_negative,False,False
P013,5,20260622,0,P4_negative,False,False
P013,5,20260622,0,P4_negative,False,False
P013,5,20260622,0,P4_negative,False,False
P013,5,20260622,0,P4_negative,False,False
P013,5,20260622,0,P4_negative,False,False
P013,5,20260622,0,P4_negative,False,False
P013,5,20260622,0,P4_negative,False,False
P013,5,20260622,0,P4_negative,False,False
P013,5,20260622,0,P4_negative,False,False
P013,5,20260622,0,P4_negative,False,False
P013,5,20260622,0,P4_negative,False,False
P013,5,20260622,0,P4_negative,False,False
P013,5,20260622,0,P4_negative,False,False
P021,5,20260622,1,P1_vigil_only,True,True
P021,5,20260622,1,P2_phrase_plus_vigil,True,True
P021,5,20260622,1,P2_phrase_plus_vigil,True,True
P021,5,20260622,1,P2_phrase_plus_vigil,True,True
P021,5,20260622,1,P2_phrase_plus_vigil,True,True
P021,5,20260622,1,P3_vigil_plus_phrase,True,True
P021,5,20260622,1,P3_vigil_plus_phrase,True,True
P021,5,20260622,0,P4_negative,False,False
P021,5,20260622,0,P4_negative,False,False
P021,5,20260622,0,P4_negative,False,False
P027,5,20260622,1,P1_vigil_only,False,False
P027,5,20260622,1,P2_phrase_plus_vigil,True,True
P027,5,20260622,1,P2_phrase_plus_vigil,True,True
P027,5,20260622,1,P2_phrase_plus_vigil,True,True
P027,5,20260622,1,P3_vigil_plus_phrase,False,False
P027,5,20260622,1,P3_vigil_plus_phrase,True,True
P027,5,20260622,0,P4_negative,False,False
P027,5,20260622,0,P4_negative,False,False
P027,5,20260622,0,P4_negative,False,False
P027,5,20260622,0,P4_negative,False,False
P027,5,20260622,0,P4_negative,False,False
P027,5,20260622,0,P4_negative,False,False
P027,5,20260622,0,P4_negative,False,False
P027,5,20260622,0,P4_negative,False,False
P027,5,20260622,0,P4_negative,False,False
P027,5,20260622,0,P4_negative,False,False
P027,5,20260622,0,P4_negative,False,False
P027,5,20260622,0,P4_negative,False,False
P027,5,20260622,0,P4_negative,False,False
P027,5,20260622,0,P4_negative,False,False
P027,5,20260622,0,P4_negative,False,False
P006,3,20260623,1,P1_vigil_only,True,True
P006,3,20260623,1,P1_vigil_only,True,True
P006,3,20260623,1,P2_phrase_plus_vigil,True,True
P006,3,20260623,1,P2_phrase_plus_vigil,True,True
P006,3,20260623,1,P2_phrase_plus_vigil,True,True
P006,3,20260623,1,P2_phrase_plus_vigil,True,True
P006,3,20260623,1,P2_phrase_plus_vigil,True,True
P006,3,20260623,1,P3_vigil_plus_phrase,True,True
P006,3,20260623,1,P3_vigil_plus_phrase,True,True
P006,3,20260623,1,P3_vigil_plus_phrase,True,True
P006,3,20260623,0,P4_negative,False,False
P006,3,20260623,0,P4_negative,False,False
P006,3,20260623,0,P4_negative,False,False
P006,3,20260623,0,P4_negative,False,False
P006,3,20260623,0,P4_negative,False,False
P006,3,20260623,0,P4_negative,False,False
P006,3,20260623,0,P4_negative,False,False
P006,3,20260623,0,P4_negative,False,False
P006,3,20260623,0,P4_negative,False,False
P006,3,20260623,0,P4_negative,False,False
P006,3,20260623,0,P4_negative,False,False
P006,3,20260623,0,P4_negative,False,False
P006,3,20260623,0,P4_negative,False,False
P006,3,20260623,0,P4_negative,False,False
P006,3,20260623,0,P4_negative,False,False
P006,3,20260623,1,P3_vigil_plus_phrase,True,True
P006,3,20260623,1,P3_vigil_plus_phrase,True,True
P011,3,20260623,1,P1_vigil_only,True,True
P011,3,20260623,1,P1_vigil_only,True,True
P011,3,20260623,1,P2_phrase_plus_vigil,True,True
P011,3,20260623,1,P2_phrase_plus_vigil,True,True
P011,3,20260623,1,P2_phrase_plus_vigil,True,True
P011,3,20260623,1,P2_phrase_plus_vigil,True,True
P011,3,20260623,1,P2_phrase_plus_vigil,True,True
P011,3,20260623,1,P2_phrase_plus_vigil,True,True
P011,3,20260623,1,P2_phrase_plus_vigil,True,True
P011,3,20260623,1,P2_phrase_plus_vigil,True,True
P011,3,20260623,1,P2_phrase_plus_vigil,True,True
P011,3,20260623,1,P2_phrase_plus_vigil,True,True
P011,3,20260623,1,P2_phrase_plus_vigil,True,True
P011,3,20260623,1,P2_phrase_plus_vigil,True,True
P011,3,20260623,1,P2_phrase_plus_vigil,True,True
P011,3,20260623,1,P2_phrase_plus_vigil,True,True
P011,3,20260623,1,P2_phrase_plus_vigil,True,True
P011,3,20260623,1,P2_phrase_plus_vigil,True,True
P011,3,20260623,1,P2_phrase_plus_vigil,True,True
P011,3,20260623,1,P2_phrase_plus_vigil,True,True
P011,3,20260623,1,P2_phrase_plus_vigil,True,True
P011,3,20260623,1,P2_phrase_plus_vigil,True,True
P011,3,20260623,1,P2_phrase_plus_vigil,True,True
P011,3,20260623,1,P2_phrase_plus_vigil,True,True
P011,3,20260623,1,P2_phrase_plus_vigil,True,True
P011,3,20260623,1,P2_phrase_plus_vigil,True,True
P011,3,20260623,1,P2_phrase_plus_vigil,True,True
P011,3,20260623,1,P2_phrase_plus_vigil,True,True
P011,3,20260623,1,P2_phrase_plus_vigil,True,True
P011,3,20260623,1,P2_phrase_plus_vigil,True,True
P011,3,20260623,1,P2_phrase_plus_vigil,True,True
P011,3,20260623,1,P2_phrase_plus_vigil,True,True
P011,3,20260623,1,P2_phrase_plus_vigil,True,True
P011,3,20260623,1,P2_phrase_plus_vigil,True,True
P011,3,20260623,1,P2_phrase_plus_vigil,True,True
P011,3,20260623,1,P2_phrase_plus_vigil,True,True
P011,3,20260623,1,P1_vigil_only,True,True
P011,3,20260623,1,P1_vigil_only,True,True
P011,3,20260623,1,P1_vigil_only,True,True
P011,3,20260623,1,P3_vigil_plus_phrase,True,True
P011,3,20260623,1,P3_vigil_plus_phrase,True,True
P011,3,20260623,1,P3_vigil_plus_phrase,True,True
P011,3,20260623,1,P3_vigil_plus_phrase,True,True
P011,3,20260623,1,P3_vigil_plus_phrase,True,True
P011,3,20260623,1,P3_vigil_plus_phrase,True,True
P011,3,20260623,1,P3_vigil_plus_phrase,True,True
P011,3,20260623,1,P3_vigil_plus_phrase,True,True
P011,3,20260623,1,P3_vigil_plus_phrase,True,True
P011,3,20260623,1,P3_vigil_plus_phrase,True,True
P011,3,20260623,1,P3_vigil_plus_phrase,True,True
P011,3,20260623,1,P3_vigil_plus_phrase,True,True
P011,3,20260623,1,P3_vigil_plus_phrase,True,True
P011,3,20260623,1,P3_vigil_plus_phrase,True,True
P011,3,20260623,1,P3_vigil_plus_phrase,True,True
P011,3,20260623,1,P3_vigil_plus_phrase,True,True
P011,3,20260623,1,P3_vigil_plus_phrase,False,False
P011,3,20260623,1,P3_vigil_plus_phrase,True,True
P011,3,20260623,1,P3_vigil_plus_phrase,True,True
P011,3,20260623,1,P3_vigil_plus_phrase,True,True
P011,3,20260623,1,P3_vigil_plus_phrase,True,True
P011,3,20260623,1,P3_vigil_plus_phrase,True,True
P011,3,20260623,0,P4_negative,False,False
P011,3,20260623,0,P4_negative,False,False
P011,3,20260623,0,P4_negative,False,False
P011,3,20260623,0,P4_negative,False,False
P011,3,20260623,0,P4_negative,False,False
P011,3,20260623,0,P4_negative,False,False
P011,3,20260623,0,P4_negative,False,False
P011,3,20260623,0,P4_negative,False,False
P011,3,20260623,0,P4_negative,False,False
P011,3,20260623,0,P4_negative,False,False
P011,3,20260623,0,P4_negative,False,False
P011,3,20260623,0,P4_negative,False,False
P011,3,20260623,0,P4_negative,False,False
P011,3,20260623,0,P4_negative,False,False
P011,3,20260623,0,P4_negative,False,False
P011,3,20260623,0,P4_negative,False,False
P011,3,20260623,0,P4_negative,False,False
P011,3,20260623,0,P4_negative,False,False
P011,3,20260623,0,P4_negative,True,True
P011,3,20260623,0,P4_negative,False,False
P011,3,20260623,0,P4_negative,False,False
P011,3,20260623,0,P4_negative,False,False
P011,3,20260623,0,P4_negative,False,False
P011,3,20260623,0,P4_negative,False,False
P011,3,20260623,0,P4_negative,False,False
P011,3,20260623,0,P4_negative,False,False
P011,3,20260623,0,P4_negative,False,False
P011,3,20260623,0,P4_negative,False,False
P011,3,20260623,0,P4_negative,False,False
P011,3,20260623,0,P4_negative,False,False
P011,3,20260623,0,P4_negative,False,False
P011,3,20260623,0,P4_negative,False,False
P011,3,20260623,0,P4_negative,False,False
P011,3,20260623,0,P4_negative,False,False
P011,3,20260623,0,P4_negative,False,False
P011,3,20260623,0,P4_negative,False,False
P013,3,20260623,1,P1_vigil_only,True,True
P013,3,20260623,1,P1_vigil_only,True,True
P013,3,20260623,1,P3_vigil_plus_phrase,True,True
P013,3,20260623,1,P3_vigil_plus_phrase,True,True
P013,3,20260623,1,P3_vigil_plus_phrase,True,True
P013,3,20260623,1,P3_vigil_plus_phrase,True,True
P013,3,20260623,1,P3_vigil_plus_phrase,True,True
P013,3,20260623,1,P3_vigil_plus_phrase,True,True
P013,3,20260623,1,P3_vigil_plus_phrase,True,True
P013,3,20260623,1,P2_phrase_plus_vigil,True,True
P013,3,20260623,1,P2_phrase_plus_vigil,True,True
P013,3,20260623,1,P2_phrase_plus_vigil,True,True
P013,3,20260623,1,P2_phrase_plus_vigil,True,True
P013,3,20260623,1,P2_phrase_plus_vigil,True,True
P013,3,20260623,1,P2_phrase_plus_vigil,True,True
P013,3,20260623,1,P2_phrase_plus_vigil,True,True
P013,3,20260623,0,P4_negative,False,False
P013,3,20260623,0,P4_negative,False,False
P013,3,20260623,0,P4_negative,False,False
P013,3,20260623,0,P4_negative,False,False
P013,3,20260623,0,P4_negative,False,False
P013,3,20260623,0,P4_negative,False,False
P013,3,20260623,0,P4_negative,False,False
P013,3,20260623,0,P4_negative,False,False
P013,3,20260623,0,P4_negative,False,False
P013,3,20260623,0,P4_negative,False,False
P013,3,20260623,0,P4_negative,False,False
P013,3,20260623,0,P4_negative,False,False
P013,3,20260623,0,P4_negative,False,False
P013,3,20260623,0,P4_negative,False,False
P021,3,20260623,1,P1_vigil_only,True,True
P021,3,20260623,1,P2_phrase_plus_vigil,True,True
P021,3,20260623,1,P2_phrase_plus_vigil,True,True
P021,3,20260623,1,P2_phrase_plus_vigil,True,True
P021,3,20260623,1,P2_phrase_plus_vigil,True,True
P021,3,20260623,1,P2_phrase_plus_vigil,True,True
P021,3,20260623,1,P3_vigil_plus_phrase,True,True
P021,3,20260623,1,P3_vigil_plus_phrase,True,True
P021,3,20260623,1,P3_vigil_plus_phrase,True,True
P021,3,20260623,0,P4_negative,False,False
P021,3,20260623,0,P4_negative,False,False
P021,3,20260623,0,P4_negative,False,False
P027,3,20260623,1,P2_phrase_plus_vigil,True,True
P027,3,20260623,1,P2_phrase_plus_vigil,False,False
P027,3,20260623,1,P2_phrase_plus_vigil,True,True
P027,3,20260623,1,P2_phrase_plus_vigil,True,True
P027,3,20260623,1,P3_vigil_plus_phrase,True,True
P027,3,20260623,1,P3_vigil_plus_phrase,True,True
P027,3,20260623,1,P3_vigil_plus_phrase,False,False
P027,3,20260623,1,P3_vigil_plus_phrase,True,True
P027,3,20260623,0,P4_negative,False,False
P027,3,20260623,0,P4_negative,False,False
P027,3,20260623,0,P4_negative,False,False
P027,3,20260623,0,P4_negative,False,False
P027,3,20260623,0,P4_negative,False,False
P027,3,20260623,0,P4_negative,False,False
P027,3,20260623,0,P4_negative,False,False
P027,3,20260623,0,P4_negative,False,False
P027,3,20260623,0,P4_negative,False,False
P027,3,20260623,0,P4_negative,False,False
P027,3,20260623,0,P4_negative,False,False
P027,3,20260623,0,P4_negative,False,False
P027,3,20260623,0,P4_negative,False,False
P027,3,20260623,0,P4_negative,False,False
P027,3,20260623,0,P4_negative,False,False
P006,5,20260623,1,P1_vigil_only,True,True
P006,5,20260623,1,P1_vigil_only,True,True
P006,5,20260623,1,P2_phrase_plus_vigil,True,True
P006,5,20260623,1,P2_phrase_plus_vigil,True,True
P006,5,20260623,1,P2_phrase_plus_vigil,True,True
P006,5,20260623,1,P2_phrase_plus_vigil,True,True
P006,5,20260623,1,P3_vigil_plus_phrase,True,True
P006,5,20260623,1,P3_vigil_plus_phrase,True,True
P006,5,20260623,0,P4_negative,False,False
P006,5,20260623,0,P4_negative,False,False
P006,5,20260623,0,P4_negative,False,False
P006,5,20260623,0,P4_negative,False,False
P006,5,20260623,0,P4_negative,False,False
P006,5,20260623,0,P4_negative,False,False
P006,5,20260623,0,P4_negative,False,False
P006,5,20260623,0,P4_negative,False,False
P006,5,20260623,0,P4_negative,False,False
P006,5,20260623,0,P4_negative,False,False
P006,5,20260623,0,P4_negative,False,False
P006,5,20260623,0,P4_negative,False,False
P006,5,20260623,0,P4_negative,False,False
P006,5,20260623,0,P4_negative,False,False
P006,5,20260623,0,P4_negative,False,False
P006,5,20260623,1,P3_vigil_plus_phrase,True,True
P006,5,20260623,1,P3_vigil_plus_phrase,True,True
P011,5,20260623,1,P1_vigil_only,True,True
P011,5,20260623,1,P2_phrase_plus_vigil,True,True
P011,5,20260623,1,P2_phrase_plus_vigil,True,True
P011,5,20260623,1,P2_phrase_plus_vigil,True,True
P011,5,20260623,1,P2_phrase_plus_vigil,True,True
P011,5,20260623,1,P2_phrase_plus_vigil,True,True
P011,5,20260623,1,P2_phrase_plus_vigil,True,True
P011,5,20260623,1,P2_phrase_plus_vigil,True,True
P011,5,20260623,1,P2_phrase_plus_vigil,True,True
P011,5,20260623,1,P2_phrase_plus_vigil,True,True
P011,5,20260623,1,P2_phrase_plus_vigil,True,True
P011,5,20260623,1,P2_phrase_plus_vigil,True,True
P011,5,20260623,1,P2_phrase_plus_vigil,True,True
P011,5,20260623,1,P2_phrase_plus_vigil,True,True
P011,5,20260623,1,P2_phrase_plus_vigil,True,True
P011,5,20260623,1,P2_phrase_plus_vigil,True,True
P011,5,20260623,1,P2_phrase_plus_vigil,True,True
P011,5,20260623,1,P2_phrase_plus_vigil,True,True
P011,5,20260623,1,P2_phrase_plus_vigil,True,True
P011,5,20260623,1,P2_phrase_plus_vigil,True,True
P011,5,20260623,1,P2_phrase_plus_vigil,True,True
P011,5,20260623,1,P2_phrase_plus_vigil,True,True
P011,5,20260623,1,P2_phrase_plus_vigil,True,True
P011,5,20260623,1,P2_phrase_plus_vigil,True,True
P011,5,20260623,1,P2_phrase_plus_vigil,True,True
P011,5,20260623,1,P2_phrase_plus_vigil,True,True
P011,5,20260623,1,P2_phrase_plus_vigil,True,True
P011,5,20260623,1,P2_phrase_plus_vigil,True,True
P011,5,20260623,1,P2_phrase_plus_vigil,True,True
P011,5,20260623,1,P2_phrase_plus_vigil,True,True
P011,5,20260623,1,P2_phrase_plus_vigil,True,True
P011,5,20260623,1,P2_phrase_plus_vigil,True,True
P011,5,20260623,1,P2_phrase_plus_vigil,True,True
P011,5,20260623,1,P2_phrase_plus_vigil,True,True
P011,5,20260623,1,P2_phrase_plus_vigil,True,True
P011,5,20260623,1,P1_vigil_only,True,True
P011,5,20260623,1,P1_vigil_only,True,True
P011,5,20260623,1,P1_vigil_only,True,True
P011,5,20260623,1,P3_vigil_plus_phrase,True,True
P011,5,20260623,1,P3_vigil_plus_phrase,True,True
P011,5,20260623,1,P3_vigil_plus_phrase,True,True
P011,5,20260623,1,P3_vigil_plus_phrase,True,True
P011,5,20260623,1,P3_vigil_plus_phrase,True,True
P011,5,20260623,1,P3_vigil_plus_phrase,True,True
P011,5,20260623,1,P3_vigil_plus_phrase,True,True
P011,5,20260623,1,P3_vigil_plus_phrase,True,True
P011,5,20260623,1,P3_vigil_plus_phrase,True,True
P011,5,20260623,1,P3_vigil_plus_phrase,True,True
P011,5,20260623,1,P3_vigil_plus_phrase,True,True
P011,5,20260623,1,P3_vigil_plus_phrase,True,True
P011,5,20260623,1,P3_vigil_plus_phrase,True,True
P011,5,20260623,1,P3_vigil_plus_phrase,True,True
P011,5,20260623,1,P3_vigil_plus_phrase,True,True
P011,5,20260623,1,P3_vigil_plus_phrase,False,False
P011,5,20260623,1,P3_vigil_plus_phrase,True,True
P011,5,20260623,1,P3_vigil_plus_phrase,True,True
P011,5,20260623,1,P3_vigil_plus_phrase,True,True
P011,5,20260623,1,P3_vigil_plus_phrase,True,True
P011,5,20260623,1,P3_vigil_plus_phrase,True,True
P011,5,20260623,0,P4_negative,False,False
P011,5,20260623,0,P4_negative,False,False
P011,5,20260623,0,P4_negative,False,False
P011,5,20260623,0,P4_negative,False,False
P011,5,20260623,0,P4_negative,False,False
P011,5,20260623,0,P4_negative,False,False
P011,5,20260623,0,P4_negative,False,False
P011,5,20260623,0,P4_negative,False,False
P011,5,20260623,0,P4_negative,False,False
P011,5,20260623,0,P4_negative,False,False
P011,5,20260623,0,P4_negative,False,False
P011,5,20260623,0,P4_negative,False,False
P011,5,20260623,0,P4_negative,False,False
P011,5,20260623,0,P4_negative,False,False
P011,5,20260623,0,P4_negative,False,False
P011,5,20260623,0,P4_negative,False,False
P011,5,20260623,0,P4_negative,False,False
P011,5,20260623,0,P4_negative,False,False
P011,5,20260623,0,P4_negative,True,True
P011,5,20260623,0,P4_negative,False,False
P011,5,20260623,0,P4_negative,False,False
P011,5,20260623,0,P4_negative,False,False
P011,5,20260623,0,P4_negative,False,False
P011,5,20260623,0,P4_negative,False,False
P011,5,20260623,0,P4_negative,False,False
P011,5,20260623,0,P4_negative,False,False
P011,5,20260623,0,P4_negative,False,False
P011,5,20260623,0,P4_negative,False,False
P011,5,20260623,0,P4_negative,False,False
P011,5,20260623,0,P4_negative,False,False
P011,5,20260623,0,P4_negative,False,False
P011,5,20260623,0,P4_negative,False,False
P011,5,20260623,0,P4_negative,False,False
P011,5,20260623,0,P4_negative,False,False
P011,5,20260623,0,P4_negative,False,False
P011,5,20260623,0,P4_negative,False,False
P013,5,20260623,1,P1_vigil_only,True,True
P013,5,20260623,1,P1_vigil_only,True,True
P013,5,20260623,1,P3_vigil_plus_phrase,True,True
P013,5,20260623,1,P3_vigil_plus_phrase,True,True
P013,5,20260623,1,P3_vigil_plus_phrase,True,True
P013,5,20260623,1,P3_vigil_plus_phrase,True,True
P013,5,20260623,1,P3_vigil_plus_phrase,True,True
P013,5,20260623,1,P3_vigil_plus_phrase,True,True
P013,5,20260623,1,P2_phrase_plus_vigil,True,True
P013,5,20260623,1,P2_phrase_plus_vigil,True,True
P013,5,20260623,1,P2_phrase_plus_vigil,True,True
P013,5,20260623,1,P2_phrase_plus_vigil,True,True
P013,5,20260623,1,P2_phrase_plus_vigil,True,True
P013,5,20260623,1,P2_phrase_plus_vigil,True,True
P013,5,20260623,0,P4_negative,False,False
P013,5,20260623,0,P4_negative,False,False
P013,5,20260623,0,P4_negative,False,False
P013,5,20260623,0,P4_negative,False,False
P013,5,20260623,0,P4_negative,False,False
P013,5,20260623,0,P4_negative,False,False
P013,5,20260623,0,P4_negative,False,False
P013,5,20260623,0,P4_negative,False,False
P013,5,20260623,0,P4_negative,False,False
P013,5,20260623,0,P4_negative,False,False
P013,5,20260623,0,P4_negative,False,False
P013,5,20260623,0,P4_negative,False,False
P013,5,20260623,0,P4_negative,False,False
P013,5,20260623,0,P4_negative,False,False
P021,5,20260623,1,P1_vigil_only,True,True
P021,5,20260623,1,P2_phrase_plus_vigil,True,True
P021,5,20260623,1,P2_phrase_plus_vigil,True,True
P021,5,20260623,1,P2_phrase_plus_vigil,True,True
P021,5,20260623,1,P2_phrase_plus_vigil,True,True
P021,5,20260623,1,P3_vigil_plus_phrase,True,True
P021,5,20260623,1,P3_vigil_plus_phrase,True,True
P021,5,20260623,0,P4_negative,False,False
P021,5,20260623,0,P4_negative,False,False
P021,5,20260623,0,P4_negative,False,False
P027,5,20260623,1,P2_phrase_plus_vigil,True,True
P027,5,20260623,1,P2_phrase_plus_vigil,False,False
P027,5,20260623,1,P2_phrase_plus_vigil,True,True
P027,5,20260623,1,P3_vigil_plus_phrase,True,True
P027,5,20260623,1,P3_vigil_plus_phrase,True,True
P027,5,20260623,1,P3_vigil_plus_phrase,True,True
P027,5,20260623,0,P4_negative,False,False
P027,5,20260623,0,P4_negative,False,False
P027,5,20260623,0,P4_negative,False,False
P027,5,20260623,0,P4_negative,False,False
P027,5,20260623,0,P4_negative,False,False
P027,5,20260623,0,P4_negative,False,False
P027,5,20260623,0,P4_negative,False,False
P027,5,20260623,0,P4_negative,False,False
P027,5,20260623,0,P4_negative,False,False
P027,5,20260623,0,P4_negative,False,False
P027,5,20260623,0,P4_negative,False,False
P027,5,20260623,0,P4_negative,False,False
P027,5,20260623,0,P4_negative,False,False
P027,5,20260623,0,P4_negative,False,False
P027,5,20260623,0,P4_negative,False,False
P006,3,20260624,1,P1_vigil_only,True,True
P006,3,20260624,1,P1_vigil_only,True,True
P006,3,20260624,1,P1_vigil_only,True,True
P006,3,20260624,1,P2_phrase_plus_vigil,True,True
P006,3,20260624,1,P2_phrase_plus_vigil,True,True
P006,3,20260624,1,P2_phrase_plus_vigil,True,True
P006,3,20260624,1,P3_vigil_plus_phrase,True,True
P006,3,20260624,1,P3_vigil_plus_phrase,True,True
P006,3,20260624,1,P3_vigil_plus_phrase,True,True
P006,3,20260624,1,P3_vigil_plus_phrase,True,True
P006,3,20260624,0,P4_negative,False,False
P006,3,20260624,0,P4_negative,False,False
P006,3,20260624,0,P4_negative,False,False
P006,3,20260624,0,P4_negative,False,False
P006,3,20260624,0,P4_negative,False,False
P006,3,20260624,0,P4_negative,False,False
P006,3,20260624,0,P4_negative,False,False
P006,3,20260624,0,P4_negative,False,False
P006,3,20260624,0,P4_negative,False,False
P006,3,20260624,0,P4_negative,False,False
P006,3,20260624,0,P4_negative,False,False
P006,3,20260624,0,P4_negative,False,False
P006,3,20260624,0,P4_negative,False,False
P006,3,20260624,0,P4_negative,False,False
P006,3,20260624,0,P4_negative,False,False
P006,3,20260624,1,P3_vigil_plus_phrase,True,True
P006,3,20260624,1,P3_vigil_plus_phrase,True,True
P011,3,20260624,1,P1_vigil_only,True,True
P011,3,20260624,1,P1_vigil_only,True,True
P011,3,20260624,1,P2_phrase_plus_vigil,True,True
P011,3,20260624,1,P2_phrase_plus_vigil,True,True
P011,3,20260624,1,P2_phrase_plus_vigil,True,True
P011,3,20260624,1,P2_phrase_plus_vigil,True,True
P011,3,20260624,1,P2_phrase_plus_vigil,True,True
P011,3,20260624,1,P2_phrase_plus_vigil,True,True
P011,3,20260624,1,P2_phrase_plus_vigil,True,True
P011,3,20260624,1,P2_phrase_plus_vigil,True,True
P011,3,20260624,1,P2_phrase_plus_vigil,True,True
P011,3,20260624,1,P2_phrase_plus_vigil,True,True
P011,3,20260624,1,P2_phrase_plus_vigil,True,True
P011,3,20260624,1,P2_phrase_plus_vigil,True,True
P011,3,20260624,1,P2_phrase_plus_vigil,True,True
P011,3,20260624,1,P2_phrase_plus_vigil,True,True
P011,3,20260624,1,P2_phrase_plus_vigil,True,True
P011,3,20260624,1,P2_phrase_plus_vigil,True,True
P011,3,20260624,1,P2_phrase_plus_vigil,True,True
P011,3,20260624,1,P2_phrase_plus_vigil,True,True
P011,3,20260624,1,P2_phrase_plus_vigil,True,True
P011,3,20260624,1,P2_phrase_plus_vigil,True,True
P011,3,20260624,1,P2_phrase_plus_vigil,True,True
P011,3,20260624,1,P2_phrase_plus_vigil,True,True
P011,3,20260624,1,P2_phrase_plus_vigil,True,True
P011,3,20260624,1,P2_phrase_plus_vigil,True,True
P011,3,20260624,1,P2_phrase_plus_vigil,True,True
P011,3,20260624,1,P2_phrase_plus_vigil,True,True
P011,3,20260624,1,P2_phrase_plus_vigil,True,True
P011,3,20260624,1,P2_phrase_plus_vigil,True,True
P011,3,20260624,1,P2_phrase_plus_vigil,True,True
P011,3,20260624,1,P2_phrase_plus_vigil,True,True
P011,3,20260624,1,P2_phrase_plus_vigil,True,True
P011,3,20260624,1,P2_phrase_plus_vigil,True,True
P011,3,20260624,1,P2_phrase_plus_vigil,True,True
P011,3,20260624,1,P1_vigil_only,True,True
P011,3,20260624,1,P1_vigil_only,True,True
P011,3,20260624,1,P1_vigil_only,True,True
P011,3,20260624,1,P1_vigil_only,True,True
P011,3,20260624,1,P3_vigil_plus_phrase,True,True
P011,3,20260624,1,P3_vigil_plus_phrase,True,True
P011,3,20260624,1,P3_vigil_plus_phrase,True,True
P011,3,20260624,1,P3_vigil_plus_phrase,True,True
P011,3,20260624,1,P3_vigil_plus_phrase,True,True
P011,3,20260624,1,P3_vigil_plus_phrase,True,True
P011,3,20260624,1,P3_vigil_plus_phrase,True,True
P011,3,20260624,1,P3_vigil_plus_phrase,True,True
P011,3,20260624,1,P3_vigil_plus_phrase,True,True
P011,3,20260624,1,P3_vigil_plus_phrase,True,True
P011,3,20260624,1,P3_vigil_plus_phrase,True,True
P011,3,20260624,1,P3_vigil_plus_phrase,True,True
P011,3,20260624,1,P3_vigil_plus_phrase,True,True
P011,3,20260624,1,P3_vigil_plus_phrase,True,True
P011,3,20260624,1,P3_vigil_plus_phrase,True,True
P011,3,20260624,1,P3_vigil_plus_phrase,True,True
P011,3,20260624,1,P3_vigil_plus_phrase,False,False
P011,3,20260624,1,P3_vigil_plus_phrase,True,True
P011,3,20260624,1,P3_vigil_plus_phrase,True,True
P011,3,20260624,1,P3_vigil_plus_phrase,True,True
P011,3,20260624,1,P3_vigil_plus_phrase,True,True
P011,3,20260624,1,P3_vigil_plus_phrase,True,True
P011,3,20260624,0,P4_negative,False,False
P011,3,20260624,0,P4_negative,False,False
P011,3,20260624,0,P4_negative,False,False
P011,3,20260624,0,P4_negative,False,False
P011,3,20260624,0,P4_negative,False,False
P011,3,20260624,0,P4_negative,False,False
P011,3,20260624,0,P4_negative,False,False
P011,3,20260624,0,P4_negative,False,False
P011,3,20260624,0,P4_negative,False,False
P011,3,20260624,0,P4_negative,False,False
P011,3,20260624,0,P4_negative,False,False
P011,3,20260624,0,P4_negative,False,False
P011,3,20260624,0,P4_negative,False,False
P011,3,20260624,0,P4_negative,False,False
P011,3,20260624,0,P4_negative,False,False
P011,3,20260624,0,P4_negative,False,False
P011,3,20260624,0,P4_negative,False,False
P011,3,20260624,0,P4_negative,False,False
P011,3,20260624,0,P4_negative,True,True
P011,3,20260624,0,P4_negative,False,False
P011,3,20260624,0,P4_negative,False,False
P011,3,20260624,0,P4_negative,False,False
P011,3,20260624,0,P4_negative,False,False
P011,3,20260624,0,P4_negative,False,False
P011,3,20260624,0,P4_negative,False,False
P011,3,20260624,0,P4_negative,False,False
P011,3,20260624,0,P4_negative,False,False
P011,3,20260624,0,P4_negative,False,False
P011,3,20260624,0,P4_negative,False,False
P011,3,20260624,0,P4_negative,False,False
P011,3,20260624,0,P4_negative,False,False
P011,3,20260624,0,P4_negative,False,False
P011,3,20260624,0,P4_negative,False,False
P011,3,20260624,0,P4_negative,False,False
P011,3,20260624,0,P4_negative,False,False
P011,3,20260624,0,P4_negative,False,False
P013,3,20260624,1,P1_vigil_only,True,True
P013,3,20260624,1,P1_vigil_only,True,True
P013,3,20260624,1,P1_vigil_only,True,True
P013,3,20260624,1,P3_vigil_plus_phrase,True,True
P013,3,20260624,1,P3_vigil_plus_phrase,True,True
P013,3,20260624,1,P3_vigil_plus_phrase,True,True
P013,3,20260624,1,P3_vigil_plus_phrase,True,True
P013,3,20260624,1,P3_vigil_plus_phrase,True,True
P013,3,20260624,1,P3_vigil_plus_phrase,True,True
P013,3,20260624,1,P2_phrase_plus_vigil,True,True
P013,3,20260624,1,P2_phrase_plus_vigil,True,True
P013,3,20260624,1,P2_phrase_plus_vigil,True,True
P013,3,20260624,1,P2_phrase_plus_vigil,True,True
P013,3,20260624,1,P2_phrase_plus_vigil,True,True
P013,3,20260624,1,P2_phrase_plus_vigil,True,True
P013,3,20260624,1,P2_phrase_plus_vigil,True,True
P013,3,20260624,0,P4_negative,False,False
P013,3,20260624,0,P4_negative,False,False
P013,3,20260624,0,P4_negative,False,False
P013,3,20260624,0,P4_negative,False,False
P013,3,20260624,0,P4_negative,False,False
P013,3,20260624,0,P4_negative,False,False
P013,3,20260624,0,P4_negative,False,False
P013,3,20260624,0,P4_negative,False,False
P013,3,20260624,0,P4_negative,False,False
P013,3,20260624,0,P4_negative,False,False
P013,3,20260624,0,P4_negative,False,False
P013,3,20260624,0,P4_negative,False,False
P013,3,20260624,0,P4_negative,False,False
P013,3,20260624,0,P4_negative,False,False
P021,3,20260624,1,P1_vigil_only,True,True
P021,3,20260624,1,P1_vigil_only,True,True
P021,3,20260624,1,P2_phrase_plus_vigil,True,True
P021,3,20260624,1,P2_phrase_plus_vigil,True,True
P021,3,20260624,1,P2_phrase_plus_vigil,True,True
P021,3,20260624,1,P2_phrase_plus_vigil,True,True
P021,3,20260624,1,P3_vigil_plus_phrase,True,True
P021,3,20260624,1,P3_vigil_plus_phrase,True,True
P021,3,20260624,1,P3_vigil_plus_phrase,True,True
P021,3,20260624,0,P4_negative,False,False
P021,3,20260624,0,P4_negative,False,False
P021,3,20260624,0,P4_negative,False,False
P027,3,20260624,1,P1_vigil_only,False,False
P027,3,20260624,1,P2_phrase_plus_vigil,True,True
P027,3,20260624,1,P2_phrase_plus_vigil,False,False
P027,3,20260624,1,P2_phrase_plus_vigil,True,True
P027,3,20260624,1,P2_phrase_plus_vigil,True,True
P027,3,20260624,1,P3_vigil_plus_phrase,True,True
P027,3,20260624,1,P3_vigil_plus_phrase,False,False
P027,3,20260624,1,P3_vigil_plus_phrase,True,True
P027,3,20260624,0,P4_negative,False,False
P027,3,20260624,0,P4_negative,False,False
P027,3,20260624,0,P4_negative,False,False
P027,3,20260624,0,P4_negative,False,False
P027,3,20260624,0,P4_negative,False,False
P027,3,20260624,0,P4_negative,False,False
P027,3,20260624,0,P4_negative,False,False
P027,3,20260624,0,P4_negative,False,False
P027,3,20260624,0,P4_negative,False,False
P027,3,20260624,0,P4_negative,False,False
P027,3,20260624,0,P4_negative,False,False
P027,3,20260624,0,P4_negative,False,False
P027,3,20260624,0,P4_negative,False,False
P027,3,20260624,0,P4_negative,False,False
P027,3,20260624,0,P4_negative,False,False
P006,5,20260624,1,P1_vigil_only,True,True
P006,5,20260624,1,P2_phrase_plus_vigil,True,True
P006,5,20260624,1,P2_phrase_plus_vigil,True,True
P006,5,20260624,1,P2_phrase_plus_vigil,True,True
P006,5,20260624,1,P3_vigil_plus_phrase,True,True
P006,5,20260624,1,P3_vigil_plus_phrase,True,True
P006,5,20260624,1,P3_vigil_plus_phrase,True,True
P006,5,20260624,1,P3_vigil_plus_phrase,True,True
P006,5,20260624,0,P4_negative,False,False
P006,5,20260624,0,P4_negative,False,False
P006,5,20260624,0,P4_negative,False,False
P006,5,20260624,0,P4_negative,False,False
P006,5,20260624,0,P4_negative,False,False
P006,5,20260624,0,P4_negative,False,False
P006,5,20260624,0,P4_negative,False,False
P006,5,20260624,0,P4_negative,False,False
P006,5,20260624,0,P4_negative,False,False
P006,5,20260624,0,P4_negative,False,False
P006,5,20260624,0,P4_negative,False,False
P006,5,20260624,0,P4_negative,False,False
P006,5,20260624,0,P4_negative,False,False
P006,5,20260624,0,P4_negative,False,False
P006,5,20260624,0,P4_negative,False,False
P006,5,20260624,1,P3_vigil_plus_phrase,True,True
P006,5,20260624,1,P3_vigil_plus_phrase,True,True
P011,5,20260624,1,P1_vigil_only,True,True
P011,5,20260624,1,P1_vigil_only,True,True
P011,5,20260624,1,P2_phrase_plus_vigil,True,True
P011,5,20260624,1,P2_phrase_plus_vigil,True,True
P011,5,20260624,1,P2_phrase_plus_vigil,True,True
P011,5,20260624,1,P2_phrase_plus_vigil,True,True
P011,5,20260624,1,P2_phrase_plus_vigil,True,True
P011,5,20260624,1,P2_phrase_plus_vigil,True,True
P011,5,20260624,1,P2_phrase_plus_vigil,True,True
P011,5,20260624,1,P2_phrase_plus_vigil,True,True
P011,5,20260624,1,P2_phrase_plus_vigil,True,True
P011,5,20260624,1,P2_phrase_plus_vigil,True,True
P011,5,20260624,1,P2_phrase_plus_vigil,True,True
P011,5,20260624,1,P2_phrase_plus_vigil,True,True
P011,5,20260624,1,P2_phrase_plus_vigil,True,True
P011,5,20260624,1,P2_phrase_plus_vigil,True,True
P011,5,20260624,1,P2_phrase_plus_vigil,True,True
P011,5,20260624,1,P2_phrase_plus_vigil,True,True
P011,5,20260624,1,P2_phrase_plus_vigil,True,True
P011,5,20260624,1,P2_phrase_plus_vigil,True,True
P011,5,20260624,1,P2_phrase_plus_vigil,True,True
P011,5,20260624,1,P2_phrase_plus_vigil,True,True
P011,5,20260624,1,P2_phrase_plus_vigil,True,True
P011,5,20260624,1,P2_phrase_plus_vigil,True,True
P011,5,20260624,1,P2_phrase_plus_vigil,True,True
P011,5,20260624,1,P2_phrase_plus_vigil,True,True
P011,5,20260624,1,P2_phrase_plus_vigil,True,True
P011,5,20260624,1,P2_phrase_plus_vigil,True,True
P011,5,20260624,1,P2_phrase_plus_vigil,True,True
P011,5,20260624,1,P2_phrase_plus_vigil,True,True
P011,5,20260624,1,P2_phrase_plus_vigil,True,True
P011,5,20260624,1,P2_phrase_plus_vigil,True,True
P011,5,20260624,1,P2_phrase_plus_vigil,True,True
P011,5,20260624,1,P2_phrase_plus_vigil,True,True
P011,5,20260624,1,P1_vigil_only,True,True
P011,5,20260624,1,P1_vigil_only,True,True
P011,5,20260624,1,P1_vigil_only,True,True
P011,5,20260624,1,P3_vigil_plus_phrase,True,True
P011,5,20260624,1,P3_vigil_plus_phrase,True,True
P011,5,20260624,1,P3_vigil_plus_phrase,True,True
P011,5,20260624,1,P3_vigil_plus_phrase,True,True
P011,5,20260624,1,P3_vigil_plus_phrase,True,True
P011,5,20260624,1,P3_vigil_plus_phrase,True,True
P011,5,20260624,1,P3_vigil_plus_phrase,True,True
P011,5,20260624,1,P3_vigil_plus_phrase,True,True
P011,5,20260624,1,P3_vigil_plus_phrase,True,True
P011,5,20260624,1,P3_vigil_plus_phrase,True,True
P011,5,20260624,1,P3_vigil_plus_phrase,True,True
P011,5,20260624,1,P3_vigil_plus_phrase,True,True
P011,5,20260624,1,P3_vigil_plus_phrase,True,True
P011,5,20260624,1,P3_vigil_plus_phrase,True,True
P011,5,20260624,1,P3_vigil_plus_phrase,True,True
P011,5,20260624,1,P3_vigil_plus_phrase,True,True
P011,5,20260624,1,P3_vigil_plus_phrase,False,False
P011,5,20260624,1,P3_vigil_plus_phrase,True,True
P011,5,20260624,1,P3_vigil_plus_phrase,True,True
P011,5,20260624,1,P3_vigil_plus_phrase,True,True
P011,5,20260624,1,P3_vigil_plus_phrase,True,True
P011,5,20260624,1,P3_vigil_plus_phrase,True,True
P011,5,20260624,0,P4_negative,False,False
P011,5,20260624,0,P4_negative,False,False
P011,5,20260624,0,P4_negative,False,False
P011,5,20260624,0,P4_negative,False,False
P011,5,20260624,0,P4_negative,False,False
P011,5,20260624,0,P4_negative,False,False
P011,5,20260624,0,P4_negative,False,False
P011,5,20260624,0,P4_negative,False,False
P011,5,20260624,0,P4_negative,False,False
P011,5,20260624,0,P4_negative,False,False
P011,5,20260624,0,P4_negative,False,False
P011,5,20260624,0,P4_negative,False,False
P011,5,20260624,0,P4_negative,False,False
P011,5,20260624,0,P4_negative,False,False
P011,5,20260624,0,P4_negative,False,False
P011,5,20260624,0,P4_negative,False,False
P011,5,20260624,0,P4_negative,False,False
P011,5,20260624,0,P4_negative,False,False
P011,5,20260624,0,P4_negative,True,True
P011,5,20260624,0,P4_negative,False,False
P011,5,20260624,0,P4_negative,False,False
P011,5,20260624,0,P4_negative,False,False
P011,5,20260624,0,P4_negative,False,False
P011,5,20260624,0,P4_negative,False,False
P011,5,20260624,0,P4_negative,False,False
P011,5,20260624,0,P4_negative,False,False
P011,5,20260624,0,P4_negative,False,False
P011,5,20260624,0,P4_negative,False,False
P011,5,20260624,0,P4_negative,False,False
P011,5,20260624,0,P4_negative,False,False
P011,5,20260624,0,P4_negative,False,False
P011,5,20260624,0,P4_negative,False,False
P011,5,20260624,0,P4_negative,False,False
P011,5,20260624,0,P4_negative,False,False
P011,5,20260624,0,P4_negative,False,False
P011,5,20260624,0,P4_negative,False,False
P013,5,20260624,1,P1_vigil_only,True,True
P013,5,20260624,1,P1_vigil_only,True,True
P013,5,20260624,1,P1_vigil_only,True,True
P013,5,20260624,1,P3_vigil_plus_phrase,True,True
P013,5,20260624,1,P3_vigil_plus_phrase,True,True
P013,5,20260624,1,P3_vigil_plus_phrase,True,True
P013,5,20260624,1,P3_vigil_plus_phrase,True,True
P013,5,20260624,1,P3_vigil_plus_phrase,True,True
P013,5,20260624,1,P2_phrase_plus_vigil,True,True
P013,5,20260624,1,P2_phrase_plus_vigil,True,True
P013,5,20260624,1,P2_phrase_plus_vigil,True,True
P013,5,20260624,1,P2_phrase_plus_vigil,True,True
P013,5,20260624,1,P2_phrase_plus_vigil,True,True
P013,5,20260624,1,P2_phrase_plus_vigil,True,True
P013,5,20260624,0,P4_negative,False,False
P013,5,20260624,0,P4_negative,False,False
P013,5,20260624,0,P4_negative,False,False
P013,5,20260624,0,P4_negative,False,False
P013,5,20260624,0,P4_negative,False,False
P013,5,20260624,0,P4_negative,False,False
P013,5,20260624,0,P4_negative,False,False
P013,5,20260624,0,P4_negative,False,False
P013,5,20260624,0,P4_negative,False,False
P013,5,20260624,0,P4_negative,False,False
P013,5,20260624,0,P4_negative,False,False
P013,5,20260624,0,P4_negative,False,False
P013,5,20260624,0,P4_negative,False,False
P013,5,20260624,0,P4_negative,False,False
P021,5,20260624,1,P1_vigil_only,True,True
P021,5,20260624,1,P2_phrase_plus_vigil,True,True
P021,5,20260624,1,P2_phrase_plus_vigil,True,True
P021,5,20260624,1,P2_phrase_plus_vigil,True,True
P021,5,20260624,1,P3_vigil_plus_phrase,True,True
P021,5,20260624,1,P3_vigil_plus_phrase,True,True
P021,5,20260624,1,P3_vigil_plus_phrase,True,True
P021,5,20260624,0,P4_negative,False,False
P021,5,20260624,0,P4_negative,False,False
P021,5,20260624,0,P4_negative,False,False
P027,5,20260624,1,P1_vigil_only,False,False
P027,5,20260624,1,P2_phrase_plus_vigil,True,True
P027,5,20260624,1,P2_phrase_plus_vigil,True,True
P027,5,20260624,1,P2_phrase_plus_vigil,True,True
P027,5,20260624,1,P3_vigil_plus_phrase,True,True
P027,5,20260624,1,P3_vigil_plus_phrase,True,True
P027,5,20260624,0,P4_negative,False,False
P027,5,20260624,0,P4_negative,False,False
P027,5,20260624,0,P4_negative,False,False
P027,5,20260624,0,P4_negative,False,False
P027,5,20260624,0,P4_negative,False,False
P027,5,20260624,0,P4_negative,False,False
P027,5,20260624,0,P4_negative,False,False
P027,5,20260624,0,P4_negative,False,False
P027,5,20260624,0,P4_negative,False,False
P027,5,20260624,0,P4_negative,False,False
P027,5,20260624,0,P4_negative,False,False
P027,5,20260624,0,P4_negative,False,False
P027,5,20260624,0,P4_negative,False,False
P027,5,20260624,0,P4_negative,False,False
P027,5,20260624,0,P4_negative,False,False
P018,3,20260620,1,P1_vigil_only,True,True
P018,3,20260620,1,P1_vigil_only,True,True
P018,3,20260620,1,P1_vigil_only,False,False
P018,3,20260620,1,P1_vigil_only,True,True
P018,3,20260620,1,P1_vigil_only,True,True
P018,3,20260620,1,P2_phrase_plus_vigil,False,False
P018,3,20260620,1,P2_phrase_plus_vigil,False,False
P018,3,20260620,1,P2_phrase_plus_vigil,False,False
P018,3,20260620,1,P2_phrase_plus_vigil,True,True
P018,3,20260620,1,P2_phrase_plus_vigil,True,True
P018,3,20260620,1,P2_phrase_plus_vigil,False,False
P018,3,20260620,1,P2_phrase_plus_vigil,True,True
P022,3,20260620,1,P1_vigil_only,True,True
P022,3,20260620,1,P1_vigil_only,True,True
P022,3,20260620,1,P2_phrase_plus_vigil,True,True
P022,3,20260620,1,P2_phrase_plus_vigil,True,True
P022,3,20260620,1,P2_phrase_plus_vigil,True,True
P022,3,20260620,1,P2_phrase_plus_vigil,True,True
P022,3,20260620,1,P2_phrase_plus_vigil,True,True
P022,3,20260620,1,P2_phrase_plus_vigil,True,True
P022,3,20260620,1,P2_phrase_plus_vigil,True,True
P022,3,20260620,1,P2_phrase_plus_vigil,True,True
P022,3,20260620,1,P2_phrase_plus_vigil,True,True
P022,3,20260620,1,P2_phrase_plus_vigil,True,True
P022,3,20260620,1,P3_vigil_plus_phrase,True,True
P022,3,20260620,1,P3_vigil_plus_phrase,True,True
P022,3,20260620,1,P3_vigil_plus_phrase,True,True
P022,3,20260620,1,P3_vigil_plus_phrase,True,True
P022,3,20260620,1,P3_vigil_plus_phrase,True,True
P022,3,20260620,1,P3_vigil_plus_phrase,False,False
P022,3,20260620,1,P3_vigil_plus_phrase,False,False
P022,3,20260620,0,P4_negative,False,False
P022,3,20260620,0,P4_negative,False,False
P022,3,20260620,0,P4_negative,False,False
P022,3,20260620,0,P4_negative,False,False
P022,3,20260620,0,P4_negative,False,False
P022,3,20260620,0,P4_negative,False,False
P022,3,20260620,0,P4_negative,False,False
P022,3,20260620,0,P4_negative,False,False
P022,3,20260620,0,P4_negative,False,False
P022,3,20260620,0,P4_negative,False,False
P022,3,20260620,0,P4_negative,False,False
P022,3,20260620,0,P4_negative,False,False
P022,3,20260620,0,P4_negative,False,False
P022,3,20260620,0,P4_negative,False,False
P022,3,20260620,0,P4_negative,False,False
P023,3,20260620,1,P1_vigil_only,True,True
P023,3,20260620,1,P1_vigil_only,True,True
P023,3,20260620,1,P1_vigil_only,True,True
P023,3,20260620,1,P2_phrase_plus_vigil,True,True
P023,3,20260620,1,P2_phrase_plus_vigil,True,True
P023,3,20260620,1,P2_phrase_plus_vigil,True,True
P023,3,20260620,1,P2_phrase_plus_vigil,True,True
P023,3,20260620,1,P2_phrase_plus_vigil,True,True
P023,3,20260620,1,P3_vigil_plus_phrase,True,True
P023,3,20260620,0,P4_negative,False,False
P023,3,20260620,0,P4_negative,False,False
P023,3,20260620,0,P4_negative,False,False
P023,3,20260620,0,P4_negative,False,False
P023,3,20260620,0,P4_negative,False,False
P023,3,20260620,0,P4_negative,False,False
P023,3,20260620,0,P4_negative,False,False
P023,3,20260620,0,P4_negative,False,False
P023,3,20260620,0,P4_negative,False,False
P023,3,20260620,0,P4_negative,False,False
P023,3,20260620,0,P4_negative,False,False
P023,3,20260620,0,P4_negative,False,False
P023,3,20260620,0,P4_negative,False,False
P023,3,20260620,0,P4_negative,False,False
P023,3,20260620,0,P4_negative,False,False
P025,3,20260620,1,P1_vigil_only,True,True
P025,3,20260620,1,P1_vigil_only,True,True
P025,3,20260620,1,P2_phrase_plus_vigil,True,True
P025,3,20260620,1,P2_phrase_plus_vigil,True,True
P025,3,20260620,1,P2_phrase_plus_vigil,True,True
P025,3,20260620,1,P2_phrase_plus_vigil,True,True
P025,3,20260620,1,P2_phrase_plus_vigil,True,True
P025,3,20260620,1,P3_vigil_plus_phrase,True,True
P025,3,20260620,1,P3_vigil_plus_phrase,True,True
P025,3,20260620,1,P3_vigil_plus_phrase,True,True
P025,3,20260620,1,P3_vigil_plus_phrase,True,True
P025,3,20260620,1,P3_vigil_plus_phrase,True,True
P025,3,20260620,1,P3_vigil_plus_phrase,True,True
P025,3,20260620,0,P4_negative,False,False
P025,3,20260620,0,P4_negative,False,False
P025,3,20260620,0,P4_negative,False,False
P025,3,20260620,0,P4_negative,False,False
P025,3,20260620,0,P4_negative,False,False
P025,3,20260620,0,P4_negative,False,False
P025,3,20260620,0,P4_negative,False,False
P025,3,20260620,0,P4_negative,False,False
P025,3,20260620,0,P4_negative,False,False
P025,3,20260620,0,P4_negative,False,False
P025,3,20260620,0,P4_negative,False,False
P025,3,20260620,0,P4_negative,False,False
P025,3,20260620,0,P4_negative,False,False
P025,3,20260620,0,P4_negative,False,False
P025,3,20260620,0,P4_negative,False,False
P030,3,20260620,1,P1_vigil_only,True,True
P030,3,20260620,1,P1_vigil_only,True,True
P030,3,20260620,1,P1_vigil_only,True,True
P030,3,20260620,1,P1_vigil_only,True,True
P030,3,20260620,1,P1_vigil_only,True,True
P030,3,20260620,1,P2_phrase_plus_vigil,True,True
P030,3,20260620,1,P2_phrase_plus_vigil,True,True
P030,3,20260620,1,P2_phrase_plus_vigil,True,True
P030,3,20260620,1,P2_phrase_plus_vigil,True,True
P030,3,20260620,1,P2_phrase_plus_vigil,True,True
P030,3,20260620,1,P2_phrase_plus_vigil,True,True
P030,3,20260620,1,P2_phrase_plus_vigil,True,True
P030,3,20260620,1,P2_phrase_plus_vigil,True,True
P030,3,20260620,1,P2_phrase_plus_vigil,True,True
P030,3,20260620,1,P2_phrase_plus_vigil,True,True
P030,3,20260620,1,P2_phrase_plus_vigil,True,True
P030,3,20260620,1,P2_phrase_plus_vigil,True,True
P030,3,20260620,1,P2_phrase_plus_vigil,True,True
P030,3,20260620,1,P2_phrase_plus_vigil,True,True
P030,3,20260620,1,P2_phrase_plus_vigil,True,True
P030,3,20260620,1,P2_phrase_plus_vigil,True,True
P030,3,20260620,1,P2_phrase_plus_vigil,True,True
P030,3,20260620,1,P2_phrase_plus_vigil,True,True
P030,3,20260620,1,P2_phrase_plus_vigil,True,True
P030,3,20260620,1,P2_phrase_plus_vigil,True,True
P030,3,20260620,1,P2_phrase_plus_vigil,True,True
P030,3,20260620,1,P2_phrase_plus_vigil,True,True
P030,3,20260620,1,P2_phrase_plus_vigil,True,True
P030,3,20260620,1,P2_phrase_plus_vigil,True,True
P030,3,20260620,1,P2_phrase_plus_vigil,True,True
P030,3,20260620,1,P2_phrase_plus_vigil,True,True
P030,3,20260620,1,P2_phrase_plus_vigil,True,True
P030,3,20260620,1,P2_phrase_plus_vigil,True,True
P030,3,20260620,1,P2_phrase_plus_vigil,True,True
P030,3,20260620,1,P3_vigil_plus_phrase,True,True
P030,3,20260620,1,P3_vigil_plus_phrase,True,True
P030,3,20260620,1,P3_vigil_plus_phrase,True,True
P030,3,20260620,1,P3_vigil_plus_phrase,True,True
P030,3,20260620,1,P3_vigil_plus_phrase,True,True
P030,3,20260620,1,P3_vigil_plus_phrase,True,True
P030,3,20260620,1,P3_vigil_plus_phrase,True,True
P030,3,20260620,1,P3_vigil_plus_phrase,True,True
P030,3,20260620,1,P3_vigil_plus_phrase,True,True
P030,3,20260620,1,P3_vigil_plus_phrase,True,True
P030,3,20260620,1,P3_vigil_plus_phrase,True,True
P030,3,20260620,1,P3_vigil_plus_phrase,True,True
P030,3,20260620,1,P3_vigil_plus_phrase,True,True
P030,3,20260620,1,P3_vigil_plus_phrase,True,True
P030,3,20260620,1,P3_vigil_plus_phrase,True,True
P030,3,20260620,1,P3_vigil_plus_phrase,True,True
P030,3,20260620,1,P3_vigil_plus_phrase,True,True
P030,3,20260620,1,P3_vigil_plus_phrase,True,True
P030,3,20260620,0,P4_negative,False,False
P030,3,20260620,0,P4_negative,False,False
P030,3,20260620,0,P4_negative,False,False
P030,3,20260620,0,P4_negative,False,False
P030,3,20260620,0,P4_negative,False,False
P030,3,20260620,0,P4_negative,False,False
P030,3,20260620,0,P4_negative,False,False
P030,3,20260620,0,P4_negative,False,False
P030,3,20260620,0,P4_negative,False,False
P030,3,20260620,0,P4_negative,False,False
P030,3,20260620,0,P4_negative,False,False
P030,3,20260620,0,P4_negative,False,False
P030,3,20260620,0,P4_negative,False,False
P030,3,20260620,0,P4_negative,False,False
P030,3,20260620,0,P4_negative,False,False
P030,3,20260620,0,P4_negative,False,False
P030,3,20260620,0,P4_negative,False,False
P030,3,20260620,0,P4_negative,False,False
P030,3,20260620,0,P4_negative,False,False
P030,3,20260620,0,P4_negative,False,False
P030,3,20260620,0,P4_negative,False,False
P030,3,20260620,0,P4_negative,False,False
P030,3,20260620,0,P4_negative,False,False
P030,3,20260620,0,P4_negative,False,False
P030,3,20260620,0,P4_negative,False,False
P030,3,20260620,0,P4_negative,False,False
P030,3,20260620,0,P4_negative,False,False
P030,3,20260620,0,P4_negative,False,False
P030,3,20260620,0,P4_negative,False,False
P030,3,20260620,0,P4_negative,False,False
P030,3,20260620,0,P4_negative,False,False
P030,3,20260620,0,P4_negative,False,False
P030,3,20260620,0,P4_negative,False,False
P030,3,20260620,0,P4_negative,False,False
P030,3,20260620,0,P4_negative,False,False
P030,3,20260620,0,P4_negative,False,False
P030,3,20260620,0,P4_negative,False,False
P030,3,20260620,0,P4_negative,False,False
P030,3,20260620,0,P4_negative,False,False
P030,3,20260620,0,P4_negative,False,False
P018,5,20260620,1,P1_vigil_only,True,True
P018,5,20260620,1,P1_vigil_only,True,True
P018,5,20260620,1,P1_vigil_only,True,True
P018,5,20260620,1,P1_vigil_only,True,True
P018,5,20260620,1,P2_phrase_plus_vigil,False,False
P018,5,20260620,1,P2_phrase_plus_vigil,False,False
P018,5,20260620,1,P2_phrase_plus_vigil,True,True
P018,5,20260620,1,P2_phrase_plus_vigil,True,True
P018,5,20260620,1,P2_phrase_plus_vigil,False,False
P018,5,20260620,1,P2_phrase_plus_vigil,True,True
P022,5,20260620,1,P1_vigil_only,True,True
P022,5,20260620,1,P1_vigil_only,True,True
P022,5,20260620,1,P2_phrase_plus_vigil,True,True
P022,5,20260620,1,P2_phrase_plus_vigil,True,True
P022,5,20260620,1,P2_phrase_plus_vigil,True,True
P022,5,20260620,1,P2_phrase_plus_vigil,True,True
P022,5,20260620,1,P2_phrase_plus_vigil,True,True
P022,5,20260620,1,P2_phrase_plus_vigil,True,True
P022,5,20260620,1,P2_phrase_plus_vigil,True,True
P022,5,20260620,1,P2_phrase_plus_vigil,True,True
P022,5,20260620,1,P3_vigil_plus_phrase,True,True
P022,5,20260620,1,P3_vigil_plus_phrase,True,True
P022,5,20260620,1,P3_vigil_plus_phrase,True,True
P022,5,20260620,1,P3_vigil_plus_phrase,True,True
P022,5,20260620,1,P3_vigil_plus_phrase,True,True
P022,5,20260620,1,P3_vigil_plus_phrase,False,False
P022,5,20260620,1,P3_vigil_plus_phrase,False,False
P022,5,20260620,0,P4_negative,False,False
P022,5,20260620,0,P4_negative,False,False
P022,5,20260620,0,P4_negative,False,False
P022,5,20260620,0,P4_negative,False,False
P022,5,20260620,0,P4_negative,False,False
P022,5,20260620,0,P4_negative,False,False
P022,5,20260620,0,P4_negative,False,False
P022,5,20260620,0,P4_negative,False,False
P022,5,20260620,0,P4_negative,False,False
P022,5,20260620,0,P4_negative,False,False
P022,5,20260620,0,P4_negative,False,False
P022,5,20260620,0,P4_negative,False,False
P022,5,20260620,0,P4_negative,False,False
P022,5,20260620,0,P4_negative,False,False
P022,5,20260620,0,P4_negative,False,False
P023,5,20260620,1,P1_vigil_only,True,True
P023,5,20260620,1,P1_vigil_only,True,True
P023,5,20260620,1,P2_phrase_plus_vigil,True,True
P023,5,20260620,1,P2_phrase_plus_vigil,True,True
P023,5,20260620,1,P2_phrase_plus_vigil,True,True
P023,5,20260620,1,P2_phrase_plus_vigil,True,True
P023,5,20260620,1,P3_vigil_plus_phrase,True,True
P023,5,20260620,0,P4_negative,False,False
P023,5,20260620,0,P4_negative,False,False
P023,5,20260620,0,P4_negative,False,False
P023,5,20260620,0,P4_negative,False,False
P023,5,20260620,0,P4_negative,False,False
P023,5,20260620,0,P4_negative,False,False
P023,5,20260620,0,P4_negative,False,False
P023,5,20260620,0,P4_negative,False,False
P023,5,20260620,0,P4_negative,False,False
P023,5,20260620,0,P4_negative,False,False
P023,5,20260620,0,P4_negative,False,False
P023,5,20260620,0,P4_negative,False,False
P023,5,20260620,0,P4_negative,False,False
P023,5,20260620,0,P4_negative,False,False
P023,5,20260620,0,P4_negative,False,False
P025,5,20260620,1,P1_vigil_only,True,True
P025,5,20260620,1,P1_vigil_only,True,True
P025,5,20260620,1,P2_phrase_plus_vigil,True,True
P025,5,20260620,1,P2_phrase_plus_vigil,True,True
P025,5,20260620,1,P2_phrase_plus_vigil,True,True
P025,5,20260620,1,P2_phrase_plus_vigil,True,True
P025,5,20260620,1,P3_vigil_plus_phrase,True,True
P025,5,20260620,1,P3_vigil_plus_phrase,True,True
P025,5,20260620,1,P3_vigil_plus_phrase,True,True
P025,5,20260620,1,P3_vigil_plus_phrase,True,True
P025,5,20260620,1,P3_vigil_plus_phrase,True,True
P025,5,20260620,0,P4_negative,False,False
P025,5,20260620,0,P4_negative,False,False
P025,5,20260620,0,P4_negative,False,False
P025,5,20260620,0,P4_negative,False,False
P025,5,20260620,0,P4_negative,False,False
P025,5,20260620,0,P4_negative,False,False
P025,5,20260620,0,P4_negative,False,False
P025,5,20260620,0,P4_negative,False,False
P025,5,20260620,0,P4_negative,False,False
P025,5,20260620,0,P4_negative,False,False
P025,5,20260620,0,P4_negative,False,False
P025,5,20260620,0,P4_negative,False,False
P025,5,20260620,0,P4_negative,False,False
P025,5,20260620,0,P4_negative,False,False
P025,5,20260620,0,P4_negative,False,False
P030,5,20260620,1,P1_vigil_only,True,True
P030,5,20260620,1,P1_vigil_only,True,True
P030,5,20260620,1,P1_vigil_only,True,True
P030,5,20260620,1,P1_vigil_only,True,True
P030,5,20260620,1,P1_vigil_only,True,True
P030,5,20260620,1,P2_phrase_plus_vigil,True,True
P030,5,20260620,1,P2_phrase_plus_vigil,True,True
P030,5,20260620,1,P2_phrase_plus_vigil,True,True
P030,5,20260620,1,P2_phrase_plus_vigil,True,True
P030,5,20260620,1,P2_phrase_plus_vigil,True,True
P030,5,20260620,1,P2_phrase_plus_vigil,True,True
P030,5,20260620,1,P2_phrase_plus_vigil,True,True
P030,5,20260620,1,P2_phrase_plus_vigil,True,True
P030,5,20260620,1,P2_phrase_plus_vigil,True,True
P030,5,20260620,1,P2_phrase_plus_vigil,True,True
P030,5,20260620,1,P2_phrase_plus_vigil,True,True
P030,5,20260620,1,P2_phrase_plus_vigil,True,True
P030,5,20260620,1,P2_phrase_plus_vigil,True,True
P030,5,20260620,1,P2_phrase_plus_vigil,True,True
P030,5,20260620,1,P2_phrase_plus_vigil,True,True
P030,5,20260620,1,P2_phrase_plus_vigil,True,True
P030,5,20260620,1,P2_phrase_plus_vigil,True,True
P030,5,20260620,1,P2_phrase_plus_vigil,True,True
P030,5,20260620,1,P2_phrase_plus_vigil,True,True
P030,5,20260620,1,P2_phrase_plus_vigil,True,True
P030,5,20260620,1,P2_phrase_plus_vigil,True,True
P030,5,20260620,1,P2_phrase_plus_vigil,True,True
P030,5,20260620,1,P2_phrase_plus_vigil,True,True
P030,5,20260620,1,P2_phrase_plus_vigil,True,True
P030,5,20260620,1,P2_phrase_plus_vigil,True,True
P030,5,20260620,1,P2_phrase_plus_vigil,True,True
P030,5,20260620,1,P2_phrase_plus_vigil,True,True
P030,5,20260620,1,P3_vigil_plus_phrase,True,True
P030,5,20260620,1,P3_vigil_plus_phrase,True,True
P030,5,20260620,1,P3_vigil_plus_phrase,True,True
P030,5,20260620,1,P3_vigil_plus_phrase,True,True
P030,5,20260620,1,P3_vigil_plus_phrase,True,True
P030,5,20260620,1,P3_vigil_plus_phrase,True,True
P030,5,20260620,1,P3_vigil_plus_phrase,True,True
P030,5,20260620,1,P3_vigil_plus_phrase,True,True
P030,5,20260620,1,P3_vigil_plus_phrase,True,True
P030,5,20260620,1,P3_vigil_plus_phrase,True,True
P030,5,20260620,1,P3_vigil_plus_phrase,True,True
P030,5,20260620,1,P3_vigil_plus_phrase,True,True
P030,5,20260620,1,P3_vigil_plus_phrase,True,True
P030,5,20260620,1,P3_vigil_plus_phrase,True,True
P030,5,20260620,1,P3_vigil_plus_phrase,True,True
P030,5,20260620,1,P3_vigil_plus_phrase,True,True
P030,5,20260620,1,P3_vigil_plus_phrase,True,True
P030,5,20260620,1,P3_vigil_plus_phrase,True,True
P030,5,20260620,0,P4_negative,False,False
P030,5,20260620,0,P4_negative,False,False
P030,5,20260620,0,P4_negative,False,False
P030,5,20260620,0,P4_negative,False,False
P030,5,20260620,0,P4_negative,False,False
P030,5,20260620,0,P4_negative,False,False
P030,5,20260620,0,P4_negative,False,False
P030,5,20260620,0,P4_negative,False,False
P030,5,20260620,0,P4_negative,False,False
P030,5,20260620,0,P4_negative,False,False
P030,5,20260620,0,P4_negative,False,False
P030,5,20260620,0,P4_negative,False,False
P030,5,20260620,0,P4_negative,False,False
P030,5,20260620,0,P4_negative,False,False
P030,5,20260620,0,P4_negative,False,False
P030,5,20260620,0,P4_negative,False,False
P030,5,20260620,0,P4_negative,False,False
P030,5,20260620,0,P4_negative,False,False
P030,5,20260620,0,P4_negative,False,False
P030,5,20260620,0,P4_negative,False,False
P030,5,20260620,0,P4_negative,False,False
P030,5,20260620,0,P4_negative,False,False
P030,5,20260620,0,P4_negative,False,False
P030,5,20260620,0,P4_negative,False,False
P030,5,20260620,0,P4_negative,False,False
P030,5,20260620,0,P4_negative,False,False
P030,5,20260620,0,P4_negative,False,False
P030,5,20260620,0,P4_negative,False,False
P030,5,20260620,0,P4_negative,False,False
P030,5,20260620,0,P4_negative,False,False
P030,5,20260620,0,P4_negative,False,False
P030,5,20260620,0,P4_negative,False,False
P030,5,20260620,0,P4_negative,False,False
P030,5,20260620,0,P4_negative,False,False
P030,5,20260620,0,P4_negative,False,False
P030,5,20260620,0,P4_negative,False,False
P030,5,20260620,0,P4_negative,False,False
P030,5,20260620,0,P4_negative,False,False
P030,5,20260620,0,P4_negative,False,False
P030,5,20260620,0,P4_negative,False,False
P018,3,20260621,1,P1_vigil_only,True,True
P018,3,20260621,1,P1_vigil_only,True,True
P018,3,20260621,1,P1_vigil_only,False,False
P018,3,20260621,1,P1_vigil_only,True,True
P018,3,20260621,1,P1_vigil_only,True,True
P018,3,20260621,1,P2_phrase_plus_vigil,False,False
P018,3,20260621,1,P2_phrase_plus_vigil,False,False
P018,3,20260621,1,P2_phrase_plus_vigil,False,False
P018,3,20260621,1,P2_phrase_plus_vigil,True,True
P018,3,20260621,1,P2_phrase_plus_vigil,False,False
P018,3,20260621,1,P2_phrase_plus_vigil,True,True
P018,3,20260621,1,P2_phrase_plus_vigil,False,False
P022,3,20260621,1,P1_vigil_only,True,True
P022,3,20260621,1,P1_vigil_only,True,True
P022,3,20260621,1,P2_phrase_plus_vigil,True,True
P022,3,20260621,1,P2_phrase_plus_vigil,True,True
P022,3,20260621,1,P2_phrase_plus_vigil,True,True
P022,3,20260621,1,P2_phrase_plus_vigil,True,True
P022,3,20260621,1,P2_phrase_plus_vigil,True,True
P022,3,20260621,1,P2_phrase_plus_vigil,True,True
P022,3,20260621,1,P2_phrase_plus_vigil,True,True
P022,3,20260621,1,P2_phrase_plus_vigil,True,True
P022,3,20260621,1,P2_phrase_plus_vigil,True,True
P022,3,20260621,1,P2_phrase_plus_vigil,True,True
P022,3,20260621,1,P2_phrase_plus_vigil,True,True
P022,3,20260621,1,P3_vigil_plus_phrase,True,True
P022,3,20260621,1,P3_vigil_plus_phrase,True,True
P022,3,20260621,1,P3_vigil_plus_phrase,True,True
P022,3,20260621,1,P3_vigil_plus_phrase,True,True
P022,3,20260621,1,P3_vigil_plus_phrase,False,False
P022,3,20260621,1,P3_vigil_plus_phrase,False,False
P022,3,20260621,0,P4_negative,False,False
P022,3,20260621,0,P4_negative,False,False
P022,3,20260621,0,P4_negative,False,False
P022,3,20260621,0,P4_negative,False,False
P022,3,20260621,0,P4_negative,False,False
P022,3,20260621,0,P4_negative,False,False
P022,3,20260621,0,P4_negative,False,False
P022,3,20260621,0,P4_negative,False,False
P022,3,20260621,0,P4_negative,False,False
P022,3,20260621,0,P4_negative,False,False
P022,3,20260621,0,P4_negative,False,False
P022,3,20260621,0,P4_negative,False,False
P022,3,20260621,0,P4_negative,False,False
P022,3,20260621,0,P4_negative,False,False
P022,3,20260621,0,P4_negative,False,False
P023,3,20260621,1,P1_vigil_only,True,True
P023,3,20260621,1,P1_vigil_only,True,True
P023,3,20260621,1,P1_vigil_only,True,True
P023,3,20260621,1,P2_phrase_plus_vigil,True,True
P023,3,20260621,1,P2_phrase_plus_vigil,True,True
P023,3,20260621,1,P2_phrase_plus_vigil,True,True
P023,3,20260621,1,P2_phrase_plus_vigil,True,True
P023,3,20260621,1,P3_vigil_plus_phrase,True,True
P023,3,20260621,1,P3_vigil_plus_phrase,True,True
P023,3,20260621,0,P4_negative,False,False
P023,3,20260621,0,P4_negative,False,False
P023,3,20260621,0,P4_negative,False,False
P023,3,20260621,0,P4_negative,False,False
P023,3,20260621,0,P4_negative,False,False
P023,3,20260621,0,P4_negative,False,False
P023,3,20260621,0,P4_negative,False,False
P023,3,20260621,0,P4_negative,False,False
P023,3,20260621,0,P4_negative,False,False
P023,3,20260621,0,P4_negative,False,False
P023,3,20260621,0,P4_negative,False,False
P023,3,20260621,0,P4_negative,False,False
P023,3,20260621,0,P4_negative,False,False
P023,3,20260621,0,P4_negative,False,False
P023,3,20260621,0,P4_negative,False,False
P025,3,20260621,1,P1_vigil_only,True,True
P025,3,20260621,1,P1_vigil_only,True,True
P025,3,20260621,1,P2_phrase_plus_vigil,True,True
P025,3,20260621,1,P2_phrase_plus_vigil,True,True
P025,3,20260621,1,P2_phrase_plus_vigil,True,True
P025,3,20260621,1,P2_phrase_plus_vigil,True,True
P025,3,20260621,1,P2_phrase_plus_vigil,True,True
P025,3,20260621,1,P2_phrase_plus_vigil,True,True
P025,3,20260621,1,P3_vigil_plus_phrase,True,True
P025,3,20260621,1,P3_vigil_plus_phrase,True,True
P025,3,20260621,1,P3_vigil_plus_phrase,True,True
P025,3,20260621,1,P3_vigil_plus_phrase,True,True
P025,3,20260621,1,P3_vigil_plus_phrase,True,True
P025,3,20260621,0,P4_negative,False,False
P025,3,20260621,0,P4_negative,False,False
P025,3,20260621,0,P4_negative,False,False
P025,3,20260621,0,P4_negative,False,False
P025,3,20260621,0,P4_negative,False,False
P025,3,20260621,0,P4_negative,False,False
P025,3,20260621,0,P4_negative,False,False
P025,3,20260621,0,P4_negative,False,False
P025,3,20260621,0,P4_negative,False,False
P025,3,20260621,0,P4_negative,False,False
P025,3,20260621,0,P4_negative,False,False
P025,3,20260621,0,P4_negative,False,False
P025,3,20260621,0,P4_negative,False,False
P025,3,20260621,0,P4_negative,False,False
P025,3,20260621,0,P4_negative,False,False
P030,3,20260621,1,P1_vigil_only,True,True
P030,3,20260621,1,P1_vigil_only,True,True
P030,3,20260621,1,P1_vigil_only,True,True
P030,3,20260621,1,P1_vigil_only,True,True
P030,3,20260621,1,P1_vigil_only,True,True
P030,3,20260621,1,P2_phrase_plus_vigil,True,True
P030,3,20260621,1,P2_phrase_plus_vigil,True,True
P030,3,20260621,1,P2_phrase_plus_vigil,True,True
P030,3,20260621,1,P2_phrase_plus_vigil,True,True
P030,3,20260621,1,P2_phrase_plus_vigil,True,True
P030,3,20260621,1,P2_phrase_plus_vigil,True,True
P030,3,20260621,1,P2_phrase_plus_vigil,True,True
P030,3,20260621,1,P2_phrase_plus_vigil,True,True
P030,3,20260621,1,P2_phrase_plus_vigil,True,True
P030,3,20260621,1,P2_phrase_plus_vigil,True,True
P030,3,20260621,1,P2_phrase_plus_vigil,True,True
P030,3,20260621,1,P2_phrase_plus_vigil,True,True
P030,3,20260621,1,P2_phrase_plus_vigil,True,True
P030,3,20260621,1,P2_phrase_plus_vigil,True,True
P030,3,20260621,1,P2_phrase_plus_vigil,True,True
P030,3,20260621,1,P2_phrase_plus_vigil,True,True
P030,3,20260621,1,P2_phrase_plus_vigil,True,True
P030,3,20260621,1,P2_phrase_plus_vigil,True,True
P030,3,20260621,1,P2_phrase_plus_vigil,True,True
P030,3,20260621,1,P2_phrase_plus_vigil,True,True
P030,3,20260621,1,P2_phrase_plus_vigil,True,True
P030,3,20260621,1,P2_phrase_plus_vigil,True,True
P030,3,20260621,1,P2_phrase_plus_vigil,True,True
P030,3,20260621,1,P2_phrase_plus_vigil,True,True
P030,3,20260621,1,P2_phrase_plus_vigil,True,True
P030,3,20260621,1,P2_phrase_plus_vigil,True,True
P030,3,20260621,1,P2_phrase_plus_vigil,True,True
P030,3,20260621,1,P2_phrase_plus_vigil,True,True
P030,3,20260621,1,P3_vigil_plus_phrase,True,True
P030,3,20260621,1,P3_vigil_plus_phrase,True,True
P030,3,20260621,1,P3_vigil_plus_phrase,True,True
P030,3,20260621,1,P3_vigil_plus_phrase,True,True
P030,3,20260621,1,P3_vigil_plus_phrase,True,True
P030,3,20260621,1,P3_vigil_plus_phrase,True,True
P030,3,20260621,1,P3_vigil_plus_phrase,True,True
P030,3,20260621,1,P3_vigil_plus_phrase,True,True
P030,3,20260621,1,P3_vigil_plus_phrase,True,True
P030,3,20260621,1,P3_vigil_plus_phrase,True,True
P030,3,20260621,1,P3_vigil_plus_phrase,True,True
P030,3,20260621,1,P3_vigil_plus_phrase,True,True
P030,3,20260621,1,P3_vigil_plus_phrase,True,True
P030,3,20260621,1,P3_vigil_plus_phrase,True,True
P030,3,20260621,1,P3_vigil_plus_phrase,True,True
P030,3,20260621,1,P3_vigil_plus_phrase,True,True
P030,3,20260621,1,P3_vigil_plus_phrase,True,True
P030,3,20260621,1,P3_vigil_plus_phrase,True,True
P030,3,20260621,1,P3_vigil_plus_phrase,True,True
P030,3,20260621,0,P4_negative,False,False
P030,3,20260621,0,P4_negative,False,False
P030,3,20260621,0,P4_negative,False,False
P030,3,20260621,0,P4_negative,False,False
P030,3,20260621,0,P4_negative,False,False
P030,3,20260621,0,P4_negative,False,False
P030,3,20260621,0,P4_negative,False,False
P030,3,20260621,0,P4_negative,False,False
P030,3,20260621,0,P4_negative,False,False
P030,3,20260621,0,P4_negative,False,False
P030,3,20260621,0,P4_negative,False,False
P030,3,20260621,0,P4_negative,False,False
P030,3,20260621,0,P4_negative,False,False
P030,3,20260621,0,P4_negative,False,False
P030,3,20260621,0,P4_negative,False,False
P030,3,20260621,0,P4_negative,False,False
P030,3,20260621,0,P4_negative,False,False
P030,3,20260621,0,P4_negative,False,False
P030,3,20260621,0,P4_negative,False,False
P030,3,20260621,0,P4_negative,False,False
P030,3,20260621,0,P4_negative,False,False
P030,3,20260621,0,P4_negative,False,False
P030,3,20260621,0,P4_negative,False,False
P030,3,20260621,0,P4_negative,False,False
P030,3,20260621,0,P4_negative,False,False
P030,3,20260621,0,P4_negative,False,False
P030,3,20260621,0,P4_negative,False,False
P030,3,20260621,0,P4_negative,False,False
P030,3,20260621,0,P4_negative,False,False
P030,3,20260621,0,P4_negative,False,False
P030,3,20260621,0,P4_negative,False,False
P030,3,20260621,0,P4_negative,False,False
P030,3,20260621,0,P4_negative,False,False
P030,3,20260621,0,P4_negative,False,False
P030,3,20260621,0,P4_negative,False,False
P030,3,20260621,0,P4_negative,False,False
P030,3,20260621,0,P4_negative,False,False
P030,3,20260621,0,P4_negative,False,False
P030,3,20260621,0,P4_negative,False,False
P030,3,20260621,0,P4_negative,False,False
P018,5,20260621,1,P1_vigil_only,True,True
P018,5,20260621,1,P1_vigil_only,True,True
P018,5,20260621,1,P1_vigil_only,False,False
P018,5,20260621,1,P1_vigil_only,True,True
P018,5,20260621,1,P1_vigil_only,True,True
P018,5,20260621,1,P2_phrase_plus_vigil,False,False
P018,5,20260621,1,P2_phrase_plus_vigil,False,False
P018,5,20260621,1,P2_phrase_plus_vigil,True,True
P018,5,20260621,1,P2_phrase_plus_vigil,False,False
P018,5,20260621,1,P2_phrase_plus_vigil,False,False
P022,5,20260621,1,P1_vigil_only,True,True
P022,5,20260621,1,P1_vigil_only,True,True
P022,5,20260621,1,P2_phrase_plus_vigil,True,True
P022,5,20260621,1,P2_phrase_plus_vigil,True,True
P022,5,20260621,1,P2_phrase_plus_vigil,True,True
P022,5,20260621,1,P2_phrase_plus_vigil,True,True
P022,5,20260621,1,P2_phrase_plus_vigil,True,True
P022,5,20260621,1,P2_phrase_plus_vigil,True,True
P022,5,20260621,1,P2_phrase_plus_vigil,True,True
P022,5,20260621,1,P2_phrase_plus_vigil,True,True
P022,5,20260621,1,P2_phrase_plus_vigil,True,True
P022,5,20260621,1,P2_phrase_plus_vigil,True,True
P022,5,20260621,1,P3_vigil_plus_phrase,True,True
P022,5,20260621,1,P3_vigil_plus_phrase,True,True
P022,5,20260621,1,P3_vigil_plus_phrase,True,True
P022,5,20260621,1,P3_vigil_plus_phrase,False,False
P022,5,20260621,1,P3_vigil_plus_phrase,False,False
P022,5,20260621,0,P4_negative,False,False
P022,5,20260621,0,P4_negative,False,False
P022,5,20260621,0,P4_negative,False,False
P022,5,20260621,0,P4_negative,False,False
P022,5,20260621,0,P4_negative,False,False
P022,5,20260621,0,P4_negative,False,False
P022,5,20260621,0,P4_negative,False,False
P022,5,20260621,0,P4_negative,False,False
P022,5,20260621,0,P4_negative,False,False
P022,5,20260621,0,P4_negative,False,False
P022,5,20260621,0,P4_negative,False,False
P022,5,20260621,0,P4_negative,False,False
P022,5,20260621,0,P4_negative,False,False
P022,5,20260621,0,P4_negative,False,False
P022,5,20260621,0,P4_negative,False,False
P023,5,20260621,1,P1_vigil_only,True,True
P023,5,20260621,1,P1_vigil_only,True,True
P023,5,20260621,1,P1_vigil_only,True,True
P023,5,20260621,1,P2_phrase_plus_vigil,True,True
P023,5,20260621,1,P2_phrase_plus_vigil,True,True
P023,5,20260621,1,P2_phrase_plus_vigil,True,True
P023,5,20260621,1,P3_vigil_plus_phrase,True,True
P023,5,20260621,0,P4_negative,False,False
P023,5,20260621,0,P4_negative,False,False
P023,5,20260621,0,P4_negative,False,False
P023,5,20260621,0,P4_negative,False,False
P023,5,20260621,0,P4_negative,False,False
P023,5,20260621,0,P4_negative,False,False
P023,5,20260621,0,P4_negative,False,False
P023,5,20260621,0,P4_negative,False,False
P023,5,20260621,0,P4_negative,False,False
P023,5,20260621,0,P4_negative,False,False
P023,5,20260621,0,P4_negative,False,False
P023,5,20260621,0,P4_negative,False,False
P023,5,20260621,0,P4_negative,False,False
P023,5,20260621,0,P4_negative,False,False
P023,5,20260621,0,P4_negative,False,False
P025,5,20260621,1,P1_vigil_only,True,True
P025,5,20260621,1,P1_vigil_only,True,True
P025,5,20260621,1,P2_phrase_plus_vigil,True,True
P025,5,20260621,1,P2_phrase_plus_vigil,True,True
P025,5,20260621,1,P2_phrase_plus_vigil,True,True
P025,5,20260621,1,P2_phrase_plus_vigil,True,True
P025,5,20260621,1,P3_vigil_plus_phrase,True,True
P025,5,20260621,1,P3_vigil_plus_phrase,True,True
P025,5,20260621,1,P3_vigil_plus_phrase,True,True
P025,5,20260621,1,P3_vigil_plus_phrase,True,True
P025,5,20260621,1,P3_vigil_plus_phrase,True,True
P025,5,20260621,0,P4_negative,False,False
P025,5,20260621,0,P4_negative,False,False
P025,5,20260621,0,P4_negative,False,False
P025,5,20260621,0,P4_negative,False,False
P025,5,20260621,0,P4_negative,False,False
P025,5,20260621,0,P4_negative,False,False
P025,5,20260621,0,P4_negative,False,False
P025,5,20260621,0,P4_negative,False,False
P025,5,20260621,0,P4_negative,False,False
P025,5,20260621,0,P4_negative,False,False
P025,5,20260621,0,P4_negative,False,False
P025,5,20260621,0,P4_negative,False,False
P025,5,20260621,0,P4_negative,False,False
P025,5,20260621,0,P4_negative,False,False
P025,5,20260621,0,P4_negative,False,False
P030,5,20260621,1,P1_vigil_only,True,True
P030,5,20260621,1,P1_vigil_only,True,True
P030,5,20260621,1,P1_vigil_only,True,True
P030,5,20260621,1,P1_vigil_only,True,True
P030,5,20260621,1,P1_vigil_only,True,True
P030,5,20260621,1,P2_phrase_plus_vigil,True,True
P030,5,20260621,1,P2_phrase_plus_vigil,True,True
P030,5,20260621,1,P2_phrase_plus_vigil,True,True
P030,5,20260621,1,P2_phrase_plus_vigil,True,True
P030,5,20260621,1,P2_phrase_plus_vigil,True,True
P030,5,20260621,1,P2_phrase_plus_vigil,True,True
P030,5,20260621,1,P2_phrase_plus_vigil,True,True
P030,5,20260621,1,P2_phrase_plus_vigil,True,True
P030,5,20260621,1,P2_phrase_plus_vigil,True,True
P030,5,20260621,1,P2_phrase_plus_vigil,True,True
P030,5,20260621,1,P2_phrase_plus_vigil,True,True
P030,5,20260621,1,P2_phrase_plus_vigil,True,True
P030,5,20260621,1,P2_phrase_plus_vigil,True,True
P030,5,20260621,1,P2_phrase_plus_vigil,True,True
P030,5,20260621,1,P2_phrase_plus_vigil,True,True
P030,5,20260621,1,P2_phrase_plus_vigil,True,True
P030,5,20260621,1,P2_phrase_plus_vigil,True,True
P030,5,20260621,1,P2_phrase_plus_vigil,True,True
P030,5,20260621,1,P2_phrase_plus_vigil,True,True
P030,5,20260621,1,P2_phrase_plus_vigil,True,True
P030,5,20260621,1,P2_phrase_plus_vigil,True,True
P030,5,20260621,1,P2_phrase_plus_vigil,True,True
P030,5,20260621,1,P2_phrase_plus_vigil,True,True
P030,5,20260621,1,P2_phrase_plus_vigil,True,True
P030,5,20260621,1,P2_phrase_plus_vigil,True,True
P030,5,20260621,1,P2_phrase_plus_vigil,True,True
P030,5,20260621,1,P2_phrase_plus_vigil,True,True
P030,5,20260621,1,P3_vigil_plus_phrase,True,True
P030,5,20260621,1,P3_vigil_plus_phrase,True,True
P030,5,20260621,1,P3_vigil_plus_phrase,True,True
P030,5,20260621,1,P3_vigil_plus_phrase,True,True
P030,5,20260621,1,P3_vigil_plus_phrase,True,True
P030,5,20260621,1,P3_vigil_plus_phrase,True,True
P030,5,20260621,1,P3_vigil_plus_phrase,True,True
P030,5,20260621,1,P3_vigil_plus_phrase,True,True
P030,5,20260621,1,P3_vigil_plus_phrase,True,True
P030,5,20260621,1,P3_vigil_plus_phrase,True,True
P030,5,20260621,1,P3_vigil_plus_phrase,True,True
P030,5,20260621,1,P3_vigil_plus_phrase,True,True
P030,5,20260621,1,P3_vigil_plus_phrase,True,True
P030,5,20260621,1,P3_vigil_plus_phrase,True,True
P030,5,20260621,1,P3_vigil_plus_phrase,True,True
P030,5,20260621,1,P3_vigil_plus_phrase,True,True
P030,5,20260621,1,P3_vigil_plus_phrase,True,True
P030,5,20260621,1,P3_vigil_plus_phrase,True,True
P030,5,20260621,0,P4_negative,False,False
P030,5,20260621,0,P4_negative,False,False
P030,5,20260621,0,P4_negative,False,False
P030,5,20260621,0,P4_negative,False,False
P030,5,20260621,0,P4_negative,False,False
P030,5,20260621,0,P4_negative,False,False
P030,5,20260621,0,P4_negative,False,False
P030,5,20260621,0,P4_negative,False,False
P030,5,20260621,0,P4_negative,False,False
P030,5,20260621,0,P4_negative,False,False
P030,5,20260621,0,P4_negative,False,False
P030,5,20260621,0,P4_negative,False,False
P030,5,20260621,0,P4_negative,False,False
P030,5,20260621,0,P4_negative,False,False
P030,5,20260621,0,P4_negative,False,False
P030,5,20260621,0,P4_negative,False,False
P030,5,20260621,0,P4_negative,False,False
P030,5,20260621,0,P4_negative,False,False
P030,5,20260621,0,P4_negative,False,False
P030,5,20260621,0,P4_negative,False,False
P030,5,20260621,0,P4_negative,False,False
P030,5,20260621,0,P4_negative,False,False
P030,5,20260621,0,P4_negative,False,False
P030,5,20260621,0,P4_negative,False,False
P030,5,20260621,0,P4_negative,False,False
P030,5,20260621,0,P4_negative,False,False
P030,5,20260621,0,P4_negative,False,False
P030,5,20260621,0,P4_negative,False,False
P030,5,20260621,0,P4_negative,False,False
P030,5,20260621,0,P4_negative,False,False
P030,5,20260621,0,P4_negative,False,False
P030,5,20260621,0,P4_negative,False,False
P030,5,20260621,0,P4_negative,False,False
P030,5,20260621,0,P4_negative,False,False
P030,5,20260621,0,P4_negative,False,False
P030,5,20260621,0,P4_negative,False,False
P030,5,20260621,0,P4_negative,False,False
P030,5,20260621,0,P4_negative,False,False
P030,5,20260621,0,P4_negative,False,False
P030,5,20260621,0,P4_negative,False,False
P018,3,20260622,1,P1_vigil_only,True,True
P018,3,20260622,1,P1_vigil_only,False,False
P018,3,20260622,1,P1_vigil_only,True,True
P018,3,20260622,1,P1_vigil_only,True,True
P018,3,20260622,1,P2_phrase_plus_vigil,False,False
P018,3,20260622,1,P2_phrase_plus_vigil,False,False
P018,3,20260622,1,P2_phrase_plus_vigil,False,False
P018,3,20260622,1,P2_phrase_plus_vigil,False,False
P018,3,20260622,1,P2_phrase_plus_vigil,False,False
P018,3,20260622,1,P2_phrase_plus_vigil,False,False
P018,3,20260622,1,P2_phrase_plus_vigil,True,True
P018,3,20260622,1,P2_phrase_plus_vigil,True,True
P022,3,20260622,1,P1_vigil_only,True,True
P022,3,20260622,1,P1_vigil_only,True,True
P022,3,20260622,1,P2_phrase_plus_vigil,True,True
P022,3,20260622,1,P2_phrase_plus_vigil,True,True
P022,3,20260622,1,P2_phrase_plus_vigil,True,True
P022,3,20260622,1,P2_phrase_plus_vigil,True,True
P022,3,20260622,1,P2_phrase_plus_vigil,True,True
P022,3,20260622,1,P2_phrase_plus_vigil,True,True
P022,3,20260622,1,P2_phrase_plus_vigil,True,True
P022,3,20260622,1,P2_phrase_plus_vigil,True,True
P022,3,20260622,1,P2_phrase_plus_vigil,True,True
P022,3,20260622,1,P2_phrase_plus_vigil,True,True
P022,3,20260622,1,P3_vigil_plus_phrase,True,True
P022,3,20260622,1,P3_vigil_plus_phrase,True,True
P022,3,20260622,1,P3_vigil_plus_phrase,True,True
P022,3,20260622,1,P3_vigil_plus_phrase,True,True
P022,3,20260622,1,P3_vigil_plus_phrase,True,True
P022,3,20260622,1,P3_vigil_plus_phrase,True,True
P022,3,20260622,1,P3_vigil_plus_phrase,False,False
P022,3,20260622,0,P4_negative,False,False
P022,3,20260622,0,P4_negative,False,False
P022,3,20260622,0,P4_negative,False,False
P022,3,20260622,0,P4_negative,False,False
P022,3,20260622,0,P4_negative,False,False
P022,3,20260622,0,P4_negative,False,False
P022,3,20260622,0,P4_negative,False,False
P022,3,20260622,0,P4_negative,False,False
P022,3,20260622,0,P4_negative,False,False
P022,3,20260622,0,P4_negative,False,False
P022,3,20260622,0,P4_negative,False,False
P022,3,20260622,0,P4_negative,False,False
P022,3,20260622,0,P4_negative,False,False
P022,3,20260622,0,P4_negative,False,False
P022,3,20260622,0,P4_negative,False,False
P023,3,20260622,1,P1_vigil_only,True,True
P023,3,20260622,1,P2_phrase_plus_vigil,True,True
P023,3,20260622,1,P2_phrase_plus_vigil,True,True
P023,3,20260622,1,P2_phrase_plus_vigil,True,True
P023,3,20260622,1,P2_phrase_plus_vigil,True,True
P023,3,20260622,1,P2_phrase_plus_vigil,True,True
P023,3,20260622,1,P2_phrase_plus_vigil,True,True
P023,3,20260622,1,P3_vigil_plus_phrase,True,True
P023,3,20260622,1,P3_vigil_plus_phrase,True,True
P023,3,20260622,0,P4_negative,False,False
P023,3,20260622,0,P4_negative,False,False
P023,3,20260622,0,P4_negative,False,False
P023,3,20260622,0,P4_negative,False,False
P023,3,20260622,0,P4_negative,False,False
P023,3,20260622,0,P4_negative,False,False
P023,3,20260622,0,P4_negative,False,False
P023,3,20260622,0,P4_negative,False,False
P023,3,20260622,0,P4_negative,False,False
P023,3,20260622,0,P4_negative,False,False
P023,3,20260622,0,P4_negative,False,False
P023,3,20260622,0,P4_negative,False,False
P023,3,20260622,0,P4_negative,False,False
P023,3,20260622,0,P4_negative,False,False
P023,3,20260622,0,P4_negative,False,False
P025,3,20260622,1,P1_vigil_only,True,True
P025,3,20260622,1,P1_vigil_only,True,True
P025,3,20260622,1,P2_phrase_plus_vigil,True,True
P025,3,20260622,1,P2_phrase_plus_vigil,True,True
P025,3,20260622,1,P2_phrase_plus_vigil,True,True
P025,3,20260622,1,P2_phrase_plus_vigil,True,True
P025,3,20260622,1,P2_phrase_plus_vigil,True,True
P025,3,20260622,1,P2_phrase_plus_vigil,True,True
P025,3,20260622,1,P3_vigil_plus_phrase,True,True
P025,3,20260622,1,P3_vigil_plus_phrase,True,True
P025,3,20260622,1,P3_vigil_plus_phrase,True,True
P025,3,20260622,1,P3_vigil_plus_phrase,True,True
P025,3,20260622,1,P3_vigil_plus_phrase,True,True
P025,3,20260622,0,P4_negative,False,False
P025,3,20260622,0,P4_negative,False,False
P025,3,20260622,0,P4_negative,False,False
P025,3,20260622,0,P4_negative,False,False
P025,3,20260622,0,P4_negative,False,False
P025,3,20260622,0,P4_negative,False,False
P025,3,20260622,0,P4_negative,False,False
P025,3,20260622,0,P4_negative,False,False
P025,3,20260622,0,P4_negative,False,False
P025,3,20260622,0,P4_negative,False,False
P025,3,20260622,0,P4_negative,False,False
P025,3,20260622,0,P4_negative,False,False
P025,3,20260622,0,P4_negative,False,False
P025,3,20260622,0,P4_negative,False,False
P025,3,20260622,0,P4_negative,False,False
P030,3,20260622,1,P1_vigil_only,True,True
P030,3,20260622,1,P1_vigil_only,True,True
P030,3,20260622,1,P1_vigil_only,True,True
P030,3,20260622,1,P1_vigil_only,True,True
P030,3,20260622,1,P1_vigil_only,True,True
P030,3,20260622,1,P2_phrase_plus_vigil,True,True
P030,3,20260622,1,P2_phrase_plus_vigil,True,True
P030,3,20260622,1,P2_phrase_plus_vigil,True,True
P030,3,20260622,1,P2_phrase_plus_vigil,True,True
P030,3,20260622,1,P2_phrase_plus_vigil,True,True
P030,3,20260622,1,P2_phrase_plus_vigil,True,True
P030,3,20260622,1,P2_phrase_plus_vigil,True,True
P030,3,20260622,1,P2_phrase_plus_vigil,True,True
P030,3,20260622,1,P2_phrase_plus_vigil,True,True
P030,3,20260622,1,P2_phrase_plus_vigil,True,True
P030,3,20260622,1,P2_phrase_plus_vigil,True,True
P030,3,20260622,1,P2_phrase_plus_vigil,True,True
P030,3,20260622,1,P2_phrase_plus_vigil,True,True
P030,3,20260622,1,P2_phrase_plus_vigil,True,True
P030,3,20260622,1,P2_phrase_plus_vigil,True,True
P030,3,20260622,1,P2_phrase_plus_vigil,True,True
P030,3,20260622,1,P2_phrase_plus_vigil,True,True
P030,3,20260622,1,P2_phrase_plus_vigil,True,True
P030,3,20260622,1,P2_phrase_plus_vigil,True,True
P030,3,20260622,1,P2_phrase_plus_vigil,True,True
P030,3,20260622,1,P2_phrase_plus_vigil,True,True
P030,3,20260622,1,P2_phrase_plus_vigil,True,True
P030,3,20260622,1,P2_phrase_plus_vigil,True,True
P030,3,20260622,1,P2_phrase_plus_vigil,True,True
P030,3,20260622,1,P2_phrase_plus_vigil,True,True
P030,3,20260622,1,P2_phrase_plus_vigil,True,True
P030,3,20260622,1,P2_phrase_plus_vigil,True,True
P030,3,20260622,1,P2_phrase_plus_vigil,True,True
P030,3,20260622,1,P2_phrase_plus_vigil,True,True
P030,3,20260622,1,P3_vigil_plus_phrase,True,True
P030,3,20260622,1,P3_vigil_plus_phrase,True,True
P030,3,20260622,1,P3_vigil_plus_phrase,True,True
P030,3,20260622,1,P3_vigil_plus_phrase,True,True
P030,3,20260622,1,P3_vigil_plus_phrase,True,True
P030,3,20260622,1,P3_vigil_plus_phrase,True,True
P030,3,20260622,1,P3_vigil_plus_phrase,True,True
P030,3,20260622,1,P3_vigil_plus_phrase,True,True
P030,3,20260622,1,P3_vigil_plus_phrase,True,True
P030,3,20260622,1,P3_vigil_plus_phrase,True,True
P030,3,20260622,1,P3_vigil_plus_phrase,True,True
P030,3,20260622,1,P3_vigil_plus_phrase,True,True
P030,3,20260622,1,P3_vigil_plus_phrase,True,True
P030,3,20260622,1,P3_vigil_plus_phrase,True,True
P030,3,20260622,1,P3_vigil_plus_phrase,True,True
P030,3,20260622,1,P3_vigil_plus_phrase,True,True
P030,3,20260622,1,P3_vigil_plus_phrase,True,True
P030,3,20260622,1,P3_vigil_plus_phrase,True,True
P030,3,20260622,0,P4_negative,False,False
P030,3,20260622,0,P4_negative,False,False
P030,3,20260622,0,P4_negative,False,False
P030,3,20260622,0,P4_negative,False,False
P030,3,20260622,0,P4_negative,False,False
P030,3,20260622,0,P4_negative,False,False
P030,3,20260622,0,P4_negative,False,False
P030,3,20260622,0,P4_negative,False,False
P030,3,20260622,0,P4_negative,False,False
P030,3,20260622,0,P4_negative,False,False
P030,3,20260622,0,P4_negative,False,False
P030,3,20260622,0,P4_negative,False,False
P030,3,20260622,0,P4_negative,False,False
P030,3,20260622,0,P4_negative,False,False
P030,3,20260622,0,P4_negative,False,False
P030,3,20260622,0,P4_negative,False,False
P030,3,20260622,0,P4_negative,False,False
P030,3,20260622,0,P4_negative,False,False
P030,3,20260622,0,P4_negative,False,False
P030,3,20260622,0,P4_negative,False,False
P030,3,20260622,0,P4_negative,False,False
P030,3,20260622,0,P4_negative,False,False
P030,3,20260622,0,P4_negative,False,False
P030,3,20260622,0,P4_negative,False,False
P030,3,20260622,0,P4_negative,False,False
P030,3,20260622,0,P4_negative,False,False
P030,3,20260622,0,P4_negative,False,False
P030,3,20260622,0,P4_negative,False,False
P030,3,20260622,0,P4_negative,False,False
P030,3,20260622,0,P4_negative,False,False
P030,3,20260622,0,P4_negative,False,False
P030,3,20260622,0,P4_negative,False,False
P030,3,20260622,0,P4_negative,False,False
P030,3,20260622,0,P4_negative,False,False
P030,3,20260622,0,P4_negative,False,False
P030,3,20260622,0,P4_negative,False,False
P030,3,20260622,0,P4_negative,False,False
P030,3,20260622,0,P4_negative,False,False
P030,3,20260622,0,P4_negative,False,False
P030,3,20260622,0,P4_negative,False,False
P018,5,20260622,1,P1_vigil_only,True,True
P018,5,20260622,1,P1_vigil_only,True,True
P018,5,20260622,1,P1_vigil_only,True,True
P018,5,20260622,1,P2_phrase_plus_vigil,False,False
P018,5,20260622,1,P2_phrase_plus_vigil,False,False
P018,5,20260622,1,P2_phrase_plus_vigil,False,False
P018,5,20260622,1,P2_phrase_plus_vigil,False,False
P018,5,20260622,1,P2_phrase_plus_vigil,False,False
P018,5,20260622,1,P2_phrase_plus_vigil,True,True
P018,5,20260622,1,P2_phrase_plus_vigil,True,True
P022,5,20260622,1,P1_vigil_only,True,True
P022,5,20260622,1,P1_vigil_only,True,True
P022,5,20260622,1,P2_phrase_plus_vigil,True,True
P022,5,20260622,1,P2_phrase_plus_vigil,True,True
P022,5,20260622,1,P2_phrase_plus_vigil,True,True
P022,5,20260622,1,P2_phrase_plus_vigil,True,True
P022,5,20260622,1,P2_phrase_plus_vigil,True,True
P022,5,20260622,1,P2_phrase_plus_vigil,True,True
P022,5,20260622,1,P2_phrase_plus_vigil,True,True
P022,5,20260622,1,P2_phrase_plus_vigil,True,True
P022,5,20260622,1,P2_phrase_plus_vigil,True,True
P022,5,20260622,1,P3_vigil_plus_phrase,True,True
P022,5,20260622,1,P3_vigil_plus_phrase,True,True
P022,5,20260622,1,P3_vigil_plus_phrase,True,True
P022,5,20260622,1,P3_vigil_plus_phrase,True,True
P022,5,20260622,1,P3_vigil_plus_phrase,True,True
P022,5,20260622,1,P3_vigil_plus_phrase,False,False
P022,5,20260622,0,P4_negative,False,False
P022,5,20260622,0,P4_negative,False,False
P022,5,20260622,0,P4_negative,False,False
P022,5,20260622,0,P4_negative,False,False
P022,5,20260622,0,P4_negative,False,False
P022,5,20260622,0,P4_negative,False,False
P022,5,20260622,0,P4_negative,False,False
P022,5,20260622,0,P4_negative,False,False
P022,5,20260622,0,P4_negative,False,False
P022,5,20260622,0,P4_negative,False,False
P022,5,20260622,0,P4_negative,False,False
P022,5,20260622,0,P4_negative,False,False
P022,5,20260622,0,P4_negative,False,False
P022,5,20260622,0,P4_negative,False,False
P022,5,20260622,0,P4_negative,False,False
P023,5,20260622,1,P1_vigil_only,True,True
P023,5,20260622,1,P2_phrase_plus_vigil,True,True
P023,5,20260622,1,P2_phrase_plus_vigil,True,True
P023,5,20260622,1,P2_phrase_plus_vigil,True,True
P023,5,20260622,1,P2_phrase_plus_vigil,True,True
P023,5,20260622,1,P3_vigil_plus_phrase,True,True
P023,5,20260622,1,P3_vigil_plus_phrase,True,True
P023,5,20260622,0,P4_negative,False,False
P023,5,20260622,0,P4_negative,False,False
P023,5,20260622,0,P4_negative,False,False
P023,5,20260622,0,P4_negative,False,False
P023,5,20260622,0,P4_negative,False,False
P023,5,20260622,0,P4_negative,False,False
P023,5,20260622,0,P4_negative,False,False
P023,5,20260622,0,P4_negative,False,False
P023,5,20260622,0,P4_negative,False,False
P023,5,20260622,0,P4_negative,False,False
P023,5,20260622,0,P4_negative,False,False
P023,5,20260622,0,P4_negative,False,False
P023,5,20260622,0,P4_negative,False,False
P023,5,20260622,0,P4_negative,False,False
P023,5,20260622,0,P4_negative,False,False
P025,5,20260622,1,P1_vigil_only,True,True
P025,5,20260622,1,P1_vigil_only,True,True
P025,5,20260622,1,P2_phrase_plus_vigil,True,True
P025,5,20260622,1,P2_phrase_plus_vigil,True,True
P025,5,20260622,1,P2_phrase_plus_vigil,True,True
P025,5,20260622,1,P2_phrase_plus_vigil,True,True
P025,5,20260622,1,P3_vigil_plus_phrase,True,True
P025,5,20260622,1,P3_vigil_plus_phrase,True,True
P025,5,20260622,1,P3_vigil_plus_phrase,True,True
P025,5,20260622,1,P3_vigil_plus_phrase,True,True
P025,5,20260622,1,P3_vigil_plus_phrase,True,True
P025,5,20260622,0,P4_negative,False,False
P025,5,20260622,0,P4_negative,False,False
P025,5,20260622,0,P4_negative,False,False
P025,5,20260622,0,P4_negative,False,False
P025,5,20260622,0,P4_negative,False,False
P025,5,20260622,0,P4_negative,False,False
P025,5,20260622,0,P4_negative,False,False
P025,5,20260622,0,P4_negative,False,False
P025,5,20260622,0,P4_negative,False,False
P025,5,20260622,0,P4_negative,False,False
P025,5,20260622,0,P4_negative,False,False
P025,5,20260622,0,P4_negative,False,False
P025,5,20260622,0,P4_negative,False,False
P025,5,20260622,0,P4_negative,False,False
P025,5,20260622,0,P4_negative,False,False
P030,5,20260622,1,P1_vigil_only,True,True
P030,5,20260622,1,P1_vigil_only,True,True
P030,5,20260622,1,P1_vigil_only,True,True
P030,5,20260622,1,P1_vigil_only,True,True
P030,5,20260622,1,P1_vigil_only,True,True
P030,5,20260622,1,P2_phrase_plus_vigil,True,True
P030,5,20260622,1,P2_phrase_plus_vigil,True,True
P030,5,20260622,1,P2_phrase_plus_vigil,True,True
P030,5,20260622,1,P2_phrase_plus_vigil,True,True
P030,5,20260622,1,P2_phrase_plus_vigil,True,True
P030,5,20260622,1,P2_phrase_plus_vigil,True,True
P030,5,20260622,1,P2_phrase_plus_vigil,True,True
P030,5,20260622,1,P2_phrase_plus_vigil,True,True
P030,5,20260622,1,P2_phrase_plus_vigil,True,True
P030,5,20260622,1,P2_phrase_plus_vigil,True,True
P030,5,20260622,1,P2_phrase_plus_vigil,True,True
P030,5,20260622,1,P2_phrase_plus_vigil,True,True
P030,5,20260622,1,P2_phrase_plus_vigil,True,True
P030,5,20260622,1,P2_phrase_plus_vigil,True,True
P030,5,20260622,1,P2_phrase_plus_vigil,True,True
P030,5,20260622,1,P2_phrase_plus_vigil,True,True
P030,5,20260622,1,P2_phrase_plus_vigil,True,True
P030,5,20260622,1,P2_phrase_plus_vigil,True,True
P030,5,20260622,1,P2_phrase_plus_vigil,True,True
P030,5,20260622,1,P2_phrase_plus_vigil,True,True
P030,5,20260622,1,P2_phrase_plus_vigil,True,True
P030,5,20260622,1,P2_phrase_plus_vigil,True,True
P030,5,20260622,1,P2_phrase_plus_vigil,True,True
P030,5,20260622,1,P2_phrase_plus_vigil,True,True
P030,5,20260622,1,P2_phrase_plus_vigil,True,True
P030,5,20260622,1,P2_phrase_plus_vigil,True,True
P030,5,20260622,1,P2_phrase_plus_vigil,True,True
P030,5,20260622,1,P3_vigil_plus_phrase,True,True
P030,5,20260622,1,P3_vigil_plus_phrase,True,True
P030,5,20260622,1,P3_vigil_plus_phrase,True,True
P030,5,20260622,1,P3_vigil_plus_phrase,True,True
P030,5,20260622,1,P3_vigil_plus_phrase,True,True
P030,5,20260622,1,P3_vigil_plus_phrase,True,True
P030,5,20260622,1,P3_vigil_plus_phrase,True,True
P030,5,20260622,1,P3_vigil_plus_phrase,True,True
P030,5,20260622,1,P3_vigil_plus_phrase,True,True
P030,5,20260622,1,P3_vigil_plus_phrase,True,True
P030,5,20260622,1,P3_vigil_plus_phrase,True,True
P030,5,20260622,1,P3_vigil_plus_phrase,True,True
P030,5,20260622,1,P3_vigil_plus_phrase,True,True
P030,5,20260622,1,P3_vigil_plus_phrase,True,True
P030,5,20260622,1,P3_vigil_plus_phrase,True,True
P030,5,20260622,1,P3_vigil_plus_phrase,True,True
P030,5,20260622,1,P3_vigil_plus_phrase,True,True
P030,5,20260622,1,P3_vigil_plus_phrase,True,True
P030,5,20260622,0,P4_negative,False,False
P030,5,20260622,0,P4_negative,False,False
P030,5,20260622,0,P4_negative,False,False
P030,5,20260622,0,P4_negative,False,False
P030,5,20260622,0,P4_negative,False,False
P030,5,20260622,0,P4_negative,False,False
P030,5,20260622,0,P4_negative,False,False
P030,5,20260622,0,P4_negative,False,False
P030,5,20260622,0,P4_negative,False,False
P030,5,20260622,0,P4_negative,False,False
P030,5,20260622,0,P4_negative,False,False
P030,5,20260622,0,P4_negative,False,False
P030,5,20260622,0,P4_negative,False,False
P030,5,20260622,0,P4_negative,False,False
P030,5,20260622,0,P4_negative,False,False
P030,5,20260622,0,P4_negative,False,False
P030,5,20260622,0,P4_negative,False,False
P030,5,20260622,0,P4_negative,False,False
P030,5,20260622,0,P4_negative,False,False
P030,5,20260622,0,P4_negative,False,False
P030,5,20260622,0,P4_negative,False,False
P030,5,20260622,0,P4_negative,False,False
P030,5,20260622,0,P4_negative,False,False
P030,5,20260622,0,P4_negative,False,False
P030,5,20260622,0,P4_negative,False,False
P030,5,20260622,0,P4_negative,False,False
P030,5,20260622,0,P4_negative,False,False
P030,5,20260622,0,P4_negative,False,False
P030,5,20260622,0,P4_negative,False,False
P030,5,20260622,0,P4_negative,False,False
P030,5,20260622,0,P4_negative,False,False
P030,5,20260622,0,P4_negative,False,False
P030,5,20260622,0,P4_negative,False,False
P030,5,20260622,0,P4_negative,False,False
P030,5,20260622,0,P4_negative,False,False
P030,5,20260622,0,P4_negative,False,False
P030,5,20260622,0,P4_negative,False,False
P030,5,20260622,0,P4_negative,False,False
P030,5,20260622,0,P4_negative,False,False
P030,5,20260622,0,P4_negative,False,False
P018,3,20260623,1,P1_vigil_only,True,True
P018,3,20260623,1,P1_vigil_only,False,False
P018,3,20260623,1,P1_vigil_only,True,True
P018,3,20260623,1,P2_phrase_plus_vigil,False,False
P018,3,20260623,1,P2_phrase_plus_vigil,False,False
P018,3,20260623,1,P2_phrase_plus_vigil,False,False
P018,3,20260623,1,P2_phrase_plus_vigil,False,False
P018,3,20260623,1,P2_phrase_plus_vigil,False,False
P018,3,20260623,1,P2_phrase_plus_vigil,False,False
P018,3,20260623,1,P2_phrase_plus_vigil,True,True
P018,3,20260623,1,P2_phrase_plus_vigil,False,False
P018,3,20260623,1,P2_phrase_plus_vigil,True,True
P022,3,20260623,1,P1_vigil_only,True,True
P022,3,20260623,1,P2_phrase_plus_vigil,True,True
P022,3,20260623,1,P2_phrase_plus_vigil,True,True
P022,3,20260623,1,P2_phrase_plus_vigil,True,True
P022,3,20260623,1,P2_phrase_plus_vigil,True,True
P022,3,20260623,1,P2_phrase_plus_vigil,True,True
P022,3,20260623,1,P2_phrase_plus_vigil,True,True
P022,3,20260623,1,P2_phrase_plus_vigil,True,True
P022,3,20260623,1,P2_phrase_plus_vigil,True,True
P022,3,20260623,1,P2_phrase_plus_vigil,True,True
P022,3,20260623,1,P2_phrase_plus_vigil,True,True
P022,3,20260623,1,P2_phrase_plus_vigil,True,True
P022,3,20260623,1,P3_vigil_plus_phrase,True,True
P022,3,20260623,1,P3_vigil_plus_phrase,True,True
P022,3,20260623,1,P3_vigil_plus_phrase,True,True
P022,3,20260623,1,P3_vigil_plus_phrase,True,True
P022,3,20260623,1,P3_vigil_plus_phrase,True,True
P022,3,20260623,1,P3_vigil_plus_phrase,True,True
P022,3,20260623,1,P3_vigil_plus_phrase,False,False
P022,3,20260623,0,P4_negative,False,False
P022,3,20260623,0,P4_negative,False,False
P022,3,20260623,0,P4_negative,False,False
P022,3,20260623,0,P4_negative,False,False
P022,3,20260623,0,P4_negative,False,False
P022,3,20260623,0,P4_negative,False,False
P022,3,20260623,0,P4_negative,False,False
P022,3,20260623,0,P4_negative,False,False
P022,3,20260623,0,P4_negative,False,False
P022,3,20260623,0,P4_negative,False,False
P022,3,20260623,0,P4_negative,False,False
P022,3,20260623,0,P4_negative,False,False
P022,3,20260623,0,P4_negative,False,False
P022,3,20260623,0,P4_negative,False,False
P022,3,20260623,0,P4_negative,False,False
P023,3,20260623,1,P1_vigil_only,True,True
P023,3,20260623,1,P1_vigil_only,True,True
P023,3,20260623,1,P2_phrase_plus_vigil,True,True
P023,3,20260623,1,P2_phrase_plus_vigil,True,True
P023,3,20260623,1,P2_phrase_plus_vigil,True,True
P023,3,20260623,1,P2_phrase_plus_vigil,True,True
P023,3,20260623,1,P2_phrase_plus_vigil,True,True
P023,3,20260623,1,P3_vigil_plus_phrase,True,True
P023,3,20260623,1,P3_vigil_plus_phrase,True,True
P023,3,20260623,0,P4_negative,False,False
P023,3,20260623,0,P4_negative,False,False
P023,3,20260623,0,P4_negative,False,False
P023,3,20260623,0,P4_negative,False,False
P023,3,20260623,0,P4_negative,False,False
P023,3,20260623,0,P4_negative,False,False
P023,3,20260623,0,P4_negative,False,False
P023,3,20260623,0,P4_negative,False,False
P023,3,20260623,0,P4_negative,False,False
P023,3,20260623,0,P4_negative,False,False
P023,3,20260623,0,P4_negative,False,False
P023,3,20260623,0,P4_negative,False,False
P023,3,20260623,0,P4_negative,False,False
P023,3,20260623,0,P4_negative,False,False
P023,3,20260623,0,P4_negative,False,False
P025,3,20260623,1,P1_vigil_only,True,True
P025,3,20260623,1,P2_phrase_plus_vigil,True,True
P025,3,20260623,1,P2_phrase_plus_vigil,True,True
P025,3,20260623,1,P2_phrase_plus_vigil,True,True
P025,3,20260623,1,P2_phrase_plus_vigil,True,True
P025,3,20260623,1,P2_phrase_plus_vigil,True,True
P025,3,20260623,1,P2_phrase_plus_vigil,True,True
P025,3,20260623,1,P2_phrase_plus_vigil,True,True
P025,3,20260623,1,P3_vigil_plus_phrase,True,True
P025,3,20260623,1,P3_vigil_plus_phrase,True,True
P025,3,20260623,1,P3_vigil_plus_phrase,True,True
P025,3,20260623,1,P3_vigil_plus_phrase,True,True
P025,3,20260623,1,P3_vigil_plus_phrase,True,True
P025,3,20260623,0,P4_negative,False,False
P025,3,20260623,0,P4_negative,False,False
P025,3,20260623,0,P4_negative,False,False
P025,3,20260623,0,P4_negative,False,False
P025,3,20260623,0,P4_negative,False,False
P025,3,20260623,0,P4_negative,False,False
P025,3,20260623,0,P4_negative,False,False
P025,3,20260623,0,P4_negative,False,False
P025,3,20260623,0,P4_negative,False,False
P025,3,20260623,0,P4_negative,False,False
P025,3,20260623,0,P4_negative,False,False
P025,3,20260623,0,P4_negative,False,False
P025,3,20260623,0,P4_negative,False,False
P025,3,20260623,0,P4_negative,False,False
P025,3,20260623,0,P4_negative,False,False
P030,3,20260623,1,P1_vigil_only,True,True
P030,3,20260623,1,P1_vigil_only,True,True
P030,3,20260623,1,P1_vigil_only,True,True
P030,3,20260623,1,P1_vigil_only,True,True
P030,3,20260623,1,P2_phrase_plus_vigil,True,True
P030,3,20260623,1,P2_phrase_plus_vigil,True,True
P030,3,20260623,1,P2_phrase_plus_vigil,True,True
P030,3,20260623,1,P2_phrase_plus_vigil,True,True
P030,3,20260623,1,P2_phrase_plus_vigil,True,True
P030,3,20260623,1,P2_phrase_plus_vigil,True,True
P030,3,20260623,1,P2_phrase_plus_vigil,True,True
P030,3,20260623,1,P2_phrase_plus_vigil,True,True
P030,3,20260623,1,P2_phrase_plus_vigil,True,True
P030,3,20260623,1,P2_phrase_plus_vigil,True,True
P030,3,20260623,1,P2_phrase_plus_vigil,True,True
P030,3,20260623,1,P2_phrase_plus_vigil,True,True
P030,3,20260623,1,P2_phrase_plus_vigil,True,True
P030,3,20260623,1,P2_phrase_plus_vigil,True,True
P030,3,20260623,1,P2_phrase_plus_vigil,True,True
P030,3,20260623,1,P2_phrase_plus_vigil,True,True
P030,3,20260623,1,P2_phrase_plus_vigil,True,True
P030,3,20260623,1,P2_phrase_plus_vigil,True,True
P030,3,20260623,1,P2_phrase_plus_vigil,True,True
P030,3,20260623,1,P2_phrase_plus_vigil,True,True
P030,3,20260623,1,P2_phrase_plus_vigil,True,True
P030,3,20260623,1,P2_phrase_plus_vigil,True,True
P030,3,20260623,1,P2_phrase_plus_vigil,True,True
P030,3,20260623,1,P2_phrase_plus_vigil,True,True
P030,3,20260623,1,P2_phrase_plus_vigil,True,True
P030,3,20260623,1,P2_phrase_plus_vigil,True,True
P030,3,20260623,1,P2_phrase_plus_vigil,True,True
P030,3,20260623,1,P2_phrase_plus_vigil,True,True
P030,3,20260623,1,P2_phrase_plus_vigil,True,True
P030,3,20260623,1,P3_vigil_plus_phrase,True,True
P030,3,20260623,1,P3_vigil_plus_phrase,True,True
P030,3,20260623,1,P3_vigil_plus_phrase,True,True
P030,3,20260623,1,P3_vigil_plus_phrase,True,True
P030,3,20260623,1,P3_vigil_plus_phrase,True,True
P030,3,20260623,1,P3_vigil_plus_phrase,True,True
P030,3,20260623,1,P3_vigil_plus_phrase,True,True
P030,3,20260623,1,P3_vigil_plus_phrase,True,True
P030,3,20260623,1,P3_vigil_plus_phrase,True,True
P030,3,20260623,1,P3_vigil_plus_phrase,True,True
P030,3,20260623,1,P3_vigil_plus_phrase,True,True
P030,3,20260623,1,P3_vigil_plus_phrase,True,True
P030,3,20260623,1,P3_vigil_plus_phrase,True,True
P030,3,20260623,1,P3_vigil_plus_phrase,True,True
P030,3,20260623,1,P3_vigil_plus_phrase,True,True
P030,3,20260623,1,P3_vigil_plus_phrase,True,True
P030,3,20260623,1,P3_vigil_plus_phrase,True,True
P030,3,20260623,1,P3_vigil_plus_phrase,True,True
P030,3,20260623,1,P3_vigil_plus_phrase,True,True
P030,3,20260623,0,P4_negative,False,False
P030,3,20260623,0,P4_negative,False,False
P030,3,20260623,0,P4_negative,False,False
P030,3,20260623,0,P4_negative,False,False
P030,3,20260623,0,P4_negative,False,False
P030,3,20260623,0,P4_negative,False,False
P030,3,20260623,0,P4_negative,False,False
P030,3,20260623,0,P4_negative,False,False
P030,3,20260623,0,P4_negative,False,False
P030,3,20260623,0,P4_negative,False,False
P030,3,20260623,0,P4_negative,False,False
P030,3,20260623,0,P4_negative,False,False
P030,3,20260623,0,P4_negative,False,False
P030,3,20260623,0,P4_negative,False,False
P030,3,20260623,0,P4_negative,False,False
P030,3,20260623,0,P4_negative,False,False
P030,3,20260623,0,P4_negative,False,False
P030,3,20260623,0,P4_negative,False,False
P030,3,20260623,0,P4_negative,False,False
P030,3,20260623,0,P4_negative,False,False
P030,3,20260623,0,P4_negative,False,False
P030,3,20260623,0,P4_negative,False,False
P030,3,20260623,0,P4_negative,False,False
P030,3,20260623,0,P4_negative,False,False
P030,3,20260623,0,P4_negative,False,False
P030,3,20260623,0,P4_negative,False,False
P030,3,20260623,0,P4_negative,False,False
P030,3,20260623,0,P4_negative,False,False
P030,3,20260623,0,P4_negative,False,False
P030,3,20260623,0,P4_negative,False,False
P030,3,20260623,0,P4_negative,False,False
P030,3,20260623,0,P4_negative,False,False
P030,3,20260623,0,P4_negative,False,False
P030,3,20260623,0,P4_negative,False,False
P030,3,20260623,0,P4_negative,False,False
P030,3,20260623,0,P4_negative,False,False
P030,3,20260623,0,P4_negative,False,False
P030,3,20260623,0,P4_negative,False,False
P030,3,20260623,0,P4_negative,False,False
P030,3,20260623,0,P4_negative,False,False
P018,5,20260623,1,P1_vigil_only,True,True
P018,5,20260623,1,P1_vigil_only,False,False
P018,5,20260623,1,P1_vigil_only,True,True
P018,5,20260623,1,P2_phrase_plus_vigil,False,False
P018,5,20260623,1,P2_phrase_plus_vigil,False,False
P018,5,20260623,1,P2_phrase_plus_vigil,False,False
P018,5,20260623,1,P2_phrase_plus_vigil,False,False
P018,5,20260623,1,P2_phrase_plus_vigil,False,False
P018,5,20260623,1,P2_phrase_plus_vigil,False,False
P018,5,20260623,1,P2_phrase_plus_vigil,True,True
P022,5,20260623,1,P2_phrase_plus_vigil,True,True
P022,5,20260623,1,P2_phrase_plus_vigil,True,True
P022,5,20260623,1,P2_phrase_plus_vigil,True,True
P022,5,20260623,1,P2_phrase_plus_vigil,True,True
P022,5,20260623,1,P2_phrase_plus_vigil,True,True
P022,5,20260623,1,P2_phrase_plus_vigil,True,True
P022,5,20260623,1,P2_phrase_plus_vigil,True,True
P022,5,20260623,1,P2_phrase_plus_vigil,True,True
P022,5,20260623,1,P2_phrase_plus_vigil,True,True
P022,5,20260623,1,P2_phrase_plus_vigil,True,True
P022,5,20260623,1,P3_vigil_plus_phrase,True,True
P022,5,20260623,1,P3_vigil_plus_phrase,True,True
P022,5,20260623,1,P3_vigil_plus_phrase,True,True
P022,5,20260623,1,P3_vigil_plus_phrase,True,True
P022,5,20260623,1,P3_vigil_plus_phrase,True,True
P022,5,20260623,1,P3_vigil_plus_phrase,True,True
P022,5,20260623,1,P3_vigil_plus_phrase,False,False
P022,5,20260623,0,P4_negative,False,False
P022,5,20260623,0,P4_negative,False,False
P022,5,20260623,0,P4_negative,False,False
P022,5,20260623,0,P4_negative,False,False
P022,5,20260623,0,P4_negative,False,False
P022,5,20260623,0,P4_negative,False,False
P022,5,20260623,0,P4_negative,False,False
P022,5,20260623,0,P4_negative,False,False
P022,5,20260623,0,P4_negative,False,False
P022,5,20260623,0,P4_negative,False,False
P022,5,20260623,0,P4_negative,False,False
P022,5,20260623,0,P4_negative,False,False
P022,5,20260623,0,P4_negative,False,False
P022,5,20260623,0,P4_negative,False,False
P022,5,20260623,0,P4_negative,False,False
P023,5,20260623,1,P1_vigil_only,True,True
P023,5,20260623,1,P1_vigil_only,True,True
P023,5,20260623,1,P2_phrase_plus_vigil,True,True
P023,5,20260623,1,P2_phrase_plus_vigil,True,True
P023,5,20260623,1,P2_phrase_plus_vigil,True,True
P023,5,20260623,1,P2_phrase_plus_vigil,True,True
P023,5,20260623,1,P3_vigil_plus_phrase,True,True
P023,5,20260623,0,P4_negative,False,False
P023,5,20260623,0,P4_negative,False,False
P023,5,20260623,0,P4_negative,False,False
P023,5,20260623,0,P4_negative,False,False
P023,5,20260623,0,P4_negative,False,False
P023,5,20260623,0,P4_negative,False,False
P023,5,20260623,0,P4_negative,False,False
P023,5,20260623,0,P4_negative,False,False
P023,5,20260623,0,P4_negative,False,False
P023,5,20260623,0,P4_negative,False,False
P023,5,20260623,0,P4_negative,False,False
P023,5,20260623,0,P4_negative,False,False
P023,5,20260623,0,P4_negative,False,False
P023,5,20260623,0,P4_negative,False,False
P023,5,20260623,0,P4_negative,False,False
P025,5,20260623,1,P1_vigil_only,True,True
P025,5,20260623,1,P2_phrase_plus_vigil,True,True
P025,5,20260623,1,P2_phrase_plus_vigil,True,True
P025,5,20260623,1,P2_phrase_plus_vigil,True,True
P025,5,20260623,1,P2_phrase_plus_vigil,True,True
P025,5,20260623,1,P2_phrase_plus_vigil,True,True
P025,5,20260623,1,P2_phrase_plus_vigil,True,True
P025,5,20260623,1,P3_vigil_plus_phrase,True,True
P025,5,20260623,1,P3_vigil_plus_phrase,True,True
P025,5,20260623,1,P3_vigil_plus_phrase,True,True
P025,5,20260623,1,P3_vigil_plus_phrase,True,True
P025,5,20260623,0,P4_negative,False,False
P025,5,20260623,0,P4_negative,False,False
P025,5,20260623,0,P4_negative,False,False
P025,5,20260623,0,P4_negative,False,False
P025,5,20260623,0,P4_negative,False,False
P025,5,20260623,0,P4_negative,False,False
P025,5,20260623,0,P4_negative,False,False
P025,5,20260623,0,P4_negative,False,False
P025,5,20260623,0,P4_negative,False,False
P025,5,20260623,0,P4_negative,False,False
P025,5,20260623,0,P4_negative,False,False
P025,5,20260623,0,P4_negative,False,False
P025,5,20260623,0,P4_negative,False,False
P025,5,20260623,0,P4_negative,False,False
P025,5,20260623,0,P4_negative,False,False
P030,5,20260623,1,P1_vigil_only,True,True
P030,5,20260623,1,P1_vigil_only,True,True
P030,5,20260623,1,P1_vigil_only,True,True
P030,5,20260623,1,P2_phrase_plus_vigil,True,True
P030,5,20260623,1,P2_phrase_plus_vigil,True,True
P030,5,20260623,1,P2_phrase_plus_vigil,True,True
P030,5,20260623,1,P2_phrase_plus_vigil,True,True
P030,5,20260623,1,P2_phrase_plus_vigil,True,True
P030,5,20260623,1,P2_phrase_plus_vigil,True,True
P030,5,20260623,1,P2_phrase_plus_vigil,True,True
P030,5,20260623,1,P2_phrase_plus_vigil,True,True
P030,5,20260623,1,P2_phrase_plus_vigil,True,True
P030,5,20260623,1,P2_phrase_plus_vigil,True,True
P030,5,20260623,1,P2_phrase_plus_vigil,True,True
P030,5,20260623,1,P2_phrase_plus_vigil,True,True
P030,5,20260623,1,P2_phrase_plus_vigil,True,True
P030,5,20260623,1,P2_phrase_plus_vigil,True,True
P030,5,20260623,1,P2_phrase_plus_vigil,True,True
P030,5,20260623,1,P2_phrase_plus_vigil,True,True
P030,5,20260623,1,P2_phrase_plus_vigil,True,True
P030,5,20260623,1,P2_phrase_plus_vigil,True,True
P030,5,20260623,1,P2_phrase_plus_vigil,True,True
P030,5,20260623,1,P2_phrase_plus_vigil,True,True
P030,5,20260623,1,P2_phrase_plus_vigil,True,True
P030,5,20260623,1,P2_phrase_plus_vigil,True,True
P030,5,20260623,1,P2_phrase_plus_vigil,True,True
P030,5,20260623,1,P2_phrase_plus_vigil,True,True
P030,5,20260623,1,P2_phrase_plus_vigil,True,True
P030,5,20260623,1,P2_phrase_plus_vigil,True,True
P030,5,20260623,1,P2_phrase_plus_vigil,True,True
P030,5,20260623,1,P2_phrase_plus_vigil,True,True
P030,5,20260623,1,P3_vigil_plus_phrase,True,True
P030,5,20260623,1,P3_vigil_plus_phrase,True,True
P030,5,20260623,1,P3_vigil_plus_phrase,True,True
P030,5,20260623,1,P3_vigil_plus_phrase,True,True
P030,5,20260623,1,P3_vigil_plus_phrase,True,True
P030,5,20260623,1,P3_vigil_plus_phrase,True,True
P030,5,20260623,1,P3_vigil_plus_phrase,True,True
P030,5,20260623,1,P3_vigil_plus_phrase,True,True
P030,5,20260623,1,P3_vigil_plus_phrase,True,True
P030,5,20260623,1,P3_vigil_plus_phrase,True,True
P030,5,20260623,1,P3_vigil_plus_phrase,True,True
P030,5,20260623,1,P3_vigil_plus_phrase,True,True
P030,5,20260623,1,P3_vigil_plus_phrase,True,True
P030,5,20260623,1,P3_vigil_plus_phrase,True,True
P030,5,20260623,1,P3_vigil_plus_phrase,True,True
P030,5,20260623,1,P3_vigil_plus_phrase,True,True
P030,5,20260623,1,P3_vigil_plus_phrase,True,True
P030,5,20260623,1,P3_vigil_plus_phrase,True,True
P030,5,20260623,1,P3_vigil_plus_phrase,True,True
P030,5,20260623,0,P4_negative,False,False
P030,5,20260623,0,P4_negative,False,False
P030,5,20260623,0,P4_negative,False,False
P030,5,20260623,0,P4_negative,False,False
P030,5,20260623,0,P4_negative,False,False
P030,5,20260623,0,P4_negative,False,False
P030,5,20260623,0,P4_negative,False,False
P030,5,20260623,0,P4_negative,False,False
P030,5,20260623,0,P4_negative,False,False
P030,5,20260623,0,P4_negative,False,False
P030,5,20260623,0,P4_negative,False,False
P030,5,20260623,0,P4_negative,False,False
P030,5,20260623,0,P4_negative,False,False
P030,5,20260623,0,P4_negative,False,False
P030,5,20260623,0,P4_negative,False,False
P030,5,20260623,0,P4_negative,False,False
P030,5,20260623,0,P4_negative,False,False
P030,5,20260623,0,P4_negative,False,False
P030,5,20260623,0,P4_negative,False,False
P030,5,20260623,0,P4_negative,False,False
P030,5,20260623,0,P4_negative,False,False
P030,5,20260623,0,P4_negative,False,False
P030,5,20260623,0,P4_negative,False,False
P030,5,20260623,0,P4_negative,False,False
P030,5,20260623,0,P4_negative,False,False
P030,5,20260623,0,P4_negative,False,False
P030,5,20260623,0,P4_negative,False,False
P030,5,20260623,0,P4_negative,False,False
P030,5,20260623,0,P4_negative,False,False
P030,5,20260623,0,P4_negative,False,False
P030,5,20260623,0,P4_negative,False,False
P030,5,20260623,0,P4_negative,False,False
P030,5,20260623,0,P4_negative,False,False
P030,5,20260623,0,P4_negative,False,False
P030,5,20260623,0,P4_negative,False,False
P030,5,20260623,0,P4_negative,False,False
P030,5,20260623,0,P4_negative,False,False
P030,5,20260623,0,P4_negative,False,False
P030,5,20260623,0,P4_negative,False,False
P030,5,20260623,0,P4_negative,False,False
P018,3,20260624,1,P1_vigil_only,True,True
P018,3,20260624,1,P1_vigil_only,True,True
P018,3,20260624,1,P1_vigil_only,False,False
P018,3,20260624,1,P1_vigil_only,True,True
P018,3,20260624,1,P2_phrase_plus_vigil,False,False
P018,3,20260624,1,P2_phrase_plus_vigil,False,False
P018,3,20260624,1,P2_phrase_plus_vigil,False,False
P018,3,20260624,1,P2_phrase_plus_vigil,True,True
P018,3,20260624,1,P2_phrase_plus_vigil,False,False
P018,3,20260624,1,P2_phrase_plus_vigil,True,True
P018,3,20260624,1,P2_phrase_plus_vigil,False,False
P018,3,20260624,1,P2_phrase_plus_vigil,True,True
P022,3,20260624,1,P1_vigil_only,True,True
P022,3,20260624,1,P1_vigil_only,True,True
P022,3,20260624,1,P2_phrase_plus_vigil,True,True
P022,3,20260624,1,P2_phrase_plus_vigil,True,True
P022,3,20260624,1,P2_phrase_plus_vigil,True,True
P022,3,20260624,1,P2_phrase_plus_vigil,True,True
P022,3,20260624,1,P2_phrase_plus_vigil,True,True
P022,3,20260624,1,P2_phrase_plus_vigil,True,True
P022,3,20260624,1,P2_phrase_plus_vigil,True,True
P022,3,20260624,1,P2_phrase_plus_vigil,True,True
P022,3,20260624,1,P2_phrase_plus_vigil,True,True
P022,3,20260624,1,P2_phrase_plus_vigil,True,True
P022,3,20260624,1,P3_vigil_plus_phrase,True,True
P022,3,20260624,1,P3_vigil_plus_phrase,True,True
P022,3,20260624,1,P3_vigil_plus_phrase,True,True
P022,3,20260624,1,P3_vigil_plus_phrase,True,True
P022,3,20260624,1,P3_vigil_plus_phrase,True,True
P022,3,20260624,1,P3_vigil_plus_phrase,False,False
P022,3,20260624,1,P3_vigil_plus_phrase,False,False
P022,3,20260624,0,P4_negative,False,False
P022,3,20260624,0,P4_negative,False,False
P022,3,20260624,0,P4_negative,False,False
P022,3,20260624,0,P4_negative,False,False
P022,3,20260624,0,P4_negative,False,False
P022,3,20260624,0,P4_negative,False,False
P022,3,20260624,0,P4_negative,False,False
P022,3,20260624,0,P4_negative,False,False
P022,3,20260624,0,P4_negative,False,False
P022,3,20260624,0,P4_negative,False,False
P022,3,20260624,0,P4_negative,False,False
P022,3,20260624,0,P4_negative,False,False
P022,3,20260624,0,P4_negative,False,False
P022,3,20260624,0,P4_negative,False,False
P022,3,20260624,0,P4_negative,False,False
P023,3,20260624,1,P1_vigil_only,True,True
P023,3,20260624,1,P1_vigil_only,True,True
P023,3,20260624,1,P1_vigil_only,True,True
P023,3,20260624,1,P2_phrase_plus_vigil,True,True
P023,3,20260624,1,P2_phrase_plus_vigil,True,True
P023,3,20260624,1,P2_phrase_plus_vigil,True,True
P023,3,20260624,1,P3_vigil_plus_phrase,True,True
P023,3,20260624,1,P3_vigil_plus_phrase,True,True
P023,3,20260624,1,P3_vigil_plus_phrase,True,True
P023,3,20260624,0,P4_negative,False,False
P023,3,20260624,0,P4_negative,False,False
P023,3,20260624,0,P4_negative,False,False
P023,3,20260624,0,P4_negative,False,False
P023,3,20260624,0,P4_negative,False,False
P023,3,20260624,0,P4_negative,False,False
P023,3,20260624,0,P4_negative,False,False
P023,3,20260624,0,P4_negative,False,False
P023,3,20260624,0,P4_negative,False,False
P023,3,20260624,0,P4_negative,False,False
P023,3,20260624,0,P4_negative,False,False
P023,3,20260624,0,P4_negative,False,False
P023,3,20260624,0,P4_negative,False,False
P023,3,20260624,0,P4_negative,False,False
P023,3,20260624,0,P4_negative,False,False
P025,3,20260624,1,P1_vigil_only,True,True
P025,3,20260624,1,P1_vigil_only,True,True
P025,3,20260624,1,P2_phrase_plus_vigil,True,True
P025,3,20260624,1,P2_phrase_plus_vigil,True,True
P025,3,20260624,1,P2_phrase_plus_vigil,True,True
P025,3,20260624,1,P2_phrase_plus_vigil,True,True
P025,3,20260624,1,P2_phrase_plus_vigil,True,True
P025,3,20260624,1,P2_phrase_plus_vigil,True,True
P025,3,20260624,1,P3_vigil_plus_phrase,True,True
P025,3,20260624,1,P3_vigil_plus_phrase,True,True
P025,3,20260624,1,P3_vigil_plus_phrase,True,True
P025,3,20260624,1,P3_vigil_plus_phrase,True,True
P025,3,20260624,1,P3_vigil_plus_phrase,True,True
P025,3,20260624,0,P4_negative,False,False
P025,3,20260624,0,P4_negative,False,False
P025,3,20260624,0,P4_negative,False,False
P025,3,20260624,0,P4_negative,False,False
P025,3,20260624,0,P4_negative,False,False
P025,3,20260624,0,P4_negative,False,False
P025,3,20260624,0,P4_negative,False,False
P025,3,20260624,0,P4_negative,False,False
P025,3,20260624,0,P4_negative,False,False
P025,3,20260624,0,P4_negative,False,False
P025,3,20260624,0,P4_negative,False,False
P025,3,20260624,0,P4_negative,False,False
P025,3,20260624,0,P4_negative,False,False
P025,3,20260624,0,P4_negative,False,False
P025,3,20260624,0,P4_negative,False,False
P030,3,20260624,1,P1_vigil_only,True,True
P030,3,20260624,1,P1_vigil_only,True,True
P030,3,20260624,1,P1_vigil_only,True,True
P030,3,20260624,1,P1_vigil_only,True,True
P030,3,20260624,1,P1_vigil_only,True,True
P030,3,20260624,1,P2_phrase_plus_vigil,True,True
P030,3,20260624,1,P2_phrase_plus_vigil,True,True
P030,3,20260624,1,P2_phrase_plus_vigil,True,True
P030,3,20260624,1,P2_phrase_plus_vigil,True,True
P030,3,20260624,1,P2_phrase_plus_vigil,True,True
P030,3,20260624,1,P2_phrase_plus_vigil,True,True
P030,3,20260624,1,P2_phrase_plus_vigil,True,True
P030,3,20260624,1,P2_phrase_plus_vigil,True,True
P030,3,20260624,1,P2_phrase_plus_vigil,True,True
P030,3,20260624,1,P2_phrase_plus_vigil,True,True
P030,3,20260624,1,P2_phrase_plus_vigil,True,True
P030,3,20260624,1,P2_phrase_plus_vigil,True,True
P030,3,20260624,1,P2_phrase_plus_vigil,True,True
P030,3,20260624,1,P2_phrase_plus_vigil,True,True
P030,3,20260624,1,P2_phrase_plus_vigil,True,True
P030,3,20260624,1,P2_phrase_plus_vigil,True,True
P030,3,20260624,1,P2_phrase_plus_vigil,True,True
P030,3,20260624,1,P2_phrase_plus_vigil,True,True
P030,3,20260624,1,P2_phrase_plus_vigil,True,True
P030,3,20260624,1,P2_phrase_plus_vigil,True,True
P030,3,20260624,1,P2_phrase_plus_vigil,True,True
P030,3,20260624,1,P2_phrase_plus_vigil,True,True
P030,3,20260624,1,P2_phrase_plus_vigil,True,True
P030,3,20260624,1,P2_phrase_plus_vigil,True,True
P030,3,20260624,1,P2_phrase_plus_vigil,True,True
P030,3,20260624,1,P2_phrase_plus_vigil,True,True
P030,3,20260624,1,P2_phrase_plus_vigil,True,True
P030,3,20260624,1,P3_vigil_plus_phrase,True,True
P030,3,20260624,1,P3_vigil_plus_phrase,True,True
P030,3,20260624,1,P3_vigil_plus_phrase,True,True
P030,3,20260624,1,P3_vigil_plus_phrase,True,True
P030,3,20260624,1,P3_vigil_plus_phrase,True,True
P030,3,20260624,1,P3_vigil_plus_phrase,True,True
P030,3,20260624,1,P3_vigil_plus_phrase,True,True
P030,3,20260624,1,P3_vigil_plus_phrase,True,True
P030,3,20260624,1,P3_vigil_plus_phrase,True,True
P030,3,20260624,1,P3_vigil_plus_phrase,True,True
P030,3,20260624,1,P3_vigil_plus_phrase,True,True
P030,3,20260624,1,P3_vigil_plus_phrase,True,True
P030,3,20260624,1,P3_vigil_plus_phrase,True,True
P030,3,20260624,1,P3_vigil_plus_phrase,True,True
P030,3,20260624,1,P3_vigil_plus_phrase,True,True
P030,3,20260624,1,P3_vigil_plus_phrase,True,True
P030,3,20260624,1,P3_vigil_plus_phrase,True,True
P030,3,20260624,1,P3_vigil_plus_phrase,True,True
P030,3,20260624,1,P3_vigil_plus_phrase,True,True
P030,3,20260624,1,P3_vigil_plus_phrase,True,True
P030,3,20260624,0,P4_negative,False,False
P030,3,20260624,0,P4_negative,False,False
P030,3,20260624,0,P4_negative,False,False
P030,3,20260624,0,P4_negative,False,False
P030,3,20260624,0,P4_negative,False,False
P030,3,20260624,0,P4_negative,False,False
P030,3,20260624,0,P4_negative,False,False
P030,3,20260624,0,P4_negative,False,False
P030,3,20260624,0,P4_negative,False,False
P030,3,20260624,0,P4_negative,False,False
P030,3,20260624,0,P4_negative,False,False
P030,3,20260624,0,P4_negative,False,False
P030,3,20260624,0,P4_negative,False,False
P030,3,20260624,0,P4_negative,False,False
P030,3,20260624,0,P4_negative,False,False
P030,3,20260624,0,P4_negative,False,False
P030,3,20260624,0,P4_negative,False,False
P030,3,20260624,0,P4_negative,False,False
P030,3,20260624,0,P4_negative,False,False
P030,3,20260624,0,P4_negative,False,False
P030,3,20260624,0,P4_negative,False,False
P030,3,20260624,0,P4_negative,False,False
P030,3,20260624,0,P4_negative,False,False
P030,3,20260624,0,P4_negative,False,False
P030,3,20260624,0,P4_negative,False,False
P030,3,20260624,0,P4_negative,False,False
P030,3,20260624,0,P4_negative,False,False
P030,3,20260624,0,P4_negative,False,False
P030,3,20260624,0,P4_negative,False,False
P030,3,20260624,0,P4_negative,False,False
P030,3,20260624,0,P4_negative,False,False
P030,3,20260624,0,P4_negative,False,False
P030,3,20260624,0,P4_negative,False,False
P030,3,20260624,0,P4_negative,False,False
P030,3,20260624,0,P4_negative,False,False
P030,3,20260624,0,P4_negative,False,False
P030,3,20260624,0,P4_negative,False,False
P030,3,20260624,0,P4_negative,False,False
P030,3,20260624,0,P4_negative,False,False
P030,3,20260624,0,P4_negative,False,False
P018,5,20260624,1,P1_vigil_only,True,True
P018,5,20260624,1,P1_vigil_only,True,True
P018,5,20260624,1,P2_phrase_plus_vigil,False,False
P018,5,20260624,1,P2_phrase_plus_vigil,False,False
P018,5,20260624,1,P2_phrase_plus_vigil,False,False
P018,5,20260624,1,P2_phrase_plus_vigil,True,True
P018,5,20260624,1,P2_phrase_plus_vigil,False,False
P018,5,20260624,1,P2_phrase_plus_vigil,True,True
P018,5,20260624,1,P2_phrase_plus_vigil,False,False
P018,5,20260624,1,P2_phrase_plus_vigil,True,True
P022,5,20260624,1,P1_vigil_only,True,True
P022,5,20260624,1,P2_phrase_plus_vigil,True,True
P022,5,20260624,1,P2_phrase_plus_vigil,True,True
P022,5,20260624,1,P2_phrase_plus_vigil,True,True
P022,5,20260624,1,P2_phrase_plus_vigil,True,True
P022,5,20260624,1,P2_phrase_plus_vigil,True,True
P022,5,20260624,1,P2_phrase_plus_vigil,True,True
P022,5,20260624,1,P2_phrase_plus_vigil,True,True
P022,5,20260624,1,P2_phrase_plus_vigil,True,True
P022,5,20260624,1,P2_phrase_plus_vigil,True,True
P022,5,20260624,1,P3_vigil_plus_phrase,True,True
P022,5,20260624,1,P3_vigil_plus_phrase,True,True
P022,5,20260624,1,P3_vigil_plus_phrase,True,True
P022,5,20260624,1,P3_vigil_plus_phrase,True,True
P022,5,20260624,1,P3_vigil_plus_phrase,True,True
P022,5,20260624,1,P3_vigil_plus_phrase,False,False
P022,5,20260624,1,P3_vigil_plus_phrase,False,False
P022,5,20260624,0,P4_negative,False,False
P022,5,20260624,0,P4_negative,False,False
P022,5,20260624,0,P4_negative,False,False
P022,5,20260624,0,P4_negative,False,False
P022,5,20260624,0,P4_negative,False,False
P022,5,20260624,0,P4_negative,False,False
P022,5,20260624,0,P4_negative,False,False
P022,5,20260624,0,P4_negative,False,False
P022,5,20260624,0,P4_negative,False,False
P022,5,20260624,0,P4_negative,False,False
P022,5,20260624,0,P4_negative,False,False
P022,5,20260624,0,P4_negative,False,False
P022,5,20260624,0,P4_negative,False,False
P022,5,20260624,0,P4_negative,False,False
P022,5,20260624,0,P4_negative,False,False
P023,5,20260624,1,P1_vigil_only,True,True
P023,5,20260624,1,P2_phrase_plus_vigil,True,True
P023,5,20260624,1,P2_phrase_plus_vigil,True,True
P023,5,20260624,1,P2_phrase_plus_vigil,True,True
P023,5,20260624,1,P3_vigil_plus_phrase,True,True
P023,5,20260624,1,P3_vigil_plus_phrase,True,True
P023,5,20260624,1,P3_vigil_plus_phrase,True,True
P023,5,20260624,0,P4_negative,False,False
P023,5,20260624,0,P4_negative,False,False
P023,5,20260624,0,P4_negative,False,False
P023,5,20260624,0,P4_negative,False,False
P023,5,20260624,0,P4_negative,False,False
P023,5,20260624,0,P4_negative,False,False
P023,5,20260624,0,P4_negative,False,False
P023,5,20260624,0,P4_negative,False,False
P023,5,20260624,0,P4_negative,False,False
P023,5,20260624,0,P4_negative,False,False
P023,5,20260624,0,P4_negative,False,False
P023,5,20260624,0,P4_negative,False,False
P023,5,20260624,0,P4_negative,False,False
P023,5,20260624,0,P4_negative,False,False
P023,5,20260624,0,P4_negative,False,False
P025,5,20260624,1,P1_vigil_only,True,True
P025,5,20260624,1,P2_phrase_plus_vigil,True,True
P025,5,20260624,1,P2_phrase_plus_vigil,True,True
P025,5,20260624,1,P2_phrase_plus_vigil,True,True
P025,5,20260624,1,P2_phrase_plus_vigil,True,True
P025,5,20260624,1,P2_phrase_plus_vigil,True,True
P025,5,20260624,1,P3_vigil_plus_phrase,True,True
P025,5,20260624,1,P3_vigil_plus_phrase,True,True
P025,5,20260624,1,P3_vigil_plus_phrase,True,True
P025,5,20260624,1,P3_vigil_plus_phrase,True,True
P025,5,20260624,1,P3_vigil_plus_phrase,True,True
P025,5,20260624,0,P4_negative,False,False
P025,5,20260624,0,P4_negative,False,False
P025,5,20260624,0,P4_negative,False,False
P025,5,20260624,0,P4_negative,False,False
P025,5,20260624,0,P4_negative,False,False
P025,5,20260624,0,P4_negative,False,False
P025,5,20260624,0,P4_negative,False,False
P025,5,20260624,0,P4_negative,False,False
P025,5,20260624,0,P4_negative,False,False
P025,5,20260624,0,P4_negative,False,False
P025,5,20260624,0,P4_negative,False,False
P025,5,20260624,0,P4_negative,False,False
P025,5,20260624,0,P4_negative,False,False
P025,5,20260624,0,P4_negative,False,False
P025,5,20260624,0,P4_negative,False,False
P030,5,20260624,1,P1_vigil_only,True,True
P030,5,20260624,1,P1_vigil_only,True,True
P030,5,20260624,1,P1_vigil_only,True,True
P030,5,20260624,1,P1_vigil_only,True,True
P030,5,20260624,1,P1_vigil_only,True,True
P030,5,20260624,1,P2_phrase_plus_vigil,True,True
P030,5,20260624,1,P2_phrase_plus_vigil,True,True
P030,5,20260624,1,P2_phrase_plus_vigil,True,True
P030,5,20260624,1,P2_phrase_plus_vigil,True,True
P030,5,20260624,1,P2_phrase_plus_vigil,True,True
P030,5,20260624,1,P2_phrase_plus_vigil,True,True
P030,5,20260624,1,P2_phrase_plus_vigil,True,True
P030,5,20260624,1,P2_phrase_plus_vigil,True,True
P030,5,20260624,1,P2_phrase_plus_vigil,True,True
P030,5,20260624,1,P2_phrase_plus_vigil,True,True
P030,5,20260624,1,P2_phrase_plus_vigil,True,True
P030,5,20260624,1,P2_phrase_plus_vigil,True,True
P030,5,20260624,1,P2_phrase_plus_vigil,True,True
P030,5,20260624,1,P2_phrase_plus_vigil,True,True
P030,5,20260624,1,P2_phrase_plus_vigil,True,True
P030,5,20260624,1,P2_phrase_plus_vigil,True,True
P030,5,20260624,1,P2_phrase_plus_vigil,True,True
P030,5,20260624,1,P2_phrase_plus_vigil,True,True
P030,5,20260624,1,P2_phrase_plus_vigil,True,True
P030,5,20260624,1,P2_phrase_plus_vigil,True,True
P030,5,20260624,1,P2_phrase_plus_vigil,True,True
P030,5,20260624,1,P2_phrase_plus_vigil,True,True
P030,5,20260624,1,P2_phrase_plus_vigil,True,True
P030,5,20260624,1,P2_phrase_plus_vigil,True,True
P030,5,20260624,1,P2_phrase_plus_vigil,True,True
P030,5,20260624,1,P2_phrase_plus_vigil,True,True
P030,5,20260624,1,P3_vigil_plus_phrase,True,True
P030,5,20260624,1,P3_vigil_plus_phrase,True,True
P030,5,20260624,1,P3_vigil_plus_phrase,True,True
P030,5,20260624,1,P3_vigil_plus_phrase,True,True
P030,5,20260624,1,P3_vigil_plus_phrase,True,True
P030,5,20260624,1,P3_vigil_plus_phrase,True,True
P030,5,20260624,1,P3_vigil_plus_phrase,True,True
P030,5,20260624,1,P3_vigil_plus_phrase,True,True
P030,5,20260624,1,P3_vigil_plus_phrase,True,True
P030,5,20260624,1,P3_vigil_plus_phrase,True,True
P030,5,20260624,1,P3_vigil_plus_phrase,True,True
P030,5,20260624,1,P3_vigil_plus_phrase,True,True
P030,5,20260624,1,P3_vigil_plus_phrase,True,True
P030,5,20260624,1,P3_vigil_plus_phrase,True,True
P030,5,20260624,1,P3_vigil_plus_phrase,True,True
P030,5,20260624,1,P3_vigil_plus_phrase,True,True
P030,5,20260624,1,P3_vigil_plus_phrase,True,True
P030,5,20260624,1,P3_vigil_plus_phrase,True,True
P030,5,20260624,1,P3_vigil_plus_phrase,True,True
P030,5,20260624,0,P4_negative,False,False
P030,5,20260624,0,P4_negative,False,False
P030,5,20260624,0,P4_negative,False,False
P030,5,20260624,0,P4_negative,False,False
P030,5,20260624,0,P4_negative,False,False
P030,5,20260624,0,P4_negative,False,False
P030,5,20260624,0,P4_negative,False,False
P030,5,20260624,0,P4_negative,False,False
P030,5,20260624,0,P4_negative,False,False
P030,5,20260624,0,P4_negative,False,False
P030,5,20260624,0,P4_negative,False,False
P030,5,20260624,0,P4_negative,False,False
P030,5,20260624,0,P4_negative,False,False
P030,5,20260624,0,P4_negative,False,False
P030,5,20260624,0,P4_negative,False,False
P030,5,20260624,0,P4_negative,False,False
P030,5,20260624,0,P4_negative,False,False
P030,5,20260624,0,P4_negative,False,False
P030,5,20260624,0,P4_negative,False,False
P030,5,20260624,0,P4_negative,False,False
P030,5,20260624,0,P4_negative,False,False
P030,5,20260624,0,P4_negative,False,False
P030,5,20260624,0,P4_negative,False,False
P030,5,20260624,0,P4_negative,False,False
P030,5,20260624,0,P4_negative,False,False
P030,5,20260624,0,P4_negative,False,False
P030,5,20260624,0,P4_negative,False,False
P030,5,20260624,0,P4_negative,False,False
P030,5,20260624,0,P4_negative,False,False
P030,5,20260624,0,P4_negative,False,False
P030,5,20260624,0,P4_negative,False,False
P030,5,20260624,0,P4_negative,False,False
P030,5,20260624,0,P4_negative,False,False
P030,5,20260624,0,P4_negative,False,False
P030,5,20260624,0,P4_negative,False,False
P030,5,20260624,0,P4_negative,False,False
P030,5,20260624,0,P4_negative,False,False
P030,5,20260624,0,P4_negative,False,False
P030,5,20260624,0,P4_negative,False,False
P030,5,20260624,0,P4_negative,False,False
P004,3,20260620,1,P1_vigil_only,True,True
P004,3,20260620,1,P1_vigil_only,True,True
P004,3,20260620,1,P2_phrase_plus_vigil,True,True
P004,3,20260620,1,P2_phrase_plus_vigil,True,True
P004,3,20260620,1,P2_phrase_plus_vigil,True,True
P004,3,20260620,1,P2_phrase_plus_vigil,True,True
P004,3,20260620,1,P2_phrase_plus_vigil,True,True
P004,3,20260620,1,P2_phrase_plus_vigil,True,True
P004,3,20260620,1,P3_vigil_plus_phrase,True,True
P004,3,20260620,1,P3_vigil_plus_phrase,True,True
P004,3,20260620,0,P4_negative,False,False
P004,3,20260620,0,P4_negative,False,False
P004,3,20260620,0,P4_negative,False,False
P005,3,20260620,1,P1_vigil_only,True,True
P005,3,20260620,1,P1_vigil_only,True,True
P005,3,20260620,1,P1_vigil_only,True,True
P005,3,20260620,1,P1_vigil_only,True,True
P005,3,20260620,1,P1_vigil_only,True,True
P005,3,20260620,1,P2_phrase_plus_vigil,True,True
P005,3,20260620,1,P2_phrase_plus_vigil,True,True
P005,3,20260620,1,P2_phrase_plus_vigil,True,True
P005,3,20260620,1,P2_phrase_plus_vigil,True,True
P005,3,20260620,1,P2_phrase_plus_vigil,True,True
P005,3,20260620,1,P2_phrase_plus_vigil,True,True
P005,3,20260620,1,P2_phrase_plus_vigil,True,True
P005,3,20260620,1,P2_phrase_plus_vigil,True,True
P005,3,20260620,1,P2_phrase_plus_vigil,True,True
P005,3,20260620,1,P2_phrase_plus_vigil,True,True
P005,3,20260620,1,P2_phrase_plus_vigil,True,True
P016,3,20260620,1,P1_vigil_only,True,True
P016,3,20260620,1,P1_vigil_only,True,True
P016,3,20260620,1,P1_vigil_only,True,True
P016,3,20260620,1,P1_vigil_only,False,False
P016,3,20260620,1,P1_vigil_only,True,True
P016,3,20260620,1,P2_phrase_plus_vigil,True,True
P016,3,20260620,1,P2_phrase_plus_vigil,True,True
P016,3,20260620,1,P2_phrase_plus_vigil,True,True
P016,3,20260620,1,P2_phrase_plus_vigil,True,True
P016,3,20260620,1,P2_phrase_plus_vigil,True,True
P016,3,20260620,1,P2_phrase_plus_vigil,True,True
P016,3,20260620,1,P2_phrase_plus_vigil,True,True
P016,3,20260620,1,P2_phrase_plus_vigil,True,True
P016,3,20260620,1,P2_phrase_plus_vigil,True,True
P016,3,20260620,1,P2_phrase_plus_vigil,True,True
P016,3,20260620,1,P2_phrase_plus_vigil,True,True
P016,3,20260620,1,P2_phrase_plus_vigil,True,True
P016,3,20260620,1,P2_phrase_plus_vigil,True,True
P016,3,20260620,1,P2_phrase_plus_vigil,True,True
P016,3,20260620,1,P2_phrase_plus_vigil,True,True
P016,3,20260620,1,P2_phrase_plus_vigil,True,True
P016,3,20260620,1,P2_phrase_plus_vigil,True,True
P016,3,20260620,1,P3_vigil_plus_phrase,True,True
P016,3,20260620,1,P3_vigil_plus_phrase,True,True
P016,3,20260620,1,P3_vigil_plus_phrase,True,True
P016,3,20260620,1,P3_vigil_plus_phrase,True,True
P016,3,20260620,1,P3_vigil_plus_phrase,True,True
P016,3,20260620,1,P3_vigil_plus_phrase,True,True
P016,3,20260620,1,P3_vigil_plus_phrase,True,True
P016,3,20260620,1,P3_vigil_plus_phrase,True,True
P016,3,20260620,1,P3_vigil_plus_phrase,True,True
P016,3,20260620,1,P3_vigil_plus_phrase,True,True
P016,3,20260620,0,P4_negative,False,False
P016,3,20260620,0,P4_negative,False,False
P016,3,20260620,0,P4_negative,False,False
P016,3,20260620,0,P4_negative,False,False
P016,3,20260620,0,P4_negative,False,False
P016,3,20260620,0,P4_negative,False,False
P016,3,20260620,0,P4_negative,False,False
P016,3,20260620,0,P4_negative,False,False
P016,3,20260620,0,P4_negative,False,False
P016,3,20260620,0,P4_negative,False,False
P016,3,20260620,0,P4_negative,False,False
P016,3,20260620,0,P4_negative,False,False
P016,3,20260620,0,P4_negative,False,False
P016,3,20260620,0,P4_negative,False,False
P016,3,20260620,0,P4_negative,False,False
P016,3,20260620,0,P4_negative,False,False
P016,3,20260620,0,P4_negative,False,False
P016,3,20260620,0,P4_negative,False,False
P016,3,20260620,0,P4_negative,False,False
P016,3,20260620,0,P4_negative,False,False
P016,3,20260620,0,P4_negative,False,False
P016,3,20260620,0,P4_negative,False,False
P016,3,20260620,0,P4_negative,False,False
P016,3,20260620,0,P4_negative,False,False
P016,3,20260620,0,P4_negative,False,False
P016,3,20260620,0,P4_negative,False,False
P016,3,20260620,0,P4_negative,False,False
P016,3,20260620,0,P4_negative,False,False
P016,3,20260620,0,P4_negative,False,False
P016,3,20260620,0,P4_negative,False,False
P016,3,20260620,0,P4_negative,False,False
P016,3,20260620,0,P4_negative,False,False
P016,3,20260620,0,P4_negative,False,False
P016,3,20260620,0,P4_negative,False,False
P016,3,20260620,0,P4_negative,False,False
P016,3,20260620,0,P4_negative,False,False
P016,3,20260620,0,P4_negative,False,False
P016,3,20260620,0,P4_negative,False,False
P016,3,20260620,0,P4_negative,False,False
P016,3,20260620,0,P4_negative,False,False
P016,3,20260620,0,P4_negative,False,False
P016,3,20260620,0,P4_negative,False,False
P016,3,20260620,0,P4_negative,False,False
P016,3,20260620,0,P4_negative,False,False
P016,3,20260620,0,P4_negative,False,False
P017,3,20260620,1,P1_vigil_only,True,True
P017,3,20260620,1,P1_vigil_only,True,True
P017,3,20260620,1,P1_vigil_only,True,True
P017,3,20260620,1,P2_phrase_plus_vigil,True,True
P017,3,20260620,1,P2_phrase_plus_vigil,True,True
P017,3,20260620,1,P2_phrase_plus_vigil,False,False
P017,3,20260620,1,P2_phrase_plus_vigil,True,True
P017,3,20260620,1,P2_phrase_plus_vigil,True,True
P017,3,20260620,1,P2_phrase_plus_vigil,True,True
P017,3,20260620,1,P3_vigil_plus_phrase,True,True
P017,3,20260620,1,P3_vigil_plus_phrase,True,True
P017,3,20260620,1,P3_vigil_plus_phrase,True,True
P017,3,20260620,1,P3_vigil_plus_phrase,True,True
P017,3,20260620,0,P4_negative,False,False
P017,3,20260620,0,P4_negative,False,False
P017,3,20260620,0,P4_negative,False,False
P017,3,20260620,0,P4_negative,False,False
P017,3,20260620,0,P4_negative,False,False
P017,3,20260620,0,P4_negative,False,False
P017,3,20260620,0,P4_negative,False,False
P017,3,20260620,0,P4_negative,False,False
P017,3,20260620,0,P4_negative,False,False
P017,3,20260620,0,P4_negative,False,False
P017,3,20260620,0,P4_negative,False,False
P017,3,20260620,0,P4_negative,False,False
P017,3,20260620,0,P4_negative,False,False
P017,3,20260620,0,P4_negative,False,False
P017,3,20260620,0,P4_negative,False,False
P017,3,20260620,0,P4_negative,False,False
P017,3,20260620,0,P4_negative,False,False
P017,3,20260620,0,P4_negative,False,False
P017,3,20260620,0,P4_negative,False,False
P017,3,20260620,0,P4_negative,False,False
P017,3,20260620,1,P2_phrase_plus_vigil,True,True
P017,3,20260620,1,P2_phrase_plus_vigil,True,True
P017,3,20260620,1,P2_phrase_plus_vigil,True,True
P017,3,20260620,1,P2_phrase_plus_vigil,True,True
P017,3,20260620,1,P2_phrase_plus_vigil,True,True
P017,3,20260620,1,P3_vigil_plus_phrase,True,True
P017,3,20260620,1,P3_vigil_plus_phrase,True,True
P017,3,20260620,0,P4_negative,False,False
P017,3,20260620,0,P4_negative,False,False
P017,3,20260620,0,P4_negative,False,False
P017,3,20260620,0,P4_negative,False,False
P017,3,20260620,0,P4_negative,False,False
P017,3,20260620,0,P4_negative,False,False
P017,3,20260620,0,P4_negative,False,False
P017,3,20260620,0,P4_negative,False,False
P017,3,20260620,0,P4_negative,False,False
P017,3,20260620,0,P4_negative,False,False
P024,3,20260620,1,P1_vigil_only,True,True
P024,3,20260620,1,P2_phrase_plus_vigil,True,True
P024,3,20260620,1,P2_phrase_plus_vigil,True,True
P024,3,20260620,1,P2_phrase_plus_vigil,True,True
P024,3,20260620,1,P3_vigil_plus_phrase,True,True
P024,3,20260620,0,P4_negative,False,False
P024,3,20260620,0,P4_negative,False,False
P024,3,20260620,0,P4_negative,False,False
P024,3,20260620,0,P4_negative,False,False
P024,3,20260620,0,P4_negative,False,False
P024,3,20260620,0,P4_negative,False,False
P024,3,20260620,0,P4_negative,False,False
P024,3,20260620,0,P4_negative,False,False
P024,3,20260620,0,P4_negative,False,False
P024,3,20260620,0,P4_negative,False,False
P024,3,20260620,0,P4_negative,False,False
P024,3,20260620,0,P4_negative,False,False
P024,3,20260620,0,P4_negative,False,False
P024,3,20260620,1,P2_phrase_plus_vigil,True,True
P024,3,20260620,1,P1_vigil_only,True,True
P024,3,20260620,1,P1_vigil_only,True,True
P024,3,20260620,1,P2_phrase_plus_vigil,True,True
P024,3,20260620,1,P3_vigil_plus_phrase,True,True
P024,3,20260620,0,P4_negative,False,False
P024,3,20260620,0,P4_negative,False,False
P024,3,20260620,0,P4_negative,False,False
P024,3,20260620,0,P4_negative,False,False
P004,5,20260620,1,P1_vigil_only,True,True
P004,5,20260620,1,P1_vigil_only,True,True
P004,5,20260620,1,P2_phrase_plus_vigil,True,True
P004,5,20260620,1,P2_phrase_plus_vigil,True,True
P004,5,20260620,1,P2_phrase_plus_vigil,True,True
P004,5,20260620,1,P2_phrase_plus_vigil,True,True
P004,5,20260620,1,P3_vigil_plus_phrase,True,True
P004,5,20260620,1,P3_vigil_plus_phrase,True,True
P004,5,20260620,0,P4_negative,False,False
P004,5,20260620,0,P4_negative,False,False
P004,5,20260620,0,P4_negative,False,False
P005,5,20260620,1,P1_vigil_only,True,True
P005,5,20260620,1,P1_vigil_only,True,True
P005,5,20260620,1,P1_vigil_only,True,True
P005,5,20260620,1,P1_vigil_only,True,True
P005,5,20260620,1,P1_vigil_only,True,True
P005,5,20260620,1,P2_phrase_plus_vigil,True,True
P005,5,20260620,1,P2_phrase_plus_vigil,True,True
P005,5,20260620,1,P2_phrase_plus_vigil,True,True
P005,5,20260620,1,P2_phrase_plus_vigil,True,True
P005,5,20260620,1,P2_phrase_plus_vigil,True,True
P005,5,20260620,1,P2_phrase_plus_vigil,True,True
P005,5,20260620,1,P2_phrase_plus_vigil,True,True
P005,5,20260620,1,P2_phrase_plus_vigil,True,True
P005,5,20260620,1,P2_phrase_plus_vigil,True,True
P016,5,20260620,1,P1_vigil_only,True,True
P016,5,20260620,1,P1_vigil_only,True,True
P016,5,20260620,1,P1_vigil_only,True,True
P016,5,20260620,1,P1_vigil_only,False,False
P016,5,20260620,1,P1_vigil_only,True,True
P016,5,20260620,1,P2_phrase_plus_vigil,True,True
P016,5,20260620,1,P2_phrase_plus_vigil,True,True
P016,5,20260620,1,P2_phrase_plus_vigil,True,True
P016,5,20260620,1,P2_phrase_plus_vigil,True,True
P016,5,20260620,1,P2_phrase_plus_vigil,True,True
P016,5,20260620,1,P2_phrase_plus_vigil,True,True
P016,5,20260620,1,P2_phrase_plus_vigil,True,True
P016,5,20260620,1,P2_phrase_plus_vigil,True,True
P016,5,20260620,1,P2_phrase_plus_vigil,True,True
P016,5,20260620,1,P2_phrase_plus_vigil,True,True
P016,5,20260620,1,P2_phrase_plus_vigil,True,True
P016,5,20260620,1,P2_phrase_plus_vigil,True,True
P016,5,20260620,1,P2_phrase_plus_vigil,True,True
P016,5,20260620,1,P2_phrase_plus_vigil,True,True
P016,5,20260620,1,P2_phrase_plus_vigil,True,True
P016,5,20260620,1,P2_phrase_plus_vigil,True,True
P016,5,20260620,1,P3_vigil_plus_phrase,True,True
P016,5,20260620,1,P3_vigil_plus_phrase,True,True
P016,5,20260620,1,P3_vigil_plus_phrase,True,True
P016,5,20260620,1,P3_vigil_plus_phrase,True,True
P016,5,20260620,1,P3_vigil_plus_phrase,True,True
P016,5,20260620,1,P3_vigil_plus_phrase,True,True
P016,5,20260620,1,P3_vigil_plus_phrase,True,True
P016,5,20260620,1,P3_vigil_plus_phrase,True,True
P016,5,20260620,1,P3_vigil_plus_phrase,True,True
P016,5,20260620,0,P4_negative,False,False
P016,5,20260620,0,P4_negative,False,False
P016,5,20260620,0,P4_negative,False,False
P016,5,20260620,0,P4_negative,False,False
P016,5,20260620,0,P4_negative,False,False
P016,5,20260620,0,P4_negative,False,False
P016,5,20260620,0,P4_negative,False,False
P016,5,20260620,0,P4_negative,False,False
P016,5,20260620,0,P4_negative,False,False
P016,5,20260620,0,P4_negative,False,False
P016,5,20260620,0,P4_negative,False,False
P016,5,20260620,0,P4_negative,False,False
P016,5,20260620,0,P4_negative,False,False
P016,5,20260620,0,P4_negative,False,False
P016,5,20260620,0,P4_negative,False,False
P016,5,20260620,0,P4_negative,False,False
P016,5,20260620,0,P4_negative,False,False
P016,5,20260620,0,P4_negative,False,False
P016,5,20260620,0,P4_negative,False,False
P016,5,20260620,0,P4_negative,False,False
P016,5,20260620,0,P4_negative,False,False
P016,5,20260620,0,P4_negative,False,False
P016,5,20260620,0,P4_negative,False,False
P016,5,20260620,0,P4_negative,False,False
P016,5,20260620,0,P4_negative,False,False
P016,5,20260620,0,P4_negative,False,False
P016,5,20260620,0,P4_negative,False,False
P016,5,20260620,0,P4_negative,False,False
P016,5,20260620,0,P4_negative,False,False
P016,5,20260620,0,P4_negative,False,False
P016,5,20260620,0,P4_negative,False,False
P016,5,20260620,0,P4_negative,False,False
P016,5,20260620,0,P4_negative,False,False
P016,5,20260620,0,P4_negative,False,False
P016,5,20260620,0,P4_negative,False,False
P016,5,20260620,0,P4_negative,False,False
P016,5,20260620,0,P4_negative,False,False
P016,5,20260620,0,P4_negative,False,False
P016,5,20260620,0,P4_negative,False,False
P016,5,20260620,0,P4_negative,False,False
P016,5,20260620,0,P4_negative,False,False
P016,5,20260620,0,P4_negative,False,False
P016,5,20260620,0,P4_negative,False,False
P016,5,20260620,0,P4_negative,False,False
P016,5,20260620,0,P4_negative,False,False
P017,5,20260620,1,P1_vigil_only,True,True
P017,5,20260620,1,P1_vigil_only,True,True
P017,5,20260620,1,P1_vigil_only,True,True
P017,5,20260620,1,P2_phrase_plus_vigil,True,True
P017,5,20260620,1,P2_phrase_plus_vigil,True,True
P017,5,20260620,1,P2_phrase_plus_vigil,True,True
P017,5,20260620,1,P2_phrase_plus_vigil,True,True
P017,5,20260620,1,P2_phrase_plus_vigil,True,True
P017,5,20260620,1,P3_vigil_plus_phrase,True,True
P017,5,20260620,1,P3_vigil_plus_phrase,True,True
P017,5,20260620,1,P3_vigil_plus_phrase,True,True
P017,5,20260620,1,P3_vigil_plus_phrase,True,True
P017,5,20260620,0,P4_negative,False,False
P017,5,20260620,0,P4_negative,False,False
P017,5,20260620,0,P4_negative,False,False
P017,5,20260620,0,P4_negative,False,False
P017,5,20260620,0,P4_negative,False,False
P017,5,20260620,0,P4_negative,False,False
P017,5,20260620,0,P4_negative,False,False
P017,5,20260620,0,P4_negative,False,False
P017,5,20260620,0,P4_negative,False,False
P017,5,20260620,0,P4_negative,False,False
P017,5,20260620,0,P4_negative,False,False
P017,5,20260620,0,P4_negative,False,False
P017,5,20260620,0,P4_negative,False,False
P017,5,20260620,0,P4_negative,False,False
P017,5,20260620,0,P4_negative,False,False
P017,5,20260620,0,P4_negative,False,False
P017,5,20260620,0,P4_negative,False,False
P017,5,20260620,0,P4_negative,False,False
P017,5,20260620,0,P4_negative,False,False
P017,5,20260620,0,P4_negative,False,False
P017,5,20260620,1,P2_phrase_plus_vigil,True,True
P017,5,20260620,1,P2_phrase_plus_vigil,True,True
P017,5,20260620,1,P2_phrase_plus_vigil,True,True
P017,5,20260620,1,P2_phrase_plus_vigil,True,True
P017,5,20260620,1,P3_vigil_plus_phrase,True,True
P017,5,20260620,1,P3_vigil_plus_phrase,True,True
P017,5,20260620,0,P4_negative,False,False
P017,5,20260620,0,P4_negative,False,False
P017,5,20260620,0,P4_negative,False,False
P017,5,20260620,0,P4_negative,False,False
P017,5,20260620,0,P4_negative,False,False
P017,5,20260620,0,P4_negative,False,False
P017,5,20260620,0,P4_negative,False,False
P017,5,20260620,0,P4_negative,False,False
P017,5,20260620,0,P4_negative,False,False
P017,5,20260620,0,P4_negative,False,False
P024,5,20260620,1,P1_vigil_only,True,True
P024,5,20260620,1,P2_phrase_plus_vigil,True,True
P024,5,20260620,1,P2_phrase_plus_vigil,True,True
P024,5,20260620,1,P3_vigil_plus_phrase,True,True
P024,5,20260620,0,P4_negative,False,False
P024,5,20260620,0,P4_negative,False,False
P024,5,20260620,0,P4_negative,False,False
P024,5,20260620,0,P4_negative,False,False
P024,5,20260620,0,P4_negative,False,False
P024,5,20260620,0,P4_negative,False,False
P024,5,20260620,0,P4_negative,False,False
P024,5,20260620,0,P4_negative,False,False
P024,5,20260620,0,P4_negative,False,False
P024,5,20260620,0,P4_negative,False,False
P024,5,20260620,0,P4_negative,False,False
P024,5,20260620,0,P4_negative,False,False
P024,5,20260620,0,P4_negative,False,False
P024,5,20260620,1,P2_phrase_plus_vigil,True,True
P024,5,20260620,1,P1_vigil_only,True,True
P024,5,20260620,1,P2_phrase_plus_vigil,True,True
P024,5,20260620,1,P3_vigil_plus_phrase,True,True
P024,5,20260620,0,P4_negative,False,False
P024,5,20260620,0,P4_negative,False,False
P024,5,20260620,0,P4_negative,False,False
P024,5,20260620,0,P4_negative,False,False
P004,3,20260621,1,P1_vigil_only,True,True
P004,3,20260621,1,P1_vigil_only,True,True
P004,3,20260621,1,P2_phrase_plus_vigil,True,True
P004,3,20260621,1,P2_phrase_plus_vigil,True,True
P004,3,20260621,1,P2_phrase_plus_vigil,True,True
P004,3,20260621,1,P2_phrase_plus_vigil,True,True
P004,3,20260621,1,P2_phrase_plus_vigil,True,True
P004,3,20260621,1,P3_vigil_plus_phrase,True,True
P004,3,20260621,1,P3_vigil_plus_phrase,True,True
P004,3,20260621,1,P3_vigil_plus_phrase,True,True
P004,3,20260621,0,P4_negative,False,False
P004,3,20260621,0,P4_negative,False,False
P004,3,20260621,0,P4_negative,False,False
P005,3,20260621,1,P1_vigil_only,True,True
P005,3,20260621,1,P1_vigil_only,True,True
P005,3,20260621,1,P1_vigil_only,True,True
P005,3,20260621,1,P1_vigil_only,True,True
P005,3,20260621,1,P1_vigil_only,True,True
P005,3,20260621,1,P2_phrase_plus_vigil,True,True
P005,3,20260621,1,P2_phrase_plus_vigil,True,True
P005,3,20260621,1,P2_phrase_plus_vigil,True,True
P005,3,20260621,1,P2_phrase_plus_vigil,True,True
P005,3,20260621,1,P2_phrase_plus_vigil,True,True
P005,3,20260621,1,P2_phrase_plus_vigil,True,True
P005,3,20260621,1,P2_phrase_plus_vigil,True,True
P005,3,20260621,1,P2_phrase_plus_vigil,True,True
P005,3,20260621,1,P2_phrase_plus_vigil,True,True
P005,3,20260621,1,P2_phrase_plus_vigil,True,True
P005,3,20260621,1,P2_phrase_plus_vigil,True,True
P016,3,20260621,1,P1_vigil_only,True,True
P016,3,20260621,1,P1_vigil_only,True,True
P016,3,20260621,1,P1_vigil_only,True,True
P016,3,20260621,1,P1_vigil_only,False,False
P016,3,20260621,1,P1_vigil_only,True,True
P016,3,20260621,1,P2_phrase_plus_vigil,True,True
P016,3,20260621,1,P2_phrase_plus_vigil,True,True
P016,3,20260621,1,P2_phrase_plus_vigil,True,True
P016,3,20260621,1,P2_phrase_plus_vigil,True,True
P016,3,20260621,1,P2_phrase_plus_vigil,True,True
P016,3,20260621,1,P2_phrase_plus_vigil,True,True
P016,3,20260621,1,P2_phrase_plus_vigil,True,True
P016,3,20260621,1,P2_phrase_plus_vigil,True,True
P016,3,20260621,1,P2_phrase_plus_vigil,True,True
P016,3,20260621,1,P2_phrase_plus_vigil,True,True
P016,3,20260621,1,P2_phrase_plus_vigil,True,True
P016,3,20260621,1,P2_phrase_plus_vigil,True,True
P016,3,20260621,1,P2_phrase_plus_vigil,True,True
P016,3,20260621,1,P2_phrase_plus_vigil,True,True
P016,3,20260621,1,P2_phrase_plus_vigil,True,True
P016,3,20260621,1,P2_phrase_plus_vigil,True,True
P016,3,20260621,1,P2_phrase_plus_vigil,True,True
P016,3,20260621,1,P3_vigil_plus_phrase,True,True
P016,3,20260621,1,P3_vigil_plus_phrase,True,True
P016,3,20260621,1,P3_vigil_plus_phrase,True,True
P016,3,20260621,1,P3_vigil_plus_phrase,True,True
P016,3,20260621,1,P3_vigil_plus_phrase,True,True
P016,3,20260621,1,P3_vigil_plus_phrase,True,True
P016,3,20260621,1,P3_vigil_plus_phrase,True,True
P016,3,20260621,1,P3_vigil_plus_phrase,True,True
P016,3,20260621,1,P3_vigil_plus_phrase,True,True
P016,3,20260621,1,P3_vigil_plus_phrase,True,True
P016,3,20260621,0,P4_negative,False,False
P016,3,20260621,0,P4_negative,False,False
P016,3,20260621,0,P4_negative,False,False
P016,3,20260621,0,P4_negative,False,False
P016,3,20260621,0,P4_negative,False,False
P016,3,20260621,0,P4_negative,False,False
P016,3,20260621,0,P4_negative,False,False
P016,3,20260621,0,P4_negative,False,False
P016,3,20260621,0,P4_negative,False,False
P016,3,20260621,0,P4_negative,False,False
P016,3,20260621,0,P4_negative,False,False
P016,3,20260621,0,P4_negative,False,False
P016,3,20260621,0,P4_negative,False,False
P016,3,20260621,0,P4_negative,False,False
P016,3,20260621,0,P4_negative,False,False
P016,3,20260621,0,P4_negative,False,False
P016,3,20260621,0,P4_negative,False,False
P016,3,20260621,0,P4_negative,False,False
P016,3,20260621,0,P4_negative,False,False
P016,3,20260621,0,P4_negative,False,False
P016,3,20260621,0,P4_negative,False,False
P016,3,20260621,0,P4_negative,False,False
P016,3,20260621,0,P4_negative,False,False
P016,3,20260621,0,P4_negative,False,False
P016,3,20260621,0,P4_negative,False,False
P016,3,20260621,0,P4_negative,False,False
P016,3,20260621,0,P4_negative,False,False
P016,3,20260621,0,P4_negative,False,False
P016,3,20260621,0,P4_negative,False,False
P016,3,20260621,0,P4_negative,False,False
P016,3,20260621,0,P4_negative,False,False
P016,3,20260621,0,P4_negative,False,False
P016,3,20260621,0,P4_negative,False,False
P016,3,20260621,0,P4_negative,False,False
P016,3,20260621,0,P4_negative,False,False
P016,3,20260621,0,P4_negative,False,False
P016,3,20260621,0,P4_negative,False,False
P016,3,20260621,0,P4_negative,False,False
P016,3,20260621,0,P4_negative,False,False
P016,3,20260621,0,P4_negative,False,False
P016,3,20260621,0,P4_negative,False,False
P016,3,20260621,0,P4_negative,False,False
P016,3,20260621,0,P4_negative,False,False
P016,3,20260621,0,P4_negative,False,False
P016,3,20260621,0,P4_negative,False,False
P017,3,20260621,1,P1_vigil_only,True,True
P017,3,20260621,1,P1_vigil_only,True,True
P017,3,20260621,1,P1_vigil_only,True,True
P017,3,20260621,1,P2_phrase_plus_vigil,True,True
P017,3,20260621,1,P2_phrase_plus_vigil,True,True
P017,3,20260621,1,P2_phrase_plus_vigil,False,False
P017,3,20260621,1,P2_phrase_plus_vigil,True,True
P017,3,20260621,1,P2_phrase_plus_vigil,True,True
P017,3,20260621,1,P2_phrase_plus_vigil,True,True
P017,3,20260621,1,P3_vigil_plus_phrase,True,True
P017,3,20260621,1,P3_vigil_plus_phrase,True,True
P017,3,20260621,0,P4_negative,False,False
P017,3,20260621,0,P4_negative,False,False
P017,3,20260621,0,P4_negative,False,False
P017,3,20260621,0,P4_negative,False,False
P017,3,20260621,0,P4_negative,False,False
P017,3,20260621,0,P4_negative,False,False
P017,3,20260621,0,P4_negative,False,False
P017,3,20260621,0,P4_negative,False,False
P017,3,20260621,0,P4_negative,False,False
P017,3,20260621,0,P4_negative,False,False
P017,3,20260621,0,P4_negative,False,False
P017,3,20260621,0,P4_negative,False,False
P017,3,20260621,0,P4_negative,False,False
P017,3,20260621,0,P4_negative,False,False
P017,3,20260621,0,P4_negative,False,False
P017,3,20260621,0,P4_negative,False,False
P017,3,20260621,0,P4_negative,False,False
P017,3,20260621,0,P4_negative,False,False
P017,3,20260621,0,P4_negative,False,False
P017,3,20260621,0,P4_negative,False,False
P017,3,20260621,1,P2_phrase_plus_vigil,True,True
P017,3,20260621,1,P2_phrase_plus_vigil,True,True
P017,3,20260621,1,P2_phrase_plus_vigil,True,True
P017,3,20260621,1,P2_phrase_plus_vigil,True,True
P017,3,20260621,1,P2_phrase_plus_vigil,True,True
P017,3,20260621,1,P3_vigil_plus_phrase,True,True
P017,3,20260621,1,P3_vigil_plus_phrase,True,True
P017,3,20260621,1,P3_vigil_plus_phrase,True,True
P017,3,20260621,1,P3_vigil_plus_phrase,True,True
P017,3,20260621,0,P4_negative,False,False
P017,3,20260621,0,P4_negative,False,False
P017,3,20260621,0,P4_negative,False,False
P017,3,20260621,0,P4_negative,False,False
P017,3,20260621,0,P4_negative,False,False
P017,3,20260621,0,P4_negative,False,False
P017,3,20260621,0,P4_negative,False,False
P017,3,20260621,0,P4_negative,False,False
P017,3,20260621,0,P4_negative,False,False
P017,3,20260621,0,P4_negative,False,False
P024,3,20260621,1,P1_vigil_only,True,True
P024,3,20260621,1,P2_phrase_plus_vigil,True,True
P024,3,20260621,1,P2_phrase_plus_vigil,True,True
P024,3,20260621,1,P3_vigil_plus_phrase,True,True
P024,3,20260621,1,P3_vigil_plus_phrase,True,True
P024,3,20260621,1,P3_vigil_plus_phrase,True,True
P024,3,20260621,0,P4_negative,False,False
P024,3,20260621,0,P4_negative,False,False
P024,3,20260621,0,P4_negative,False,False
P024,3,20260621,0,P4_negative,False,False
P024,3,20260621,0,P4_negative,False,False
P024,3,20260621,0,P4_negative,False,False
P024,3,20260621,0,P4_negative,False,False
P024,3,20260621,0,P4_negative,False,False
P024,3,20260621,0,P4_negative,False,False
P024,3,20260621,1,P2_phrase_plus_vigil,True,True
P024,3,20260621,0,P4_negative,False,False
P024,3,20260621,0,P4_negative,False,False
P024,3,20260621,0,P4_negative,False,False
P024,3,20260621,0,P4_negative,False,False
P024,3,20260621,1,P2_phrase_plus_vigil,True,True
P024,3,20260621,1,P1_vigil_only,True,True
P024,3,20260621,1,P1_vigil_only,True,True
P024,3,20260621,0,P4_negative,False,False
P024,3,20260621,0,P4_negative,False,False
P024,3,20260621,0,P4_negative,False,False
P024,3,20260621,0,P4_negative,False,False
P004,5,20260621,1,P1_vigil_only,True,True
P004,5,20260621,1,P1_vigil_only,True,True
P004,5,20260621,1,P2_phrase_plus_vigil,True,True
P004,5,20260621,1,P2_phrase_plus_vigil,True,True
P004,5,20260621,1,P2_phrase_plus_vigil,True,True
P004,5,20260621,1,P2_phrase_plus_vigil,True,True
P004,5,20260621,1,P3_vigil_plus_phrase,True,True
P004,5,20260621,1,P3_vigil_plus_phrase,True,True
P004,5,20260621,0,P4_negative,False,False
P004,5,20260621,0,P4_negative,False,False
P004,5,20260621,0,P4_negative,False,False
P005,5,20260621,1,P1_vigil_only,True,True
P005,5,20260621,1,P1_vigil_only,True,True
P005,5,20260621,1,P1_vigil_only,True,True
P005,5,20260621,1,P1_vigil_only,True,True
P005,5,20260621,1,P1_vigil_only,True,True
P005,5,20260621,1,P2_phrase_plus_vigil,True,True
P005,5,20260621,1,P2_phrase_plus_vigil,True,True
P005,5,20260621,1,P2_phrase_plus_vigil,True,True
P005,5,20260621,1,P2_phrase_plus_vigil,True,True
P005,5,20260621,1,P2_phrase_plus_vigil,True,True
P005,5,20260621,1,P2_phrase_plus_vigil,True,True
P005,5,20260621,1,P2_phrase_plus_vigil,True,True
P005,5,20260621,1,P2_phrase_plus_vigil,True,True
P005,5,20260621,1,P2_phrase_plus_vigil,True,True
P016,5,20260621,1,P1_vigil_only,True,True
P016,5,20260621,1,P1_vigil_only,True,True
P016,5,20260621,1,P1_vigil_only,True,True
P016,5,20260621,1,P1_vigil_only,False,False
P016,5,20260621,1,P1_vigil_only,True,True
P016,5,20260621,1,P2_phrase_plus_vigil,True,True
P016,5,20260621,1,P2_phrase_plus_vigil,True,True
P016,5,20260621,1,P2_phrase_plus_vigil,True,True
P016,5,20260621,1,P2_phrase_plus_vigil,True,True
P016,5,20260621,1,P2_phrase_plus_vigil,True,True
P016,5,20260621,1,P2_phrase_plus_vigil,True,True
P016,5,20260621,1,P2_phrase_plus_vigil,True,True
P016,5,20260621,1,P2_phrase_plus_vigil,True,True
P016,5,20260621,1,P2_phrase_plus_vigil,True,True
P016,5,20260621,1,P2_phrase_plus_vigil,True,True
P016,5,20260621,1,P2_phrase_plus_vigil,True,True
P016,5,20260621,1,P2_phrase_plus_vigil,True,True
P016,5,20260621,1,P2_phrase_plus_vigil,True,True
P016,5,20260621,1,P2_phrase_plus_vigil,True,True
P016,5,20260621,1,P2_phrase_plus_vigil,True,True
P016,5,20260621,1,P2_phrase_plus_vigil,True,True
P016,5,20260621,1,P3_vigil_plus_phrase,True,True
P016,5,20260621,1,P3_vigil_plus_phrase,True,True
P016,5,20260621,1,P3_vigil_plus_phrase,True,True
P016,5,20260621,1,P3_vigil_plus_phrase,True,True
P016,5,20260621,1,P3_vigil_plus_phrase,True,True
P016,5,20260621,1,P3_vigil_plus_phrase,True,True
P016,5,20260621,1,P3_vigil_plus_phrase,True,True
P016,5,20260621,1,P3_vigil_plus_phrase,True,True
P016,5,20260621,1,P3_vigil_plus_phrase,True,True
P016,5,20260621,0,P4_negative,False,False
P016,5,20260621,0,P4_negative,False,False
P016,5,20260621,0,P4_negative,False,False
P016,5,20260621,0,P4_negative,False,False
P016,5,20260621,0,P4_negative,False,False
P016,5,20260621,0,P4_negative,False,False
P016,5,20260621,0,P4_negative,False,False
P016,5,20260621,0,P4_negative,False,False
P016,5,20260621,0,P4_negative,False,False
P016,5,20260621,0,P4_negative,False,False
P016,5,20260621,0,P4_negative,False,False
P016,5,20260621,0,P4_negative,False,False
P016,5,20260621,0,P4_negative,False,False
P016,5,20260621,0,P4_negative,False,False
P016,5,20260621,0,P4_negative,False,False
P016,5,20260621,0,P4_negative,False,False
P016,5,20260621,0,P4_negative,False,False
P016,5,20260621,0,P4_negative,False,False
P016,5,20260621,0,P4_negative,False,False
P016,5,20260621,0,P4_negative,False,False
P016,5,20260621,0,P4_negative,False,False
P016,5,20260621,0,P4_negative,False,False
P016,5,20260621,0,P4_negative,False,False
P016,5,20260621,0,P4_negative,False,False
P016,5,20260621,0,P4_negative,False,False
P016,5,20260621,0,P4_negative,False,False
P016,5,20260621,0,P4_negative,False,False
P016,5,20260621,0,P4_negative,False,False
P016,5,20260621,0,P4_negative,False,False
P016,5,20260621,0,P4_negative,False,False
P016,5,20260621,0,P4_negative,False,False
P016,5,20260621,0,P4_negative,False,False
P016,5,20260621,0,P4_negative,False,False
P016,5,20260621,0,P4_negative,False,False
P016,5,20260621,0,P4_negative,False,False
P016,5,20260621,0,P4_negative,False,False
P016,5,20260621,0,P4_negative,False,False
P016,5,20260621,0,P4_negative,False,False
P016,5,20260621,0,P4_negative,False,False
P016,5,20260621,0,P4_negative,False,False
P016,5,20260621,0,P4_negative,False,False
P016,5,20260621,0,P4_negative,False,False
P016,5,20260621,0,P4_negative,False,False
P016,5,20260621,0,P4_negative,False,False
P016,5,20260621,0,P4_negative,False,False
P017,5,20260621,1,P1_vigil_only,True,True
P017,5,20260621,1,P1_vigil_only,True,True
P017,5,20260621,1,P1_vigil_only,True,True
P017,5,20260621,1,P2_phrase_plus_vigil,True,True
P017,5,20260621,1,P2_phrase_plus_vigil,True,True
P017,5,20260621,1,P2_phrase_plus_vigil,False,False
P017,5,20260621,1,P2_phrase_plus_vigil,True,True
P017,5,20260621,1,P2_phrase_plus_vigil,True,True
P017,5,20260621,1,P2_phrase_plus_vigil,True,True
P017,5,20260621,1,P3_vigil_plus_phrase,True,True
P017,5,20260621,1,P3_vigil_plus_phrase,True,True
P017,5,20260621,0,P4_negative,False,False
P017,5,20260621,0,P4_negative,False,False
P017,5,20260621,0,P4_negative,False,False
P017,5,20260621,0,P4_negative,False,False
P017,5,20260621,0,P4_negative,False,False
P017,5,20260621,0,P4_negative,False,False
P017,5,20260621,0,P4_negative,False,False
P017,5,20260621,0,P4_negative,False,False
P017,5,20260621,0,P4_negative,False,False
P017,5,20260621,0,P4_negative,False,False
P017,5,20260621,0,P4_negative,False,False
P017,5,20260621,0,P4_negative,False,False
P017,5,20260621,0,P4_negative,False,False
P017,5,20260621,0,P4_negative,False,False
P017,5,20260621,0,P4_negative,False,False
P017,5,20260621,0,P4_negative,False,False
P017,5,20260621,0,P4_negative,False,False
P017,5,20260621,0,P4_negative,False,False
P017,5,20260621,0,P4_negative,False,False
P017,5,20260621,0,P4_negative,False,False
P017,5,20260621,1,P2_phrase_plus_vigil,True,True
P017,5,20260621,1,P2_phrase_plus_vigil,True,True
P017,5,20260621,1,P2_phrase_plus_vigil,True,True
P017,5,20260621,1,P3_vigil_plus_phrase,True,True
P017,5,20260621,1,P3_vigil_plus_phrase,True,True
P017,5,20260621,1,P3_vigil_plus_phrase,True,True
P017,5,20260621,1,P3_vigil_plus_phrase,True,True
P017,5,20260621,0,P4_negative,False,False
P017,5,20260621,0,P4_negative,False,False
P017,5,20260621,0,P4_negative,False,False
P017,5,20260621,0,P4_negative,False,False
P017,5,20260621,0,P4_negative,False,False
P017,5,20260621,0,P4_negative,False,False
P017,5,20260621,0,P4_negative,False,False
P017,5,20260621,0,P4_negative,False,False
P017,5,20260621,0,P4_negative,False,False
P017,5,20260621,0,P4_negative,False,False
P024,5,20260621,1,P1_vigil_only,True,True
P024,5,20260621,1,P2_phrase_plus_vigil,True,True
P024,5,20260621,1,P2_phrase_plus_vigil,True,True
P024,5,20260621,1,P3_vigil_plus_phrase,True,True
P024,5,20260621,1,P3_vigil_plus_phrase,True,True
P024,5,20260621,0,P4_negative,False,False
P024,5,20260621,0,P4_negative,False,False
P024,5,20260621,0,P4_negative,False,False
P024,5,20260621,0,P4_negative,False,False
P024,5,20260621,0,P4_negative,False,False
P024,5,20260621,0,P4_negative,False,False
P024,5,20260621,0,P4_negative,False,False
P024,5,20260621,0,P4_negative,False,False
P024,5,20260621,0,P4_negative,False,False
P024,5,20260621,1,P2_phrase_plus_vigil,True,True
P024,5,20260621,0,P4_negative,False,False
P024,5,20260621,0,P4_negative,False,False
P024,5,20260621,0,P4_negative,False,False
P024,5,20260621,0,P4_negative,False,False
P024,5,20260621,1,P1_vigil_only,True,True
P024,5,20260621,1,P1_vigil_only,True,True
P024,5,20260621,0,P4_negative,False,False
P024,5,20260621,0,P4_negative,False,False
P024,5,20260621,0,P4_negative,False,False
P024,5,20260621,0,P4_negative,False,False
P004,3,20260622,1,P1_vigil_only,True,True
P004,3,20260622,1,P2_phrase_plus_vigil,True,True
P004,3,20260622,1,P2_phrase_plus_vigil,True,True
P004,3,20260622,1,P2_phrase_plus_vigil,True,True
P004,3,20260622,1,P2_phrase_plus_vigil,True,True
P004,3,20260622,1,P2_phrase_plus_vigil,True,True
P004,3,20260622,1,P2_phrase_plus_vigil,True,True
P004,3,20260622,1,P3_vigil_plus_phrase,True,True
P004,3,20260622,1,P3_vigil_plus_phrase,True,True
P004,3,20260622,1,P3_vigil_plus_phrase,True,True
P004,3,20260622,0,P4_negative,False,False
P004,3,20260622,0,P4_negative,False,False
P004,3,20260622,0,P4_negative,False,False
P005,3,20260622,1,P1_vigil_only,True,True
P005,3,20260622,1,P1_vigil_only,True,True
P005,3,20260622,1,P1_vigil_only,True,True
P005,3,20260622,1,P1_vigil_only,True,True
P005,3,20260622,1,P2_phrase_plus_vigil,True,True
P005,3,20260622,1,P2_phrase_plus_vigil,True,True
P005,3,20260622,1,P2_phrase_plus_vigil,True,True
P005,3,20260622,1,P2_phrase_plus_vigil,True,True
P005,3,20260622,1,P2_phrase_plus_vigil,True,True
P005,3,20260622,1,P2_phrase_plus_vigil,True,True
P005,3,20260622,1,P2_phrase_plus_vigil,True,True
P005,3,20260622,1,P2_phrase_plus_vigil,True,True
P005,3,20260622,1,P2_phrase_plus_vigil,True,True
P005,3,20260622,1,P2_phrase_plus_vigil,True,True
P005,3,20260622,1,P2_phrase_plus_vigil,True,True
P005,3,20260622,1,P2_phrase_plus_vigil,True,True
P016,3,20260622,1,P1_vigil_only,True,True
P016,3,20260622,1,P1_vigil_only,True,True
P016,3,20260622,1,P1_vigil_only,True,True
P016,3,20260622,1,P1_vigil_only,False,False
P016,3,20260622,1,P1_vigil_only,True,True
P016,3,20260622,1,P2_phrase_plus_vigil,True,True
P016,3,20260622,1,P2_phrase_plus_vigil,True,True
P016,3,20260622,1,P2_phrase_plus_vigil,True,True
P016,3,20260622,1,P2_phrase_plus_vigil,True,True
P016,3,20260622,1,P2_phrase_plus_vigil,True,True
P016,3,20260622,1,P2_phrase_plus_vigil,True,True
P016,3,20260622,1,P2_phrase_plus_vigil,True,True
P016,3,20260622,1,P2_phrase_plus_vigil,True,True
P016,3,20260622,1,P2_phrase_plus_vigil,True,True
P016,3,20260622,1,P2_phrase_plus_vigil,True,True
P016,3,20260622,1,P2_phrase_plus_vigil,True,True
P016,3,20260622,1,P2_phrase_plus_vigil,True,True
P016,3,20260622,1,P2_phrase_plus_vigil,True,True
P016,3,20260622,1,P2_phrase_plus_vigil,True,True
P016,3,20260622,1,P2_phrase_plus_vigil,True,True
P016,3,20260622,1,P2_phrase_plus_vigil,True,True
P016,3,20260622,1,P3_vigil_plus_phrase,True,True
P016,3,20260622,1,P3_vigil_plus_phrase,True,True
P016,3,20260622,1,P3_vigil_plus_phrase,True,True
P016,3,20260622,1,P3_vigil_plus_phrase,True,True
P016,3,20260622,1,P3_vigil_plus_phrase,True,True
P016,3,20260622,1,P3_vigil_plus_phrase,True,True
P016,3,20260622,1,P3_vigil_plus_phrase,True,True
P016,3,20260622,1,P3_vigil_plus_phrase,True,True
P016,3,20260622,1,P3_vigil_plus_phrase,True,True
P016,3,20260622,1,P3_vigil_plus_phrase,True,True
P016,3,20260622,1,P3_vigil_plus_phrase,True,True
P016,3,20260622,0,P4_negative,False,False
P016,3,20260622,0,P4_negative,False,False
P016,3,20260622,0,P4_negative,False,False
P016,3,20260622,0,P4_negative,False,False
P016,3,20260622,0,P4_negative,False,False
P016,3,20260622,0,P4_negative,False,False
P016,3,20260622,0,P4_negative,False,False
P016,3,20260622,0,P4_negative,False,False
P016,3,20260622,0,P4_negative,False,False
P016,3,20260622,0,P4_negative,False,False
P016,3,20260622,0,P4_negative,False,False
P016,3,20260622,0,P4_negative,False,False
P016,3,20260622,0,P4_negative,False,False
P016,3,20260622,0,P4_negative,False,False
P016,3,20260622,0,P4_negative,False,False
P016,3,20260622,0,P4_negative,False,False
P016,3,20260622,0,P4_negative,False,False
P016,3,20260622,0,P4_negative,False,False
P016,3,20260622,0,P4_negative,False,False
P016,3,20260622,0,P4_negative,False,False
P016,3,20260622,0,P4_negative,False,False
P016,3,20260622,0,P4_negative,False,False
P016,3,20260622,0,P4_negative,False,False
P016,3,20260622,0,P4_negative,False,False
P016,3,20260622,0,P4_negative,False,False
P016,3,20260622,0,P4_negative,False,False
P016,3,20260622,0,P4_negative,False,False
P016,3,20260622,0,P4_negative,False,False
P016,3,20260622,0,P4_negative,False,False
P016,3,20260622,0,P4_negative,False,False
P016,3,20260622,0,P4_negative,False,False
P016,3,20260622,0,P4_negative,False,False
P016,3,20260622,0,P4_negative,False,False
P016,3,20260622,0,P4_negative,False,False
P016,3,20260622,0,P4_negative,False,False
P016,3,20260622,0,P4_negative,False,False
P016,3,20260622,0,P4_negative,False,False
P016,3,20260622,0,P4_negative,False,False
P016,3,20260622,0,P4_negative,False,False
P016,3,20260622,0,P4_negative,False,False
P016,3,20260622,0,P4_negative,False,False
P016,3,20260622,0,P4_negative,False,False
P016,3,20260622,0,P4_negative,False,False
P016,3,20260622,0,P4_negative,False,False
P016,3,20260622,0,P4_negative,False,False
P017,3,20260622,1,P1_vigil_only,True,True
P017,3,20260622,1,P1_vigil_only,True,True
P017,3,20260622,1,P1_vigil_only,True,True
P017,3,20260622,1,P2_phrase_plus_vigil,True,True
P017,3,20260622,1,P2_phrase_plus_vigil,True,True
P017,3,20260622,1,P2_phrase_plus_vigil,True,True
P017,3,20260622,1,P2_phrase_plus_vigil,True,True
P017,3,20260622,1,P3_vigil_plus_phrase,True,True
P017,3,20260622,1,P3_vigil_plus_phrase,True,True
P017,3,20260622,1,P3_vigil_plus_phrase,True,True
P017,3,20260622,1,P3_vigil_plus_phrase,True,True
P017,3,20260622,0,P4_negative,False,False
P017,3,20260622,0,P4_negative,False,False
P017,3,20260622,0,P4_negative,False,False
P017,3,20260622,0,P4_negative,False,False
P017,3,20260622,0,P4_negative,False,False
P017,3,20260622,0,P4_negative,False,False
P017,3,20260622,0,P4_negative,False,False
P017,3,20260622,0,P4_negative,False,False
P017,3,20260622,0,P4_negative,False,False
P017,3,20260622,0,P4_negative,False,False
P017,3,20260622,0,P4_negative,False,False
P017,3,20260622,0,P4_negative,False,False
P017,3,20260622,0,P4_negative,False,False
P017,3,20260622,0,P4_negative,False,False
P017,3,20260622,0,P4_negative,False,False
P017,3,20260622,0,P4_negative,False,False
P017,3,20260622,0,P4_negative,False,False
P017,3,20260622,0,P4_negative,False,False
P017,3,20260622,0,P4_negative,False,False
P017,3,20260622,0,P4_negative,False,False
P017,3,20260622,1,P2_phrase_plus_vigil,True,True
P017,3,20260622,1,P2_phrase_plus_vigil,True,True
P017,3,20260622,1,P2_phrase_plus_vigil,True,True
P017,3,20260622,1,P2_phrase_plus_vigil,True,True
P017,3,20260622,1,P2_phrase_plus_vigil,True,True
P017,3,20260622,1,P2_phrase_plus_vigil,True,True
P017,3,20260622,1,P3_vigil_plus_phrase,True,True
P017,3,20260622,1,P3_vigil_plus_phrase,True,True
P017,3,20260622,1,P3_vigil_plus_phrase,True,True
P017,3,20260622,0,P4_negative,False,False
P017,3,20260622,0,P4_negative,False,False
P017,3,20260622,0,P4_negative,False,False
P017,3,20260622,0,P4_negative,False,False
P017,3,20260622,0,P4_negative,False,False
P017,3,20260622,0,P4_negative,False,False
P017,3,20260622,0,P4_negative,False,False
P017,3,20260622,0,P4_negative,False,False
P017,3,20260622,0,P4_negative,False,False
P017,3,20260622,0,P4_negative,False,False
P024,3,20260622,1,P1_vigil_only,True,True
P024,3,20260622,1,P2_phrase_plus_vigil,True,True
P024,3,20260622,1,P2_phrase_plus_vigil,True,True
P024,3,20260622,1,P2_phrase_plus_vigil,True,True
P024,3,20260622,1,P3_vigil_plus_phrase,True,True
P024,3,20260622,1,P3_vigil_plus_phrase,True,True
P024,3,20260622,0,P4_negative,False,False
P024,3,20260622,0,P4_negative,False,False
P024,3,20260622,0,P4_negative,False,False
P024,3,20260622,0,P4_negative,False,False
P024,3,20260622,0,P4_negative,False,False
P024,3,20260622,0,P4_negative,False,False
P024,3,20260622,0,P4_negative,False,False
P024,3,20260622,0,P4_negative,False,False
P024,3,20260622,0,P4_negative,False,False
P024,3,20260622,1,P2_phrase_plus_vigil,True,True
P024,3,20260622,0,P4_negative,False,False
P024,3,20260622,0,P4_negative,False,False
P024,3,20260622,0,P4_negative,False,False
P024,3,20260622,0,P4_negative,False,False
P024,3,20260622,1,P2_phrase_plus_vigil,True,True
P024,3,20260622,1,P2_phrase_plus_vigil,True,True
P024,3,20260622,1,P3_vigil_plus_phrase,True,True
P024,3,20260622,0,P4_negative,False,False
P024,3,20260622,0,P4_negative,False,False
P024,3,20260622,0,P4_negative,False,False
P024,3,20260622,0,P4_negative,False,False
P004,5,20260622,1,P1_vigil_only,True,True
P004,5,20260622,1,P2_phrase_plus_vigil,True,True
P004,5,20260622,1,P2_phrase_plus_vigil,True,True
P004,5,20260622,1,P2_phrase_plus_vigil,True,True
P004,5,20260622,1,P2_phrase_plus_vigil,True,True
P004,5,20260622,1,P3_vigil_plus_phrase,True,True
P004,5,20260622,1,P3_vigil_plus_phrase,True,True
P004,5,20260622,1,P3_vigil_plus_phrase,True,True
P004,5,20260622,0,P4_negative,False,False
P004,5,20260622,0,P4_negative,False,False
P004,5,20260622,0,P4_negative,False,False
P005,5,20260622,1,P1_vigil_only,True,True
P005,5,20260622,1,P1_vigil_only,True,True
P005,5,20260622,1,P1_vigil_only,True,True
P005,5,20260622,1,P1_vigil_only,True,True
P005,5,20260622,1,P2_phrase_plus_vigil,True,True
P005,5,20260622,1,P2_phrase_plus_vigil,True,True
P005,5,20260622,1,P2_phrase_plus_vigil,True,True
P005,5,20260622,1,P2_phrase_plus_vigil,True,True
P005,5,20260622,1,P2_phrase_plus_vigil,True,True
P005,5,20260622,1,P2_phrase_plus_vigil,True,True
P005,5,20260622,1,P2_phrase_plus_vigil,True,True
P005,5,20260622,1,P2_phrase_plus_vigil,True,True
P005,5,20260622,1,P2_phrase_plus_vigil,True,True
P005,5,20260622,1,P2_phrase_plus_vigil,True,True
P016,5,20260622,1,P1_vigil_only,True,True
P016,5,20260622,1,P1_vigil_only,True,True
P016,5,20260622,1,P1_vigil_only,True,True
P016,5,20260622,1,P1_vigil_only,False,False
P016,5,20260622,1,P1_vigil_only,True,True
P016,5,20260622,1,P2_phrase_plus_vigil,True,True
P016,5,20260622,1,P2_phrase_plus_vigil,True,True
P016,5,20260622,1,P2_phrase_plus_vigil,True,True
P016,5,20260622,1,P2_phrase_plus_vigil,True,True
P016,5,20260622,1,P2_phrase_plus_vigil,True,True
P016,5,20260622,1,P2_phrase_plus_vigil,True,True
P016,5,20260622,1,P2_phrase_plus_vigil,True,True
P016,5,20260622,1,P2_phrase_plus_vigil,True,True
P016,5,20260622,1,P2_phrase_plus_vigil,True,True
P016,5,20260622,1,P2_phrase_plus_vigil,True,True
P016,5,20260622,1,P2_phrase_plus_vigil,True,True
P016,5,20260622,1,P2_phrase_plus_vigil,True,True
P016,5,20260622,1,P2_phrase_plus_vigil,True,True
P016,5,20260622,1,P2_phrase_plus_vigil,True,True
P016,5,20260622,1,P2_phrase_plus_vigil,True,True
P016,5,20260622,1,P3_vigil_plus_phrase,True,True
P016,5,20260622,1,P3_vigil_plus_phrase,True,True
P016,5,20260622,1,P3_vigil_plus_phrase,True,True
P016,5,20260622,1,P3_vigil_plus_phrase,True,True
P016,5,20260622,1,P3_vigil_plus_phrase,True,True
P016,5,20260622,1,P3_vigil_plus_phrase,True,True
P016,5,20260622,1,P3_vigil_plus_phrase,True,True
P016,5,20260622,1,P3_vigil_plus_phrase,True,True
P016,5,20260622,1,P3_vigil_plus_phrase,True,True
P016,5,20260622,1,P3_vigil_plus_phrase,True,True
P016,5,20260622,0,P4_negative,False,False
P016,5,20260622,0,P4_negative,False,False
P016,5,20260622,0,P4_negative,False,False
P016,5,20260622,0,P4_negative,False,False
P016,5,20260622,0,P4_negative,False,False
P016,5,20260622,0,P4_negative,False,False
P016,5,20260622,0,P4_negative,False,False
P016,5,20260622,0,P4_negative,False,False
P016,5,20260622,0,P4_negative,False,False
P016,5,20260622,0,P4_negative,False,False
P016,5,20260622,0,P4_negative,False,False
P016,5,20260622,0,P4_negative,False,False
P016,5,20260622,0,P4_negative,False,False
P016,5,20260622,0,P4_negative,False,False
P016,5,20260622,0,P4_negative,False,False
P016,5,20260622,0,P4_negative,False,False
P016,5,20260622,0,P4_negative,False,False
P016,5,20260622,0,P4_negative,False,False
P016,5,20260622,0,P4_negative,False,False
P016,5,20260622,0,P4_negative,False,False
P016,5,20260622,0,P4_negative,False,False
P016,5,20260622,0,P4_negative,False,False
P016,5,20260622,0,P4_negative,False,False
P016,5,20260622,0,P4_negative,False,False
P016,5,20260622,0,P4_negative,False,False
P016,5,20260622,0,P4_negative,False,False
P016,5,20260622,0,P4_negative,False,False
P016,5,20260622,0,P4_negative,False,False
P016,5,20260622,0,P4_negative,False,False
P016,5,20260622,0,P4_negative,False,False
P016,5,20260622,0,P4_negative,False,False
P016,5,20260622,0,P4_negative,False,False
P016,5,20260622,0,P4_negative,False,False
P016,5,20260622,0,P4_negative,False,False
P016,5,20260622,0,P4_negative,False,False
P016,5,20260622,0,P4_negative,False,False
P016,5,20260622,0,P4_negative,False,False
P016,5,20260622,0,P4_negative,False,False
P016,5,20260622,0,P4_negative,False,False
P016,5,20260622,0,P4_negative,False,False
P016,5,20260622,0,P4_negative,False,False
P016,5,20260622,0,P4_negative,False,False
P016,5,20260622,0,P4_negative,False,False
P016,5,20260622,0,P4_negative,False,False
P016,5,20260622,0,P4_negative,False,False
P017,5,20260622,1,P1_vigil_only,True,True
P017,5,20260622,1,P1_vigil_only,True,True
P017,5,20260622,1,P1_vigil_only,True,True
P017,5,20260622,1,P2_phrase_plus_vigil,True,True
P017,5,20260622,1,P2_phrase_plus_vigil,True,True
P017,5,20260622,1,P2_phrase_plus_vigil,True,True
P017,5,20260622,1,P3_vigil_plus_phrase,True,True
P017,5,20260622,1,P3_vigil_plus_phrase,True,True
P017,5,20260622,1,P3_vigil_plus_phrase,True,True
P017,5,20260622,0,P4_negative,False,False
P017,5,20260622,0,P4_negative,False,False
P017,5,20260622,0,P4_negative,False,False
P017,5,20260622,0,P4_negative,False,False
P017,5,20260622,0,P4_negative,False,False
P017,5,20260622,0,P4_negative,False,False
P017,5,20260622,0,P4_negative,False,False
P017,5,20260622,0,P4_negative,False,False
P017,5,20260622,0,P4_negative,False,False
P017,5,20260622,0,P4_negative,False,False
P017,5,20260622,0,P4_negative,False,False
P017,5,20260622,0,P4_negative,False,False
P017,5,20260622,0,P4_negative,False,False
P017,5,20260622,0,P4_negative,False,False
P017,5,20260622,0,P4_negative,False,False
P017,5,20260622,0,P4_negative,False,False
P017,5,20260622,0,P4_negative,False,False
P017,5,20260622,0,P4_negative,False,False
P017,5,20260622,0,P4_negative,False,False
P017,5,20260622,0,P4_negative,False,False
P017,5,20260622,1,P2_phrase_plus_vigil,True,True
P017,5,20260622,1,P2_phrase_plus_vigil,True,True
P017,5,20260622,1,P2_phrase_plus_vigil,True,True
P017,5,20260622,1,P2_phrase_plus_vigil,True,True
P017,5,20260622,1,P2_phrase_plus_vigil,True,True
P017,5,20260622,1,P2_phrase_plus_vigil,True,True
P017,5,20260622,1,P3_vigil_plus_phrase,True,True
P017,5,20260622,1,P3_vigil_plus_phrase,True,True
P017,5,20260622,1,P3_vigil_plus_phrase,True,True
P017,5,20260622,0,P4_negative,False,False
P017,5,20260622,0,P4_negative,False,False
P017,5,20260622,0,P4_negative,False,False
P017,5,20260622,0,P4_negative,False,False
P017,5,20260622,0,P4_negative,False,False
P017,5,20260622,0,P4_negative,False,False
P017,5,20260622,0,P4_negative,False,False
P017,5,20260622,0,P4_negative,False,False
P017,5,20260622,0,P4_negative,False,False
P017,5,20260622,0,P4_negative,False,False
P024,5,20260622,1,P1_vigil_only,True,True
P024,5,20260622,1,P2_phrase_plus_vigil,True,True
P024,5,20260622,1,P2_phrase_plus_vigil,True,True
P024,5,20260622,1,P3_vigil_plus_phrase,True,True
P024,5,20260622,1,P3_vigil_plus_phrase,True,True
P024,5,20260622,0,P4_negative,False,False
P024,5,20260622,0,P4_negative,False,False
P024,5,20260622,0,P4_negative,False,False
P024,5,20260622,0,P4_negative,False,False
P024,5,20260622,0,P4_negative,False,False
P024,5,20260622,0,P4_negative,False,False
P024,5,20260622,0,P4_negative,False,False
P024,5,20260622,0,P4_negative,False,False
P024,5,20260622,0,P4_negative,False,False
P024,5,20260622,1,P2_phrase_plus_vigil,True,True
P024,5,20260622,0,P4_negative,False,False
P024,5,20260622,0,P4_negative,False,False
P024,5,20260622,0,P4_negative,False,False
P024,5,20260622,0,P4_negative,False,False
P024,5,20260622,1,P2_phrase_plus_vigil,True,True
P024,5,20260622,1,P3_vigil_plus_phrase,True,True
P024,5,20260622,0,P4_negative,False,False
P024,5,20260622,0,P4_negative,False,False
P024,5,20260622,0,P4_negative,False,False
P024,5,20260622,0,P4_negative,False,False
P004,3,20260623,1,P1_vigil_only,True,True
P004,3,20260623,1,P2_phrase_plus_vigil,True,True
P004,3,20260623,1,P2_phrase_plus_vigil,True,True
P004,3,20260623,1,P2_phrase_plus_vigil,True,True
P004,3,20260623,1,P2_phrase_plus_vigil,True,True
P004,3,20260623,1,P2_phrase_plus_vigil,True,True
P004,3,20260623,1,P2_phrase_plus_vigil,True,True
P004,3,20260623,1,P3_vigil_plus_phrase,True,True
P004,3,20260623,1,P3_vigil_plus_phrase,True,True
P004,3,20260623,1,P3_vigil_plus_phrase,True,True
P004,3,20260623,0,P4_negative,False,False
P004,3,20260623,0,P4_negative,False,False
P004,3,20260623,0,P4_negative,False,False
P005,3,20260623,1,P1_vigil_only,True,True
P005,3,20260623,1,P1_vigil_only,True,True
P005,3,20260623,1,P1_vigil_only,True,True
P005,3,20260623,1,P1_vigil_only,True,True
P005,3,20260623,1,P2_phrase_plus_vigil,True,True
P005,3,20260623,1,P2_phrase_plus_vigil,True,True
P005,3,20260623,1,P2_phrase_plus_vigil,True,True
P005,3,20260623,1,P2_phrase_plus_vigil,True,True
P005,3,20260623,1,P2_phrase_plus_vigil,True,True
P005,3,20260623,1,P2_phrase_plus_vigil,True,True
P005,3,20260623,1,P2_phrase_plus_vigil,True,True
P005,3,20260623,1,P2_phrase_plus_vigil,True,True
P005,3,20260623,1,P2_phrase_plus_vigil,True,True
P005,3,20260623,1,P2_phrase_plus_vigil,True,True
P005,3,20260623,1,P2_phrase_plus_vigil,True,True
P005,3,20260623,1,P2_phrase_plus_vigil,True,True
P016,3,20260623,1,P1_vigil_only,True,True
P016,3,20260623,1,P1_vigil_only,True,True
P016,3,20260623,1,P1_vigil_only,False,False
P016,3,20260623,1,P1_vigil_only,True,True
P016,3,20260623,1,P2_phrase_plus_vigil,True,True
P016,3,20260623,1,P2_phrase_plus_vigil,True,True
P016,3,20260623,1,P2_phrase_plus_vigil,True,True
P016,3,20260623,1,P2_phrase_plus_vigil,True,True
P016,3,20260623,1,P2_phrase_plus_vigil,True,True
P016,3,20260623,1,P2_phrase_plus_vigil,True,True
P016,3,20260623,1,P2_phrase_plus_vigil,True,True
P016,3,20260623,1,P2_phrase_plus_vigil,True,True
P016,3,20260623,1,P2_phrase_plus_vigil,True,True
P016,3,20260623,1,P2_phrase_plus_vigil,True,True
P016,3,20260623,1,P2_phrase_plus_vigil,True,True
P016,3,20260623,1,P2_phrase_plus_vigil,True,True
P016,3,20260623,1,P2_phrase_plus_vigil,True,True
P016,3,20260623,1,P2_phrase_plus_vigil,True,True
P016,3,20260623,1,P2_phrase_plus_vigil,True,True
P016,3,20260623,1,P2_phrase_plus_vigil,True,True
P016,3,20260623,1,P2_phrase_plus_vigil,True,True
P016,3,20260623,1,P3_vigil_plus_phrase,True,True
P016,3,20260623,1,P3_vigil_plus_phrase,True,True
P016,3,20260623,1,P3_vigil_plus_phrase,True,True
P016,3,20260623,1,P3_vigil_plus_phrase,True,True
P016,3,20260623,1,P3_vigil_plus_phrase,True,True
P016,3,20260623,1,P3_vigil_plus_phrase,True,True
P016,3,20260623,1,P3_vigil_plus_phrase,True,True
P016,3,20260623,1,P3_vigil_plus_phrase,True,True
P016,3,20260623,1,P3_vigil_plus_phrase,True,True
P016,3,20260623,1,P3_vigil_plus_phrase,True,True
P016,3,20260623,1,P3_vigil_plus_phrase,True,True
P016,3,20260623,0,P4_negative,False,False
P016,3,20260623,0,P4_negative,False,False
P016,3,20260623,0,P4_negative,False,False
P016,3,20260623,0,P4_negative,False,False
P016,3,20260623,0,P4_negative,False,False
P016,3,20260623,0,P4_negative,False,False
P016,3,20260623,0,P4_negative,False,False
P016,3,20260623,0,P4_negative,False,False
P016,3,20260623,0,P4_negative,False,False
P016,3,20260623,0,P4_negative,False,False
P016,3,20260623,0,P4_negative,False,False
P016,3,20260623,0,P4_negative,False,False
P016,3,20260623,0,P4_negative,False,False
P016,3,20260623,0,P4_negative,False,False
P016,3,20260623,0,P4_negative,False,False
P016,3,20260623,0,P4_negative,False,False
P016,3,20260623,0,P4_negative,False,False
P016,3,20260623,0,P4_negative,False,False
P016,3,20260623,0,P4_negative,False,False
P016,3,20260623,0,P4_negative,False,False
P016,3,20260623,0,P4_negative,False,False
P016,3,20260623,0,P4_negative,False,False
P016,3,20260623,0,P4_negative,False,False
P016,3,20260623,0,P4_negative,False,False
P016,3,20260623,0,P4_negative,False,False
P016,3,20260623,0,P4_negative,False,False
P016,3,20260623,0,P4_negative,False,False
P016,3,20260623,0,P4_negative,False,False
P016,3,20260623,0,P4_negative,False,False
P016,3,20260623,0,P4_negative,False,False
P016,3,20260623,0,P4_negative,False,False
P016,3,20260623,0,P4_negative,False,False
P016,3,20260623,0,P4_negative,False,False
P016,3,20260623,0,P4_negative,False,False
P016,3,20260623,0,P4_negative,False,False
P016,3,20260623,0,P4_negative,False,False
P016,3,20260623,0,P4_negative,False,False
P016,3,20260623,0,P4_negative,False,False
P016,3,20260623,0,P4_negative,False,False
P016,3,20260623,0,P4_negative,False,False
P016,3,20260623,0,P4_negative,False,False
P016,3,20260623,0,P4_negative,False,False
P016,3,20260623,0,P4_negative,False,False
P016,3,20260623,0,P4_negative,False,False
P016,3,20260623,0,P4_negative,False,False
P017,3,20260623,1,P1_vigil_only,True,True
P017,3,20260623,1,P1_vigil_only,True,True
P017,3,20260623,1,P2_phrase_plus_vigil,True,True
P017,3,20260623,1,P2_phrase_plus_vigil,True,True
P017,3,20260623,1,P2_phrase_plus_vigil,False,False
P017,3,20260623,1,P2_phrase_plus_vigil,True,True
P017,3,20260623,1,P2_phrase_plus_vigil,True,True
P017,3,20260623,1,P2_phrase_plus_vigil,True,True
P017,3,20260623,1,P3_vigil_plus_phrase,True,True
P017,3,20260623,1,P3_vigil_plus_phrase,True,True
P017,3,20260623,1,P3_vigil_plus_phrase,True,True
P017,3,20260623,1,P3_vigil_plus_phrase,True,True
P017,3,20260623,0,P4_negative,False,False
P017,3,20260623,0,P4_negative,False,False
P017,3,20260623,0,P4_negative,False,False
P017,3,20260623,0,P4_negative,False,False
P017,3,20260623,0,P4_negative,False,False
P017,3,20260623,0,P4_negative,False,False
P017,3,20260623,0,P4_negative,False,False
P017,3,20260623,0,P4_negative,False,False
P017,3,20260623,0,P4_negative,False,False
P017,3,20260623,0,P4_negative,False,False
P017,3,20260623,0,P4_negative,False,False
P017,3,20260623,0,P4_negative,False,False
P017,3,20260623,0,P4_negative,False,False
P017,3,20260623,0,P4_negative,False,False
P017,3,20260623,0,P4_negative,False,False
P017,3,20260623,0,P4_negative,False,False
P017,3,20260623,0,P4_negative,False,False
P017,3,20260623,0,P4_negative,False,False
P017,3,20260623,0,P4_negative,False,False
P017,3,20260623,0,P4_negative,False,False
P017,3,20260623,1,P2_phrase_plus_vigil,True,True
P017,3,20260623,1,P2_phrase_plus_vigil,True,True
P017,3,20260623,1,P2_phrase_plus_vigil,True,True
P017,3,20260623,1,P2_phrase_plus_vigil,True,True
P017,3,20260623,1,P2_phrase_plus_vigil,True,True
P017,3,20260623,1,P3_vigil_plus_phrase,True,True
P017,3,20260623,1,P3_vigil_plus_phrase,True,True
P017,3,20260623,1,P3_vigil_plus_phrase,True,True
P017,3,20260623,0,P4_negative,False,False
P017,3,20260623,0,P4_negative,False,False
P017,3,20260623,0,P4_negative,False,False
P017,3,20260623,0,P4_negative,False,False
P017,3,20260623,0,P4_negative,False,False
P017,3,20260623,0,P4_negative,False,False
P017,3,20260623,0,P4_negative,False,False
P017,3,20260623,0,P4_negative,False,False
P017,3,20260623,0,P4_negative,False,False
P017,3,20260623,0,P4_negative,False,False
P024,3,20260623,1,P2_phrase_plus_vigil,True,True
P024,3,20260623,1,P2_phrase_plus_vigil,True,True
P024,3,20260623,1,P3_vigil_plus_phrase,True,True
P024,3,20260623,1,P3_vigil_plus_phrase,True,True
P024,3,20260623,0,P4_negative,False,False
P024,3,20260623,0,P4_negative,False,False
P024,3,20260623,0,P4_negative,False,False
P024,3,20260623,0,P4_negative,False,False
P024,3,20260623,0,P4_negative,False,False
P024,3,20260623,0,P4_negative,False,False
P024,3,20260623,0,P4_negative,False,False
P024,3,20260623,0,P4_negative,False,False
P024,3,20260623,0,P4_negative,False,False
P024,3,20260623,1,P2_phrase_plus_vigil,True,True
P024,3,20260623,0,P4_negative,False,False
P024,3,20260623,0,P4_negative,False,False
P024,3,20260623,0,P4_negative,False,False
P024,3,20260623,0,P4_negative,False,False
P024,3,20260623,1,P2_phrase_plus_vigil,True,True
P024,3,20260623,1,P1_vigil_only,True,True
P024,3,20260623,1,P1_vigil_only,True,True
P024,3,20260623,1,P2_phrase_plus_vigil,True,True
P024,3,20260623,1,P3_vigil_plus_phrase,True,True
P024,3,20260623,0,P4_negative,False,False
P024,3,20260623,0,P4_negative,False,False
P024,3,20260623,0,P4_negative,False,False
P024,3,20260623,0,P4_negative,False,False
P004,5,20260623,1,P1_vigil_only,True,True
P004,5,20260623,1,P2_phrase_plus_vigil,True,True
P004,5,20260623,1,P2_phrase_plus_vigil,True,True
P004,5,20260623,1,P2_phrase_plus_vigil,True,True
P004,5,20260623,1,P2_phrase_plus_vigil,True,True
P004,5,20260623,1,P2_phrase_plus_vigil,True,True
P004,5,20260623,1,P3_vigil_plus_phrase,True,True
P004,5,20260623,1,P3_vigil_plus_phrase,True,True
P004,5,20260623,0,P4_negative,False,False
P004,5,20260623,0,P4_negative,False,False
P004,5,20260623,0,P4_negative,False,False
P005,5,20260623,1,P1_vigil_only,True,True
P005,5,20260623,1,P1_vigil_only,True,True
P005,5,20260623,1,P1_vigil_only,True,True
P005,5,20260623,1,P1_vigil_only,True,True
P005,5,20260623,1,P2_phrase_plus_vigil,True,True
P005,5,20260623,1,P2_phrase_plus_vigil,True,True
P005,5,20260623,1,P2_phrase_plus_vigil,True,True
P005,5,20260623,1,P2_phrase_plus_vigil,True,True
P005,5,20260623,1,P2_phrase_plus_vigil,True,True
P005,5,20260623,1,P2_phrase_plus_vigil,True,True
P005,5,20260623,1,P2_phrase_plus_vigil,True,True
P005,5,20260623,1,P2_phrase_plus_vigil,True,True
P005,5,20260623,1,P2_phrase_plus_vigil,True,True
P005,5,20260623,1,P2_phrase_plus_vigil,True,True
P016,5,20260623,1,P1_vigil_only,True,True
P016,5,20260623,1,P1_vigil_only,False,False
P016,5,20260623,1,P1_vigil_only,True,True
P016,5,20260623,1,P2_phrase_plus_vigil,True,True
P016,5,20260623,1,P2_phrase_plus_vigil,True,True
P016,5,20260623,1,P2_phrase_plus_vigil,True,True
P016,5,20260623,1,P2_phrase_plus_vigil,True,True
P016,5,20260623,1,P2_phrase_plus_vigil,True,True
P016,5,20260623,1,P2_phrase_plus_vigil,True,True
P016,5,20260623,1,P2_phrase_plus_vigil,True,True
P016,5,20260623,1,P2_phrase_plus_vigil,True,True
P016,5,20260623,1,P2_phrase_plus_vigil,True,True
P016,5,20260623,1,P2_phrase_plus_vigil,True,True
P016,5,20260623,1,P2_phrase_plus_vigil,True,True
P016,5,20260623,1,P2_phrase_plus_vigil,True,True
P016,5,20260623,1,P2_phrase_plus_vigil,True,True
P016,5,20260623,1,P2_phrase_plus_vigil,True,True
P016,5,20260623,1,P2_phrase_plus_vigil,True,True
P016,5,20260623,1,P2_phrase_plus_vigil,True,True
P016,5,20260623,1,P2_phrase_plus_vigil,True,True
P016,5,20260623,1,P3_vigil_plus_phrase,True,True
P016,5,20260623,1,P3_vigil_plus_phrase,True,True
P016,5,20260623,1,P3_vigil_plus_phrase,True,True
P016,5,20260623,1,P3_vigil_plus_phrase,True,True
P016,5,20260623,1,P3_vigil_plus_phrase,True,True
P016,5,20260623,1,P3_vigil_plus_phrase,True,True
P016,5,20260623,1,P3_vigil_plus_phrase,True,True
P016,5,20260623,1,P3_vigil_plus_phrase,True,True
P016,5,20260623,1,P3_vigil_plus_phrase,True,True
P016,5,20260623,1,P3_vigil_plus_phrase,True,True
P016,5,20260623,0,P4_negative,False,False
P016,5,20260623,0,P4_negative,False,False
P016,5,20260623,0,P4_negative,False,False
P016,5,20260623,0,P4_negative,False,False
P016,5,20260623,0,P4_negative,False,False
P016,5,20260623,0,P4_negative,False,False
P016,5,20260623,0,P4_negative,False,False
P016,5,20260623,0,P4_negative,False,False
P016,5,20260623,0,P4_negative,False,False
P016,5,20260623,0,P4_negative,False,False
P016,5,20260623,0,P4_negative,False,False
P016,5,20260623,0,P4_negative,False,False
P016,5,20260623,0,P4_negative,False,False
P016,5,20260623,0,P4_negative,False,False
P016,5,20260623,0,P4_negative,False,False
P016,5,20260623,0,P4_negative,False,False
P016,5,20260623,0,P4_negative,False,False
P016,5,20260623,0,P4_negative,False,False
P016,5,20260623,0,P4_negative,False,False
P016,5,20260623,0,P4_negative,False,False
P016,5,20260623,0,P4_negative,False,False
P016,5,20260623,0,P4_negative,False,False
P016,5,20260623,0,P4_negative,False,False
P016,5,20260623,0,P4_negative,False,False
P016,5,20260623,0,P4_negative,False,False
P016,5,20260623,0,P4_negative,False,False
P016,5,20260623,0,P4_negative,False,False
P016,5,20260623,0,P4_negative,False,False
P016,5,20260623,0,P4_negative,False,False
P016,5,20260623,0,P4_negative,False,False
P016,5,20260623,0,P4_negative,False,False
P016,5,20260623,0,P4_negative,False,False
P016,5,20260623,0,P4_negative,False,False
P016,5,20260623,0,P4_negative,False,False
P016,5,20260623,0,P4_negative,False,False
P016,5,20260623,0,P4_negative,False,False
P016,5,20260623,0,P4_negative,False,False
P016,5,20260623,0,P4_negative,False,False
P016,5,20260623,0,P4_negative,False,False
P016,5,20260623,0,P4_negative,False,False
P016,5,20260623,0,P4_negative,False,False
P016,5,20260623,0,P4_negative,False,False
P016,5,20260623,0,P4_negative,False,False
P016,5,20260623,0,P4_negative,False,False
P016,5,20260623,0,P4_negative,False,False
P017,5,20260623,1,P1_vigil_only,True,True
P017,5,20260623,1,P1_vigil_only,True,True
P017,5,20260623,1,P2_phrase_plus_vigil,True,True
P017,5,20260623,1,P2_phrase_plus_vigil,True,True
P017,5,20260623,1,P2_phrase_plus_vigil,False,False
P017,5,20260623,1,P2_phrase_plus_vigil,True,True
P017,5,20260623,1,P2_phrase_plus_vigil,True,True
P017,5,20260623,1,P2_phrase_plus_vigil,True,True
P017,5,20260623,1,P3_vigil_plus_phrase,True,True
P017,5,20260623,1,P3_vigil_plus_phrase,True,True
P017,5,20260623,1,P3_vigil_plus_phrase,True,True
P017,5,20260623,1,P3_vigil_plus_phrase,True,True
P017,5,20260623,0,P4_negative,False,False
P017,5,20260623,0,P4_negative,False,False
P017,5,20260623,0,P4_negative,False,False
P017,5,20260623,0,P4_negative,False,False
P017,5,20260623,0,P4_negative,False,False
P017,5,20260623,0,P4_negative,False,False
P017,5,20260623,0,P4_negative,False,False
P017,5,20260623,0,P4_negative,False,False
P017,5,20260623,0,P4_negative,False,False
P017,5,20260623,0,P4_negative,False,False
P017,5,20260623,0,P4_negative,False,False
P017,5,20260623,0,P4_negative,False,False
P017,5,20260623,0,P4_negative,False,False
P017,5,20260623,0,P4_negative,False,False
P017,5,20260623,0,P4_negative,False,False
P017,5,20260623,0,P4_negative,False,False
P017,5,20260623,0,P4_negative,False,False
P017,5,20260623,0,P4_negative,False,False
P017,5,20260623,0,P4_negative,False,False
P017,5,20260623,0,P4_negative,False,False
P017,5,20260623,1,P2_phrase_plus_vigil,True,True
P017,5,20260623,1,P2_phrase_plus_vigil,True,True
P017,5,20260623,1,P2_phrase_plus_vigil,True,True
P017,5,20260623,1,P2_phrase_plus_vigil,True,True
P017,5,20260623,1,P3_vigil_plus_phrase,True,True
P017,5,20260623,1,P3_vigil_plus_phrase,True,True
P017,5,20260623,0,P4_negative,False,False
P017,5,20260623,0,P4_negative,False,False
P017,5,20260623,0,P4_negative,False,False
P017,5,20260623,0,P4_negative,False,False
P017,5,20260623,0,P4_negative,False,False
P017,5,20260623,0,P4_negative,False,False
P017,5,20260623,0,P4_negative,False,False
P017,5,20260623,0,P4_negative,False,False
P017,5,20260623,0,P4_negative,False,False
P017,5,20260623,0,P4_negative,False,False
P024,5,20260623,1,P2_phrase_plus_vigil,True,True
P024,5,20260623,1,P2_phrase_plus_vigil,True,True
P024,5,20260623,1,P3_vigil_plus_phrase,True,True
P024,5,20260623,0,P4_negative,False,False
P024,5,20260623,0,P4_negative,False,False
P024,5,20260623,0,P4_negative,False,False
P024,5,20260623,0,P4_negative,False,False
P024,5,20260623,0,P4_negative,False,False
P024,5,20260623,0,P4_negative,False,False
P024,5,20260623,0,P4_negative,False,False
P024,5,20260623,0,P4_negative,False,False
P024,5,20260623,0,P4_negative,False,False
P024,5,20260623,0,P4_negative,False,False
P024,5,20260623,0,P4_negative,False,False
P024,5,20260623,0,P4_negative,False,False
P024,5,20260623,0,P4_negative,False,False
P024,5,20260623,1,P2_phrase_plus_vigil,True,True
P024,5,20260623,1,P1_vigil_only,True,True
P024,5,20260623,1,P1_vigil_only,True,True
P024,5,20260623,1,P2_phrase_plus_vigil,True,True
P024,5,20260623,1,P3_vigil_plus_phrase,True,True
P024,5,20260623,0,P4_negative,False,False
P024,5,20260623,0,P4_negative,False,False
P024,5,20260623,0,P4_negative,False,False
P024,5,20260623,0,P4_negative,False,False
P004,3,20260624,1,P1_vigil_only,True,True
P004,3,20260624,1,P1_vigil_only,True,True
P004,3,20260624,1,P2_phrase_plus_vigil,True,True
P004,3,20260624,1,P2_phrase_plus_vigil,True,True
P004,3,20260624,1,P2_phrase_plus_vigil,True,True
P004,3,20260624,1,P2_phrase_plus_vigil,True,True
P004,3,20260624,1,P3_vigil_plus_phrase,True,True
P004,3,20260624,1,P3_vigil_plus_phrase,True,True
P004,3,20260624,1,P3_vigil_plus_phrase,True,True
P004,3,20260624,1,P3_vigil_plus_phrase,True,True
P004,3,20260624,0,P4_negative,False,False
P004,3,20260624,0,P4_negative,False,False
P004,3,20260624,0,P4_negative,False,False
P005,3,20260624,1,P1_vigil_only,True,True
P005,3,20260624,1,P1_vigil_only,True,True
P005,3,20260624,1,P1_vigil_only,True,True
P005,3,20260624,1,P1_vigil_only,True,True
P005,3,20260624,1,P1_vigil_only,True,True
P005,3,20260624,1,P2_phrase_plus_vigil,True,True
P005,3,20260624,1,P2_phrase_plus_vigil,True,True
P005,3,20260624,1,P2_phrase_plus_vigil,True,True
P005,3,20260624,1,P2_phrase_plus_vigil,True,True
P005,3,20260624,1,P2_phrase_plus_vigil,True,True
P005,3,20260624,1,P2_phrase_plus_vigil,True,True
P005,3,20260624,1,P2_phrase_plus_vigil,True,True
P005,3,20260624,1,P2_phrase_plus_vigil,True,True
P005,3,20260624,1,P2_phrase_plus_vigil,True,True
P005,3,20260624,1,P2_phrase_plus_vigil,True,True
P005,3,20260624,1,P2_phrase_plus_vigil,True,True
P016,3,20260624,1,P1_vigil_only,True,True
P016,3,20260624,1,P1_vigil_only,True,True
P016,3,20260624,1,P1_vigil_only,True,True
P016,3,20260624,1,P1_vigil_only,False,False
P016,3,20260624,1,P1_vigil_only,True,True
P016,3,20260624,1,P2_phrase_plus_vigil,True,True
P016,3,20260624,1,P2_phrase_plus_vigil,True,True
P016,3,20260624,1,P2_phrase_plus_vigil,True,True
P016,3,20260624,1,P2_phrase_plus_vigil,True,True
P016,3,20260624,1,P2_phrase_plus_vigil,True,True
P016,3,20260624,1,P2_phrase_plus_vigil,True,True
P016,3,20260624,1,P2_phrase_plus_vigil,True,True
P016,3,20260624,1,P2_phrase_plus_vigil,True,True
P016,3,20260624,1,P2_phrase_plus_vigil,True,True
P016,3,20260624,1,P2_phrase_plus_vigil,True,True
P016,3,20260624,1,P2_phrase_plus_vigil,True,True
P016,3,20260624,1,P2_phrase_plus_vigil,True,True
P016,3,20260624,1,P2_phrase_plus_vigil,True,True
P016,3,20260624,1,P2_phrase_plus_vigil,True,True
P016,3,20260624,1,P2_phrase_plus_vigil,True,True
P016,3,20260624,1,P2_phrase_plus_vigil,True,True
P016,3,20260624,1,P2_phrase_plus_vigil,True,True
P016,3,20260624,1,P3_vigil_plus_phrase,True,True
P016,3,20260624,1,P3_vigil_plus_phrase,True,True
P016,3,20260624,1,P3_vigil_plus_phrase,True,True
P016,3,20260624,1,P3_vigil_plus_phrase,True,True
P016,3,20260624,1,P3_vigil_plus_phrase,True,True
P016,3,20260624,1,P3_vigil_plus_phrase,True,True
P016,3,20260624,1,P3_vigil_plus_phrase,True,True
P016,3,20260624,1,P3_vigil_plus_phrase,True,True
P016,3,20260624,1,P3_vigil_plus_phrase,True,True
P016,3,20260624,1,P3_vigil_plus_phrase,True,True
P016,3,20260624,0,P4_negative,False,False
P016,3,20260624,0,P4_negative,False,False
P016,3,20260624,0,P4_negative,False,False
P016,3,20260624,0,P4_negative,False,False
P016,3,20260624,0,P4_negative,False,False
P016,3,20260624,0,P4_negative,False,False
P016,3,20260624,0,P4_negative,False,False
P016,3,20260624,0,P4_negative,False,False
P016,3,20260624,0,P4_negative,False,False
P016,3,20260624,0,P4_negative,False,False
P016,3,20260624,0,P4_negative,False,False
P016,3,20260624,0,P4_negative,False,False
P016,3,20260624,0,P4_negative,False,False
P016,3,20260624,0,P4_negative,False,False
P016,3,20260624,0,P4_negative,False,False
P016,3,20260624,0,P4_negative,False,False
P016,3,20260624,0,P4_negative,False,False
P016,3,20260624,0,P4_negative,False,False
P016,3,20260624,0,P4_negative,False,False
P016,3,20260624,0,P4_negative,False,False
P016,3,20260624,0,P4_negative,False,False
P016,3,20260624,0,P4_negative,False,False
P016,3,20260624,0,P4_negative,False,False
P016,3,20260624,0,P4_negative,False,False
P016,3,20260624,0,P4_negative,False,False
P016,3,20260624,0,P4_negative,False,False
P016,3,20260624,0,P4_negative,False,False
P016,3,20260624,0,P4_negative,False,False
P016,3,20260624,0,P4_negative,False,False
P016,3,20260624,0,P4_negative,False,False
P016,3,20260624,0,P4_negative,False,False
P016,3,20260624,0,P4_negative,False,False
P016,3,20260624,0,P4_negative,False,False
P016,3,20260624,0,P4_negative,False,False
P016,3,20260624,0,P4_negative,False,False
P016,3,20260624,0,P4_negative,False,False
P016,3,20260624,0,P4_negative,False,False
P016,3,20260624,0,P4_negative,False,False
P016,3,20260624,0,P4_negative,False,False
P016,3,20260624,0,P4_negative,False,False
P016,3,20260624,0,P4_negative,False,False
P016,3,20260624,0,P4_negative,False,False
P016,3,20260624,0,P4_negative,False,False
P016,3,20260624,0,P4_negative,False,False
P016,3,20260624,0,P4_negative,False,False
P017,3,20260624,1,P1_vigil_only,True,True
P017,3,20260624,1,P1_vigil_only,True,True
P017,3,20260624,1,P1_vigil_only,True,True
P017,3,20260624,1,P2_phrase_plus_vigil,True,True
P017,3,20260624,1,P2_phrase_plus_vigil,True,True
P017,3,20260624,1,P2_phrase_plus_vigil,False,False
P017,3,20260624,1,P2_phrase_plus_vigil,True,True
P017,3,20260624,1,P2_phrase_plus_vigil,True,True
P017,3,20260624,1,P2_phrase_plus_vigil,True,True
P017,3,20260624,1,P3_vigil_plus_phrase,True,True
P017,3,20260624,1,P3_vigil_plus_phrase,True,True
P017,3,20260624,1,P3_vigil_plus_phrase,True,True
P017,3,20260624,0,P4_negative,False,False
P017,3,20260624,0,P4_negative,False,False
P017,3,20260624,0,P4_negative,False,False
P017,3,20260624,0,P4_negative,False,False
P017,3,20260624,0,P4_negative,False,False
P017,3,20260624,0,P4_negative,False,False
P017,3,20260624,0,P4_negative,False,False
P017,3,20260624,0,P4_negative,False,False
P017,3,20260624,0,P4_negative,False,False
P017,3,20260624,0,P4_negative,False,False
P017,3,20260624,0,P4_negative,False,False
P017,3,20260624,0,P4_negative,False,False
P017,3,20260624,0,P4_negative,False,False
P017,3,20260624,0,P4_negative,False,False
P017,3,20260624,0,P4_negative,False,False
P017,3,20260624,0,P4_negative,False,False
P017,3,20260624,0,P4_negative,False,False
P017,3,20260624,0,P4_negative,False,False
P017,3,20260624,0,P4_negative,False,False
P017,3,20260624,0,P4_negative,False,False
P017,3,20260624,1,P2_phrase_plus_vigil,True,True
P017,3,20260624,1,P2_phrase_plus_vigil,True,True
P017,3,20260624,1,P2_phrase_plus_vigil,True,True
P017,3,20260624,1,P2_phrase_plus_vigil,True,True
P017,3,20260624,1,P3_vigil_plus_phrase,True,True
P017,3,20260624,1,P3_vigil_plus_phrase,True,True
P017,3,20260624,1,P3_vigil_plus_phrase,True,True
P017,3,20260624,1,P3_vigil_plus_phrase,True,True
P017,3,20260624,0,P4_negative,False,False
P017,3,20260624,0,P4_negative,False,False
P017,3,20260624,0,P4_negative,False,False
P017,3,20260624,0,P4_negative,False,False
P017,3,20260624,0,P4_negative,False,False
P017,3,20260624,0,P4_negative,False,False
P017,3,20260624,0,P4_negative,False,False
P017,3,20260624,0,P4_negative,False,False
P017,3,20260624,0,P4_negative,False,False
P017,3,20260624,0,P4_negative,False,False
P024,3,20260624,1,P1_vigil_only,True,True
P024,3,20260624,1,P2_phrase_plus_vigil,True,True
P024,3,20260624,1,P2_phrase_plus_vigil,True,True
P024,3,20260624,1,P3_vigil_plus_phrase,True,True
P024,3,20260624,1,P3_vigil_plus_phrase,True,True
P024,3,20260624,1,P3_vigil_plus_phrase,True,True
P024,3,20260624,0,P4_negative,False,False
P024,3,20260624,0,P4_negative,False,False
P024,3,20260624,0,P4_negative,False,False
P024,3,20260624,0,P4_negative,False,False
P024,3,20260624,0,P4_negative,False,False
P024,3,20260624,0,P4_negative,False,False
P024,3,20260624,0,P4_negative,False,False
P024,3,20260624,0,P4_negative,False,False
P024,3,20260624,0,P4_negative,False,False
P024,3,20260624,0,P4_negative,False,False
P024,3,20260624,0,P4_negative,False,False
P024,3,20260624,0,P4_negative,False,False
P024,3,20260624,0,P4_negative,False,False
P024,3,20260624,1,P2_phrase_plus_vigil,True,True
P024,3,20260624,1,P1_vigil_only,True,True
P024,3,20260624,1,P1_vigil_only,True,True
P024,3,20260624,1,P3_vigil_plus_phrase,True,True
P024,3,20260624,0,P4_negative,False,False
P024,3,20260624,0,P4_negative,False,False
P024,3,20260624,0,P4_negative,False,False
P024,3,20260624,0,P4_negative,False,False
P004,5,20260624,1,P1_vigil_only,True,True
P004,5,20260624,1,P2_phrase_plus_vigil,True,True
P004,5,20260624,1,P2_phrase_plus_vigil,True,True
P004,5,20260624,1,P2_phrase_plus_vigil,True,True
P004,5,20260624,1,P3_vigil_plus_phrase,True,True
P004,5,20260624,1,P3_vigil_plus_phrase,True,True
P004,5,20260624,1,P3_vigil_plus_phrase,True,True
P004,5,20260624,1,P3_vigil_plus_phrase,True,True
P004,5,20260624,0,P4_negative,False,False
P004,5,20260624,0,P4_negative,False,False
P004,5,20260624,0,P4_negative,False,False
P005,5,20260624,1,P1_vigil_only,True,True
P005,5,20260624,1,P1_vigil_only,True,True
P005,5,20260624,1,P1_vigil_only,True,True
P005,5,20260624,1,P1_vigil_only,True,True
P005,5,20260624,1,P2_phrase_plus_vigil,True,True
P005,5,20260624,1,P2_phrase_plus_vigil,True,True
P005,5,20260624,1,P2_phrase_plus_vigil,True,True
P005,5,20260624,1,P2_phrase_plus_vigil,True,True
P005,5,20260624,1,P2_phrase_plus_vigil,True,True
P005,5,20260624,1,P2_phrase_plus_vigil,True,True
P005,5,20260624,1,P2_phrase_plus_vigil,True,True
P005,5,20260624,1,P2_phrase_plus_vigil,True,True
P005,5,20260624,1,P2_phrase_plus_vigil,True,True
P005,5,20260624,1,P2_phrase_plus_vigil,True,True
P016,5,20260624,1,P1_vigil_only,True,True
P016,5,20260624,1,P1_vigil_only,True,True
P016,5,20260624,1,P1_vigil_only,False,False
P016,5,20260624,1,P1_vigil_only,True,True
P016,5,20260624,1,P2_phrase_plus_vigil,True,True
P016,5,20260624,1,P2_phrase_plus_vigil,True,True
P016,5,20260624,1,P2_phrase_plus_vigil,True,True
P016,5,20260624,1,P2_phrase_plus_vigil,True,True
P016,5,20260624,1,P2_phrase_plus_vigil,True,True
P016,5,20260624,1,P2_phrase_plus_vigil,True,True
P016,5,20260624,1,P2_phrase_plus_vigil,True,True
P016,5,20260624,1,P2_phrase_plus_vigil,True,True
P016,5,20260624,1,P2_phrase_plus_vigil,True,True
P016,5,20260624,1,P2_phrase_plus_vigil,True,True
P016,5,20260624,1,P2_phrase_plus_vigil,True,True
P016,5,20260624,1,P2_phrase_plus_vigil,True,True
P016,5,20260624,1,P2_phrase_plus_vigil,True,True
P016,5,20260624,1,P2_phrase_plus_vigil,True,True
P016,5,20260624,1,P2_phrase_plus_vigil,True,True
P016,5,20260624,1,P2_phrase_plus_vigil,True,True
P016,5,20260624,1,P3_vigil_plus_phrase,True,True
P016,5,20260624,1,P3_vigil_plus_phrase,True,True
P016,5,20260624,1,P3_vigil_plus_phrase,True,True
P016,5,20260624,1,P3_vigil_plus_phrase,True,True
P016,5,20260624,1,P3_vigil_plus_phrase,True,True
P016,5,20260624,1,P3_vigil_plus_phrase,True,True
P016,5,20260624,1,P3_vigil_plus_phrase,True,True
P016,5,20260624,1,P3_vigil_plus_phrase,True,True
P016,5,20260624,1,P3_vigil_plus_phrase,True,True
P016,5,20260624,1,P3_vigil_plus_phrase,True,True
P016,5,20260624,0,P4_negative,False,False
P016,5,20260624,0,P4_negative,False,False
P016,5,20260624,0,P4_negative,False,False
P016,5,20260624,0,P4_negative,False,False
P016,5,20260624,0,P4_negative,False,False
P016,5,20260624,0,P4_negative,False,False
P016,5,20260624,0,P4_negative,False,False
P016,5,20260624,0,P4_negative,False,False
P016,5,20260624,0,P4_negative,False,False
P016,5,20260624,0,P4_negative,False,False
P016,5,20260624,0,P4_negative,False,False
P016,5,20260624,0,P4_negative,False,False
P016,5,20260624,0,P4_negative,False,False
P016,5,20260624,0,P4_negative,False,False
P016,5,20260624,0,P4_negative,False,False
P016,5,20260624,0,P4_negative,False,False
P016,5,20260624,0,P4_negative,False,False
P016,5,20260624,0,P4_negative,False,False
P016,5,20260624,0,P4_negative,False,False
P016,5,20260624,0,P4_negative,False,False
P016,5,20260624,0,P4_negative,False,False
P016,5,20260624,0,P4_negative,False,False
P016,5,20260624,0,P4_negative,False,False
P016,5,20260624,0,P4_negative,False,False
P016,5,20260624,0,P4_negative,False,False
P016,5,20260624,0,P4_negative,False,False
P016,5,20260624,0,P4_negative,False,False
P016,5,20260624,0,P4_negative,False,False
P016,5,20260624,0,P4_negative,False,False
P016,5,20260624,0,P4_negative,False,False
P016,5,20260624,0,P4_negative,False,False
P016,5,20260624,0,P4_negative,False,False
P016,5,20260624,0,P4_negative,False,False
P016,5,20260624,0,P4_negative,False,False
P016,5,20260624,0,P4_negative,False,False
P016,5,20260624,0,P4_negative,False,False
P016,5,20260624,0,P4_negative,False,False
P016,5,20260624,0,P4_negative,False,False
P016,5,20260624,0,P4_negative,False,False
P016,5,20260624,0,P4_negative,False,False
P016,5,20260624,0,P4_negative,False,False
P016,5,20260624,0,P4_negative,False,False
P016,5,20260624,0,P4_negative,False,False
P016,5,20260624,0,P4_negative,False,False
P016,5,20260624,0,P4_negative,False,False
P017,5,20260624,1,P1_vigil_only,True,True
P017,5,20260624,1,P1_vigil_only,True,True
P017,5,20260624,1,P2_phrase_plus_vigil,True,True
P017,5,20260624,1,P2_phrase_plus_vigil,False,False
P017,5,20260624,1,P2_phrase_plus_vigil,True,True
P017,5,20260624,1,P2_phrase_plus_vigil,True,True
P017,5,20260624,1,P2_phrase_plus_vigil,True,True
P017,5,20260624,1,P3_vigil_plus_phrase,True,True
P017,5,20260624,1,P3_vigil_plus_phrase,True,True
P017,5,20260624,1,P3_vigil_plus_phrase,True,True
P017,5,20260624,0,P4_negative,False,False
P017,5,20260624,0,P4_negative,False,False
P017,5,20260624,0,P4_negative,False,False
P017,5,20260624,0,P4_negative,False,False
P017,5,20260624,0,P4_negative,False,False
P017,5,20260624,0,P4_negative,False,False
P017,5,20260624,0,P4_negative,False,False
P017,5,20260624,0,P4_negative,False,False
P017,5,20260624,0,P4_negative,False,False
P017,5,20260624,0,P4_negative,False,False
P017,5,20260624,0,P4_negative,False,False
P017,5,20260624,0,P4_negative,False,False
P017,5,20260624,0,P4_negative,False,False
P017,5,20260624,0,P4_negative,False,False
P017,5,20260624,0,P4_negative,False,False
P017,5,20260624,0,P4_negative,False,False
P017,5,20260624,0,P4_negative,False,False
P017,5,20260624,0,P4_negative,False,False
P017,5,20260624,0,P4_negative,False,False
P017,5,20260624,0,P4_negative,False,False
P017,5,20260624,1,P2_phrase_plus_vigil,True,True
P017,5,20260624,1,P2_phrase_plus_vigil,True,True
P017,5,20260624,1,P2_phrase_plus_vigil,True,True
P017,5,20260624,1,P2_phrase_plus_vigil,True,True
P017,5,20260624,1,P3_vigil_plus_phrase,True,True
P017,5,20260624,1,P3_vigil_plus_phrase,True,True
P017,5,20260624,1,P3_vigil_plus_phrase,True,True
P017,5,20260624,1,P3_vigil_plus_phrase,True,True
P017,5,20260624,0,P4_negative,False,False
P017,5,20260624,0,P4_negative,False,False
P017,5,20260624,0,P4_negative,False,False
P017,5,20260624,0,P4_negative,False,False
P017,5,20260624,0,P4_negative,False,False
P017,5,20260624,0,P4_negative,False,False
P017,5,20260624,0,P4_negative,False,False
P017,5,20260624,0,P4_negative,False,False
P017,5,20260624,0,P4_negative,False,False
P017,5,20260624,0,P4_negative,False,False
P024,5,20260624,1,P2_phrase_plus_vigil,True,True
P024,5,20260624,1,P2_phrase_plus_vigil,True,True
P024,5,20260624,1,P3_vigil_plus_phrase,True,True
P024,5,20260624,1,P3_vigil_plus_phrase,True,True
P024,5,20260624,1,P3_vigil_plus_phrase,True,True
P024,5,20260624,0,P4_negative,False,False
P024,5,20260624,0,P4_negative,False,False
P024,5,20260624,0,P4_negative,False,False
P024,5,20260624,0,P4_negative,False,False
P024,5,20260624,0,P4_negative,False,False
P024,5,20260624,0,P4_negative,False,False
P024,5,20260624,0,P4_negative,False,False
P024,5,20260624,0,P4_negative,False,False
P024,5,20260624,0,P4_negative,False,False
P024,5,20260624,0,P4_negative,False,False
P024,5,20260624,0,P4_negative,False,False
P024,5,20260624,0,P4_negative,False,False
P024,5,20260624,0,P4_negative,False,False
P024,5,20260624,1,P2_phrase_plus_vigil,True,True
P024,5,20260624,1,P1_vigil_only,True,True
P024,5,20260624,1,P3_vigil_plus_phrase,True,True
P024,5,20260624,0,P4_negative,False,False
P024,5,20260624,0,P4_negative,False,False
P024,5,20260624,0,P4_negative,False,False
P024,5,20260624,0,P4_negative,False,False
P001,3,20260620,1,P1_vigil_only,False,False
P001,3,20260620,1,P1_vigil_only,True,False
P001,3,20260620,1,P1_vigil_only,True,False
P001,3,20260620,1,P1_vigil_only,True,False
P001,3,20260620,1,P2_phrase_plus_vigil,True,False
P001,3,20260620,1,P2_phrase_plus_vigil,True,False
P001,3,20260620,1,P2_phrase_plus_vigil,True,False
P001,3,20260620,1,P2_phrase_plus_vigil,True,False
P001,3,20260620,1,P2_phrase_plus_vigil,True,False
P001,3,20260620,1,P2_phrase_plus_vigil,True,False
P001,3,20260620,1,P2_phrase_plus_vigil,True,False
P001,3,20260620,1,P2_phrase_plus_vigil,True,False
P001,3,20260620,1,P2_phrase_plus_vigil,True,False
P001,3,20260620,1,P2_phrase_plus_vigil,True,False
P001,3,20260620,1,P2_phrase_plus_vigil,True,False
P001,3,20260620,1,P3_vigil_plus_phrase,True,False
P001,3,20260620,1,P3_vigil_plus_phrase,True,False
P001,3,20260620,1,P3_vigil_plus_phrase,True,False
P001,3,20260620,1,P3_vigil_plus_phrase,True,False
P001,3,20260620,1,P3_vigil_plus_phrase,True,False
P001,3,20260620,1,P3_vigil_plus_phrase,True,False
P001,3,20260620,0,P4_negative,False,False
P001,3,20260620,0,P4_negative,False,False
P001,3,20260620,0,P4_negative,False,False
P001,3,20260620,0,P4_negative,False,False
P001,3,20260620,0,P4_negative,False,False
P001,3,20260620,0,P4_negative,False,False
P001,3,20260620,0,P4_negative,False,False
P001,3,20260620,0,P4_negative,False,False
P001,3,20260620,0,P4_negative,False,False
P001,3,20260620,0,P4_negative,False,False
P001,3,20260620,0,P4_negative,False,False
P001,3,20260620,0,P4_negative,False,False
P001,3,20260620,0,P4_negative,False,False
P001,3,20260620,0,P4_negative,False,False
P001,3,20260620,0,P4_negative,False,False
P001,3,20260620,0,P4_negative,False,False
P001,3,20260620,0,P4_negative,False,False
P001,3,20260620,0,P4_negative,False,False
P001,3,20260620,0,P4_negative,False,False
P001,3,20260620,0,P4_negative,False,False
P001,3,20260620,0,P4_negative,False,False
P001,3,20260620,0,P4_negative,False,False
P001,3,20260620,0,P4_negative,False,False
P001,3,20260620,0,P4_negative,False,False
P001,3,20260620,0,P4_negative,False,False
P001,3,20260620,0,P4_negative,False,False
P001,3,20260620,0,P4_negative,False,False
P001,3,20260620,0,P4_negative,False,False
P001,3,20260620,0,P4_negative,False,False
P001,3,20260620,0,P4_negative,False,False
P007,3,20260620,1,P1_vigil_only,False,False
P007,3,20260620,1,P1_vigil_only,True,True
P007,3,20260620,1,P1_vigil_only,True,True
P007,3,20260620,1,P1_vigil_only,True,True
P007,3,20260620,1,P2_phrase_plus_vigil,True,True
P007,3,20260620,1,P2_phrase_plus_vigil,True,True
P007,3,20260620,1,P2_phrase_plus_vigil,True,True
P007,3,20260620,1,P2_phrase_plus_vigil,True,True
P007,3,20260620,1,P2_phrase_plus_vigil,True,True
P007,3,20260620,1,P2_phrase_plus_vigil,True,True
P007,3,20260620,1,P2_phrase_plus_vigil,True,True
P007,3,20260620,1,P3_vigil_plus_phrase,True,True
P007,3,20260620,1,P3_vigil_plus_phrase,True,True
P007,3,20260620,1,P3_vigil_plus_phrase,True,True
P007,3,20260620,0,P4_negative,False,False
P007,3,20260620,0,P4_negative,False,False
P007,3,20260620,0,P4_negative,False,False
P007,3,20260620,0,P4_negative,False,False
P007,3,20260620,0,P4_negative,False,False
P007,3,20260620,0,P4_negative,False,False
P007,3,20260620,0,P4_negative,False,False
P007,3,20260620,0,P4_negative,False,False
P007,3,20260620,0,P4_negative,False,False
P007,3,20260620,0,P4_negative,False,False
P007,3,20260620,0,P4_negative,False,False
P007,3,20260620,0,P4_negative,False,False
P007,3,20260620,0,P4_negative,False,False
P007,3,20260620,0,P4_negative,False,False
P007,3,20260620,0,P4_negative,False,False
P010,3,20260620,1,P1_vigil_only,True,True
P010,3,20260620,1,P1_vigil_only,True,True
P010,3,20260620,1,P2_phrase_plus_vigil,True,True
P010,3,20260620,1,P2_phrase_plus_vigil,True,True
P010,3,20260620,1,P2_phrase_plus_vigil,True,True
P010,3,20260620,1,P2_phrase_plus_vigil,True,True
P010,3,20260620,1,P2_phrase_plus_vigil,True,True
P010,3,20260620,1,P3_vigil_plus_phrase,True,True
P010,3,20260620,1,P3_vigil_plus_phrase,True,True
P010,3,20260620,0,P4_negative,False,False
P010,3,20260620,0,P4_negative,True,True
P010,3,20260620,0,P4_negative,False,False
P010,3,20260620,0,P4_negative,False,False
P010,3,20260620,0,P4_negative,False,False
P010,3,20260620,0,P4_negative,False,False
P010,3,20260620,0,P4_negative,False,False
P010,3,20260620,0,P4_negative,False,False
P010,3,20260620,0,P4_negative,False,False
P010,3,20260620,0,P4_negative,False,False
P010,3,20260620,0,P4_negative,False,False
P010,3,20260620,0,P4_negative,False,False
P010,3,20260620,0,P4_negative,False,False
P010,3,20260620,0,P4_negative,False,False
P010,3,20260620,0,P4_negative,False,False
P015,3,20260620,1,P1_vigil_only,False,False
P015,3,20260620,1,P1_vigil_only,True,True
P015,3,20260620,1,P1_vigil_only,True,True
P015,3,20260620,1,P1_vigil_only,True,True
P015,3,20260620,1,P1_vigil_only,False,False
P015,3,20260620,1,P1_vigil_only,True,True
P015,3,20260620,1,P1_vigil_only,True,True
P015,3,20260620,1,P1_vigil_only,True,True
P015,3,20260620,1,P2_phrase_plus_vigil,True,True
P015,3,20260620,1,P2_phrase_plus_vigil,True,True
P015,3,20260620,1,P2_phrase_plus_vigil,True,True
P015,3,20260620,1,P2_phrase_plus_vigil,True,True
P015,3,20260620,1,P2_phrase_plus_vigil,True,True
P015,3,20260620,1,P2_phrase_plus_vigil,True,True
P015,3,20260620,1,P2_phrase_plus_vigil,True,True
P015,3,20260620,1,P2_phrase_plus_vigil,True,True
P015,3,20260620,1,P2_phrase_plus_vigil,True,True
P015,3,20260620,1,P2_phrase_plus_vigil,False,False
P015,3,20260620,1,P2_phrase_plus_vigil,True,True
P015,3,20260620,1,P2_phrase_plus_vigil,True,True
P015,3,20260620,1,P2_phrase_plus_vigil,True,True
P015,3,20260620,1,P2_phrase_plus_vigil,True,True
P015,3,20260620,1,P2_phrase_plus_vigil,True,True
P015,3,20260620,1,P2_phrase_plus_vigil,True,True
P015,3,20260620,1,P2_phrase_plus_vigil,True,True
P015,3,20260620,1,P3_vigil_plus_phrase,True,True
P015,3,20260620,1,P3_vigil_plus_phrase,True,True
P015,3,20260620,1,P3_vigil_plus_phrase,True,True
P015,3,20260620,1,P3_vigil_plus_phrase,True,True
P015,3,20260620,1,P3_vigil_plus_phrase,True,True
P015,3,20260620,1,P3_vigil_plus_phrase,True,True
P015,3,20260620,1,P3_vigil_plus_phrase,True,True
P015,3,20260620,1,P3_vigil_plus_phrase,True,True
P015,3,20260620,0,P4_negative,False,False
P015,3,20260620,0,P4_negative,False,False
P015,3,20260620,0,P4_negative,False,False
P015,3,20260620,0,P4_negative,False,False
P015,3,20260620,0,P4_negative,False,False
P015,3,20260620,0,P4_negative,False,False
P015,3,20260620,0,P4_negative,False,False
P015,3,20260620,0,P4_negative,False,False
P015,3,20260620,0,P4_negative,False,False
P015,3,20260620,0,P4_negative,False,False
P015,3,20260620,0,P4_negative,False,False
P015,3,20260620,0,P4_negative,False,False
P015,3,20260620,0,P4_negative,False,False
P015,3,20260620,0,P4_negative,False,False
P015,3,20260620,0,P4_negative,False,False
P015,3,20260620,0,P4_negative,False,False
P015,3,20260620,0,P4_negative,False,False
P015,3,20260620,0,P4_negative,False,False
P020,3,20260620,1,P1_vigil_only,True,True
P020,3,20260620,1,P1_vigil_only,True,True
P020,3,20260620,1,P1_vigil_only,False,False
P020,3,20260620,1,P2_phrase_plus_vigil,True,True
P020,3,20260620,1,P2_phrase_plus_vigil,True,True
P020,3,20260620,1,P2_phrase_plus_vigil,True,True
P020,3,20260620,1,P2_phrase_plus_vigil,True,True
P020,3,20260620,1,P3_vigil_plus_phrase,True,True
P020,3,20260620,1,P3_vigil_plus_phrase,True,True
P020,3,20260620,0,P4_negative,False,False
P020,3,20260620,0,P4_negative,False,False
P020,3,20260620,0,P4_negative,False,False
P020,3,20260620,0,P4_negative,False,False
P020,3,20260620,0,P4_negative,False,False
P020,3,20260620,0,P4_negative,False,False
P028,3,20260620,1,P1_vigil_only,True,True
P028,3,20260620,1,P2_phrase_plus_vigil,True,True
P028,3,20260620,1,P2_phrase_plus_vigil,True,True
P028,3,20260620,1,P2_phrase_plus_vigil,True,True
P028,3,20260620,1,P3_vigil_plus_phrase,True,True
P028,3,20260620,0,P4_negative,False,False
P028,3,20260620,0,P4_negative,False,False
P001,5,20260620,1,P1_vigil_only,False,False
P001,5,20260620,1,P1_vigil_only,True,True
P001,5,20260620,1,P1_vigil_only,True,True
P001,5,20260620,1,P1_vigil_only,True,True
P001,5,20260620,1,P2_phrase_plus_vigil,True,True
P001,5,20260620,1,P2_phrase_plus_vigil,True,True
P001,5,20260620,1,P2_phrase_plus_vigil,True,True
P001,5,20260620,1,P2_phrase_plus_vigil,True,True
P001,5,20260620,1,P2_phrase_plus_vigil,True,True
P001,5,20260620,1,P2_phrase_plus_vigil,True,True
P001,5,20260620,1,P2_phrase_plus_vigil,True,True
P001,5,20260620,1,P2_phrase_plus_vigil,True,True
P001,5,20260620,1,P2_phrase_plus_vigil,True,True
P001,5,20260620,1,P3_vigil_plus_phrase,True,True
P001,5,20260620,1,P3_vigil_plus_phrase,True,True
P001,5,20260620,1,P3_vigil_plus_phrase,True,True
P001,5,20260620,1,P3_vigil_plus_phrase,True,True
P001,5,20260620,1,P3_vigil_plus_phrase,True,True
P001,5,20260620,1,P3_vigil_plus_phrase,True,True
P001,5,20260620,0,P4_negative,False,False
P001,5,20260620,0,P4_negative,False,False
P001,5,20260620,0,P4_negative,False,False
P001,5,20260620,0,P4_negative,False,False
P001,5,20260620,0,P4_negative,False,False
P001,5,20260620,0,P4_negative,False,False
P001,5,20260620,0,P4_negative,False,False
P001,5,20260620,0,P4_negative,False,False
P001,5,20260620,0,P4_negative,False,False
P001,5,20260620,0,P4_negative,False,False
P001,5,20260620,0,P4_negative,False,False
P001,5,20260620,0,P4_negative,False,False
P001,5,20260620,0,P4_negative,False,False
P001,5,20260620,0,P4_negative,False,False
P001,5,20260620,0,P4_negative,False,False
P001,5,20260620,0,P4_negative,False,False
P001,5,20260620,0,P4_negative,False,False
P001,5,20260620,0,P4_negative,False,False
P001,5,20260620,0,P4_negative,False,False
P001,5,20260620,0,P4_negative,False,False
P001,5,20260620,0,P4_negative,False,False
P001,5,20260620,0,P4_negative,False,False
P001,5,20260620,0,P4_negative,False,False
P001,5,20260620,0,P4_negative,False,False
P001,5,20260620,0,P4_negative,False,False
P001,5,20260620,0,P4_negative,False,False
P001,5,20260620,0,P4_negative,False,False
P001,5,20260620,0,P4_negative,False,False
P001,5,20260620,0,P4_negative,False,False
P001,5,20260620,0,P4_negative,False,False
P007,5,20260620,1,P1_vigil_only,False,False
P007,5,20260620,1,P1_vigil_only,True,True
P007,5,20260620,1,P1_vigil_only,True,True
P007,5,20260620,1,P1_vigil_only,True,True
P007,5,20260620,1,P2_phrase_plus_vigil,True,True
P007,5,20260620,1,P2_phrase_plus_vigil,True,True
P007,5,20260620,1,P2_phrase_plus_vigil,True,True
P007,5,20260620,1,P2_phrase_plus_vigil,True,True
P007,5,20260620,1,P2_phrase_plus_vigil,True,True
P007,5,20260620,1,P3_vigil_plus_phrase,True,True
P007,5,20260620,1,P3_vigil_plus_phrase,True,True
P007,5,20260620,1,P3_vigil_plus_phrase,True,True
P007,5,20260620,0,P4_negative,False,False
P007,5,20260620,0,P4_negative,False,False
P007,5,20260620,0,P4_negative,False,False
P007,5,20260620,0,P4_negative,False,False
P007,5,20260620,0,P4_negative,False,False
P007,5,20260620,0,P4_negative,False,False
P007,5,20260620,0,P4_negative,False,False
P007,5,20260620,0,P4_negative,False,False
P007,5,20260620,0,P4_negative,False,False
P007,5,20260620,0,P4_negative,False,False
P007,5,20260620,0,P4_negative,False,False
P007,5,20260620,0,P4_negative,False,False
P007,5,20260620,0,P4_negative,False,False
P007,5,20260620,0,P4_negative,False,False
P007,5,20260620,0,P4_negative,False,False
P010,5,20260620,1,P1_vigil_only,True,True
P010,5,20260620,1,P1_vigil_only,True,True
P010,5,20260620,1,P2_phrase_plus_vigil,True,True
P010,5,20260620,1,P2_phrase_plus_vigil,True,True
P010,5,20260620,1,P2_phrase_plus_vigil,True,True
P010,5,20260620,1,P3_vigil_plus_phrase,True,True
P010,5,20260620,1,P3_vigil_plus_phrase,True,True
P010,5,20260620,0,P4_negative,False,False
P010,5,20260620,0,P4_negative,True,True
P010,5,20260620,0,P4_negative,False,False
P010,5,20260620,0,P4_negative,False,False
P010,5,20260620,0,P4_negative,False,False
P010,5,20260620,0,P4_negative,False,False
P010,5,20260620,0,P4_negative,False,False
P010,5,20260620,0,P4_negative,False,False
P010,5,20260620,0,P4_negative,False,False
P010,5,20260620,0,P4_negative,False,False
P010,5,20260620,0,P4_negative,False,False
P010,5,20260620,0,P4_negative,False,False
P010,5,20260620,0,P4_negative,False,False
P010,5,20260620,0,P4_negative,False,False
P010,5,20260620,0,P4_negative,False,False
P015,5,20260620,1,P1_vigil_only,False,False
P015,5,20260620,1,P1_vigil_only,True,True
P015,5,20260620,1,P1_vigil_only,True,True
P015,5,20260620,1,P1_vigil_only,True,True
P015,5,20260620,1,P1_vigil_only,False,False
P015,5,20260620,1,P1_vigil_only,True,True
P015,5,20260620,1,P1_vigil_only,True,True
P015,5,20260620,1,P1_vigil_only,True,True
P015,5,20260620,1,P2_phrase_plus_vigil,True,True
P015,5,20260620,1,P2_phrase_plus_vigil,True,True
P015,5,20260620,1,P2_phrase_plus_vigil,True,True
P015,5,20260620,1,P2_phrase_plus_vigil,True,True
P015,5,20260620,1,P2_phrase_plus_vigil,True,True
P015,5,20260620,1,P2_phrase_plus_vigil,True,True
P015,5,20260620,1,P2_phrase_plus_vigil,True,True
P015,5,20260620,1,P2_phrase_plus_vigil,True,True
P015,5,20260620,1,P2_phrase_plus_vigil,True,True
P015,5,20260620,1,P2_phrase_plus_vigil,False,False
P015,5,20260620,1,P2_phrase_plus_vigil,True,True
P015,5,20260620,1,P2_phrase_plus_vigil,True,True
P015,5,20260620,1,P2_phrase_plus_vigil,True,True
P015,5,20260620,1,P2_phrase_plus_vigil,True,True
P015,5,20260620,1,P2_phrase_plus_vigil,True,True
P015,5,20260620,1,P2_phrase_plus_vigil,True,True
P015,5,20260620,1,P3_vigil_plus_phrase,True,True
P015,5,20260620,1,P3_vigil_plus_phrase,True,True
P015,5,20260620,1,P3_vigil_plus_phrase,True,True
P015,5,20260620,1,P3_vigil_plus_phrase,True,True
P015,5,20260620,1,P3_vigil_plus_phrase,True,True
P015,5,20260620,1,P3_vigil_plus_phrase,True,True
P015,5,20260620,1,P3_vigil_plus_phrase,True,True
P015,5,20260620,0,P4_negative,False,False
P015,5,20260620,0,P4_negative,False,False
P015,5,20260620,0,P4_negative,False,False
P015,5,20260620,0,P4_negative,False,False
P015,5,20260620,0,P4_negative,False,False
P015,5,20260620,0,P4_negative,False,False
P015,5,20260620,0,P4_negative,False,False
P015,5,20260620,0,P4_negative,False,False
P015,5,20260620,0,P4_negative,False,False
P015,5,20260620,0,P4_negative,False,False
P015,5,20260620,0,P4_negative,False,False
P015,5,20260620,0,P4_negative,False,False
P015,5,20260620,0,P4_negative,False,False
P015,5,20260620,0,P4_negative,False,False
P015,5,20260620,0,P4_negative,False,False
P015,5,20260620,0,P4_negative,False,False
P015,5,20260620,0,P4_negative,False,False
P015,5,20260620,0,P4_negative,False,False
P020,5,20260620,1,P1_vigil_only,True,True
P020,5,20260620,1,P1_vigil_only,True,True
P020,5,20260620,1,P2_phrase_plus_vigil,True,True
P020,5,20260620,1,P2_phrase_plus_vigil,True,True
P020,5,20260620,1,P2_phrase_plus_vigil,True,True
P020,5,20260620,1,P3_vigil_plus_phrase,True,True
P020,5,20260620,1,P3_vigil_plus_phrase,True,True
P020,5,20260620,0,P4_negative,False,False
P020,5,20260620,0,P4_negative,False,False
P020,5,20260620,0,P4_negative,False,False
P020,5,20260620,0,P4_negative,False,False
P020,5,20260620,0,P4_negative,False,False
P020,5,20260620,0,P4_negative,False,False
P028,5,20260620,1,P1_vigil_only,True,True
P028,5,20260620,1,P2_phrase_plus_vigil,True,True
P028,5,20260620,1,P3_vigil_plus_phrase,True,True
P028,5,20260620,0,P4_negative,False,False
P028,5,20260620,0,P4_negative,False,False
P001,3,20260621,1,P1_vigil_only,False,False
P001,3,20260621,1,P1_vigil_only,True,True
P001,3,20260621,1,P1_vigil_only,True,True
P001,3,20260621,1,P1_vigil_only,True,True
P001,3,20260621,1,P2_phrase_plus_vigil,True,True
P001,3,20260621,1,P2_phrase_plus_vigil,True,True
P001,3,20260621,1,P2_phrase_plus_vigil,True,True
P001,3,20260621,1,P2_phrase_plus_vigil,True,True
P001,3,20260621,1,P2_phrase_plus_vigil,True,True
P001,3,20260621,1,P2_phrase_plus_vigil,True,True
P001,3,20260621,1,P2_phrase_plus_vigil,True,True
P001,3,20260621,1,P2_phrase_plus_vigil,True,True
P001,3,20260621,1,P2_phrase_plus_vigil,True,True
P001,3,20260621,1,P2_phrase_plus_vigil,True,True
P001,3,20260621,1,P2_phrase_plus_vigil,True,True
P001,3,20260621,1,P3_vigil_plus_phrase,True,True
P001,3,20260621,1,P3_vigil_plus_phrase,True,True
P001,3,20260621,1,P3_vigil_plus_phrase,True,True
P001,3,20260621,1,P3_vigil_plus_phrase,True,True
P001,3,20260621,1,P3_vigil_plus_phrase,False,False
P001,3,20260621,1,P3_vigil_plus_phrase,True,True
P001,3,20260621,0,P4_negative,False,False
P001,3,20260621,0,P4_negative,False,False
P001,3,20260621,0,P4_negative,False,False
P001,3,20260621,0,P4_negative,False,False
P001,3,20260621,0,P4_negative,False,False
P001,3,20260621,0,P4_negative,False,False
P001,3,20260621,0,P4_negative,False,False
P001,3,20260621,0,P4_negative,False,False
P001,3,20260621,0,P4_negative,False,False
P001,3,20260621,0,P4_negative,False,False
P001,3,20260621,0,P4_negative,False,False
P001,3,20260621,0,P4_negative,False,False
P001,3,20260621,0,P4_negative,False,False
P001,3,20260621,0,P4_negative,False,False
P001,3,20260621,0,P4_negative,False,False
P001,3,20260621,0,P4_negative,False,False
P001,3,20260621,0,P4_negative,False,False
P001,3,20260621,0,P4_negative,False,False
P001,3,20260621,0,P4_negative,False,False
P001,3,20260621,0,P4_negative,False,False
P001,3,20260621,0,P4_negative,False,False
P001,3,20260621,0,P4_negative,False,False
P001,3,20260621,0,P4_negative,False,False
P001,3,20260621,0,P4_negative,False,False
P001,3,20260621,0,P4_negative,False,False
P001,3,20260621,0,P4_negative,False,False
P001,3,20260621,0,P4_negative,False,False
P001,3,20260621,0,P4_negative,False,False
P001,3,20260621,0,P4_negative,False,False
P001,3,20260621,0,P4_negative,False,False
P007,3,20260621,1,P1_vigil_only,False,False
P007,3,20260621,1,P1_vigil_only,True,True
P007,3,20260621,1,P1_vigil_only,True,True
P007,3,20260621,1,P1_vigil_only,True,True
P007,3,20260621,1,P2_phrase_plus_vigil,True,True
P007,3,20260621,1,P2_phrase_plus_vigil,True,True
P007,3,20260621,1,P2_phrase_plus_vigil,True,True
P007,3,20260621,1,P2_phrase_plus_vigil,True,True
P007,3,20260621,1,P2_phrase_plus_vigil,True,True
P007,3,20260621,1,P2_phrase_plus_vigil,True,True
P007,3,20260621,1,P3_vigil_plus_phrase,True,True
P007,3,20260621,1,P3_vigil_plus_phrase,True,True
P007,3,20260621,1,P3_vigil_plus_phrase,True,True
P007,3,20260621,1,P3_vigil_plus_phrase,True,True
P007,3,20260621,0,P4_negative,False,False
P007,3,20260621,0,P4_negative,False,False
P007,3,20260621,0,P4_negative,False,False
P007,3,20260621,0,P4_negative,False,False
P007,3,20260621,0,P4_negative,False,False
P007,3,20260621,0,P4_negative,False,False
P007,3,20260621,0,P4_negative,False,False
P007,3,20260621,0,P4_negative,False,False
P007,3,20260621,0,P4_negative,False,False
P007,3,20260621,0,P4_negative,False,False
P007,3,20260621,0,P4_negative,False,False
P007,3,20260621,0,P4_negative,False,False
P007,3,20260621,0,P4_negative,False,False
P007,3,20260621,0,P4_negative,False,False
P007,3,20260621,0,P4_negative,False,False
P010,3,20260621,1,P1_vigil_only,True,True
P010,3,20260621,1,P1_vigil_only,True,True
P010,3,20260621,1,P2_phrase_plus_vigil,True,True
P010,3,20260621,1,P2_phrase_plus_vigil,True,True
P010,3,20260621,1,P2_phrase_plus_vigil,True,True
P010,3,20260621,1,P2_phrase_plus_vigil,True,True
P010,3,20260621,1,P2_phrase_plus_vigil,True,True
P010,3,20260621,1,P3_vigil_plus_phrase,True,True
P010,3,20260621,1,P3_vigil_plus_phrase,True,True
P010,3,20260621,0,P4_negative,False,False
P010,3,20260621,0,P4_negative,True,True
P010,3,20260621,0,P4_negative,False,False
P010,3,20260621,0,P4_negative,False,False
P010,3,20260621,0,P4_negative,False,False
P010,3,20260621,0,P4_negative,False,False
P010,3,20260621,0,P4_negative,False,False
P010,3,20260621,0,P4_negative,False,False
P010,3,20260621,0,P4_negative,False,False
P010,3,20260621,0,P4_negative,False,False
P010,3,20260621,0,P4_negative,False,False
P010,3,20260621,0,P4_negative,False,False
P010,3,20260621,0,P4_negative,False,False
P010,3,20260621,0,P4_negative,False,False
P010,3,20260621,0,P4_negative,False,False
P015,3,20260621,1,P1_vigil_only,False,False
P015,3,20260621,1,P1_vigil_only,True,True
P015,3,20260621,1,P1_vigil_only,True,True
P015,3,20260621,1,P1_vigil_only,True,True
P015,3,20260621,1,P1_vigil_only,False,False
P015,3,20260621,1,P1_vigil_only,True,True
P015,3,20260621,1,P1_vigil_only,True,True
P015,3,20260621,1,P1_vigil_only,True,True
P015,3,20260621,1,P2_phrase_plus_vigil,True,True
P015,3,20260621,1,P2_phrase_plus_vigil,True,True
P015,3,20260621,1,P2_phrase_plus_vigil,True,True
P015,3,20260621,1,P2_phrase_plus_vigil,True,True
P015,3,20260621,1,P2_phrase_plus_vigil,True,True
P015,3,20260621,1,P2_phrase_plus_vigil,True,True
P015,3,20260621,1,P2_phrase_plus_vigil,True,True
P015,3,20260621,1,P2_phrase_plus_vigil,True,True
P015,3,20260621,1,P2_phrase_plus_vigil,True,True
P015,3,20260621,1,P2_phrase_plus_vigil,True,True
P015,3,20260621,1,P2_phrase_plus_vigil,False,False
P015,3,20260621,1,P2_phrase_plus_vigil,True,True
P015,3,20260621,1,P2_phrase_plus_vigil,True,True
P015,3,20260621,1,P2_phrase_plus_vigil,True,True
P015,3,20260621,1,P2_phrase_plus_vigil,True,True
P015,3,20260621,1,P2_phrase_plus_vigil,True,True
P015,3,20260621,1,P2_phrase_plus_vigil,True,True
P015,3,20260621,1,P2_phrase_plus_vigil,True,True
P015,3,20260621,1,P2_phrase_plus_vigil,True,True
P015,3,20260621,1,P3_vigil_plus_phrase,True,True
P015,3,20260621,1,P3_vigil_plus_phrase,True,True
P015,3,20260621,1,P3_vigil_plus_phrase,True,True
P015,3,20260621,1,P3_vigil_plus_phrase,True,True
P015,3,20260621,1,P3_vigil_plus_phrase,True,True
P015,3,20260621,1,P3_vigil_plus_phrase,True,True
P015,3,20260621,0,P4_negative,False,False
P015,3,20260621,0,P4_negative,False,False
P015,3,20260621,0,P4_negative,False,False
P015,3,20260621,0,P4_negative,False,False
P015,3,20260621,0,P4_negative,False,False
P015,3,20260621,0,P4_negative,False,False
P015,3,20260621,0,P4_negative,False,False
P015,3,20260621,0,P4_negative,False,False
P015,3,20260621,0,P4_negative,False,False
P015,3,20260621,0,P4_negative,False,False
P015,3,20260621,0,P4_negative,False,False
P015,3,20260621,0,P4_negative,False,False
P015,3,20260621,0,P4_negative,False,False
P015,3,20260621,0,P4_negative,False,False
P015,3,20260621,0,P4_negative,False,False
P015,3,20260621,0,P4_negative,False,False
P015,3,20260621,0,P4_negative,False,False
P015,3,20260621,0,P4_negative,False,False
P020,3,20260621,1,P1_vigil_only,True,True
P020,3,20260621,1,P1_vigil_only,True,True
P020,3,20260621,1,P1_vigil_only,False,False
P020,3,20260621,1,P2_phrase_plus_vigil,True,True
P020,3,20260621,1,P2_phrase_plus_vigil,True,True
P020,3,20260621,1,P2_phrase_plus_vigil,True,True
P020,3,20260621,1,P2_phrase_plus_vigil,True,True
P020,3,20260621,1,P3_vigil_plus_phrase,True,True
P020,3,20260621,1,P3_vigil_plus_phrase,True,True
P020,3,20260621,0,P4_negative,False,False
P020,3,20260621,0,P4_negative,False,False
P020,3,20260621,0,P4_negative,False,False
P020,3,20260621,0,P4_negative,False,False
P020,3,20260621,0,P4_negative,False,False
P020,3,20260621,0,P4_negative,False,False
P028,3,20260621,1,P1_vigil_only,True,True
P028,3,20260621,1,P1_vigil_only,True,True
P028,3,20260621,1,P2_phrase_plus_vigil,True,True
P028,3,20260621,1,P3_vigil_plus_phrase,True,True
P028,3,20260621,1,P3_vigil_plus_phrase,True,True
P028,3,20260621,0,P4_negative,False,False
P028,3,20260621,0,P4_negative,False,False
P001,5,20260621,1,P1_vigil_only,False,False
P001,5,20260621,1,P1_vigil_only,True,True
P001,5,20260621,1,P1_vigil_only,True,True
P001,5,20260621,1,P1_vigil_only,True,True
P001,5,20260621,1,P2_phrase_plus_vigil,True,True
P001,5,20260621,1,P2_phrase_plus_vigil,True,True
P001,5,20260621,1,P2_phrase_plus_vigil,True,True
P001,5,20260621,1,P2_phrase_plus_vigil,True,True
P001,5,20260621,1,P2_phrase_plus_vigil,True,True
P001,5,20260621,1,P2_phrase_plus_vigil,True,True
P001,5,20260621,1,P2_phrase_plus_vigil,True,True
P001,5,20260621,1,P2_phrase_plus_vigil,True,True
P001,5,20260621,1,P2_phrase_plus_vigil,True,True
P001,5,20260621,1,P3_vigil_plus_phrase,True,True
P001,5,20260621,1,P3_vigil_plus_phrase,True,True
P001,5,20260621,1,P3_vigil_plus_phrase,True,True
P001,5,20260621,1,P3_vigil_plus_phrase,True,True
P001,5,20260621,1,P3_vigil_plus_phrase,False,False
P001,5,20260621,1,P3_vigil_plus_phrase,True,True
P001,5,20260621,0,P4_negative,False,False
P001,5,20260621,0,P4_negative,False,False
P001,5,20260621,0,P4_negative,False,False
P001,5,20260621,0,P4_negative,False,False
P001,5,20260621,0,P4_negative,False,False
P001,5,20260621,0,P4_negative,False,False
P001,5,20260621,0,P4_negative,False,False
P001,5,20260621,0,P4_negative,False,False
P001,5,20260621,0,P4_negative,False,False
P001,5,20260621,0,P4_negative,False,False
P001,5,20260621,0,P4_negative,False,False
P001,5,20260621,0,P4_negative,False,False
P001,5,20260621,0,P4_negative,False,False
P001,5,20260621,0,P4_negative,False,False
P001,5,20260621,0,P4_negative,False,False
P001,5,20260621,0,P4_negative,False,False
P001,5,20260621,0,P4_negative,False,False
P001,5,20260621,0,P4_negative,False,False
P001,5,20260621,0,P4_negative,False,False
P001,5,20260621,0,P4_negative,False,False
P001,5,20260621,0,P4_negative,False,False
P001,5,20260621,0,P4_negative,False,False
P001,5,20260621,0,P4_negative,False,False
P001,5,20260621,0,P4_negative,False,False
P001,5,20260621,0,P4_negative,False,False
P001,5,20260621,0,P4_negative,False,False
P001,5,20260621,0,P4_negative,False,False
P001,5,20260621,0,P4_negative,False,False
P001,5,20260621,0,P4_negative,False,False
P001,5,20260621,0,P4_negative,False,False
P007,5,20260621,1,P1_vigil_only,False,False
P007,5,20260621,1,P1_vigil_only,True,True
P007,5,20260621,1,P1_vigil_only,True,True
P007,5,20260621,1,P1_vigil_only,True,True
P007,5,20260621,1,P2_phrase_plus_vigil,True,True
P007,5,20260621,1,P2_phrase_plus_vigil,True,True
P007,5,20260621,1,P2_phrase_plus_vigil,True,True
P007,5,20260621,1,P2_phrase_plus_vigil,True,True
P007,5,20260621,1,P2_phrase_plus_vigil,True,True
P007,5,20260621,1,P3_vigil_plus_phrase,True,True
P007,5,20260621,1,P3_vigil_plus_phrase,True,True
P007,5,20260621,1,P3_vigil_plus_phrase,True,True
P007,5,20260621,0,P4_negative,False,False
P007,5,20260621,0,P4_negative,False,False
P007,5,20260621,0,P4_negative,False,False
P007,5,20260621,0,P4_negative,False,False
P007,5,20260621,0,P4_negative,False,False
P007,5,20260621,0,P4_negative,False,False
P007,5,20260621,0,P4_negative,False,False
P007,5,20260621,0,P4_negative,False,False
P007,5,20260621,0,P4_negative,False,False
P007,5,20260621,0,P4_negative,False,False
P007,5,20260621,0,P4_negative,False,False
P007,5,20260621,0,P4_negative,False,False
P007,5,20260621,0,P4_negative,False,False
P007,5,20260621,0,P4_negative,False,False
P007,5,20260621,0,P4_negative,False,False
P010,5,20260621,1,P1_vigil_only,True,True
P010,5,20260621,1,P1_vigil_only,True,True
P010,5,20260621,1,P2_phrase_plus_vigil,True,True
P010,5,20260621,1,P2_phrase_plus_vigil,True,True
P010,5,20260621,1,P2_phrase_plus_vigil,True,True
P010,5,20260621,1,P2_phrase_plus_vigil,True,True
P010,5,20260621,1,P3_vigil_plus_phrase,True,True
P010,5,20260621,0,P4_negative,False,False
P010,5,20260621,0,P4_negative,True,True
P010,5,20260621,0,P4_negative,False,False
P010,5,20260621,0,P4_negative,False,False
P010,5,20260621,0,P4_negative,False,False
P010,5,20260621,0,P4_negative,False,False
P010,5,20260621,0,P4_negative,False,False
P010,5,20260621,0,P4_negative,False,False
P010,5,20260621,0,P4_negative,False,False
P010,5,20260621,0,P4_negative,False,False
P010,5,20260621,0,P4_negative,False,False
P010,5,20260621,0,P4_negative,False,False
P010,5,20260621,0,P4_negative,False,False
P010,5,20260621,0,P4_negative,False,False
P010,5,20260621,0,P4_negative,False,False
P015,5,20260621,1,P1_vigil_only,False,False
P015,5,20260621,1,P1_vigil_only,True,True
P015,5,20260621,1,P1_vigil_only,True,True
P015,5,20260621,1,P1_vigil_only,True,True
P015,5,20260621,1,P1_vigil_only,False,False
P015,5,20260621,1,P1_vigil_only,True,True
P015,5,20260621,1,P1_vigil_only,True,True
P015,5,20260621,1,P1_vigil_only,True,True
P015,5,20260621,1,P2_phrase_plus_vigil,True,True
P015,5,20260621,1,P2_phrase_plus_vigil,True,True
P015,5,20260621,1,P2_phrase_plus_vigil,True,True
P015,5,20260621,1,P2_phrase_plus_vigil,True,True
P015,5,20260621,1,P2_phrase_plus_vigil,True,True
P015,5,20260621,1,P2_phrase_plus_vigil,True,True
P015,5,20260621,1,P2_phrase_plus_vigil,True,True
P015,5,20260621,1,P2_phrase_plus_vigil,True,True
P015,5,20260621,1,P2_phrase_plus_vigil,True,True
P015,5,20260621,1,P2_phrase_plus_vigil,True,True
P015,5,20260621,1,P2_phrase_plus_vigil,False,False
P015,5,20260621,1,P2_phrase_plus_vigil,True,True
P015,5,20260621,1,P2_phrase_plus_vigil,True,True
P015,5,20260621,1,P2_phrase_plus_vigil,True,True
P015,5,20260621,1,P2_phrase_plus_vigil,True,True
P015,5,20260621,1,P2_phrase_plus_vigil,True,True
P015,5,20260621,1,P2_phrase_plus_vigil,True,True
P015,5,20260621,1,P2_phrase_plus_vigil,True,True
P015,5,20260621,1,P3_vigil_plus_phrase,True,True
P015,5,20260621,1,P3_vigil_plus_phrase,True,True
P015,5,20260621,1,P3_vigil_plus_phrase,True,True
P015,5,20260621,1,P3_vigil_plus_phrase,True,True
P015,5,20260621,1,P3_vigil_plus_phrase,True,True
P015,5,20260621,0,P4_negative,False,False
P015,5,20260621,0,P4_negative,False,False
P015,5,20260621,0,P4_negative,False,False
P015,5,20260621,0,P4_negative,False,False
P015,5,20260621,0,P4_negative,False,False
P015,5,20260621,0,P4_negative,False,False
P015,5,20260621,0,P4_negative,False,False
P015,5,20260621,0,P4_negative,False,False
P015,5,20260621,0,P4_negative,False,False
P015,5,20260621,0,P4_negative,False,False
P015,5,20260621,0,P4_negative,False,False
P015,5,20260621,0,P4_negative,False,False
P015,5,20260621,0,P4_negative,False,False
P015,5,20260621,0,P4_negative,False,False
P015,5,20260621,0,P4_negative,False,False
P015,5,20260621,0,P4_negative,False,False
P015,5,20260621,0,P4_negative,False,False
P015,5,20260621,0,P4_negative,False,False
P020,5,20260621,1,P1_vigil_only,True,True
P020,5,20260621,1,P1_vigil_only,True,True
P020,5,20260621,1,P1_vigil_only,False,False
P020,5,20260621,1,P2_phrase_plus_vigil,True,True
P020,5,20260621,1,P2_phrase_plus_vigil,True,True
P020,5,20260621,1,P2_phrase_plus_vigil,True,True
P020,5,20260621,1,P3_vigil_plus_phrase,True,True
P020,5,20260621,0,P4_negative,False,False
P020,5,20260621,0,P4_negative,False,False
P020,5,20260621,0,P4_negative,False,False
P020,5,20260621,0,P4_negative,False,False
P020,5,20260621,0,P4_negative,False,False
P020,5,20260621,0,P4_negative,False,False
P028,5,20260621,1,P1_vigil_only,True,True
P028,5,20260621,1,P2_phrase_plus_vigil,True,True
P028,5,20260621,1,P3_vigil_plus_phrase,True,True
P028,5,20260621,0,P4_negative,False,False
P028,5,20260621,0,P4_negative,False,False
P001,3,20260622,1,P1_vigil_only,False,False
P001,3,20260622,1,P1_vigil_only,True,True
P001,3,20260622,1,P1_vigil_only,True,True
P001,3,20260622,1,P2_phrase_plus_vigil,True,True
P001,3,20260622,1,P2_phrase_plus_vigil,True,True
P001,3,20260622,1,P2_phrase_plus_vigil,True,True
P001,3,20260622,1,P2_phrase_plus_vigil,True,True
P001,3,20260622,1,P2_phrase_plus_vigil,True,True
P001,3,20260622,1,P2_phrase_plus_vigil,True,True
P001,3,20260622,1,P2_phrase_plus_vigil,True,True
P001,3,20260622,1,P2_phrase_plus_vigil,True,True
P001,3,20260622,1,P2_phrase_plus_vigil,True,True
P001,3,20260622,1,P2_phrase_plus_vigil,True,True
P001,3,20260622,1,P2_phrase_plus_vigil,True,True
P001,3,20260622,1,P3_vigil_plus_phrase,True,True
P001,3,20260622,1,P3_vigil_plus_phrase,True,True
P001,3,20260622,1,P3_vigil_plus_phrase,True,True
P001,3,20260622,1,P3_vigil_plus_phrase,True,True
P001,3,20260622,1,P3_vigil_plus_phrase,True,True
P001,3,20260622,1,P3_vigil_plus_phrase,False,False
P001,3,20260622,1,P3_vigil_plus_phrase,True,True
P001,3,20260622,0,P4_negative,False,False
P001,3,20260622,0,P4_negative,False,False
P001,3,20260622,0,P4_negative,False,False
P001,3,20260622,0,P4_negative,False,False
P001,3,20260622,0,P4_negative,False,False
P001,3,20260622,0,P4_negative,False,False
P001,3,20260622,0,P4_negative,False,False
P001,3,20260622,0,P4_negative,False,False
P001,3,20260622,0,P4_negative,False,False
P001,3,20260622,0,P4_negative,False,False
P001,3,20260622,0,P4_negative,False,False
P001,3,20260622,0,P4_negative,False,False
P001,3,20260622,0,P4_negative,False,False
P001,3,20260622,0,P4_negative,False,False
P001,3,20260622,0,P4_negative,False,False
P001,3,20260622,0,P4_negative,False,False
P001,3,20260622,0,P4_negative,False,False
P001,3,20260622,0,P4_negative,False,False
P001,3,20260622,0,P4_negative,False,False
P001,3,20260622,0,P4_negative,False,False
P001,3,20260622,0,P4_negative,False,False
P001,3,20260622,0,P4_negative,False,False
P001,3,20260622,0,P4_negative,False,False
P001,3,20260622,0,P4_negative,False,False
P001,3,20260622,0,P4_negative,False,False
P001,3,20260622,0,P4_negative,False,False
P001,3,20260622,0,P4_negative,False,False
P001,3,20260622,0,P4_negative,False,False
P001,3,20260622,0,P4_negative,False,False
P001,3,20260622,0,P4_negative,False,False
P007,3,20260622,1,P1_vigil_only,False,False
P007,3,20260622,1,P1_vigil_only,True,True
P007,3,20260622,1,P1_vigil_only,True,True
P007,3,20260622,1,P2_phrase_plus_vigil,True,True
P007,3,20260622,1,P2_phrase_plus_vigil,True,True
P007,3,20260622,1,P2_phrase_plus_vigil,True,True
P007,3,20260622,1,P2_phrase_plus_vigil,True,True
P007,3,20260622,1,P2_phrase_plus_vigil,True,True
P007,3,20260622,1,P2_phrase_plus_vigil,True,True
P007,3,20260622,1,P3_vigil_plus_phrase,True,True
P007,3,20260622,1,P3_vigil_plus_phrase,True,True
P007,3,20260622,1,P3_vigil_plus_phrase,True,True
P007,3,20260622,1,P3_vigil_plus_phrase,True,True
P007,3,20260622,1,P3_vigil_plus_phrase,True,True
P007,3,20260622,0,P4_negative,False,False
P007,3,20260622,0,P4_negative,False,False
P007,3,20260622,0,P4_negative,False,False
P007,3,20260622,0,P4_negative,False,False
P007,3,20260622,0,P4_negative,False,False
P007,3,20260622,0,P4_negative,False,False
P007,3,20260622,0,P4_negative,False,False
P007,3,20260622,0,P4_negative,False,False
P007,3,20260622,0,P4_negative,False,False
P007,3,20260622,0,P4_negative,False,False
P007,3,20260622,0,P4_negative,False,False
P007,3,20260622,0,P4_negative,False,False
P007,3,20260622,0,P4_negative,False,False
P007,3,20260622,0,P4_negative,False,False
P007,3,20260622,0,P4_negative,False,False
P010,3,20260622,1,P1_vigil_only,True,True
P010,3,20260622,1,P2_phrase_plus_vigil,True,True
P010,3,20260622,1,P2_phrase_plus_vigil,True,True
P010,3,20260622,1,P2_phrase_plus_vigil,True,True
P010,3,20260622,1,P2_phrase_plus_vigil,True,True
P010,3,20260622,1,P2_phrase_plus_vigil,True,True
P010,3,20260622,1,P3_vigil_plus_phrase,True,True
P010,3,20260622,1,P3_vigil_plus_phrase,True,True
P010,3,20260622,1,P3_vigil_plus_phrase,True,True
P010,3,20260622,0,P4_negative,False,False
P010,3,20260622,0,P4_negative,True,True
P010,3,20260622,0,P4_negative,False,False
P010,3,20260622,0,P4_negative,False,False
P010,3,20260622,0,P4_negative,False,False
P010,3,20260622,0,P4_negative,False,False
P010,3,20260622,0,P4_negative,False,False
P010,3,20260622,0,P4_negative,False,False
P010,3,20260622,0,P4_negative,False,False
P010,3,20260622,0,P4_negative,False,False
P010,3,20260622,0,P4_negative,False,False
P010,3,20260622,0,P4_negative,False,False
P010,3,20260622,0,P4_negative,False,False
P010,3,20260622,0,P4_negative,False,False
P010,3,20260622,0,P4_negative,False,False
P015,3,20260622,1,P1_vigil_only,False,False
P015,3,20260622,1,P1_vigil_only,True,True
P015,3,20260622,1,P1_vigil_only,True,True
P015,3,20260622,1,P1_vigil_only,True,True
P015,3,20260622,1,P1_vigil_only,False,False
P015,3,20260622,1,P1_vigil_only,True,True
P015,3,20260622,1,P1_vigil_only,True,True
P015,3,20260622,1,P2_phrase_plus_vigil,True,True
P015,3,20260622,1,P2_phrase_plus_vigil,True,True
P015,3,20260622,1,P2_phrase_plus_vigil,True,True
P015,3,20260622,1,P2_phrase_plus_vigil,True,True
P015,3,20260622,1,P2_phrase_plus_vigil,True,True
P015,3,20260622,1,P2_phrase_plus_vigil,True,True
P015,3,20260622,1,P2_phrase_plus_vigil,True,True
P015,3,20260622,1,P2_phrase_plus_vigil,True,True
P015,3,20260622,1,P2_phrase_plus_vigil,True,True
P015,3,20260622,1,P2_phrase_plus_vigil,False,False
P015,3,20260622,1,P2_phrase_plus_vigil,True,True
P015,3,20260622,1,P2_phrase_plus_vigil,True,True
P015,3,20260622,1,P2_phrase_plus_vigil,True,True
P015,3,20260622,1,P2_phrase_plus_vigil,True,True
P015,3,20260622,1,P2_phrase_plus_vigil,True,True
P015,3,20260622,1,P2_phrase_plus_vigil,True,True
P015,3,20260622,1,P2_phrase_plus_vigil,True,True
P015,3,20260622,1,P2_phrase_plus_vigil,True,True
P015,3,20260622,1,P2_phrase_plus_vigil,True,True
P015,3,20260622,1,P3_vigil_plus_phrase,True,True
P015,3,20260622,1,P3_vigil_plus_phrase,True,True
P015,3,20260622,1,P3_vigil_plus_phrase,True,True
P015,3,20260622,1,P3_vigil_plus_phrase,True,True
P015,3,20260622,1,P3_vigil_plus_phrase,True,True
P015,3,20260622,1,P3_vigil_plus_phrase,True,True
P015,3,20260622,1,P3_vigil_plus_phrase,True,True
P015,3,20260622,0,P4_negative,False,False
P015,3,20260622,0,P4_negative,False,False
P015,3,20260622,0,P4_negative,False,False
P015,3,20260622,0,P4_negative,False,False
P015,3,20260622,0,P4_negative,False,False
P015,3,20260622,0,P4_negative,False,False
P015,3,20260622,0,P4_negative,False,False
P015,3,20260622,0,P4_negative,False,False
P015,3,20260622,0,P4_negative,False,False
P015,3,20260622,0,P4_negative,False,False
P015,3,20260622,0,P4_negative,False,False
P015,3,20260622,0,P4_negative,False,False
P015,3,20260622,0,P4_negative,False,False
P015,3,20260622,0,P4_negative,False,False
P015,3,20260622,0,P4_negative,False,False
P015,3,20260622,0,P4_negative,False,False
P015,3,20260622,0,P4_negative,False,False
P015,3,20260622,0,P4_negative,False,False
P020,3,20260622,1,P1_vigil_only,True,True
P020,3,20260622,1,P2_phrase_plus_vigil,True,True
P020,3,20260622,1,P2_phrase_plus_vigil,True,True
P020,3,20260622,1,P2_phrase_plus_vigil,True,True
P020,3,20260622,1,P2_phrase_plus_vigil,True,True
P020,3,20260622,1,P2_phrase_plus_vigil,True,True
P020,3,20260622,1,P3_vigil_plus_phrase,True,True
P020,3,20260622,1,P3_vigil_plus_phrase,True,True
P020,3,20260622,1,P3_vigil_plus_phrase,True,True
P020,3,20260622,0,P4_negative,False,False
P020,3,20260622,0,P4_negative,False,False
P020,3,20260622,0,P4_negative,False,False
P020,3,20260622,0,P4_negative,False,False
P020,3,20260622,0,P4_negative,False,False
P020,3,20260622,0,P4_negative,False,False
P028,3,20260622,1,P1_vigil_only,True,True
P028,3,20260622,1,P1_vigil_only,True,True
P028,3,20260622,1,P2_phrase_plus_vigil,True,True
P028,3,20260622,1,P2_phrase_plus_vigil,True,True
P028,3,20260622,1,P3_vigil_plus_phrase,True,True
P028,3,20260622,0,P4_negative,False,False
P028,3,20260622,0,P4_negative,False,False
P001,5,20260622,1,P1_vigil_only,False,False
P001,5,20260622,1,P1_vigil_only,True,True
P001,5,20260622,1,P1_vigil_only,True,True
P001,5,20260622,1,P2_phrase_plus_vigil,True,True
P001,5,20260622,1,P2_phrase_plus_vigil,True,True
P001,5,20260622,1,P2_phrase_plus_vigil,True,True
P001,5,20260622,1,P2_phrase_plus_vigil,True,True
P001,5,20260622,1,P2_phrase_plus_vigil,True,True
P001,5,20260622,1,P2_phrase_plus_vigil,True,True
P001,5,20260622,1,P2_phrase_plus_vigil,True,True
P001,5,20260622,1,P2_phrase_plus_vigil,True,True
P001,5,20260622,1,P2_phrase_plus_vigil,True,True
P001,5,20260622,1,P2_phrase_plus_vigil,True,True
P001,5,20260622,1,P2_phrase_plus_vigil,True,True
P001,5,20260622,1,P3_vigil_plus_phrase,True,True
P001,5,20260622,1,P3_vigil_plus_phrase,True,True
P001,5,20260622,1,P3_vigil_plus_phrase,True,True
P001,5,20260622,1,P3_vigil_plus_phrase,True,True
P001,5,20260622,1,P3_vigil_plus_phrase,False,False
P001,5,20260622,0,P4_negative,False,False
P001,5,20260622,0,P4_negative,False,False
P001,5,20260622,0,P4_negative,False,False
P001,5,20260622,0,P4_negative,False,False
P001,5,20260622,0,P4_negative,False,False
P001,5,20260622,0,P4_negative,False,False
P001,5,20260622,0,P4_negative,False,False
P001,5,20260622,0,P4_negative,False,False
P001,5,20260622,0,P4_negative,False,False
P001,5,20260622,0,P4_negative,False,False
P001,5,20260622,0,P4_negative,False,False
P001,5,20260622,0,P4_negative,False,False
P001,5,20260622,0,P4_negative,False,False
P001,5,20260622,0,P4_negative,False,False
P001,5,20260622,0,P4_negative,False,False
P001,5,20260622,0,P4_negative,False,False
P001,5,20260622,0,P4_negative,False,False
P001,5,20260622,0,P4_negative,False,False
P001,5,20260622,0,P4_negative,False,False
P001,5,20260622,0,P4_negative,False,False
P001,5,20260622,0,P4_negative,False,False
P001,5,20260622,0,P4_negative,False,False
P001,5,20260622,0,P4_negative,False,False
P001,5,20260622,0,P4_negative,False,False
P001,5,20260622,0,P4_negative,False,False
P001,5,20260622,0,P4_negative,False,False
P001,5,20260622,0,P4_negative,False,False
P001,5,20260622,0,P4_negative,False,False
P001,5,20260622,0,P4_negative,False,False
P001,5,20260622,0,P4_negative,False,False
P007,5,20260622,1,P1_vigil_only,False,False
P007,5,20260622,1,P1_vigil_only,True,True
P007,5,20260622,1,P1_vigil_only,True,True
P007,5,20260622,1,P2_phrase_plus_vigil,True,True
P007,5,20260622,1,P2_phrase_plus_vigil,True,True
P007,5,20260622,1,P2_phrase_plus_vigil,True,True
P007,5,20260622,1,P2_phrase_plus_vigil,True,True
P007,5,20260622,1,P2_phrase_plus_vigil,True,True
P007,5,20260622,1,P3_vigil_plus_phrase,True,True
P007,5,20260622,1,P3_vigil_plus_phrase,True,True
P007,5,20260622,1,P3_vigil_plus_phrase,True,True
P007,5,20260622,1,P3_vigil_plus_phrase,True,True
P007,5,20260622,0,P4_negative,False,False
P007,5,20260622,0,P4_negative,False,False
P007,5,20260622,0,P4_negative,False,False
P007,5,20260622,0,P4_negative,False,False
P007,5,20260622,0,P4_negative,False,False
P007,5,20260622,0,P4_negative,False,False
P007,5,20260622,0,P4_negative,False,False
P007,5,20260622,0,P4_negative,False,False
P007,5,20260622,0,P4_negative,False,False
P007,5,20260622,0,P4_negative,False,False
P007,5,20260622,0,P4_negative,False,False
P007,5,20260622,0,P4_negative,False,False
P007,5,20260622,0,P4_negative,False,False
P007,5,20260622,0,P4_negative,False,False
P007,5,20260622,0,P4_negative,False,False
P010,5,20260622,1,P1_vigil_only,True,True
P010,5,20260622,1,P2_phrase_plus_vigil,True,True
P010,5,20260622,1,P2_phrase_plus_vigil,True,True
P010,5,20260622,1,P2_phrase_plus_vigil,True,True
P010,5,20260622,1,P2_phrase_plus_vigil,True,True
P010,5,20260622,1,P3_vigil_plus_phrase,True,True
P010,5,20260622,1,P3_vigil_plus_phrase,True,True
P010,5,20260622,0,P4_negative,False,False
P010,5,20260622,0,P4_negative,True,True
P010,5,20260622,0,P4_negative,False,False
P010,5,20260622,0,P4_negative,False,False
P010,5,20260622,0,P4_negative,False,False
P010,5,20260622,0,P4_negative,False,False
P010,5,20260622,0,P4_negative,False,False
P010,5,20260622,0,P4_negative,False,False
P010,5,20260622,0,P4_negative,False,False
P010,5,20260622,0,P4_negative,False,False
P010,5,20260622,0,P4_negative,False,False
P010,5,20260622,0,P4_negative,False,False
P010,5,20260622,0,P4_negative,False,False
P010,5,20260622,0,P4_negative,False,False
P010,5,20260622,0,P4_negative,False,False
P015,5,20260622,1,P1_vigil_only,False,False
P015,5,20260622,1,P1_vigil_only,True,True
P015,5,20260622,1,P1_vigil_only,True,True
P015,5,20260622,1,P1_vigil_only,True,True
P015,5,20260622,1,P1_vigil_only,False,False
P015,5,20260622,1,P1_vigil_only,True,True
P015,5,20260622,1,P1_vigil_only,True,True
P015,5,20260622,1,P2_phrase_plus_vigil,True,True
P015,5,20260622,1,P2_phrase_plus_vigil,True,True
P015,5,20260622,1,P2_phrase_plus_vigil,True,True
P015,5,20260622,1,P2_phrase_plus_vigil,True,True
P015,5,20260622,1,P2_phrase_plus_vigil,True,True
P015,5,20260622,1,P2_phrase_plus_vigil,True,True
P015,5,20260622,1,P2_phrase_plus_vigil,True,True
P015,5,20260622,1,P2_phrase_plus_vigil,True,True
P015,5,20260622,1,P2_phrase_plus_vigil,False,False
P015,5,20260622,1,P2_phrase_plus_vigil,True,True
P015,5,20260622,1,P2_phrase_plus_vigil,True,True
P015,5,20260622,1,P2_phrase_plus_vigil,True,True
P015,5,20260622,1,P2_phrase_plus_vigil,True,True
P015,5,20260622,1,P2_phrase_plus_vigil,True,True
P015,5,20260622,1,P2_phrase_plus_vigil,True,True
P015,5,20260622,1,P2_phrase_plus_vigil,True,True
P015,5,20260622,1,P2_phrase_plus_vigil,True,True
P015,5,20260622,1,P3_vigil_plus_phrase,True,True
P015,5,20260622,1,P3_vigil_plus_phrase,True,True
P015,5,20260622,1,P3_vigil_plus_phrase,True,True
P015,5,20260622,1,P3_vigil_plus_phrase,True,True
P015,5,20260622,1,P3_vigil_plus_phrase,True,True
P015,5,20260622,1,P3_vigil_plus_phrase,True,True
P015,5,20260622,1,P3_vigil_plus_phrase,True,True
P015,5,20260622,0,P4_negative,False,False
P015,5,20260622,0,P4_negative,False,False
P015,5,20260622,0,P4_negative,False,False
P015,5,20260622,0,P4_negative,False,False
P015,5,20260622,0,P4_negative,False,False
P015,5,20260622,0,P4_negative,False,False
P015,5,20260622,0,P4_negative,False,False
P015,5,20260622,0,P4_negative,False,False
P015,5,20260622,0,P4_negative,False,False
P015,5,20260622,0,P4_negative,False,False
P015,5,20260622,0,P4_negative,False,False
P015,5,20260622,0,P4_negative,False,False
P015,5,20260622,0,P4_negative,False,False
P015,5,20260622,0,P4_negative,False,False
P015,5,20260622,0,P4_negative,False,False
P015,5,20260622,0,P4_negative,False,False
P015,5,20260622,0,P4_negative,False,False
P015,5,20260622,0,P4_negative,False,False
P020,5,20260622,1,P1_vigil_only,True,True
P020,5,20260622,1,P2_phrase_plus_vigil,True,True
P020,5,20260622,1,P2_phrase_plus_vigil,True,True
P020,5,20260622,1,P2_phrase_plus_vigil,True,True
P020,5,20260622,1,P2_phrase_plus_vigil,True,True
P020,5,20260622,1,P3_vigil_plus_phrase,True,True
P020,5,20260622,1,P3_vigil_plus_phrase,True,True
P020,5,20260622,0,P4_negative,False,False
P020,5,20260622,0,P4_negative,False,False
P020,5,20260622,0,P4_negative,False,False
P020,5,20260622,0,P4_negative,False,False
P020,5,20260622,0,P4_negative,False,False
P020,5,20260622,0,P4_negative,False,False
P028,5,20260622,1,P1_vigil_only,True,True
P028,5,20260622,1,P1_vigil_only,True,True
P028,5,20260622,1,P2_phrase_plus_vigil,True,True
P028,5,20260622,0,P4_negative,False,False
P028,5,20260622,0,P4_negative,False,False
P001,3,20260623,1,P1_vigil_only,True,True
P001,3,20260623,1,P1_vigil_only,True,True
P001,3,20260623,1,P1_vigil_only,True,True
P001,3,20260623,1,P2_phrase_plus_vigil,True,True
P001,3,20260623,1,P2_phrase_plus_vigil,True,True
P001,3,20260623,1,P2_phrase_plus_vigil,True,True
P001,3,20260623,1,P2_phrase_plus_vigil,True,True
P001,3,20260623,1,P2_phrase_plus_vigil,True,True
P001,3,20260623,1,P2_phrase_plus_vigil,True,True
P001,3,20260623,1,P2_phrase_plus_vigil,True,True
P001,3,20260623,1,P2_phrase_plus_vigil,True,True
P001,3,20260623,1,P2_phrase_plus_vigil,True,True
P001,3,20260623,1,P2_phrase_plus_vigil,True,True
P001,3,20260623,1,P2_phrase_plus_vigil,True,True
P001,3,20260623,1,P3_vigil_plus_phrase,True,True
P001,3,20260623,1,P3_vigil_plus_phrase,True,True
P001,3,20260623,1,P3_vigil_plus_phrase,True,True
P001,3,20260623,1,P3_vigil_plus_phrase,True,True
P001,3,20260623,1,P3_vigil_plus_phrase,True,True
P001,3,20260623,1,P3_vigil_plus_phrase,False,False
P001,3,20260623,1,P3_vigil_plus_phrase,True,True
P001,3,20260623,0,P4_negative,False,False
P001,3,20260623,0,P4_negative,False,False
P001,3,20260623,0,P4_negative,False,False
P001,3,20260623,0,P4_negative,False,False
P001,3,20260623,0,P4_negative,False,False
P001,3,20260623,0,P4_negative,False,False
P001,3,20260623,0,P4_negative,False,False
P001,3,20260623,0,P4_negative,False,False
P001,3,20260623,0,P4_negative,False,False
P001,3,20260623,0,P4_negative,False,False
P001,3,20260623,0,P4_negative,False,False
P001,3,20260623,0,P4_negative,False,False
P001,3,20260623,0,P4_negative,False,False
P001,3,20260623,0,P4_negative,False,False
P001,3,20260623,0,P4_negative,False,False
P001,3,20260623,0,P4_negative,False,False
P001,3,20260623,0,P4_negative,False,False
P001,3,20260623,0,P4_negative,False,False
P001,3,20260623,0,P4_negative,False,False
P001,3,20260623,0,P4_negative,False,False
P001,3,20260623,0,P4_negative,False,False
P001,3,20260623,0,P4_negative,False,False
P001,3,20260623,0,P4_negative,False,False
P001,3,20260623,0,P4_negative,False,False
P001,3,20260623,0,P4_negative,False,False
P001,3,20260623,0,P4_negative,False,False
P001,3,20260623,0,P4_negative,False,False
P001,3,20260623,0,P4_negative,False,False
P001,3,20260623,0,P4_negative,False,False
P001,3,20260623,0,P4_negative,False,False
P007,3,20260623,1,P1_vigil_only,True,True
P007,3,20260623,1,P1_vigil_only,True,True
P007,3,20260623,1,P1_vigil_only,True,True
P007,3,20260623,1,P2_phrase_plus_vigil,True,True
P007,3,20260623,1,P2_phrase_plus_vigil,True,True
P007,3,20260623,1,P2_phrase_plus_vigil,True,True
P007,3,20260623,1,P2_phrase_plus_vigil,True,True
P007,3,20260623,1,P2_phrase_plus_vigil,True,True
P007,3,20260623,1,P2_phrase_plus_vigil,True,True
P007,3,20260623,1,P3_vigil_plus_phrase,True,True
P007,3,20260623,1,P3_vigil_plus_phrase,True,True
P007,3,20260623,1,P3_vigil_plus_phrase,True,True
P007,3,20260623,1,P3_vigil_plus_phrase,True,True
P007,3,20260623,1,P3_vigil_plus_phrase,True,True
P007,3,20260623,0,P4_negative,False,False
P007,3,20260623,0,P4_negative,False,False
P007,3,20260623,0,P4_negative,False,False
P007,3,20260623,0,P4_negative,False,False
P007,3,20260623,0,P4_negative,False,False
P007,3,20260623,0,P4_negative,False,False
P007,3,20260623,0,P4_negative,False,False
P007,3,20260623,0,P4_negative,False,False
P007,3,20260623,0,P4_negative,False,False
P007,3,20260623,0,P4_negative,False,False
P007,3,20260623,0,P4_negative,False,False
P007,3,20260623,0,P4_negative,False,False
P007,3,20260623,0,P4_negative,False,False
P007,3,20260623,0,P4_negative,False,False
P007,3,20260623,0,P4_negative,False,False
P010,3,20260623,1,P1_vigil_only,True,True
P010,3,20260623,1,P2_phrase_plus_vigil,True,True
P010,3,20260623,1,P2_phrase_plus_vigil,True,True
P010,3,20260623,1,P2_phrase_plus_vigil,True,True
P010,3,20260623,1,P2_phrase_plus_vigil,True,True
P010,3,20260623,1,P2_phrase_plus_vigil,True,True
P010,3,20260623,1,P3_vigil_plus_phrase,True,True
P010,3,20260623,1,P3_vigil_plus_phrase,True,True
P010,3,20260623,1,P3_vigil_plus_phrase,True,True
P010,3,20260623,0,P4_negative,False,False
P010,3,20260623,0,P4_negative,True,True
P010,3,20260623,0,P4_negative,False,False
P010,3,20260623,0,P4_negative,False,False
P010,3,20260623,0,P4_negative,False,False
P010,3,20260623,0,P4_negative,False,False
P010,3,20260623,0,P4_negative,False,False
P010,3,20260623,0,P4_negative,False,False
P010,3,20260623,0,P4_negative,False,False
P010,3,20260623,0,P4_negative,False,False
P010,3,20260623,0,P4_negative,False,False
P010,3,20260623,0,P4_negative,False,False
P010,3,20260623,0,P4_negative,False,False
P010,3,20260623,0,P4_negative,False,False
P010,3,20260623,0,P4_negative,False,False
P015,3,20260623,1,P1_vigil_only,False,False
P015,3,20260623,1,P1_vigil_only,True,True
P015,3,20260623,1,P1_vigil_only,True,True
P015,3,20260623,1,P1_vigil_only,False,False
P015,3,20260623,1,P1_vigil_only,True,True
P015,3,20260623,1,P1_vigil_only,True,True
P015,3,20260623,1,P1_vigil_only,True,True
P015,3,20260623,1,P2_phrase_plus_vigil,True,True
P015,3,20260623,1,P2_phrase_plus_vigil,True,True
P015,3,20260623,1,P2_phrase_plus_vigil,True,True
P015,3,20260623,1,P2_phrase_plus_vigil,True,True
P015,3,20260623,1,P2_phrase_plus_vigil,True,True
P015,3,20260623,1,P2_phrase_plus_vigil,True,True
P015,3,20260623,1,P2_phrase_plus_vigil,True,True
P015,3,20260623,1,P2_phrase_plus_vigil,True,True
P015,3,20260623,1,P2_phrase_plus_vigil,True,True
P015,3,20260623,1,P2_phrase_plus_vigil,True,True
P015,3,20260623,1,P2_phrase_plus_vigil,True,True
P015,3,20260623,1,P2_phrase_plus_vigil,True,True
P015,3,20260623,1,P2_phrase_plus_vigil,True,True
P015,3,20260623,1,P2_phrase_plus_vigil,True,True
P015,3,20260623,1,P2_phrase_plus_vigil,True,True
P015,3,20260623,1,P2_phrase_plus_vigil,True,True
P015,3,20260623,1,P2_phrase_plus_vigil,True,True
P015,3,20260623,1,P2_phrase_plus_vigil,True,True
P015,3,20260623,1,P3_vigil_plus_phrase,True,True
P015,3,20260623,1,P3_vigil_plus_phrase,True,True
P015,3,20260623,1,P3_vigil_plus_phrase,True,True
P015,3,20260623,1,P3_vigil_plus_phrase,True,True
P015,3,20260623,1,P3_vigil_plus_phrase,True,True
P015,3,20260623,1,P3_vigil_plus_phrase,True,True
P015,3,20260623,1,P3_vigil_plus_phrase,True,True
P015,3,20260623,1,P3_vigil_plus_phrase,True,True
P015,3,20260623,0,P4_negative,False,False
P015,3,20260623,0,P4_negative,False,False
P015,3,20260623,0,P4_negative,False,False
P015,3,20260623,0,P4_negative,False,False
P015,3,20260623,0,P4_negative,False,False
P015,3,20260623,0,P4_negative,False,False
P015,3,20260623,0,P4_negative,False,False
P015,3,20260623,0,P4_negative,False,False
P015,3,20260623,0,P4_negative,False,False
P015,3,20260623,0,P4_negative,False,False
P015,3,20260623,0,P4_negative,False,False
P015,3,20260623,0,P4_negative,False,False
P015,3,20260623,0,P4_negative,False,False
P015,3,20260623,0,P4_negative,False,False
P015,3,20260623,0,P4_negative,False,False
P015,3,20260623,0,P4_negative,False,False
P015,3,20260623,0,P4_negative,False,False
P015,3,20260623,0,P4_negative,False,False
P020,3,20260623,1,P1_vigil_only,True,True
P020,3,20260623,1,P1_vigil_only,False,False
P020,3,20260623,1,P2_phrase_plus_vigil,True,True
P020,3,20260623,1,P2_phrase_plus_vigil,True,True
P020,3,20260623,1,P2_phrase_plus_vigil,True,True
P020,3,20260623,1,P2_phrase_plus_vigil,True,True
P020,3,20260623,1,P3_vigil_plus_phrase,True,True
P020,3,20260623,1,P3_vigil_plus_phrase,True,True
P020,3,20260623,1,P3_vigil_plus_phrase,True,True
P020,3,20260623,0,P4_negative,False,False
P020,3,20260623,0,P4_negative,False,False
P020,3,20260623,0,P4_negative,False,False
P020,3,20260623,0,P4_negative,False,False
P020,3,20260623,0,P4_negative,False,False
P020,3,20260623,0,P4_negative,False,False
P028,3,20260623,1,P1_vigil_only,True,True
P028,3,20260623,1,P1_vigil_only,True,True
P028,3,20260623,1,P2_phrase_plus_vigil,True,True
P028,3,20260623,1,P3_vigil_plus_phrase,True,True
P028,3,20260623,1,P3_vigil_plus_phrase,True,True
P028,3,20260623,0,P4_negative,False,False
P028,3,20260623,0,P4_negative,False,False
P001,5,20260623,1,P1_vigil_only,True,True
P001,5,20260623,1,P1_vigil_only,True,False
P001,5,20260623,1,P1_vigil_only,True,False
P001,5,20260623,1,P2_phrase_plus_vigil,True,False
P001,5,20260623,1,P2_phrase_plus_vigil,True,False
P001,5,20260623,1,P2_phrase_plus_vigil,True,True
P001,5,20260623,1,P2_phrase_plus_vigil,True,False
P001,5,20260623,1,P2_phrase_plus_vigil,True,False
P001,5,20260623,1,P2_phrase_plus_vigil,True,False
P001,5,20260623,1,P2_phrase_plus_vigil,True,False
P001,5,20260623,1,P2_phrase_plus_vigil,True,False
P001,5,20260623,1,P2_phrase_plus_vigil,True,True
P001,5,20260623,1,P2_phrase_plus_vigil,True,False
P001,5,20260623,1,P3_vigil_plus_phrase,True,False
P001,5,20260623,1,P3_vigil_plus_phrase,True,False
P001,5,20260623,1,P3_vigil_plus_phrase,True,False
P001,5,20260623,1,P3_vigil_plus_phrase,True,True
P001,5,20260623,1,P3_vigil_plus_phrase,True,False
P001,5,20260623,1,P3_vigil_plus_phrase,True,True
P001,5,20260623,0,P4_negative,False,False
P001,5,20260623,0,P4_negative,False,False
P001,5,20260623,0,P4_negative,False,False
P001,5,20260623,0,P4_negative,False,False
P001,5,20260623,0,P4_negative,False,False
P001,5,20260623,0,P4_negative,False,False
P001,5,20260623,0,P4_negative,False,False
P001,5,20260623,0,P4_negative,False,False
P001,5,20260623,0,P4_negative,False,False
P001,5,20260623,0,P4_negative,False,False
P001,5,20260623,0,P4_negative,False,False
P001,5,20260623,0,P4_negative,False,False
P001,5,20260623,0,P4_negative,False,False
P001,5,20260623,0,P4_negative,False,False
P001,5,20260623,0,P4_negative,False,False
P001,5,20260623,0,P4_negative,False,False
P001,5,20260623,0,P4_negative,False,False
P001,5,20260623,0,P4_negative,False,False
P001,5,20260623,0,P4_negative,False,False
P001,5,20260623,0,P4_negative,False,False
P001,5,20260623,0,P4_negative,False,False
P001,5,20260623,0,P4_negative,False,False
P001,5,20260623,0,P4_negative,False,False
P001,5,20260623,0,P4_negative,False,False
P001,5,20260623,0,P4_negative,False,False
P001,5,20260623,0,P4_negative,False,False
P001,5,20260623,0,P4_negative,False,False
P001,5,20260623,0,P4_negative,False,False
P001,5,20260623,0,P4_negative,False,False
P001,5,20260623,0,P4_negative,False,False
P007,5,20260623,1,P1_vigil_only,True,True
P007,5,20260623,1,P1_vigil_only,True,True
P007,5,20260623,1,P1_vigil_only,True,True
P007,5,20260623,1,P2_phrase_plus_vigil,True,True
P007,5,20260623,1,P2_phrase_plus_vigil,True,True
P007,5,20260623,1,P2_phrase_plus_vigil,True,True
P007,5,20260623,1,P2_phrase_plus_vigil,True,True
P007,5,20260623,1,P2_phrase_plus_vigil,True,True
P007,5,20260623,1,P2_phrase_plus_vigil,True,True
P007,5,20260623,1,P3_vigil_plus_phrase,True,True
P007,5,20260623,1,P3_vigil_plus_phrase,True,True
P007,5,20260623,1,P3_vigil_plus_phrase,True,True
P007,5,20260623,0,P4_negative,False,False
P007,5,20260623,0,P4_negative,False,False
P007,5,20260623,0,P4_negative,False,False
P007,5,20260623,0,P4_negative,False,False
P007,5,20260623,0,P4_negative,False,False
P007,5,20260623,0,P4_negative,False,False
P007,5,20260623,0,P4_negative,False,False
P007,5,20260623,0,P4_negative,False,False
P007,5,20260623,0,P4_negative,False,False
P007,5,20260623,0,P4_negative,False,False
P007,5,20260623,0,P4_negative,False,False
P007,5,20260623,0,P4_negative,False,False
P007,5,20260623,0,P4_negative,False,False
P007,5,20260623,0,P4_negative,False,False
P007,5,20260623,0,P4_negative,False,False
P010,5,20260623,1,P1_vigil_only,True,True
P010,5,20260623,1,P2_phrase_plus_vigil,True,True
P010,5,20260623,1,P2_phrase_plus_vigil,True,True
P010,5,20260623,1,P2_phrase_plus_vigil,True,True
P010,5,20260623,1,P2_phrase_plus_vigil,True,True
P010,5,20260623,1,P3_vigil_plus_phrase,True,True
P010,5,20260623,1,P3_vigil_plus_phrase,True,True
P010,5,20260623,0,P4_negative,False,False
P010,5,20260623,0,P4_negative,True,True
P010,5,20260623,0,P4_negative,False,False
P010,5,20260623,0,P4_negative,False,False
P010,5,20260623,0,P4_negative,False,False
P010,5,20260623,0,P4_negative,False,False
P010,5,20260623,0,P4_negative,False,False
P010,5,20260623,0,P4_negative,False,False
P010,5,20260623,0,P4_negative,False,False
P010,5,20260623,0,P4_negative,False,False
P010,5,20260623,0,P4_negative,False,False
P010,5,20260623,0,P4_negative,False,False
P010,5,20260623,0,P4_negative,False,False
P010,5,20260623,0,P4_negative,False,False
P010,5,20260623,0,P4_negative,False,False
P015,5,20260623,1,P1_vigil_only,True,True
P015,5,20260623,1,P1_vigil_only,True,True
P015,5,20260623,1,P1_vigil_only,False,False
P015,5,20260623,1,P1_vigil_only,True,True
P015,5,20260623,1,P1_vigil_only,True,True
P015,5,20260623,1,P1_vigil_only,True,True
P015,5,20260623,1,P2_phrase_plus_vigil,True,True
P015,5,20260623,1,P2_phrase_plus_vigil,True,True
P015,5,20260623,1,P2_phrase_plus_vigil,True,True
P015,5,20260623,1,P2_phrase_plus_vigil,True,True
P015,5,20260623,1,P2_phrase_plus_vigil,True,True
P015,5,20260623,1,P2_phrase_plus_vigil,True,True
P015,5,20260623,1,P2_phrase_plus_vigil,True,True
P015,5,20260623,1,P2_phrase_plus_vigil,True,True
P015,5,20260623,1,P2_phrase_plus_vigil,True,True
P015,5,20260623,1,P2_phrase_plus_vigil,True,True
P015,5,20260623,1,P2_phrase_plus_vigil,True,True
P015,5,20260623,1,P2_phrase_plus_vigil,True,True
P015,5,20260623,1,P2_phrase_plus_vigil,True,True
P015,5,20260623,1,P2_phrase_plus_vigil,True,True
P015,5,20260623,1,P2_phrase_plus_vigil,True,True
P015,5,20260623,1,P2_phrase_plus_vigil,True,True
P015,5,20260623,1,P2_phrase_plus_vigil,True,True
P015,5,20260623,1,P3_vigil_plus_phrase,True,True
P015,5,20260623,1,P3_vigil_plus_phrase,True,True
P015,5,20260623,1,P3_vigil_plus_phrase,True,True
P015,5,20260623,1,P3_vigil_plus_phrase,True,True
P015,5,20260623,1,P3_vigil_plus_phrase,True,True
P015,5,20260623,1,P3_vigil_plus_phrase,True,True
P015,5,20260623,1,P3_vigil_plus_phrase,True,True
P015,5,20260623,1,P3_vigil_plus_phrase,True,True
P015,5,20260623,0,P4_negative,False,False
P015,5,20260623,0,P4_negative,False,False
P015,5,20260623,0,P4_negative,False,False
P015,5,20260623,0,P4_negative,False,False
P015,5,20260623,0,P4_negative,False,False
P015,5,20260623,0,P4_negative,False,False
P015,5,20260623,0,P4_negative,False,False
P015,5,20260623,0,P4_negative,False,False
P015,5,20260623,0,P4_negative,False,False
P015,5,20260623,0,P4_negative,False,False
P015,5,20260623,0,P4_negative,False,False
P015,5,20260623,0,P4_negative,False,False
P015,5,20260623,0,P4_negative,False,False
P015,5,20260623,0,P4_negative,False,False
P015,5,20260623,0,P4_negative,False,False
P015,5,20260623,0,P4_negative,False,False
P015,5,20260623,0,P4_negative,False,False
P015,5,20260623,0,P4_negative,False,False
P020,5,20260623,1,P1_vigil_only,True,True
P020,5,20260623,1,P1_vigil_only,False,False
P020,5,20260623,1,P2_phrase_plus_vigil,True,True
P020,5,20260623,1,P2_phrase_plus_vigil,True,True
P020,5,20260623,1,P2_phrase_plus_vigil,True,True
P020,5,20260623,1,P3_vigil_plus_phrase,True,True
P020,5,20260623,1,P3_vigil_plus_phrase,True,True
P020,5,20260623,0,P4_negative,False,False
P020,5,20260623,0,P4_negative,False,False
P020,5,20260623,0,P4_negative,False,False
P020,5,20260623,0,P4_negative,False,False
P020,5,20260623,0,P4_negative,False,False
P020,5,20260623,0,P4_negative,False,False
P028,5,20260623,1,P1_vigil_only,True,True
P028,5,20260623,1,P1_vigil_only,True,True
P028,5,20260623,1,P3_vigil_plus_phrase,True,True
P028,5,20260623,0,P4_negative,False,False
P028,5,20260623,0,P4_negative,False,False
P001,3,20260624,1,P1_vigil_only,False,False
P001,3,20260624,1,P1_vigil_only,True,True
P001,3,20260624,1,P1_vigil_only,True,True
P001,3,20260624,1,P1_vigil_only,True,True
P001,3,20260624,1,P2_phrase_plus_vigil,True,True
P001,3,20260624,1,P2_phrase_plus_vigil,True,True
P001,3,20260624,1,P2_phrase_plus_vigil,True,True
P001,3,20260624,1,P2_phrase_plus_vigil,True,True
P001,3,20260624,1,P2_phrase_plus_vigil,True,True
P001,3,20260624,1,P2_phrase_plus_vigil,True,True
P001,3,20260624,1,P2_phrase_plus_vigil,True,True
P001,3,20260624,1,P2_phrase_plus_vigil,True,True
P001,3,20260624,1,P2_phrase_plus_vigil,True,True
P001,3,20260624,1,P2_phrase_plus_vigil,True,True
P001,3,20260624,1,P3_vigil_plus_phrase,True,True
P001,3,20260624,1,P3_vigil_plus_phrase,True,True
P001,3,20260624,1,P3_vigil_plus_phrase,True,True
P001,3,20260624,1,P3_vigil_plus_phrase,True,True
P001,3,20260624,1,P3_vigil_plus_phrase,True,True
P001,3,20260624,1,P3_vigil_plus_phrase,False,False
P001,3,20260624,1,P3_vigil_plus_phrase,True,True
P001,3,20260624,0,P4_negative,False,False
P001,3,20260624,0,P4_negative,False,False
P001,3,20260624,0,P4_negative,False,False
P001,3,20260624,0,P4_negative,False,False
P001,3,20260624,0,P4_negative,False,False
P001,3,20260624,0,P4_negative,False,False
P001,3,20260624,0,P4_negative,False,False
P001,3,20260624,0,P4_negative,False,False
P001,3,20260624,0,P4_negative,False,False
P001,3,20260624,0,P4_negative,False,False
P001,3,20260624,0,P4_negative,False,False
P001,3,20260624,0,P4_negative,False,False
P001,3,20260624,0,P4_negative,False,False
P001,3,20260624,0,P4_negative,False,False
P001,3,20260624,0,P4_negative,False,False
P001,3,20260624,0,P4_negative,False,False
P001,3,20260624,0,P4_negative,False,False
P001,3,20260624,0,P4_negative,False,False
P001,3,20260624,0,P4_negative,False,False
P001,3,20260624,0,P4_negative,False,False
P001,3,20260624,0,P4_negative,False,False
P001,3,20260624,0,P4_negative,False,False
P001,3,20260624,0,P4_negative,False,False
P001,3,20260624,0,P4_negative,False,False
P001,3,20260624,0,P4_negative,False,False
P001,3,20260624,0,P4_negative,False,False
P001,3,20260624,0,P4_negative,False,False
P001,3,20260624,0,P4_negative,False,False
P001,3,20260624,0,P4_negative,False,False
P001,3,20260624,0,P4_negative,False,False
P007,3,20260624,1,P1_vigil_only,False,False
P007,3,20260624,1,P1_vigil_only,True,True
P007,3,20260624,1,P1_vigil_only,True,True
P007,3,20260624,1,P1_vigil_only,True,True
P007,3,20260624,1,P2_phrase_plus_vigil,True,True
P007,3,20260624,1,P2_phrase_plus_vigil,True,True
P007,3,20260624,1,P2_phrase_plus_vigil,True,True
P007,3,20260624,1,P2_phrase_plus_vigil,True,True
P007,3,20260624,1,P2_phrase_plus_vigil,True,True
P007,3,20260624,1,P2_phrase_plus_vigil,True,True
P007,3,20260624,1,P2_phrase_plus_vigil,True,True
P007,3,20260624,1,P3_vigil_plus_phrase,True,True
P007,3,20260624,1,P3_vigil_plus_phrase,True,True
P007,3,20260624,1,P3_vigil_plus_phrase,True,True
P007,3,20260624,0,P4_negative,False,False
P007,3,20260624,0,P4_negative,False,False
P007,3,20260624,0,P4_negative,False,False
P007,3,20260624,0,P4_negative,False,False
P007,3,20260624,0,P4_negative,False,False
P007,3,20260624,0,P4_negative,False,False
P007,3,20260624,0,P4_negative,False,False
P007,3,20260624,0,P4_negative,False,False
P007,3,20260624,0,P4_negative,False,False
P007,3,20260624,0,P4_negative,False,False
P007,3,20260624,0,P4_negative,False,False
P007,3,20260624,0,P4_negative,False,False
P007,3,20260624,0,P4_negative,False,False
P007,3,20260624,0,P4_negative,False,False
P007,3,20260624,0,P4_negative,False,False
P010,3,20260624,1,P1_vigil_only,True,True
P010,3,20260624,1,P1_vigil_only,True,True
P010,3,20260624,1,P2_phrase_plus_vigil,True,True
P010,3,20260624,1,P2_phrase_plus_vigil,True,True
P010,3,20260624,1,P2_phrase_plus_vigil,True,True
P010,3,20260624,1,P2_phrase_plus_vigil,True,True
P010,3,20260624,1,P3_vigil_plus_phrase,True,True
P010,3,20260624,1,P3_vigil_plus_phrase,True,True
P010,3,20260624,1,P3_vigil_plus_phrase,True,True
P010,3,20260624,0,P4_negative,False,False
P010,3,20260624,0,P4_negative,True,True
P010,3,20260624,0,P4_negative,False,False
P010,3,20260624,0,P4_negative,False,False
P010,3,20260624,0,P4_negative,False,False
P010,3,20260624,0,P4_negative,False,False
P010,3,20260624,0,P4_negative,False,False
P010,3,20260624,0,P4_negative,False,False
P010,3,20260624,0,P4_negative,False,False
P010,3,20260624,0,P4_negative,False,False
P010,3,20260624,0,P4_negative,False,False
P010,3,20260624,0,P4_negative,False,False
P010,3,20260624,0,P4_negative,False,False
P010,3,20260624,0,P4_negative,False,False
P010,3,20260624,0,P4_negative,False,False
P015,3,20260624,1,P1_vigil_only,False,False
P015,3,20260624,1,P1_vigil_only,True,True
P015,3,20260624,1,P1_vigil_only,True,True
P015,3,20260624,1,P1_vigil_only,True,True
P015,3,20260624,1,P1_vigil_only,False,False
P015,3,20260624,1,P1_vigil_only,True,True
P015,3,20260624,1,P1_vigil_only,True,True
P015,3,20260624,1,P1_vigil_only,True,True
P015,3,20260624,1,P2_phrase_plus_vigil,True,True
P015,3,20260624,1,P2_phrase_plus_vigil,True,True
P015,3,20260624,1,P2_phrase_plus_vigil,True,True
P015,3,20260624,1,P2_phrase_plus_vigil,True,True
P015,3,20260624,1,P2_phrase_plus_vigil,True,True
P015,3,20260624,1,P2_phrase_plus_vigil,True,True
P015,3,20260624,1,P2_phrase_plus_vigil,True,True
P015,3,20260624,1,P2_phrase_plus_vigil,True,True
P015,3,20260624,1,P2_phrase_plus_vigil,True,True
P015,3,20260624,1,P2_phrase_plus_vigil,True,True
P015,3,20260624,1,P2_phrase_plus_vigil,False,False
P015,3,20260624,1,P2_phrase_plus_vigil,True,True
P015,3,20260624,1,P2_phrase_plus_vigil,True,True
P015,3,20260624,1,P2_phrase_plus_vigil,True,True
P015,3,20260624,1,P2_phrase_plus_vigil,True,True
P015,3,20260624,1,P2_phrase_plus_vigil,True,True
P015,3,20260624,1,P2_phrase_plus_vigil,True,True
P015,3,20260624,1,P2_phrase_plus_vigil,True,True
P015,3,20260624,1,P3_vigil_plus_phrase,True,True
P015,3,20260624,1,P3_vigil_plus_phrase,True,True
P015,3,20260624,1,P3_vigil_plus_phrase,True,True
P015,3,20260624,1,P3_vigil_plus_phrase,True,True
P015,3,20260624,1,P3_vigil_plus_phrase,True,True
P015,3,20260624,1,P3_vigil_plus_phrase,True,True
P015,3,20260624,1,P3_vigil_plus_phrase,True,True
P015,3,20260624,0,P4_negative,False,False
P015,3,20260624,0,P4_negative,False,False
P015,3,20260624,0,P4_negative,False,False
P015,3,20260624,0,P4_negative,False,False
P015,3,20260624,0,P4_negative,False,False
P015,3,20260624,0,P4_negative,False,False
P015,3,20260624,0,P4_negative,False,False
P015,3,20260624,0,P4_negative,False,False
P015,3,20260624,0,P4_negative,False,False
P015,3,20260624,0,P4_negative,False,False
P015,3,20260624,0,P4_negative,False,False
P015,3,20260624,0,P4_negative,False,False
P015,3,20260624,0,P4_negative,False,False
P015,3,20260624,0,P4_negative,False,False
P015,3,20260624,0,P4_negative,False,False
P015,3,20260624,0,P4_negative,False,False
P015,3,20260624,0,P4_negative,False,False
P015,3,20260624,0,P4_negative,False,False
P020,3,20260624,1,P1_vigil_only,True,True
P020,3,20260624,1,P1_vigil_only,True,True
P020,3,20260624,1,P1_vigil_only,False,False
P020,3,20260624,1,P2_phrase_plus_vigil,True,True
P020,3,20260624,1,P2_phrase_plus_vigil,True,True
P020,3,20260624,1,P2_phrase_plus_vigil,True,True
P020,3,20260624,1,P3_vigil_plus_phrase,True,True
P020,3,20260624,1,P3_vigil_plus_phrase,True,True
P020,3,20260624,1,P3_vigil_plus_phrase,True,True
P020,3,20260624,0,P4_negative,False,False
P020,3,20260624,0,P4_negative,False,False
P020,3,20260624,0,P4_negative,False,False
P020,3,20260624,0,P4_negative,False,False
P020,3,20260624,0,P4_negative,False,False
P020,3,20260624,0,P4_negative,False,False
P028,3,20260624,1,P1_vigil_only,True,True
P028,3,20260624,1,P2_phrase_plus_vigil,True,True
P028,3,20260624,1,P2_phrase_plus_vigil,True,True
P028,3,20260624,1,P2_phrase_plus_vigil,True,True
P028,3,20260624,1,P3_vigil_plus_phrase,True,True
P028,3,20260624,0,P4_negative,False,False
P028,3,20260624,0,P4_negative,False,False
P001,5,20260624,1,P1_vigil_only,False,False
P001,5,20260624,1,P1_vigil_only,True,True
P001,5,20260624,1,P1_vigil_only,True,True
P001,5,20260624,1,P2_phrase_plus_vigil,True,True
P001,5,20260624,1,P2_phrase_plus_vigil,True,True
P001,5,20260624,1,P2_phrase_plus_vigil,True,True
P001,5,20260624,1,P2_phrase_plus_vigil,True,True
P001,5,20260624,1,P2_phrase_plus_vigil,True,True
P001,5,20260624,1,P2_phrase_plus_vigil,True,True
P001,5,20260624,1,P2_phrase_plus_vigil,True,True
P001,5,20260624,1,P2_phrase_plus_vigil,True,True
P001,5,20260624,1,P2_phrase_plus_vigil,True,True
P001,5,20260624,1,P3_vigil_plus_phrase,True,True
P001,5,20260624,1,P3_vigil_plus_phrase,True,True
P001,5,20260624,1,P3_vigil_plus_phrase,True,True
P001,5,20260624,1,P3_vigil_plus_phrase,True,True
P001,5,20260624,1,P3_vigil_plus_phrase,True,True
P001,5,20260624,1,P3_vigil_plus_phrase,False,False
P001,5,20260624,1,P3_vigil_plus_phrase,True,True
P001,5,20260624,0,P4_negative,False,False
P001,5,20260624,0,P4_negative,False,False
P001,5,20260624,0,P4_negative,False,False
P001,5,20260624,0,P4_negative,False,False
P001,5,20260624,0,P4_negative,False,False
P001,5,20260624,0,P4_negative,False,False
P001,5,20260624,0,P4_negative,False,False
P001,5,20260624,0,P4_negative,False,False
P001,5,20260624,0,P4_negative,False,False
P001,5,20260624,0,P4_negative,False,False
P001,5,20260624,0,P4_negative,False,False
P001,5,20260624,0,P4_negative,False,False
P001,5,20260624,0,P4_negative,False,False
P001,5,20260624,0,P4_negative,False,False
P001,5,20260624,0,P4_negative,False,False
P001,5,20260624,0,P4_negative,False,False
P001,5,20260624,0,P4_negative,False,False
P001,5,20260624,0,P4_negative,False,False
P001,5,20260624,0,P4_negative,False,False
P001,5,20260624,0,P4_negative,False,False
P001,5,20260624,0,P4_negative,False,False
P001,5,20260624,0,P4_negative,False,False
P001,5,20260624,0,P4_negative,False,False
P001,5,20260624,0,P4_negative,False,False
P001,5,20260624,0,P4_negative,False,False
P001,5,20260624,0,P4_negative,False,False
P001,5,20260624,0,P4_negative,False,False
P001,5,20260624,0,P4_negative,False,False
P001,5,20260624,0,P4_negative,False,False
P001,5,20260624,0,P4_negative,False,False
P007,5,20260624,1,P1_vigil_only,False,False
P007,5,20260624,1,P1_vigil_only,True,True
P007,5,20260624,1,P1_vigil_only,True,True
P007,5,20260624,1,P2_phrase_plus_vigil,True,True
P007,5,20260624,1,P2_phrase_plus_vigil,True,True
P007,5,20260624,1,P2_phrase_plus_vigil,True,True
P007,5,20260624,1,P2_phrase_plus_vigil,True,True
P007,5,20260624,1,P2_phrase_plus_vigil,True,True
P007,5,20260624,1,P2_phrase_plus_vigil,True,True
P007,5,20260624,1,P2_phrase_plus_vigil,True,True
P007,5,20260624,1,P3_vigil_plus_phrase,True,True
P007,5,20260624,1,P3_vigil_plus_phrase,True,True
P007,5,20260624,0,P4_negative,False,False
P007,5,20260624,0,P4_negative,False,False
P007,5,20260624,0,P4_negative,False,False
P007,5,20260624,0,P4_negative,False,False
P007,5,20260624,0,P4_negative,False,False
P007,5,20260624,0,P4_negative,False,False
P007,5,20260624,0,P4_negative,False,False
P007,5,20260624,0,P4_negative,False,False
P007,5,20260624,0,P4_negative,False,False
P007,5,20260624,0,P4_negative,False,False
P007,5,20260624,0,P4_negative,False,False
P007,5,20260624,0,P4_negative,False,False
P007,5,20260624,0,P4_negative,False,False
P007,5,20260624,0,P4_negative,False,False
P007,5,20260624,0,P4_negative,False,False
P010,5,20260624,1,P1_vigil_only,True,True
P010,5,20260624,1,P2_phrase_plus_vigil,True,True
P010,5,20260624,1,P2_phrase_plus_vigil,True,True
P010,5,20260624,1,P2_phrase_plus_vigil,True,True
P010,5,20260624,1,P3_vigil_plus_phrase,True,True
P010,5,20260624,1,P3_vigil_plus_phrase,True,True
P010,5,20260624,1,P3_vigil_plus_phrase,True,True
P010,5,20260624,0,P4_negative,False,False
P010,5,20260624,0,P4_negative,True,True
P010,5,20260624,0,P4_negative,False,False
P010,5,20260624,0,P4_negative,False,False
P010,5,20260624,0,P4_negative,False,False
P010,5,20260624,0,P4_negative,False,False
P010,5,20260624,0,P4_negative,False,False
P010,5,20260624,0,P4_negative,False,False
P010,5,20260624,0,P4_negative,False,False
P010,5,20260624,0,P4_negative,False,False
P010,5,20260624,0,P4_negative,False,False
P010,5,20260624,0,P4_negative,False,False
P010,5,20260624,0,P4_negative,False,False
P010,5,20260624,0,P4_negative,False,False
P010,5,20260624,0,P4_negative,False,False
P015,5,20260624,1,P1_vigil_only,False,False
P015,5,20260624,1,P1_vigil_only,True,True
P015,5,20260624,1,P1_vigil_only,True,True
P015,5,20260624,1,P1_vigil_only,False,False
P015,5,20260624,1,P1_vigil_only,True,True
P015,5,20260624,1,P1_vigil_only,True,True
P015,5,20260624,1,P1_vigil_only,True,True
P015,5,20260624,1,P2_phrase_plus_vigil,True,True
P015,5,20260624,1,P2_phrase_plus_vigil,True,True
P015,5,20260624,1,P2_phrase_plus_vigil,True,True
P015,5,20260624,1,P2_phrase_plus_vigil,True,True
P015,5,20260624,1,P2_phrase_plus_vigil,True,True
P015,5,20260624,1,P2_phrase_plus_vigil,True,True
P015,5,20260624,1,P2_phrase_plus_vigil,True,True
P015,5,20260624,1,P2_phrase_plus_vigil,True,True
P015,5,20260624,1,P2_phrase_plus_vigil,True,True
P015,5,20260624,1,P2_phrase_plus_vigil,False,False
P015,5,20260624,1,P2_phrase_plus_vigil,True,True
P015,5,20260624,1,P2_phrase_plus_vigil,True,True
P015,5,20260624,1,P2_phrase_plus_vigil,True,True
P015,5,20260624,1,P2_phrase_plus_vigil,True,True
P015,5,20260624,1,P2_phrase_plus_vigil,True,True
P015,5,20260624,1,P2_phrase_plus_vigil,True,True
P015,5,20260624,1,P2_phrase_plus_vigil,True,True
P015,5,20260624,1,P3_vigil_plus_phrase,True,True
P015,5,20260624,1,P3_vigil_plus_phrase,True,True
P015,5,20260624,1,P3_vigil_plus_phrase,True,True
P015,5,20260624,1,P3_vigil_plus_phrase,True,True
P015,5,20260624,1,P3_vigil_plus_phrase,True,True
P015,5,20260624,1,P3_vigil_plus_phrase,True,True
P015,5,20260624,1,P3_vigil_plus_phrase,True,True
P015,5,20260624,0,P4_negative,False,False
P015,5,20260624,0,P4_negative,False,False
P015,5,20260624,0,P4_negative,False,False
P015,5,20260624,0,P4_negative,False,False
P015,5,20260624,0,P4_negative,False,False
P015,5,20260624,0,P4_negative,False,False
P015,5,20260624,0,P4_negative,False,False
P015,5,20260624,0,P4_negative,False,False
P015,5,20260624,0,P4_negative,False,False
P015,5,20260624,0,P4_negative,False,False
P015,5,20260624,0,P4_negative,False,False
P015,5,20260624,0,P4_negative,False,False
P015,5,20260624,0,P4_negative,False,False
P015,5,20260624,0,P4_negative,False,False
P015,5,20260624,0,P4_negative,False,False
P015,5,20260624,0,P4_negative,False,False
P015,5,20260624,0,P4_negative,False,False
P015,5,20260624,0,P4_negative,False,False
P020,5,20260624,1,P1_vigil_only,True,True
P020,5,20260624,1,P2_phrase_plus_vigil,True,True
P020,5,20260624,1,P2_phrase_plus_vigil,True,True
P020,5,20260624,1,P2_phrase_plus_vigil,True,True
P020,5,20260624,1,P3_vigil_plus_phrase,True,True
P020,5,20260624,1,P3_vigil_plus_phrase,True,True
P020,5,20260624,1,P3_vigil_plus_phrase,True,True
P020,5,20260624,0,P4_negative,False,False
P020,5,20260624,0,P4_negative,False,False
P020,5,20260624,0,P4_negative,False,False
P020,5,20260624,0,P4_negative,False,False
P020,5,20260624,0,P4_negative,False,False
P020,5,20260624,0,P4_negative,False,False
P028,5,20260624,1,P2_phrase_plus_vigil,True,True
P028,5,20260624,1,P2_phrase_plus_vigil,True,True
P028,5,20260624,1,P3_vigil_plus_phrase,True,True
P028,5,20260624,0,P4_negative,False,False
P028,5,20260624,0,P4_negative,False,False
