adapted_decision,fold,label,participant_alias,prompt_group,shots,support_seed,zero_decision
False,0,1,P030,P1_vigil_only,3,20260620,False
True,0,1,P030,P2_phrase_plus_vigil,3,20260620,True
False,0,0,P030,P4_negative,3,20260620,False
False,0,0,P030,P4_negative,3,20260620,False
False,0,1,P012,P1_vigil_only,3,20260620,False
True,0,1,P012,P2_phrase_plus_vigil,3,20260620,True
True,0,1,P012,P2_phrase_plus_vigil,3,20260620,True
False,0,1,P012,P2_phrase_plus_vigil,3,20260620,False
True,0,1,P012,P2_phrase_plus_vigil,3,20260620,True
True,0,1,P012,P2_phrase_plus_vigil,3,20260620,True
True,0,1,P012,P3_vigil_plus_phrase,3,20260620,True
True,0,1,P012,P3_vigil_plus_phrase,3,20260620,True
True,0,1,P012,P3_vigil_plus_phrase,3,20260620,True
False,0,0,P012,P4_negative,3,20260620,False
False,0,0,P012,P4_negative,3,20260620,False
False,0,0,P012,P4_negative,3,20260620,False
False,0,0,P012,P4_negative,3,20260620,False
False,0,0,P012,P4_negative,3,20260620,False
False,0,0,P012,P4_negative,3,20260620,False
False,0,0,P012,P4_negative,3,20260620,False
False,0,0,P012,P4_negative,3,20260620,False
False,0,0,P012,P4_negative,3,20260620,False
False,0,0,P012,P4_negative,3,20260620,False
False,0,0,P012,P4_negative,3,20260620,False
False,0,0,P012,P4_negative,3,20260620,False
False,0,0,P012,P4_negative,3,20260620,False
False,0,0,P012,P4_negative,3,20260620,False
False,0,0,P012,P4_negative,3,20260620,False
False,0,0,P012,P4_negative,3,20260620,False
False,0,0,P012,P4_negative,3,20260620,False
False,0,0,P012,P4_negative,3,20260620,False
False,0,0,P012,P4_negative,3,20260620,False
True,0,1,P012,P3_vigil_plus_phrase,3,20260620,True
False,0,0,P012,P4_negative,3,20260620,False
True,0,1,P035,P1_vigil_only,3,20260620,True
False,0,1,P035,P1_vigil_only,3,20260620,False
True,0,1,P035,P1_vigil_only,3,20260620,True
True,0,1,P035,P2_phrase_plus_vigil,3,20260620,True
True,0,1,P035,P2_phrase_plus_vigil,3,20260620,True
True,0,1,P035,P2_phrase_plus_vigil,3,20260620,True
True,0,1,P035,P2_phrase_plus_vigil,3,20260620,True
True,0,1,P035,P2_phrase_plus_vigil,3,20260620,True
True,0,1,P035,P3_vigil_plus_phrase,3,20260620,True
False,0,1,P035,P3_vigil_plus_phrase,3,20260620,False
False,0,0,P035,P4_negative,3,20260620,False
False,0,0,P035,P4_negative,3,20260620,False
False,0,0,P035,P4_negative,3,20260620,False
False,0,0,P035,P4_negative,3,20260620,False
False,0,0,P035,P4_negative,3,20260620,False
False,0,0,P035,P4_negative,3,20260620,False
False,0,0,P035,P4_negative,3,20260620,False
False,0,0,P035,P4_negative,3,20260620,False
False,0,0,P035,P4_negative,3,20260620,False
False,0,0,P035,P4_negative,3,20260620,False
False,0,0,P035,P4_negative,3,20260620,False
False,0,0,P035,P4_negative,3,20260620,False
False,0,0,P035,P4_negative,3,20260620,False
False,0,0,P035,P4_negative,3,20260620,False
False,0,0,P035,P4_negative,3,20260620,False
True,0,1,P020,P1_vigil_only,3,20260620,True
True,0,1,P020,P1_vigil_only,3,20260620,True
True,0,1,P020,P1_vigil_only,3,20260620,True
True,0,1,P020,P2_phrase_plus_vigil,3,20260620,True
True,0,1,P020,P2_phrase_plus_vigil,3,20260620,True
True,0,1,P020,P2_phrase_plus_vigil,3,20260620,True
True,0,1,P020,P2_phrase_plus_vigil,3,20260620,True
True,0,1,P020,P2_phrase_plus_vigil,3,20260620,True
True,0,1,P020,P2_phrase_plus_vigil,3,20260620,True
True,0,1,P020,P3_vigil_plus_phrase,3,20260620,True
True,0,1,P020,P3_vigil_plus_phrase,3,20260620,True
True,0,1,P020,P3_vigil_plus_phrase,3,20260620,True
True,0,1,P020,P3_vigil_plus_phrase,3,20260620,True
False,0,0,P020,P4_negative,3,20260620,False
False,0,0,P020,P4_negative,3,20260620,False
False,0,0,P020,P4_negative,3,20260620,False
False,0,0,P020,P4_negative,3,20260620,False
False,0,0,P020,P4_negative,3,20260620,False
False,0,0,P020,P4_negative,3,20260620,False
False,0,0,P020,P4_negative,3,20260620,False
False,0,0,P020,P4_negative,3,20260620,False
False,0,0,P020,P4_negative,3,20260620,False
False,0,0,P020,P4_negative,3,20260620,False
False,0,0,P020,P4_negative,3,20260620,False
False,0,0,P020,P4_negative,3,20260620,False
False,0,0,P020,P4_negative,3,20260620,False
False,0,0,P020,P4_negative,3,20260620,False
False,0,0,P020,P4_negative,3,20260620,False
False,0,0,P020,P4_negative,3,20260620,False
False,0,0,P020,P4_negative,3,20260620,False
False,0,0,P020,P4_negative,3,20260620,False
False,0,0,P020,P4_negative,3,20260620,False
False,0,0,P020,P4_negative,3,20260620,False
True,0,1,P020,P2_phrase_plus_vigil,3,20260620,True
True,0,1,P020,P2_phrase_plus_vigil,3,20260620,True
True,0,1,P020,P2_phrase_plus_vigil,3,20260620,True
True,0,1,P020,P2_phrase_plus_vigil,3,20260620,True
True,0,1,P020,P2_phrase_plus_vigil,3,20260620,True
True,0,1,P020,P3_vigil_plus_phrase,3,20260620,True
True,0,1,P020,P3_vigil_plus_phrase,3,20260620,True
False,0,0,P020,P4_negative,3,20260620,False
False,0,0,P020,P4_negative,3,20260620,False
False,0,0,P020,P4_negative,3,20260620,False
False,0,0,P020,P4_negative,3,20260620,False
False,0,0,P020,P4_negative,3,20260620,False
False,0,0,P020,P4_negative,3,20260620,False
False,0,0,P020,P4_negative,3,20260620,False
False,0,0,P020,P4_negative,3,20260620,False
False,0,0,P020,P4_negative,3,20260620,False
False,0,0,P020,P4_negative,3,20260620,False
True,0,1,P022,P1_vigil_only,3,20260620,True
True,0,1,P022,P1_vigil_only,3,20260620,True
True,0,1,P022,P1_vigil_only,3,20260620,True
True,0,1,P022,P1_vigil_only,3,20260620,True
True,0,1,P022,P1_vigil_only,3,20260620,True
True,0,1,P022,P1_vigil_only,3,20260620,True
True,0,1,P022,P1_vigil_only,3,20260620,True
True,0,1,P022,P1_vigil_only,3,20260620,True
True,0,1,P022,P1_vigil_only,3,20260620,True
True,0,1,P022,P1_vigil_only,3,20260620,True
True,0,1,P022,P1_vigil_only,3,20260620,True
True,0,1,P022,P1_vigil_only,3,20260620,True
True,0,1,P022,P1_vigil_only,3,20260620,True
True,0,1,P022,P1_vigil_only,3,20260620,True
True,0,1,P022,P1_vigil_only,3,20260620,True
True,0,1,P022,P1_vigil_only,3,20260620,True
True,0,1,P022,P1_vigil_only,3,20260620,True
True,0,1,P022,P1_vigil_only,3,20260620,True
True,0,1,P022,P1_vigil_only,3,20260620,True
True,0,1,P022,P1_vigil_only,3,20260620,True
True,0,1,P022,P1_vigil_only,3,20260620,True
True,0,1,P022,P1_vigil_only,3,20260620,True
True,0,1,P022,P1_vigil_only,3,20260620,True
True,0,1,P022,P1_vigil_only,3,20260620,True
True,0,1,P022,P1_vigil_only,3,20260620,True
True,0,1,P022,P1_vigil_only,3,20260620,True
True,0,1,P022,P1_vigil_only,3,20260620,True
True,0,1,P022,P1_vigil_only,3,20260620,True
True,0,1,P022,P2_phrase_plus_vigil,3,20260620,True
True,0,1,P022,P2_phrase_plus_vigil,3,20260620,True
True,0,1,P022,P2_phrase_plus_vigil,3,20260620,True
True,0,1,P022,P2_phrase_plus_vigil,3,20260620,True
True,0,1,P022,P2_phrase_plus_vigil,3,20260620,True
True,0,1,P022,P2_phrase_plus_vigil,3,20260620,True
True,0,1,P022,P2_phrase_plus_vigil,3,20260620,True
True,0,1,P022,P2_phrase_plus_vigil,3,20260620,True
True,0,1,P022,P2_phrase_plus_vigil,3,20260620,True
True,0,1,P022,P2_phrase_plus_vigil,3,20260620,True
True,0,1,P022,P2_phrase_plus_vigil,3,20260620,True
True,0,1,P022,P2_phrase_plus_vigil,3,20260620,True
True,0,1,P022,P2_phrase_plus_vigil,3,20260620,True
True,0,1,P022,P2_phrase_plus_vigil,3,20260620,True
True,0,1,P022,P2_phrase_plus_vigil,3,20260620,True
True,0,1,P022,P2_phrase_plus_vigil,3,20260620,True
True,0,1,P022,P2_phrase_plus_vigil,3,20260620,True
True,0,1,P022,P2_phrase_plus_vigil,3,20260620,True
True,0,1,P022,P2_phrase_plus_vigil,3,20260620,True
True,0,1,P022,P2_phrase_plus_vigil,3,20260620,True
True,0,1,P022,P2_phrase_plus_vigil,3,20260620,True
True,0,1,P022,P2_phrase_plus_vigil,3,20260620,True
True,0,1,P022,P2_phrase_plus_vigil,3,20260620,True
True,0,1,P022,P2_phrase_plus_vigil,3,20260620,True
True,0,1,P022,P2_phrase_plus_vigil,3,20260620,True
True,0,1,P022,P3_vigil_plus_phrase,3,20260620,True
True,0,1,P022,P3_vigil_plus_phrase,3,20260620,True
True,0,1,P022,P3_vigil_plus_phrase,3,20260620,True
True,0,1,P022,P3_vigil_plus_phrase,3,20260620,True
True,0,1,P022,P3_vigil_plus_phrase,3,20260620,True
True,0,1,P022,P3_vigil_plus_phrase,3,20260620,True
True,0,1,P022,P3_vigil_plus_phrase,3,20260620,True
True,0,1,P022,P3_vigil_plus_phrase,3,20260620,True
True,0,1,P022,P3_vigil_plus_phrase,3,20260620,True
True,0,1,P022,P3_vigil_plus_phrase,3,20260620,True
True,0,1,P022,P3_vigil_plus_phrase,3,20260620,True
True,0,1,P022,P3_vigil_plus_phrase,3,20260620,True
True,0,1,P022,P3_vigil_plus_phrase,3,20260620,True
True,0,1,P022,P3_vigil_plus_phrase,3,20260620,True
False,0,0,P022,P4_negative,3,20260620,False
False,0,0,P022,P4_negative,3,20260620,False
False,0,0,P022,P4_negative,3,20260620,False
False,0,0,P022,P4_negative,3,20260620,False
False,0,0,P022,P4_negative,3,20260620,False
False,0,0,P022,P4_negative,3,20260620,False
False,0,0,P022,P4_negative,3,20260620,False
False,0,0,P022,P4_negative,3,20260620,False
False,0,0,P022,P4_negative,3,20260620,False
False,0,0,P022,P4_negative,3,20260620,False
False,0,0,P022,P4_negative,3,20260620,False
False,0,0,P022,P4_negative,3,20260620,False
False,0,0,P022,P4_negative,3,20260620,False
False,0,0,P022,P4_negative,3,20260620,False
False,0,0,P022,P4_negative,3,20260620,False
False,0,0,P022,P4_negative,3,20260620,False
False,0,0,P022,P4_negative,3,20260620,False
False,0,0,P022,P4_negative,3,20260620,False
False,0,0,P022,P4_negative,3,20260620,False
False,0,0,P022,P4_negative,3,20260620,False
False,0,0,P022,P4_negative,3,20260620,False
False,0,0,P022,P4_negative,3,20260620,False
False,0,0,P022,P4_negative,3,20260620,False
False,0,0,P022,P4_negative,3,20260620,False
False,0,0,P022,P4_negative,3,20260620,False
False,0,0,P022,P4_negative,3,20260620,False
False,0,0,P022,P4_negative,3,20260620,False
False,0,0,P022,P4_negative,3,20260620,False
False,0,0,P022,P4_negative,3,20260620,False
False,0,0,P022,P4_negative,3,20260620,False
True,0,1,P034,P1_vigil_only,3,20260620,True
True,0,1,P034,P2_phrase_plus_vigil,3,20260620,True
True,0,1,P034,P2_phrase_plus_vigil,3,20260620,True
True,0,1,P034,P2_phrase_plus_vigil,3,20260620,True
True,0,1,P034,P2_phrase_plus_vigil,3,20260620,True
True,0,1,P034,P3_vigil_plus_phrase,3,20260620,True
True,0,1,P034,P3_vigil_plus_phrase,3,20260620,True
True,0,1,P034,P3_vigil_plus_phrase,3,20260620,True
False,0,0,P034,P4_negative,3,20260620,False
False,0,0,P034,P4_negative,3,20260620,False
False,0,0,P034,P4_negative,3,20260620,False
False,0,0,P034,P4_negative,3,20260620,False
False,0,0,P034,P4_negative,3,20260620,False
False,0,0,P034,P4_negative,3,20260620,False
False,0,0,P034,P4_negative,3,20260620,False
False,0,0,P034,P4_negative,3,20260620,False
False,0,0,P034,P4_negative,3,20260620,False
False,0,0,P034,P4_negative,3,20260620,False
False,0,0,P034,P4_negative,3,20260620,False
False,0,0,P034,P4_negative,3,20260620,False
False,0,0,P034,P4_negative,3,20260620,False
False,0,0,P034,P4_negative,3,20260620,False
False,0,0,P034,P4_negative,3,20260620,False
False,0,1,P012,P1_vigil_only,5,20260620,False
True,0,1,P012,P2_phrase_plus_vigil,5,20260620,True
False,0,1,P012,P2_phrase_plus_vigil,5,20260620,False
True,0,1,P012,P2_phrase_plus_vigil,5,20260620,True
True,0,1,P012,P3_vigil_plus_phrase,5,20260620,True
True,0,1,P012,P3_vigil_plus_phrase,5,20260620,True
True,0,1,P012,P3_vigil_plus_phrase,5,20260620,True
False,0,0,P012,P4_negative,5,20260620,False
False,0,0,P012,P4_negative,5,20260620,False
False,0,0,P012,P4_negative,5,20260620,False
False,0,0,P012,P4_negative,5,20260620,False
False,0,0,P012,P4_negative,5,20260620,False
False,0,0,P012,P4_negative,5,20260620,False
False,0,0,P012,P4_negative,5,20260620,False
False,0,0,P012,P4_negative,5,20260620,False
False,0,0,P012,P4_negative,5,20260620,False
False,0,0,P012,P4_negative,5,20260620,False
False,0,0,P012,P4_negative,5,20260620,False
False,0,0,P012,P4_negative,5,20260620,False
False,0,0,P012,P4_negative,5,20260620,False
False,0,0,P012,P4_negative,5,20260620,False
False,0,0,P012,P4_negative,5,20260620,False
False,0,0,P012,P4_negative,5,20260620,False
False,0,0,P012,P4_negative,5,20260620,False
False,0,0,P012,P4_negative,5,20260620,False
False,0,0,P012,P4_negative,5,20260620,False
True,0,1,P012,P3_vigil_plus_phrase,5,20260620,True
False,0,0,P012,P4_negative,5,20260620,False
True,0,1,P035,P1_vigil_only,5,20260620,True
False,0,1,P035,P1_vigil_only,5,20260620,False
True,0,1,P035,P2_phrase_plus_vigil,5,20260620,True
True,0,1,P035,P2_phrase_plus_vigil,5,20260620,True
True,0,1,P035,P2_phrase_plus_vigil,5,20260620,True
True,0,1,P035,P2_phrase_plus_vigil,5,20260620,True
True,0,1,P035,P3_vigil_plus_phrase,5,20260620,True
False,0,1,P035,P3_vigil_plus_phrase,5,20260620,False
False,0,0,P035,P4_negative,5,20260620,False
False,0,0,P035,P4_negative,5,20260620,False
False,0,0,P035,P4_negative,5,20260620,False
False,0,0,P035,P4_negative,5,20260620,False
False,0,0,P035,P4_negative,5,20260620,False
False,0,0,P035,P4_negative,5,20260620,False
False,0,0,P035,P4_negative,5,20260620,False
False,0,0,P035,P4_negative,5,20260620,False
False,0,0,P035,P4_negative,5,20260620,False
False,0,0,P035,P4_negative,5,20260620,False
False,0,0,P035,P4_negative,5,20260620,False
False,0,0,P035,P4_negative,5,20260620,False
False,0,0,P035,P4_negative,5,20260620,False
False,0,0,P035,P4_negative,5,20260620,False
False,0,0,P035,P4_negative,5,20260620,False
True,0,1,P020,P1_vigil_only,5,20260620,True
True,0,1,P020,P1_vigil_only,5,20260620,True
True,0,1,P020,P1_vigil_only,5,20260620,True
True,0,1,P020,P2_phrase_plus_vigil,5,20260620,True
True,0,1,P020,P2_phrase_plus_vigil,5,20260620,True
True,0,1,P020,P2_phrase_plus_vigil,5,20260620,True
True,0,1,P020,P2_phrase_plus_vigil,5,20260620,True
True,0,1,P020,P2_phrase_plus_vigil,5,20260620,True
True,0,1,P020,P3_vigil_plus_phrase,5,20260620,True
True,0,1,P020,P3_vigil_plus_phrase,5,20260620,True
True,0,1,P020,P3_vigil_plus_phrase,5,20260620,True
True,0,1,P020,P3_vigil_plus_phrase,5,20260620,True
False,0,0,P020,P4_negative,5,20260620,False
False,0,0,P020,P4_negative,5,20260620,False
False,0,0,P020,P4_negative,5,20260620,False
False,0,0,P020,P4_negative,5,20260620,False
False,0,0,P020,P4_negative,5,20260620,False
False,0,0,P020,P4_negative,5,20260620,False
False,0,0,P020,P4_negative,5,20260620,False
False,0,0,P020,P4_negative,5,20260620,False
False,0,0,P020,P4_negative,5,20260620,False
False,0,0,P020,P4_negative,5,20260620,False
False,0,0,P020,P4_negative,5,20260620,False
False,0,0,P020,P4_negative,5,20260620,False
False,0,0,P020,P4_negative,5,20260620,False
False,0,0,P020,P4_negative,5,20260620,False
False,0,0,P020,P4_negative,5,20260620,False
False,0,0,P020,P4_negative,5,20260620,False
False,0,0,P020,P4_negative,5,20260620,False
False,0,0,P020,P4_negative,5,20260620,False
False,0,0,P020,P4_negative,5,20260620,False
False,0,0,P020,P4_negative,5,20260620,False
True,0,1,P020,P2_phrase_plus_vigil,5,20260620,True
True,0,1,P020,P2_phrase_plus_vigil,5,20260620,True
True,0,1,P020,P2_phrase_plus_vigil,5,20260620,True
True,0,1,P020,P2_phrase_plus_vigil,5,20260620,True
True,0,1,P020,P3_vigil_plus_phrase,5,20260620,True
True,0,1,P020,P3_vigil_plus_phrase,5,20260620,True
False,0,0,P020,P4_negative,5,20260620,False
False,0,0,P020,P4_negative,5,20260620,False
False,0,0,P020,P4_negative,5,20260620,False
False,0,0,P020,P4_negative,5,20260620,False
False,0,0,P020,P4_negative,5,20260620,False
False,0,0,P020,P4_negative,5,20260620,False
False,0,0,P020,P4_negative,5,20260620,False
False,0,0,P020,P4_negative,5,20260620,False
False,0,0,P020,P4_negative,5,20260620,False
False,0,0,P020,P4_negative,5,20260620,False
True,0,1,P022,P1_vigil_only,5,20260620,True
True,0,1,P022,P1_vigil_only,5,20260620,True
True,0,1,P022,P1_vigil_only,5,20260620,True
True,0,1,P022,P1_vigil_only,5,20260620,True
True,0,1,P022,P1_vigil_only,5,20260620,True
True,0,1,P022,P1_vigil_only,5,20260620,True
True,0,1,P022,P1_vigil_only,5,20260620,True
True,0,1,P022,P1_vigil_only,5,20260620,True
True,0,1,P022,P1_vigil_only,5,20260620,True
True,0,1,P022,P1_vigil_only,5,20260620,True
True,0,1,P022,P1_vigil_only,5,20260620,True
True,0,1,P022,P1_vigil_only,5,20260620,True
True,0,1,P022,P1_vigil_only,5,20260620,True
True,0,1,P022,P1_vigil_only,5,20260620,True
True,0,1,P022,P1_vigil_only,5,20260620,True
True,0,1,P022,P1_vigil_only,5,20260620,True
True,0,1,P022,P1_vigil_only,5,20260620,True
True,0,1,P022,P1_vigil_only,5,20260620,True
True,0,1,P022,P1_vigil_only,5,20260620,True
True,0,1,P022,P1_vigil_only,5,20260620,True
True,0,1,P022,P1_vigil_only,5,20260620,True
True,0,1,P022,P1_vigil_only,5,20260620,True
True,0,1,P022,P1_vigil_only,5,20260620,True
True,0,1,P022,P1_vigil_only,5,20260620,True
True,0,1,P022,P1_vigil_only,5,20260620,True
True,0,1,P022,P1_vigil_only,5,20260620,True
True,0,1,P022,P1_vigil_only,5,20260620,True
True,0,1,P022,P1_vigil_only,5,20260620,True
True,0,1,P022,P2_phrase_plus_vigil,5,20260620,True
True,0,1,P022,P2_phrase_plus_vigil,5,20260620,True
True,0,1,P022,P2_phrase_plus_vigil,5,20260620,True
True,0,1,P022,P2_phrase_plus_vigil,5,20260620,True
True,0,1,P022,P2_phrase_plus_vigil,5,20260620,True
True,0,1,P022,P2_phrase_plus_vigil,5,20260620,True
True,0,1,P022,P2_phrase_plus_vigil,5,20260620,True
True,0,1,P022,P2_phrase_plus_vigil,5,20260620,True
True,0,1,P022,P2_phrase_plus_vigil,5,20260620,True
True,0,1,P022,P2_phrase_plus_vigil,5,20260620,True
True,0,1,P022,P2_phrase_plus_vigil,5,20260620,True
True,0,1,P022,P2_phrase_plus_vigil,5,20260620,True
True,0,1,P022,P2_phrase_plus_vigil,5,20260620,True
True,0,1,P022,P2_phrase_plus_vigil,5,20260620,True
True,0,1,P022,P2_phrase_plus_vigil,5,20260620,True
True,0,1,P022,P2_phrase_plus_vigil,5,20260620,True
True,0,1,P022,P2_phrase_plus_vigil,5,20260620,True
True,0,1,P022,P2_phrase_plus_vigil,5,20260620,True
True,0,1,P022,P2_phrase_plus_vigil,5,20260620,True
True,0,1,P022,P2_phrase_plus_vigil,5,20260620,True
True,0,1,P022,P2_phrase_plus_vigil,5,20260620,True
True,0,1,P022,P2_phrase_plus_vigil,5,20260620,True
True,0,1,P022,P2_phrase_plus_vigil,5,20260620,True
True,0,1,P022,P3_vigil_plus_phrase,5,20260620,True
True,0,1,P022,P3_vigil_plus_phrase,5,20260620,True
True,0,1,P022,P3_vigil_plus_phrase,5,20260620,True
True,0,1,P022,P3_vigil_plus_phrase,5,20260620,True
True,0,1,P022,P3_vigil_plus_phrase,5,20260620,True
True,0,1,P022,P3_vigil_plus_phrase,5,20260620,True
True,0,1,P022,P3_vigil_plus_phrase,5,20260620,True
True,0,1,P022,P3_vigil_plus_phrase,5,20260620,True
True,0,1,P022,P3_vigil_plus_phrase,5,20260620,True
True,0,1,P022,P3_vigil_plus_phrase,5,20260620,True
True,0,1,P022,P3_vigil_plus_phrase,5,20260620,True
True,0,1,P022,P3_vigil_plus_phrase,5,20260620,True
True,0,1,P022,P3_vigil_plus_phrase,5,20260620,True
True,0,1,P022,P3_vigil_plus_phrase,5,20260620,True
False,0,0,P022,P4_negative,5,20260620,False
False,0,0,P022,P4_negative,5,20260620,False
False,0,0,P022,P4_negative,5,20260620,False
False,0,0,P022,P4_negative,5,20260620,False
False,0,0,P022,P4_negative,5,20260620,False
False,0,0,P022,P4_negative,5,20260620,False
False,0,0,P022,P4_negative,5,20260620,False
False,0,0,P022,P4_negative,5,20260620,False
False,0,0,P022,P4_negative,5,20260620,False
False,0,0,P022,P4_negative,5,20260620,False
False,0,0,P022,P4_negative,5,20260620,False
False,0,0,P022,P4_negative,5,20260620,False
False,0,0,P022,P4_negative,5,20260620,False
False,0,0,P022,P4_negative,5,20260620,False
False,0,0,P022,P4_negative,5,20260620,False
False,0,0,P022,P4_negative,5,20260620,False
False,0,0,P022,P4_negative,5,20260620,False
False,0,0,P022,P4_negative,5,20260620,False
False,0,0,P022,P4_negative,5,20260620,False
False,0,0,P022,P4_negative,5,20260620,False
False,0,0,P022,P4_negative,5,20260620,False
False,0,0,P022,P4_negative,5,20260620,False
False,0,0,P022,P4_negative,5,20260620,False
False,0,0,P022,P4_negative,5,20260620,False
False,0,0,P022,P4_negative,5,20260620,False
False,0,0,P022,P4_negative,5,20260620,False
False,0,0,P022,P4_negative,5,20260620,False
False,0,0,P022,P4_negative,5,20260620,False
False,0,0,P022,P4_negative,5,20260620,False
False,0,0,P022,P4_negative,5,20260620,False
True,0,1,P034,P1_vigil_only,5,20260620,True
True,0,1,P034,P2_phrase_plus_vigil,5,20260620,True
True,0,1,P034,P2_phrase_plus_vigil,5,20260620,True
True,0,1,P034,P3_vigil_plus_phrase,5,20260620,True
True,0,1,P034,P3_vigil_plus_phrase,5,20260620,True
True,0,1,P034,P3_vigil_plus_phrase,5,20260620,True
False,0,0,P034,P4_negative,5,20260620,False
False,0,0,P034,P4_negative,5,20260620,False
False,0,0,P034,P4_negative,5,20260620,False
False,0,0,P034,P4_negative,5,20260620,False
False,0,0,P034,P4_negative,5,20260620,False
False,0,0,P034,P4_negative,5,20260620,False
False,0,0,P034,P4_negative,5,20260620,False
False,0,0,P034,P4_negative,5,20260620,False
False,0,0,P034,P4_negative,5,20260620,False
False,0,0,P034,P4_negative,5,20260620,False
False,0,0,P034,P4_negative,5,20260620,False
False,0,0,P034,P4_negative,5,20260620,False
False,0,0,P034,P4_negative,5,20260620,False
False,0,0,P034,P4_negative,5,20260620,False
False,0,0,P034,P4_negative,5,20260620,False
True,0,1,P030,P1_vigil_only,3,20260621,True
True,0,1,P030,P3_vigil_plus_phrase,3,20260621,True
False,0,0,P030,P4_negative,3,20260621,False
False,0,0,P030,P4_negative,3,20260621,False
False,0,1,P012,P1_vigil_only,3,20260621,False
True,0,1,P012,P2_phrase_plus_vigil,3,20260621,True
True,0,1,P012,P2_phrase_plus_vigil,3,20260621,True
False,0,1,P012,P2_phrase_plus_vigil,3,20260621,False
True,0,1,P012,P2_phrase_plus_vigil,3,20260621,True
True,0,1,P012,P2_phrase_plus_vigil,3,20260621,True
True,0,1,P012,P3_vigil_plus_phrase,3,20260621,True
True,0,1,P012,P3_vigil_plus_phrase,3,20260621,True
True,0,1,P012,P3_vigil_plus_phrase,3,20260621,True
False,0,0,P012,P4_negative,3,20260621,False
False,0,0,P012,P4_negative,3,20260621,False
False,0,0,P012,P4_negative,3,20260621,False
False,0,0,P012,P4_negative,3,20260621,False
False,0,0,P012,P4_negative,3,20260621,False
False,0,0,P012,P4_negative,3,20260621,False
False,0,0,P012,P4_negative,3,20260621,False
False,0,0,P012,P4_negative,3,20260621,False
False,0,0,P012,P4_negative,3,20260621,False
False,0,0,P012,P4_negative,3,20260621,False
False,0,0,P012,P4_negative,3,20260621,False
False,0,0,P012,P4_negative,3,20260621,False
False,0,0,P012,P4_negative,3,20260621,False
False,0,0,P012,P4_negative,3,20260621,False
False,0,0,P012,P4_negative,3,20260621,False
False,0,0,P012,P4_negative,3,20260621,False
False,0,0,P012,P4_negative,3,20260621,False
False,0,0,P012,P4_negative,3,20260621,False
False,0,0,P012,P4_negative,3,20260621,False
True,0,1,P012,P3_vigil_plus_phrase,3,20260621,True
False,0,0,P012,P4_negative,3,20260621,False
True,0,1,P035,P1_vigil_only,3,20260621,True
False,0,1,P035,P1_vigil_only,3,20260621,False
True,0,1,P035,P1_vigil_only,3,20260621,True
True,0,1,P035,P2_phrase_plus_vigil,3,20260621,True
True,0,1,P035,P2_phrase_plus_vigil,3,20260621,True
True,0,1,P035,P2_phrase_plus_vigil,3,20260621,True
True,0,1,P035,P2_phrase_plus_vigil,3,20260621,True
True,0,1,P035,P3_vigil_plus_phrase,3,20260621,True
True,0,1,P035,P3_vigil_plus_phrase,3,20260621,True
True,0,1,P035,P3_vigil_plus_phrase,3,20260621,True
False,0,0,P035,P4_negative,3,20260621,False
False,0,0,P035,P4_negative,3,20260621,False
False,0,0,P035,P4_negative,3,20260621,False
False,0,0,P035,P4_negative,3,20260621,False
False,0,0,P035,P4_negative,3,20260621,False
False,0,0,P035,P4_negative,3,20260621,False
False,0,0,P035,P4_negative,3,20260621,False
False,0,0,P035,P4_negative,3,20260621,False
False,0,0,P035,P4_negative,3,20260621,False
False,0,0,P035,P4_negative,3,20260621,False
False,0,0,P035,P4_negative,3,20260621,False
False,0,0,P035,P4_negative,3,20260621,False
False,0,0,P035,P4_negative,3,20260621,False
False,0,0,P035,P4_negative,3,20260621,False
False,0,0,P035,P4_negative,3,20260621,False
True,0,1,P020,P1_vigil_only,3,20260621,True
True,0,1,P020,P1_vigil_only,3,20260621,True
True,0,1,P020,P1_vigil_only,3,20260621,True
True,0,1,P020,P2_phrase_plus_vigil,3,20260621,True
True,0,1,P020,P2_phrase_plus_vigil,3,20260621,True
True,0,1,P020,P2_phrase_plus_vigil,3,20260621,True
True,0,1,P020,P2_phrase_plus_vigil,3,20260621,True
True,0,1,P020,P2_phrase_plus_vigil,3,20260621,True
True,0,1,P020,P2_phrase_plus_vigil,3,20260621,True
True,0,1,P020,P3_vigil_plus_phrase,3,20260621,True
True,0,1,P020,P3_vigil_plus_phrase,3,20260621,True
False,0,0,P020,P4_negative,3,20260621,False
False,0,0,P020,P4_negative,3,20260621,False
False,0,0,P020,P4_negative,3,20260621,False
False,0,0,P020,P4_negative,3,20260621,False
False,0,0,P020,P4_negative,3,20260621,False
False,0,0,P020,P4_negative,3,20260621,False
False,0,0,P020,P4_negative,3,20260621,False
False,0,0,P020,P4_negative,3,20260621,False
False,0,0,P020,P4_negative,3,20260621,False
False,0,0,P020,P4_negative,3,20260621,False
False,0,0,P020,P4_negative,3,20260621,False
False,0,0,P020,P4_negative,3,20260621,False
False,0,0,P020,P4_negative,3,20260621,False
False,0,0,P020,P4_negative,3,20260621,False
False,0,0,P020,P4_negative,3,20260621,False
False,0,0,P020,P4_negative,3,20260621,False
False,0,0,P020,P4_negative,3,20260621,False
False,0,0,P020,P4_negative,3,20260621,False
False,0,0,P020,P4_negative,3,20260621,False
False,0,0,P020,P4_negative,3,20260621,False
True,0,1,P020,P2_phrase_plus_vigil,3,20260621,True
True,0,1,P020,P2_phrase_plus_vigil,3,20260621,True
True,0,1,P020,P2_phrase_plus_vigil,3,20260621,True
True,0,1,P020,P2_phrase_plus_vigil,3,20260621,True
True,0,1,P020,P2_phrase_plus_vigil,3,20260621,True
True,0,1,P020,P3_vigil_plus_phrase,3,20260621,True
True,0,1,P020,P3_vigil_plus_phrase,3,20260621,True
True,0,1,P020,P3_vigil_plus_phrase,3,20260621,True
True,0,1,P020,P3_vigil_plus_phrase,3,20260621,True
False,0,0,P020,P4_negative,3,20260621,False
False,0,0,P020,P4_negative,3,20260621,False
False,0,0,P020,P4_negative,3,20260621,False
False,0,0,P020,P4_negative,3,20260621,False
False,0,0,P020,P4_negative,3,20260621,False
False,0,0,P020,P4_negative,3,20260621,False
False,0,0,P020,P4_negative,3,20260621,False
False,0,0,P020,P4_negative,3,20260621,False
False,0,0,P020,P4_negative,3,20260621,False
False,0,0,P020,P4_negative,3,20260621,False
True,0,1,P022,P1_vigil_only,3,20260621,True
True,0,1,P022,P1_vigil_only,3,20260621,True
True,0,1,P022,P1_vigil_only,3,20260621,True
True,0,1,P022,P1_vigil_only,3,20260621,True
True,0,1,P022,P1_vigil_only,3,20260621,True
True,0,1,P022,P1_vigil_only,3,20260621,True
True,0,1,P022,P1_vigil_only,3,20260621,True
True,0,1,P022,P1_vigil_only,3,20260621,True
True,0,1,P022,P1_vigil_only,3,20260621,True
True,0,1,P022,P1_vigil_only,3,20260621,True
True,0,1,P022,P1_vigil_only,3,20260621,True
True,0,1,P022,P1_vigil_only,3,20260621,True
True,0,1,P022,P1_vigil_only,3,20260621,True
True,0,1,P022,P1_vigil_only,3,20260621,True
True,0,1,P022,P1_vigil_only,3,20260621,True
True,0,1,P022,P1_vigil_only,3,20260621,True
True,0,1,P022,P1_vigil_only,3,20260621,True
True,0,1,P022,P1_vigil_only,3,20260621,True
True,0,1,P022,P1_vigil_only,3,20260621,True
True,0,1,P022,P1_vigil_only,3,20260621,True
True,0,1,P022,P1_vigil_only,3,20260621,True
True,0,1,P022,P1_vigil_only,3,20260621,True
True,0,1,P022,P1_vigil_only,3,20260621,True
True,0,1,P022,P1_vigil_only,3,20260621,True
True,0,1,P022,P1_vigil_only,3,20260621,True
True,0,1,P022,P1_vigil_only,3,20260621,True
True,0,1,P022,P1_vigil_only,3,20260621,True
True,0,1,P022,P1_vigil_only,3,20260621,True
True,0,1,P022,P1_vigil_only,3,20260621,True
True,0,1,P022,P2_phrase_plus_vigil,3,20260621,True
True,0,1,P022,P2_phrase_plus_vigil,3,20260621,True
True,0,1,P022,P2_phrase_plus_vigil,3,20260621,True
True,0,1,P022,P2_phrase_plus_vigil,3,20260621,True
True,0,1,P022,P2_phrase_plus_vigil,3,20260621,True
True,0,1,P022,P2_phrase_plus_vigil,3,20260621,True
True,0,1,P022,P2_phrase_plus_vigil,3,20260621,True
True,0,1,P022,P2_phrase_plus_vigil,3,20260621,True
True,0,1,P022,P2_phrase_plus_vigil,3,20260621,True
True,0,1,P022,P2_phrase_plus_vigil,3,20260621,True
True,0,1,P022,P2_phrase_plus_vigil,3,20260621,True
True,0,1,P022,P2_phrase_plus_vigil,3,20260621,True
True,0,1,P022,P2_phrase_plus_vigil,3,20260621,True
True,0,1,P022,P2_phrase_plus_vigil,3,20260621,True
True,0,1,P022,P2_phrase_plus_vigil,3,20260621,True
True,0,1,P022,P2_phrase_plus_vigil,3,20260621,True
True,0,1,P022,P2_phrase_plus_vigil,3,20260621,True
True,0,1,P022,P2_phrase_plus_vigil,3,20260621,True
True,0,1,P022,P2_phrase_plus_vigil,3,20260621,True
True,0,1,P022,P2_phrase_plus_vigil,3,20260621,True
True,0,1,P022,P2_phrase_plus_vigil,3,20260621,True
True,0,1,P022,P2_phrase_plus_vigil,3,20260621,True
True,0,1,P022,P2_phrase_plus_vigil,3,20260621,True
True,0,1,P022,P2_phrase_plus_vigil,3,20260621,True
True,0,1,P022,P2_phrase_plus_vigil,3,20260621,True
True,0,1,P022,P3_vigil_plus_phrase,3,20260621,True
True,0,1,P022,P3_vigil_plus_phrase,3,20260621,True
True,0,1,P022,P3_vigil_plus_phrase,3,20260621,True
True,0,1,P022,P3_vigil_plus_phrase,3,20260621,True
True,0,1,P022,P3_vigil_plus_phrase,3,20260621,True
True,0,1,P022,P3_vigil_plus_phrase,3,20260621,True
True,0,1,P022,P3_vigil_plus_phrase,3,20260621,True
True,0,1,P022,P3_vigil_plus_phrase,3,20260621,True
True,0,1,P022,P3_vigil_plus_phrase,3,20260621,True
True,0,1,P022,P3_vigil_plus_phrase,3,20260621,True
True,0,1,P022,P3_vigil_plus_phrase,3,20260621,True
True,0,1,P022,P3_vigil_plus_phrase,3,20260621,True
True,0,1,P022,P3_vigil_plus_phrase,3,20260621,True
False,0,0,P022,P4_negative,3,20260621,False
False,0,0,P022,P4_negative,3,20260621,False
False,0,0,P022,P4_negative,3,20260621,False
False,0,0,P022,P4_negative,3,20260621,False
False,0,0,P022,P4_negative,3,20260621,False
False,0,0,P022,P4_negative,3,20260621,False
False,0,0,P022,P4_negative,3,20260621,False
False,0,0,P022,P4_negative,3,20260621,False
False,0,0,P022,P4_negative,3,20260621,False
False,0,0,P022,P4_negative,3,20260621,False
False,0,0,P022,P4_negative,3,20260621,False
False,0,0,P022,P4_negative,3,20260621,False
False,0,0,P022,P4_negative,3,20260621,False
False,0,0,P022,P4_negative,3,20260621,False
False,0,0,P022,P4_negative,3,20260621,False
False,0,0,P022,P4_negative,3,20260621,False
False,0,0,P022,P4_negative,3,20260621,False
False,0,0,P022,P4_negative,3,20260621,False
False,0,0,P022,P4_negative,3,20260621,False
False,0,0,P022,P4_negative,3,20260621,False
False,0,0,P022,P4_negative,3,20260621,False
False,0,0,P022,P4_negative,3,20260621,False
False,0,0,P022,P4_negative,3,20260621,False
False,0,0,P022,P4_negative,3,20260621,False
False,0,0,P022,P4_negative,3,20260621,False
False,0,0,P022,P4_negative,3,20260621,False
False,0,0,P022,P4_negative,3,20260621,False
False,0,0,P022,P4_negative,3,20260621,False
False,0,0,P022,P4_negative,3,20260621,False
False,0,0,P022,P4_negative,3,20260621,False
True,0,1,P034,P1_vigil_only,3,20260621,True
True,0,1,P034,P2_phrase_plus_vigil,3,20260621,True
True,0,1,P034,P2_phrase_plus_vigil,3,20260621,True
True,0,1,P034,P2_phrase_plus_vigil,3,20260621,True
True,0,1,P034,P2_phrase_plus_vigil,3,20260621,True
True,0,1,P034,P2_phrase_plus_vigil,3,20260621,True
True,0,1,P034,P3_vigil_plus_phrase,3,20260621,True
True,0,1,P034,P3_vigil_plus_phrase,3,20260621,True
False,0,0,P034,P4_negative,3,20260621,False
False,0,0,P034,P4_negative,3,20260621,False
False,0,0,P034,P4_negative,3,20260621,False
False,0,0,P034,P4_negative,3,20260621,False
False,0,0,P034,P4_negative,3,20260621,False
False,0,0,P034,P4_negative,3,20260621,False
False,0,0,P034,P4_negative,3,20260621,False
False,0,0,P034,P4_negative,3,20260621,False
False,0,0,P034,P4_negative,3,20260621,False
False,0,0,P034,P4_negative,3,20260621,False
False,0,0,P034,P4_negative,3,20260621,False
False,0,0,P034,P4_negative,3,20260621,False
False,0,0,P034,P4_negative,3,20260621,False
False,0,0,P034,P4_negative,3,20260621,False
False,0,0,P034,P4_negative,3,20260621,False
False,0,1,P012,P1_vigil_only,5,20260621,False
True,0,1,P012,P2_phrase_plus_vigil,5,20260621,True
True,0,1,P012,P2_phrase_plus_vigil,5,20260621,True
False,0,1,P012,P2_phrase_plus_vigil,5,20260621,False
True,0,1,P012,P2_phrase_plus_vigil,5,20260621,True
True,0,1,P012,P2_phrase_plus_vigil,5,20260621,True
True,0,1,P012,P3_vigil_plus_phrase,5,20260621,True
False,0,0,P012,P4_negative,5,20260621,False
False,0,0,P012,P4_negative,5,20260621,False
False,0,0,P012,P4_negative,5,20260621,False
False,0,0,P012,P4_negative,5,20260621,False
False,0,0,P012,P4_negative,5,20260621,False
False,0,0,P012,P4_negative,5,20260621,False
False,0,0,P012,P4_negative,5,20260621,False
False,0,0,P012,P4_negative,5,20260621,False
False,0,0,P012,P4_negative,5,20260621,False
False,0,0,P012,P4_negative,5,20260621,False
False,0,0,P012,P4_negative,5,20260621,False
False,0,0,P012,P4_negative,5,20260621,False
False,0,0,P012,P4_negative,5,20260621,False
False,0,0,P012,P4_negative,5,20260621,False
False,0,0,P012,P4_negative,5,20260621,False
False,0,0,P012,P4_negative,5,20260621,False
False,0,0,P012,P4_negative,5,20260621,False
False,0,0,P012,P4_negative,5,20260621,False
False,0,0,P012,P4_negative,5,20260621,False
True,0,1,P012,P3_vigil_plus_phrase,5,20260621,True
False,0,0,P012,P4_negative,5,20260621,False
True,0,1,P035,P1_vigil_only,5,20260621,True
False,0,1,P035,P1_vigil_only,5,20260621,False
True,0,1,P035,P1_vigil_only,5,20260621,True
True,0,1,P035,P2_phrase_plus_vigil,5,20260621,True
True,0,1,P035,P2_phrase_plus_vigil,5,20260621,True
True,0,1,P035,P2_phrase_plus_vigil,5,20260621,True
True,0,1,P035,P3_vigil_plus_phrase,5,20260621,True
True,0,1,P035,P3_vigil_plus_phrase,5,20260621,True
False,0,0,P035,P4_negative,5,20260621,False
False,0,0,P035,P4_negative,5,20260621,False
False,0,0,P035,P4_negative,5,20260621,False
False,0,0,P035,P4_negative,5,20260621,False
False,0,0,P035,P4_negative,5,20260621,False
False,0,0,P035,P4_negative,5,20260621,False
False,0,0,P035,P4_negative,5,20260621,False
False,0,0,P035,P4_negative,5,20260621,False
False,0,0,P035,P4_negative,5,20260621,False
False,0,0,P035,P4_negative,5,20260621,False
False,0,0,P035,P4_negative,5,20260621,False
False,0,0,P035,P4_negative,5,20260621,False
False,0,0,P035,P4_negative,5,20260621,False
False,0,0,P035,P4_negative,5,20260621,False
False,0,0,P035,P4_negative,5,20260621,False
True,0,1,P020,P1_vigil_only,5,20260621,True
True,0,1,P020,P1_vigil_only,5,20260621,True
True,0,1,P020,P1_vigil_only,5,20260621,True
True,0,1,P020,P2_phrase_plus_vigil,5,20260621,True
True,0,1,P020,P2_phrase_plus_vigil,5,20260621,True
True,0,1,P020,P2_phrase_plus_vigil,5,20260621,True
True,0,1,P020,P2_phrase_plus_vigil,5,20260621,True
True,0,1,P020,P2_phrase_plus_vigil,5,20260621,True
True,0,1,P020,P2_phrase_plus_vigil,5,20260621,True
True,0,1,P020,P3_vigil_plus_phrase,5,20260621,True
True,0,1,P020,P3_vigil_plus_phrase,5,20260621,True
False,0,0,P020,P4_negative,5,20260621,False
False,0,0,P020,P4_negative,5,20260621,False
False,0,0,P020,P4_negative,5,20260621,False
False,0,0,P020,P4_negative,5,20260621,False
False,0,0,P020,P4_negative,5,20260621,False
False,0,0,P020,P4_negative,5,20260621,False
False,0,0,P020,P4_negative,5,20260621,False
False,0,0,P020,P4_negative,5,20260621,False
False,0,0,P020,P4_negative,5,20260621,False
False,0,0,P020,P4_negative,5,20260621,False
False,0,0,P020,P4_negative,5,20260621,False
False,0,0,P020,P4_negative,5,20260621,False
False,0,0,P020,P4_negative,5,20260621,False
False,0,0,P020,P4_negative,5,20260621,False
False,0,0,P020,P4_negative,5,20260621,False
False,0,0,P020,P4_negative,5,20260621,False
False,0,0,P020,P4_negative,5,20260621,False
False,0,0,P020,P4_negative,5,20260621,False
False,0,0,P020,P4_negative,5,20260621,False
False,0,0,P020,P4_negative,5,20260621,False
True,0,1,P020,P2_phrase_plus_vigil,5,20260621,True
True,0,1,P020,P2_phrase_plus_vigil,5,20260621,True
True,0,1,P020,P2_phrase_plus_vigil,5,20260621,True
True,0,1,P020,P3_vigil_plus_phrase,5,20260621,True
True,0,1,P020,P3_vigil_plus_phrase,5,20260621,True
True,0,1,P020,P3_vigil_plus_phrase,5,20260621,True
True,0,1,P020,P3_vigil_plus_phrase,5,20260621,True
False,0,0,P020,P4_negative,5,20260621,False
False,0,0,P020,P4_negative,5,20260621,False
False,0,0,P020,P4_negative,5,20260621,False
False,0,0,P020,P4_negative,5,20260621,False
False,0,0,P020,P4_negative,5,20260621,False
False,0,0,P020,P4_negative,5,20260621,False
False,0,0,P020,P4_negative,5,20260621,False
False,0,0,P020,P4_negative,5,20260621,False
False,0,0,P020,P4_negative,5,20260621,False
False,0,0,P020,P4_negative,5,20260621,False
True,0,1,P022,P1_vigil_only,5,20260621,True
True,0,1,P022,P1_vigil_only,5,20260621,True
True,0,1,P022,P1_vigil_only,5,20260621,True
True,0,1,P022,P1_vigil_only,5,20260621,True
True,0,1,P022,P1_vigil_only,5,20260621,True
True,0,1,P022,P1_vigil_only,5,20260621,True
True,0,1,P022,P1_vigil_only,5,20260621,True
True,0,1,P022,P1_vigil_only,5,20260621,True
True,0,1,P022,P1_vigil_only,5,20260621,True
True,0,1,P022,P1_vigil_only,5,20260621,True
True,0,1,P022,P1_vigil_only,5,20260621,True
True,0,1,P022,P1_vigil_only,5,20260621,True
True,0,1,P022,P1_vigil_only,5,20260621,True
True,0,1,P022,P1_vigil_only,5,20260621,True
True,0,1,P022,P1_vigil_only,5,20260621,True
True,0,1,P022,P1_vigil_only,5,20260621,True
True,0,1,P022,P1_vigil_only,5,20260621,True
True,0,1,P022,P1_vigil_only,5,20260621,True
True,0,1,P022,P1_vigil_only,5,20260621,True
True,0,1,P022,P1_vigil_only,5,20260621,True
True,0,1,P022,P1_vigil_only,5,20260621,True
True,0,1,P022,P1_vigil_only,5,20260621,True
True,0,1,P022,P1_vigil_only,5,20260621,True
True,0,1,P022,P1_vigil_only,5,20260621,True
True,0,1,P022,P1_vigil_only,5,20260621,True
True,0,1,P022,P1_vigil_only,5,20260621,True
True,0,1,P022,P1_vigil_only,5,20260621,True
True,0,1,P022,P1_vigil_only,5,20260621,True
True,0,1,P022,P2_phrase_plus_vigil,5,20260621,True
True,0,1,P022,P2_phrase_plus_vigil,5,20260621,True
True,0,1,P022,P2_phrase_plus_vigil,5,20260621,True
True,0,1,P022,P2_phrase_plus_vigil,5,20260621,True
True,0,1,P022,P2_phrase_plus_vigil,5,20260621,True
True,0,1,P022,P2_phrase_plus_vigil,5,20260621,True
True,0,1,P022,P2_phrase_plus_vigil,5,20260621,True
True,0,1,P022,P2_phrase_plus_vigil,5,20260621,True
True,0,1,P022,P2_phrase_plus_vigil,5,20260621,True
True,0,1,P022,P2_phrase_plus_vigil,5,20260621,True
True,0,1,P022,P2_phrase_plus_vigil,5,20260621,True
True,0,1,P022,P2_phrase_plus_vigil,5,20260621,True
True,0,1,P022,P2_phrase_plus_vigil,5,20260621,True
True,0,1,P022,P2_phrase_plus_vigil,5,20260621,True
True,0,1,P022,P2_phrase_plus_vigil,5,20260621,True
True,0,1,P022,P2_phrase_plus_vigil,5,20260621,True
True,0,1,P022,P2_phrase_plus_vigil,5,20260621,True
True,0,1,P022,P2_phrase_plus_vigil,5,20260621,True
True,0,1,P022,P2_phrase_plus_vigil,5,20260621,True
True,0,1,P022,P2_phrase_plus_vigil,5,20260621,True
True,0,1,P022,P2_phrase_plus_vigil,5,20260621,True
True,0,1,P022,P2_phrase_plus_vigil,5,20260621,True
True,0,1,P022,P2_phrase_plus_vigil,5,20260621,True
True,0,1,P022,P2_phrase_plus_vigil,5,20260621,True
True,0,1,P022,P2_phrase_plus_vigil,5,20260621,True
True,0,1,P022,P3_vigil_plus_phrase,5,20260621,True
True,0,1,P022,P3_vigil_plus_phrase,5,20260621,True
True,0,1,P022,P3_vigil_plus_phrase,5,20260621,True
True,0,1,P022,P3_vigil_plus_phrase,5,20260621,True
True,0,1,P022,P3_vigil_plus_phrase,5,20260621,True
True,0,1,P022,P3_vigil_plus_phrase,5,20260621,True
True,0,1,P022,P3_vigil_plus_phrase,5,20260621,True
True,0,1,P022,P3_vigil_plus_phrase,5,20260621,True
True,0,1,P022,P3_vigil_plus_phrase,5,20260621,True
True,0,1,P022,P3_vigil_plus_phrase,5,20260621,True
True,0,1,P022,P3_vigil_plus_phrase,5,20260621,True
True,0,1,P022,P3_vigil_plus_phrase,5,20260621,True
False,0,0,P022,P4_negative,5,20260621,False
False,0,0,P022,P4_negative,5,20260621,False
False,0,0,P022,P4_negative,5,20260621,False
False,0,0,P022,P4_negative,5,20260621,False
False,0,0,P022,P4_negative,5,20260621,False
False,0,0,P022,P4_negative,5,20260621,False
False,0,0,P022,P4_negative,5,20260621,False
False,0,0,P022,P4_negative,5,20260621,False
False,0,0,P022,P4_negative,5,20260621,False
False,0,0,P022,P4_negative,5,20260621,False
False,0,0,P022,P4_negative,5,20260621,False
False,0,0,P022,P4_negative,5,20260621,False
False,0,0,P022,P4_negative,5,20260621,False
False,0,0,P022,P4_negative,5,20260621,False
False,0,0,P022,P4_negative,5,20260621,False
False,0,0,P022,P4_negative,5,20260621,False
False,0,0,P022,P4_negative,5,20260621,False
False,0,0,P022,P4_negative,5,20260621,False
False,0,0,P022,P4_negative,5,20260621,False
False,0,0,P022,P4_negative,5,20260621,False
False,0,0,P022,P4_negative,5,20260621,False
False,0,0,P022,P4_negative,5,20260621,False
False,0,0,P022,P4_negative,5,20260621,False
False,0,0,P022,P4_negative,5,20260621,False
False,0,0,P022,P4_negative,5,20260621,False
False,0,0,P022,P4_negative,5,20260621,False
False,0,0,P022,P4_negative,5,20260621,False
False,0,0,P022,P4_negative,5,20260621,False
False,0,0,P022,P4_negative,5,20260621,False
False,0,0,P022,P4_negative,5,20260621,False
True,0,1,P034,P1_vigil_only,5,20260621,True
True,0,1,P034,P2_phrase_plus_vigil,5,20260621,True
True,0,1,P034,P2_phrase_plus_vigil,5,20260621,True
True,0,1,P034,P2_phrase_plus_vigil,5,20260621,True
True,0,1,P034,P2_phrase_plus_vigil,5,20260621,True
True,0,1,P034,P3_vigil_plus_phrase,5,20260621,True
False,0,0,P034,P4_negative,5,20260621,False
False,0,0,P034,P4_negative,5,20260621,False
False,0,0,P034,P4_negative,5,20260621,False
False,0,0,P034,P4_negative,5,20260621,False
False,0,0,P034,P4_negative,5,20260621,False
False,0,0,P034,P4_negative,5,20260621,False
False,0,0,P034,P4_negative,5,20260621,False
False,0,0,P034,P4_negative,5,20260621,False
False,0,0,P034,P4_negative,5,20260621,False
False,0,0,P034,P4_negative,5,20260621,False
False,0,0,P034,P4_negative,5,20260621,False
False,0,0,P034,P4_negative,5,20260621,False
False,0,0,P034,P4_negative,5,20260621,False
False,0,0,P034,P4_negative,5,20260621,False
False,0,0,P034,P4_negative,5,20260621,False
True,0,1,P030,P3_vigil_plus_phrase,3,20260622,True
True,0,1,P030,P3_vigil_plus_phrase,3,20260622,True
False,0,0,P030,P4_negative,3,20260622,False
False,0,0,P030,P4_negative,3,20260622,False
False,0,1,P012,P1_vigil_only,3,20260622,False
False,0,1,P012,P2_phrase_plus_vigil,3,20260622,False
True,0,1,P012,P2_phrase_plus_vigil,3,20260622,True
True,0,1,P012,P2_phrase_plus_vigil,3,20260622,True
True,0,1,P012,P2_phrase_plus_vigil,3,20260622,True
True,0,1,P012,P3_vigil_plus_phrase,3,20260622,True
True,0,1,P012,P3_vigil_plus_phrase,3,20260622,True
True,0,1,P012,P3_vigil_plus_phrase,3,20260622,True
False,0,0,P012,P4_negative,3,20260622,False
False,0,0,P012,P4_negative,3,20260622,False
False,0,0,P012,P4_negative,3,20260622,False
False,0,0,P012,P4_negative,3,20260622,False
False,0,0,P012,P4_negative,3,20260622,False
False,0,0,P012,P4_negative,3,20260622,False
False,0,0,P012,P4_negative,3,20260622,False
False,0,0,P012,P4_negative,3,20260622,False
False,0,0,P012,P4_negative,3,20260622,False
False,0,0,P012,P4_negative,3,20260622,False
False,0,0,P012,P4_negative,3,20260622,False
False,0,0,P012,P4_negative,3,20260622,False
False,0,0,P012,P4_negative,3,20260622,False
False,0,0,P012,P4_negative,3,20260622,False
False,0,0,P012,P4_negative,3,20260622,False
False,0,0,P012,P4_negative,3,20260622,False
False,0,0,P012,P4_negative,3,20260622,False
False,0,0,P012,P4_negative,3,20260622,False
False,0,0,P012,P4_negative,3,20260622,False
True,0,1,P012,P3_vigil_plus_phrase,3,20260622,True
True,0,1,P012,P3_vigil_plus_phrase,3,20260622,True
False,0,0,P012,P4_negative,3,20260622,False
True,0,1,P035,P1_vigil_only,3,20260622,True
True,0,1,P035,P2_phrase_plus_vigil,3,20260622,True
True,0,1,P035,P2_phrase_plus_vigil,3,20260622,True
True,0,1,P035,P2_phrase_plus_vigil,3,20260622,True
True,0,1,P035,P2_phrase_plus_vigil,3,20260622,True
True,0,1,P035,P2_phrase_plus_vigil,3,20260622,True
True,0,1,P035,P2_phrase_plus_vigil,3,20260622,True
True,0,1,P035,P3_vigil_plus_phrase,3,20260622,True
True,0,1,P035,P3_vigil_plus_phrase,3,20260622,True
False,0,1,P035,P3_vigil_plus_phrase,3,20260622,False
False,0,0,P035,P4_negative,3,20260622,False
False,0,0,P035,P4_negative,3,20260622,False
False,0,0,P035,P4_negative,3,20260622,False
False,0,0,P035,P4_negative,3,20260622,False
False,0,0,P035,P4_negative,3,20260622,False
False,0,0,P035,P4_negative,3,20260622,False
False,0,0,P035,P4_negative,3,20260622,False
False,0,0,P035,P4_negative,3,20260622,False
False,0,0,P035,P4_negative,3,20260622,False
False,0,0,P035,P4_negative,3,20260622,False
False,0,0,P035,P4_negative,3,20260622,False
False,0,0,P035,P4_negative,3,20260622,False
False,0,0,P035,P4_negative,3,20260622,False
False,0,0,P035,P4_negative,3,20260622,False
False,0,0,P035,P4_negative,3,20260622,False
True,0,1,P020,P1_vigil_only,3,20260622,True
True,0,1,P020,P1_vigil_only,3,20260622,True
True,0,1,P020,P1_vigil_only,3,20260622,True
True,0,1,P020,P2_phrase_plus_vigil,3,20260622,True
True,0,1,P020,P2_phrase_plus_vigil,3,20260622,True
True,0,1,P020,P2_phrase_plus_vigil,3,20260622,True
True,0,1,P020,P2_phrase_plus_vigil,3,20260622,True
True,0,1,P020,P3_vigil_plus_phrase,3,20260622,True
True,0,1,P020,P3_vigil_plus_phrase,3,20260622,True
True,0,1,P020,P3_vigil_plus_phrase,3,20260622,True
True,0,1,P020,P3_vigil_plus_phrase,3,20260622,True
False,0,0,P020,P4_negative,3,20260622,False
False,0,0,P020,P4_negative,3,20260622,False
False,0,0,P020,P4_negative,3,20260622,False
False,0,0,P020,P4_negative,3,20260622,False
False,0,0,P020,P4_negative,3,20260622,False
False,0,0,P020,P4_negative,3,20260622,False
False,0,0,P020,P4_negative,3,20260622,False
False,0,0,P020,P4_negative,3,20260622,False
False,0,0,P020,P4_negative,3,20260622,False
False,0,0,P020,P4_negative,3,20260622,False
False,0,0,P020,P4_negative,3,20260622,False
False,0,0,P020,P4_negative,3,20260622,False
False,0,0,P020,P4_negative,3,20260622,False
False,0,0,P020,P4_negative,3,20260622,False
False,0,0,P020,P4_negative,3,20260622,False
False,0,0,P020,P4_negative,3,20260622,False
False,0,0,P020,P4_negative,3,20260622,False
False,0,0,P020,P4_negative,3,20260622,False
False,0,0,P020,P4_negative,3,20260622,False
False,0,0,P020,P4_negative,3,20260622,False
True,0,1,P020,P2_phrase_plus_vigil,3,20260622,True
True,0,1,P020,P2_phrase_plus_vigil,3,20260622,True
True,0,1,P020,P2_phrase_plus_vigil,3,20260622,True
True,0,1,P020,P2_phrase_plus_vigil,3,20260622,True
True,0,1,P020,P2_phrase_plus_vigil,3,20260622,True
True,0,1,P020,P2_phrase_plus_vigil,3,20260622,True
True,0,1,P020,P3_vigil_plus_phrase,3,20260622,True
True,0,1,P020,P3_vigil_plus_phrase,3,20260622,True
True,0,1,P020,P3_vigil_plus_phrase,3,20260622,True
False,0,0,P020,P4_negative,3,20260622,False
False,0,0,P020,P4_negative,3,20260622,False
False,0,0,P020,P4_negative,3,20260622,False
False,0,0,P020,P4_negative,3,20260622,False
False,0,0,P020,P4_negative,3,20260622,False
False,0,0,P020,P4_negative,3,20260622,False
False,0,0,P020,P4_negative,3,20260622,False
False,0,0,P020,P4_negative,3,20260622,False
False,0,0,P020,P4_negative,3,20260622,False
False,0,0,P020,P4_negative,3,20260622,False
True,0,1,P022,P1_vigil_only,3,20260622,True
True,0,1,P022,P1_vigil_only,3,20260622,True
True,0,1,P022,P1_vigil_only,3,20260622,True
True,0,1,P022,P1_vigil_only,3,20260622,True
True,0,1,P022,P1_vigil_only,3,20260622,True
True,0,1,P022,P1_vigil_only,3,20260622,True
True,0,1,P022,P1_vigil_only,3,20260622,True
True,0,1,P022,P1_vigil_only,3,20260622,True
True,0,1,P022,P1_vigil_only,3,20260622,True
True,0,1,P022,P1_vigil_only,3,20260622,True
True,0,1,P022,P1_vigil_only,3,20260622,True
True,0,1,P022,P1_vigil_only,3,20260622,True
True,0,1,P022,P1_vigil_only,3,20260622,True
True,0,1,P022,P1_vigil_only,3,20260622,True
True,0,1,P022,P1_vigil_only,3,20260622,True
True,0,1,P022,P1_vigil_only,3,20260622,True
True,0,1,P022,P1_vigil_only,3,20260622,True
True,0,1,P022,P1_vigil_only,3,20260622,True
True,0,1,P022,P1_vigil_only,3,20260622,True
True,0,1,P022,P1_vigil_only,3,20260622,True
True,0,1,P022,P1_vigil_only,3,20260622,True
True,0,1,P022,P1_vigil_only,3,20260622,True
True,0,1,P022,P1_vigil_only,3,20260622,True
True,0,1,P022,P1_vigil_only,3,20260622,True
True,0,1,P022,P1_vigil_only,3,20260622,True
True,0,1,P022,P1_vigil_only,3,20260622,True
True,0,1,P022,P1_vigil_only,3,20260622,True
True,0,1,P022,P2_phrase_plus_vigil,3,20260622,True
True,0,1,P022,P2_phrase_plus_vigil,3,20260622,True
True,0,1,P022,P2_phrase_plus_vigil,3,20260622,True
True,0,1,P022,P2_phrase_plus_vigil,3,20260622,True
True,0,1,P022,P2_phrase_plus_vigil,3,20260622,True
True,0,1,P022,P2_phrase_plus_vigil,3,20260622,True
True,0,1,P022,P2_phrase_plus_vigil,3,20260622,True
True,0,1,P022,P2_phrase_plus_vigil,3,20260622,True
True,0,1,P022,P2_phrase_plus_vigil,3,20260622,True
True,0,1,P022,P2_phrase_plus_vigil,3,20260622,True
True,0,1,P022,P2_phrase_plus_vigil,3,20260622,True
True,0,1,P022,P2_phrase_plus_vigil,3,20260622,True
True,0,1,P022,P2_phrase_plus_vigil,3,20260622,True
True,0,1,P022,P2_phrase_plus_vigil,3,20260622,True
True,0,1,P022,P2_phrase_plus_vigil,3,20260622,True
True,0,1,P022,P2_phrase_plus_vigil,3,20260622,True
True,0,1,P022,P2_phrase_plus_vigil,3,20260622,True
True,0,1,P022,P2_phrase_plus_vigil,3,20260622,True
True,0,1,P022,P2_phrase_plus_vigil,3,20260622,True
True,0,1,P022,P2_phrase_plus_vigil,3,20260622,True
True,0,1,P022,P2_phrase_plus_vigil,3,20260622,True
True,0,1,P022,P2_phrase_plus_vigil,3,20260622,True
True,0,1,P022,P2_phrase_plus_vigil,3,20260622,True
True,0,1,P022,P2_phrase_plus_vigil,3,20260622,True
True,0,1,P022,P2_phrase_plus_vigil,3,20260622,True
True,0,1,P022,P2_phrase_plus_vigil,3,20260622,True
True,0,1,P022,P2_phrase_plus_vigil,3,20260622,True
True,0,1,P022,P3_vigil_plus_phrase,3,20260622,True
True,0,1,P022,P3_vigil_plus_phrase,3,20260622,True
True,0,1,P022,P3_vigil_plus_phrase,3,20260622,True
True,0,1,P022,P3_vigil_plus_phrase,3,20260622,True
True,0,1,P022,P3_vigil_plus_phrase,3,20260622,True
True,0,1,P022,P3_vigil_plus_phrase,3,20260622,True
True,0,1,P022,P3_vigil_plus_phrase,3,20260622,True
True,0,1,P022,P3_vigil_plus_phrase,3,20260622,True
True,0,1,P022,P3_vigil_plus_phrase,3,20260622,True
True,0,1,P022,P3_vigil_plus_phrase,3,20260622,True
True,0,1,P022,P3_vigil_plus_phrase,3,20260622,True
True,0,1,P022,P3_vigil_plus_phrase,3,20260622,True
True,0,1,P022,P3_vigil_plus_phrase,3,20260622,True
False,0,0,P022,P4_negative,3,20260622,False
False,0,0,P022,P4_negative,3,20260622,False
False,0,0,P022,P4_negative,3,20260622,False
False,0,0,P022,P4_negative,3,20260622,False
False,0,0,P022,P4_negative,3,20260622,False
False,0,0,P022,P4_negative,3,20260622,False
False,0,0,P022,P4_negative,3,20260622,False
False,0,0,P022,P4_negative,3,20260622,False
False,0,0,P022,P4_negative,3,20260622,False
False,0,0,P022,P4_negative,3,20260622,False
False,0,0,P022,P4_negative,3,20260622,False
False,0,0,P022,P4_negative,3,20260622,False
False,0,0,P022,P4_negative,3,20260622,False
False,0,0,P022,P4_negative,3,20260622,False
False,0,0,P022,P4_negative,3,20260622,False
False,0,0,P022,P4_negative,3,20260622,False
False,0,0,P022,P4_negative,3,20260622,False
False,0,0,P022,P4_negative,3,20260622,False
False,0,0,P022,P4_negative,3,20260622,False
False,0,0,P022,P4_negative,3,20260622,False
False,0,0,P022,P4_negative,3,20260622,False
False,0,0,P022,P4_negative,3,20260622,False
False,0,0,P022,P4_negative,3,20260622,False
False,0,0,P022,P4_negative,3,20260622,False
False,0,0,P022,P4_negative,3,20260622,False
False,0,0,P022,P4_negative,3,20260622,False
False,0,0,P022,P4_negative,3,20260622,False
False,0,0,P022,P4_negative,3,20260622,False
False,0,0,P022,P4_negative,3,20260622,False
False,0,0,P022,P4_negative,3,20260622,False
True,0,1,P034,P1_vigil_only,3,20260622,True
True,0,1,P034,P2_phrase_plus_vigil,3,20260622,True
True,0,1,P034,P2_phrase_plus_vigil,3,20260622,True
True,0,1,P034,P2_phrase_plus_vigil,3,20260622,True
True,0,1,P034,P2_phrase_plus_vigil,3,20260622,True
True,0,1,P034,P3_vigil_plus_phrase,3,20260622,True
True,0,1,P034,P3_vigil_plus_phrase,3,20260622,True
True,0,1,P034,P3_vigil_plus_phrase,3,20260622,True
False,0,0,P034,P4_negative,3,20260622,False
False,0,0,P034,P4_negative,3,20260622,False
False,0,0,P034,P4_negative,3,20260622,False
False,0,0,P034,P4_negative,3,20260622,False
False,0,0,P034,P4_negative,3,20260622,False
False,0,0,P034,P4_negative,3,20260622,False
False,0,0,P034,P4_negative,3,20260622,False
False,0,0,P034,P4_negative,3,20260622,False
False,0,0,P034,P4_negative,3,20260622,False
False,0,0,P034,P4_negative,3,20260622,False
False,0,0,P034,P4_negative,3,20260622,False
False,0,0,P034,P4_negative,3,20260622,False
False,0,0,P034,P4_negative,3,20260622,False
False,0,0,P034,P4_negative,3,20260622,False
False,0,0,P034,P4_negative,3,20260622,False
False,0,1,P012,P1_vigil_only,5,20260622,False
True,0,1,P012,P2_phrase_plus_vigil,5,20260622,True
True,0,1,P012,P2_phrase_plus_vigil,5,20260622,True
True,0,1,P012,P2_phrase_plus_vigil,5,20260622,True
True,0,1,P012,P3_vigil_plus_phrase,5,20260622,True
True,0,1,P012,P3_vigil_plus_phrase,5,20260622,True
False,0,0,P012,P4_negative,5,20260622,False
False,0,0,P012,P4_negative,5,20260622,False
False,0,0,P012,P4_negative,5,20260622,False
False,0,0,P012,P4_negative,5,20260622,False
False,0,0,P012,P4_negative,5,20260622,False
False,0,0,P012,P4_negative,5,20260622,False
False,0,0,P012,P4_negative,5,20260622,False
False,0,0,P012,P4_negative,5,20260622,False
False,0,0,P012,P4_negative,5,20260622,False
False,0,0,P012,P4_negative,5,20260622,False
False,0,0,P012,P4_negative,5,20260622,False
False,0,0,P012,P4_negative,5,20260622,False
False,0,0,P012,P4_negative,5,20260622,False
False,0,0,P012,P4_negative,5,20260622,False
False,0,0,P012,P4_negative,5,20260622,False
False,0,0,P012,P4_negative,5,20260622,False
False,0,0,P012,P4_negative,5,20260622,False
False,0,0,P012,P4_negative,5,20260622,False
False,0,0,P012,P4_negative,5,20260622,False
True,0,1,P012,P3_vigil_plus_phrase,5,20260622,True
True,0,1,P012,P3_vigil_plus_phrase,5,20260622,True
False,0,0,P012,P4_negative,5,20260622,False
True,0,1,P035,P1_vigil_only,5,20260622,True
True,0,1,P035,P2_phrase_plus_vigil,5,20260622,True
True,0,1,P035,P2_phrase_plus_vigil,5,20260622,True
True,0,1,P035,P2_phrase_plus_vigil,5,20260622,True
True,0,1,P035,P2_phrase_plus_vigil,5,20260622,True
True,0,1,P035,P3_vigil_plus_phrase,5,20260622,True
True,0,1,P035,P3_vigil_plus_phrase,5,20260622,True
False,0,1,P035,P3_vigil_plus_phrase,5,20260622,False
False,0,0,P035,P4_negative,5,20260622,False
False,0,0,P035,P4_negative,5,20260622,False
False,0,0,P035,P4_negative,5,20260622,False
False,0,0,P035,P4_negative,5,20260622,False
False,0,0,P035,P4_negative,5,20260622,False
False,0,0,P035,P4_negative,5,20260622,False
False,0,0,P035,P4_negative,5,20260622,False
False,0,0,P035,P4_negative,5,20260622,False
False,0,0,P035,P4_negative,5,20260622,False
False,0,0,P035,P4_negative,5,20260622,False
False,0,0,P035,P4_negative,5,20260622,False
False,0,0,P035,P4_negative,5,20260622,False
False,0,0,P035,P4_negative,5,20260622,False
False,0,0,P035,P4_negative,5,20260622,False
False,0,0,P035,P4_negative,5,20260622,False
True,0,1,P020,P1_vigil_only,5,20260622,True
True,0,1,P020,P1_vigil_only,5,20260622,True
True,0,1,P020,P1_vigil_only,5,20260622,True
True,0,1,P020,P2_phrase_plus_vigil,5,20260622,True
True,0,1,P020,P2_phrase_plus_vigil,5,20260622,True
True,0,1,P020,P2_phrase_plus_vigil,5,20260622,True
True,0,1,P020,P3_vigil_plus_phrase,5,20260622,True
True,0,1,P020,P3_vigil_plus_phrase,5,20260622,True
True,0,1,P020,P3_vigil_plus_phrase,5,20260622,True
False,0,0,P020,P4_negative,5,20260622,False
False,0,0,P020,P4_negative,5,20260622,False
False,0,0,P020,P4_negative,5,20260622,False
False,0,0,P020,P4_negative,5,20260622,False
False,0,0,P020,P4_negative,5,20260622,False
False,0,0,P020,P4_negative,5,20260622,False
False,0,0,P020,P4_negative,5,20260622,False
False,0,0,P020,P4_negative,5,20260622,False
False,0,0,P020,P4_negative,5,20260622,False
False,0,0,P020,P4_negative,5,20260622,False
False,0,0,P020,P4_negative,5,20260622,False
False,0,0,P020,P4_negative,5,20260622,False
False,0,0,P020,P4_negative,5,20260622,False
False,0,0,P020,P4_negative,5,20260622,False
False,0,0,P020,P4_negative,5,20260622,False
False,0,0,P020,P4_negative,5,20260622,False
False,0,0,P020,P4_negative,5,20260622,False
False,0,0,P020,P4_negative,5,20260622,False
False,0,0,P020,P4_negative,5,20260622,False
False,0,0,P020,P4_negative,5,20260622,False
True,0,1,P020,P2_phrase_plus_vigil,5,20260622,True
True,0,1,P020,P2_phrase_plus_vigil,5,20260622,True
True,0,1,P020,P2_phrase_plus_vigil,5,20260622,True
True,0,1,P020,P2_phrase_plus_vigil,5,20260622,True
True,0,1,P020,P2_phrase_plus_vigil,5,20260622,True
True,0,1,P020,P2_phrase_plus_vigil,5,20260622,True
True,0,1,P020,P3_vigil_plus_phrase,5,20260622,True
True,0,1,P020,P3_vigil_plus_phrase,5,20260622,True
True,0,1,P020,P3_vigil_plus_phrase,5,20260622,True
False,0,0,P020,P4_negative,5,20260622,False
False,0,0,P020,P4_negative,5,20260622,False
False,0,0,P020,P4_negative,5,20260622,False
False,0,0,P020,P4_negative,5,20260622,False
False,0,0,P020,P4_negative,5,20260622,False
False,0,0,P020,P4_negative,5,20260622,False
False,0,0,P020,P4_negative,5,20260622,False
False,0,0,P020,P4_negative,5,20260622,False
False,0,0,P020,P4_negative,5,20260622,False
False,0,0,P020,P4_negative,5,20260622,False
True,0,1,P022,P1_vigil_only,5,20260622,True
True,0,1,P022,P1_vigil_only,5,20260622,True
True,0,1,P022,P1_vigil_only,5,20260622,True
True,0,1,P022,P1_vigil_only,5,20260622,True
True,0,1,P022,P1_vigil_only,5,20260622,True
True,0,1,P022,P1_vigil_only,5,20260622,True
True,0,1,P022,P1_vigil_only,5,20260622,True
True,0,1,P022,P1_vigil_only,5,20260622,True
True,0,1,P022,P1_vigil_only,5,20260622,True
True,0,1,P022,P1_vigil_only,5,20260622,True
True,0,1,P022,P1_vigil_only,5,20260622,True
True,0,1,P022,P1_vigil_only,5,20260622,True
True,0,1,P022,P1_vigil_only,5,20260622,True
True,0,1,P022,P1_vigil_only,5,20260622,True
True,0,1,P022,P1_vigil_only,5,20260622,True
True,0,1,P022,P1_vigil_only,5,20260622,True
True,0,1,P022,P1_vigil_only,5,20260622,True
True,0,1,P022,P1_vigil_only,5,20260622,True
True,0,1,P022,P1_vigil_only,5,20260622,True
True,0,1,P022,P1_vigil_only,5,20260622,True
True,0,1,P022,P1_vigil_only,5,20260622,True
True,0,1,P022,P1_vigil_only,5,20260622,True
True,0,1,P022,P1_vigil_only,5,20260622,True
True,0,1,P022,P1_vigil_only,5,20260622,True
True,0,1,P022,P1_vigil_only,5,20260622,True
True,0,1,P022,P1_vigil_only,5,20260622,True
True,0,1,P022,P1_vigil_only,5,20260622,True
True,0,1,P022,P2_phrase_plus_vigil,5,20260622,True
True,0,1,P022,P2_phrase_plus_vigil,5,20260622,True
True,0,1,P022,P2_phrase_plus_vigil,5,20260622,True
True,0,1,P022,P2_phrase_plus_vigil,5,20260622,True
True,0,1,P022,P2_phrase_plus_vigil,5,20260622,True
True,0,1,P022,P2_phrase_plus_vigil,5,20260622,True
True,0,1,P022,P2_phrase_plus_vigil,5,20260622,True
True,0,1,P022,P2_phrase_plus_vigil,5,20260622,True
True,0,1,P022,P2_phrase_plus_vigil,5,20260622,True
True,0,1,P022,P2_phrase_plus_vigil,5,20260622,True
True,0,1,P022,P2_phrase_plus_vigil,5,20260622,True
True,0,1,P022,P2_phrase_plus_vigil,5,20260622,True
True,0,1,P022,P2_phrase_plus_vigil,5,20260622,True
True,0,1,P022,P2_phrase_plus_vigil,5,20260622,True
True,0,1,P022,P2_phrase_plus_vigil,5,20260622,True
True,0,1,P022,P2_phrase_plus_vigil,5,20260622,True
True,0,1,P022,P2_phrase_plus_vigil,5,20260622,True
True,0,1,P022,P2_phrase_plus_vigil,5,20260622,True
True,0,1,P022,P2_phrase_plus_vigil,5,20260622,True
True,0,1,P022,P2_phrase_plus_vigil,5,20260622,True
True,0,1,P022,P2_phrase_plus_vigil,5,20260622,True
True,0,1,P022,P2_phrase_plus_vigil,5,20260622,True
True,0,1,P022,P2_phrase_plus_vigil,5,20260622,True
True,0,1,P022,P2_phrase_plus_vigil,5,20260622,True
True,0,1,P022,P2_phrase_plus_vigil,5,20260622,True
True,0,1,P022,P3_vigil_plus_phrase,5,20260622,True
True,0,1,P022,P3_vigil_plus_phrase,5,20260622,True
True,0,1,P022,P3_vigil_plus_phrase,5,20260622,True
True,0,1,P022,P3_vigil_plus_phrase,5,20260622,True
True,0,1,P022,P3_vigil_plus_phrase,5,20260622,True
True,0,1,P022,P3_vigil_plus_phrase,5,20260622,True
True,0,1,P022,P3_vigil_plus_phrase,5,20260622,True
True,0,1,P022,P3_vigil_plus_phrase,5,20260622,True
True,0,1,P022,P3_vigil_plus_phrase,5,20260622,True
True,0,1,P022,P3_vigil_plus_phrase,5,20260622,True
True,0,1,P022,P3_vigil_plus_phrase,5,20260622,True
True,0,1,P022,P3_vigil_plus_phrase,5,20260622,True
True,0,1,P022,P3_vigil_plus_phrase,5,20260622,True
False,0,0,P022,P4_negative,5,20260622,False
False,0,0,P022,P4_negative,5,20260622,False
False,0,0,P022,P4_negative,5,20260622,False
False,0,0,P022,P4_negative,5,20260622,False
False,0,0,P022,P4_negative,5,20260622,False
False,0,0,P022,P4_negative,5,20260622,False
False,0,0,P022,P4_negative,5,20260622,False
False,0,0,P022,P4_negative,5,20260622,False
False,0,0,P022,P4_negative,5,20260622,False
False,0,0,P022,P4_negative,5,20260622,False
False,0,0,P022,P4_negative,5,20260622,False
False,0,0,P022,P4_negative,5,20260622,False
False,0,0,P022,P4_negative,5,20260622,False
False,0,0,P022,P4_negative,5,20260622,False
False,0,0,P022,P4_negative,5,20260622,False
False,0,0,P022,P4_negative,5,20260622,False
False,0,0,P022,P4_negative,5,20260622,False
False,0,0,P022,P4_negative,5,20260622,False
False,0,0,P022,P4_negative,5,20260622,False
False,0,0,P022,P4_negative,5,20260622,False
False,0,0,P022,P4_negative,5,20260622,False
False,0,0,P022,P4_negative,5,20260622,False
False,0,0,P022,P4_negative,5,20260622,False
False,0,0,P022,P4_negative,5,20260622,False
False,0,0,P022,P4_negative,5,20260622,False
False,0,0,P022,P4_negative,5,20260622,False
False,0,0,P022,P4_negative,5,20260622,False
False,0,0,P022,P4_negative,5,20260622,False
False,0,0,P022,P4_negative,5,20260622,False
False,0,0,P022,P4_negative,5,20260622,False
True,0,1,P034,P1_vigil_only,5,20260622,True
True,0,1,P034,P2_phrase_plus_vigil,5,20260622,True
True,0,1,P034,P2_phrase_plus_vigil,5,20260622,True
True,0,1,P034,P2_phrase_plus_vigil,5,20260622,True
True,0,1,P034,P3_vigil_plus_phrase,5,20260622,True
True,0,1,P034,P3_vigil_plus_phrase,5,20260622,True
False,0,0,P034,P4_negative,5,20260622,False
False,0,0,P034,P4_negative,5,20260622,False
False,0,0,P034,P4_negative,5,20260622,False
False,0,0,P034,P4_negative,5,20260622,False
False,0,0,P034,P4_negative,5,20260622,False
False,0,0,P034,P4_negative,5,20260622,False
False,0,0,P034,P4_negative,5,20260622,False
False,0,0,P034,P4_negative,5,20260622,False
False,0,0,P034,P4_negative,5,20260622,False
False,0,0,P034,P4_negative,5,20260622,False
False,0,0,P034,P4_negative,5,20260622,False
False,0,0,P034,P4_negative,5,20260622,False
False,0,0,P034,P4_negative,5,20260622,False
False,0,0,P034,P4_negative,5,20260622,False
False,0,0,P034,P4_negative,5,20260622,False
True,0,1,P030,P3_vigil_plus_phrase,3,20260623,True
True,0,1,P030,P3_vigil_plus_phrase,3,20260623,True
False,0,0,P030,P4_negative,3,20260623,False
False,0,0,P030,P4_negative,3,20260623,False
True,0,1,P012,P2_phrase_plus_vigil,3,20260623,True
True,0,1,P012,P2_phrase_plus_vigil,3,20260623,True
False,0,1,P012,P2_phrase_plus_vigil,3,20260623,False
True,0,1,P012,P2_phrase_plus_vigil,3,20260623,True
True,0,1,P012,P2_phrase_plus_vigil,3,20260623,True
True,0,1,P012,P3_vigil_plus_phrase,3,20260623,True
True,0,1,P012,P3_vigil_plus_phrase,3,20260623,True
True,0,1,P012,P3_vigil_plus_phrase,3,20260623,True
False,0,0,P012,P4_negative,3,20260623,False
False,0,0,P012,P4_negative,3,20260623,False
False,0,0,P012,P4_negative,3,20260623,False
False,0,0,P012,P4_negative,3,20260623,False
False,0,0,P012,P4_negative,3,20260623,False
False,0,0,P012,P4_negative,3,20260623,False
False,0,0,P012,P4_negative,3,20260623,False
False,0,0,P012,P4_negative,3,20260623,False
False,0,0,P012,P4_negative,3,20260623,False
False,0,0,P012,P4_negative,3,20260623,False
False,0,0,P012,P4_negative,3,20260623,False
False,0,0,P012,P4_negative,3,20260623,False
False,0,0,P012,P4_negative,3,20260623,False
False,0,0,P012,P4_negative,3,20260623,False
False,0,0,P012,P4_negative,3,20260623,False
False,0,0,P012,P4_negative,3,20260623,False
False,0,0,P012,P4_negative,3,20260623,False
False,0,0,P012,P4_negative,3,20260623,False
False,0,0,P012,P4_negative,3,20260623,False
True,0,1,P012,P3_vigil_plus_phrase,3,20260623,True
True,0,1,P012,P3_vigil_plus_phrase,3,20260623,True
False,0,0,P012,P4_negative,3,20260623,False
False,0,1,P035,P1_vigil_only,3,20260623,False
True,0,1,P035,P1_vigil_only,3,20260623,True
True,0,1,P035,P2_phrase_plus_vigil,3,20260623,True
True,0,1,P035,P2_phrase_plus_vigil,3,20260623,True
True,0,1,P035,P2_phrase_plus_vigil,3,20260623,True
True,0,1,P035,P2_phrase_plus_vigil,3,20260623,True
True,0,1,P035,P2_phrase_plus_vigil,3,20260623,True
True,0,1,P035,P3_vigil_plus_phrase,3,20260623,True
True,0,1,P035,P3_vigil_plus_phrase,3,20260623,True
False,0,1,P035,P3_vigil_plus_phrase,3,20260623,False
False,0,0,P035,P4_negative,3,20260623,False
False,0,0,P035,P4_negative,3,20260623,False
False,0,0,P035,P4_negative,3,20260623,False
False,0,0,P035,P4_negative,3,20260623,False
False,0,0,P035,P4_negative,3,20260623,False
False,0,0,P035,P4_negative,3,20260623,False
False,0,0,P035,P4_negative,3,20260623,False
False,0,0,P035,P4_negative,3,20260623,False
False,0,0,P035,P4_negative,3,20260623,False
False,0,0,P035,P4_negative,3,20260623,False
False,0,0,P035,P4_negative,3,20260623,False
False,0,0,P035,P4_negative,3,20260623,False
False,0,0,P035,P4_negative,3,20260623,False
False,0,0,P035,P4_negative,3,20260623,False
False,0,0,P035,P4_negative,3,20260623,False
True,0,1,P020,P1_vigil_only,3,20260623,True
True,0,1,P020,P1_vigil_only,3,20260623,True
True,0,1,P020,P2_phrase_plus_vigil,3,20260623,True
True,0,1,P020,P2_phrase_plus_vigil,3,20260623,True
True,0,1,P020,P2_phrase_plus_vigil,3,20260623,True
True,0,1,P020,P2_phrase_plus_vigil,3,20260623,True
True,0,1,P020,P2_phrase_plus_vigil,3,20260623,True
True,0,1,P020,P2_phrase_plus_vigil,3,20260623,True
True,0,1,P020,P3_vigil_plus_phrase,3,20260623,True
True,0,1,P020,P3_vigil_plus_phrase,3,20260623,True
True,0,1,P020,P3_vigil_plus_phrase,3,20260623,True
True,0,1,P020,P3_vigil_plus_phrase,3,20260623,True
False,0,0,P020,P4_negative,3,20260623,False
False,0,0,P020,P4_negative,3,20260623,False
False,0,0,P020,P4_negative,3,20260623,False
False,0,0,P020,P4_negative,3,20260623,False
False,0,0,P020,P4_negative,3,20260623,False
False,0,0,P020,P4_negative,3,20260623,False
False,0,0,P020,P4_negative,3,20260623,False
False,0,0,P020,P4_negative,3,20260623,False
False,0,0,P020,P4_negative,3,20260623,False
False,0,0,P020,P4_negative,3,20260623,False
False,0,0,P020,P4_negative,3,20260623,False
False,0,0,P020,P4_negative,3,20260623,False
False,0,0,P020,P4_negative,3,20260623,False
False,0,0,P020,P4_negative,3,20260623,False
False,0,0,P020,P4_negative,3,20260623,False
False,0,0,P020,P4_negative,3,20260623,False
False,0,0,P020,P4_negative,3,20260623,False
False,0,0,P020,P4_negative,3,20260623,False
False,0,0,P020,P4_negative,3,20260623,False
False,0,0,P020,P4_negative,3,20260623,False
True,0,1,P020,P2_phrase_plus_vigil,3,20260623,True
True,0,1,P020,P2_phrase_plus_vigil,3,20260623,True
True,0,1,P020,P2_phrase_plus_vigil,3,20260623,True
True,0,1,P020,P2_phrase_plus_vigil,3,20260623,True
True,0,1,P020,P2_phrase_plus_vigil,3,20260623,True
True,0,1,P020,P3_vigil_plus_phrase,3,20260623,True
True,0,1,P020,P3_vigil_plus_phrase,3,20260623,True
True,0,1,P020,P3_vigil_plus_phrase,3,20260623,True
False,0,0,P020,P4_negative,3,20260623,False
False,0,0,P020,P4_negative,3,20260623,False
False,0,0,P020,P4_negative,3,20260623,False
False,0,0,P020,P4_negative,3,20260623,False
False,0,0,P020,P4_negative,3,20260623,False
False,0,0,P020,P4_negative,3,20260623,False
False,0,0,P020,P4_negative,3,20260623,False
False,0,0,P020,P4_negative,3,20260623,False
False,0,0,P020,P4_negative,3,20260623,False
False,0,0,P020,P4_negative,3,20260623,False
True,0,1,P022,P1_vigil_only,3,20260623,True
True,0,1,P022,P1_vigil_only,3,20260623,True
True,0,1,P022,P1_vigil_only,3,20260623,True
True,0,1,P022,P1_vigil_only,3,20260623,True
True,0,1,P022,P1_vigil_only,3,20260623,True
True,0,1,P022,P1_vigil_only,3,20260623,True
True,0,1,P022,P1_vigil_only,3,20260623,True
True,0,1,P022,P1_vigil_only,3,20260623,True
True,0,1,P022,P1_vigil_only,3,20260623,True
True,0,1,P022,P1_vigil_only,3,20260623,True
True,0,1,P022,P1_vigil_only,3,20260623,True
True,0,1,P022,P1_vigil_only,3,20260623,True
True,0,1,P022,P1_vigil_only,3,20260623,True
True,0,1,P022,P1_vigil_only,3,20260623,True
True,0,1,P022,P1_vigil_only,3,20260623,True
True,0,1,P022,P1_vigil_only,3,20260623,True
True,0,1,P022,P1_vigil_only,3,20260623,True
True,0,1,P022,P1_vigil_only,3,20260623,True
True,0,1,P022,P1_vigil_only,3,20260623,True
True,0,1,P022,P1_vigil_only,3,20260623,True
True,0,1,P022,P1_vigil_only,3,20260623,True
True,0,1,P022,P1_vigil_only,3,20260623,True
True,0,1,P022,P1_vigil_only,3,20260623,True
True,0,1,P022,P1_vigil_only,3,20260623,True
True,0,1,P022,P1_vigil_only,3,20260623,True
True,0,1,P022,P1_vigil_only,3,20260623,True
True,0,1,P022,P1_vigil_only,3,20260623,True
True,0,1,P022,P1_vigil_only,3,20260623,True
True,0,1,P022,P2_phrase_plus_vigil,3,20260623,True
True,0,1,P022,P2_phrase_plus_vigil,3,20260623,True
True,0,1,P022,P2_phrase_plus_vigil,3,20260623,True
True,0,1,P022,P2_phrase_plus_vigil,3,20260623,True
True,0,1,P022,P2_phrase_plus_vigil,3,20260623,True
True,0,1,P022,P2_phrase_plus_vigil,3,20260623,True
True,0,1,P022,P2_phrase_plus_vigil,3,20260623,True
True,0,1,P022,P2_phrase_plus_vigil,3,20260623,True
True,0,1,P022,P2_phrase_plus_vigil,3,20260623,True
True,0,1,P022,P2_phrase_plus_vigil,3,20260623,True
True,0,1,P022,P2_phrase_plus_vigil,3,20260623,True
True,0,1,P022,P2_phrase_plus_vigil,3,20260623,True
True,0,1,P022,P2_phrase_plus_vigil,3,20260623,True
True,0,1,P022,P2_phrase_plus_vigil,3,20260623,True
True,0,1,P022,P2_phrase_plus_vigil,3,20260623,True
True,0,1,P022,P2_phrase_plus_vigil,3,20260623,True
True,0,1,P022,P2_phrase_plus_vigil,3,20260623,True
True,0,1,P022,P2_phrase_plus_vigil,3,20260623,True
True,0,1,P022,P2_phrase_plus_vigil,3,20260623,True
True,0,1,P022,P2_phrase_plus_vigil,3,20260623,True
True,0,1,P022,P2_phrase_plus_vigil,3,20260623,True
True,0,1,P022,P2_phrase_plus_vigil,3,20260623,True
True,0,1,P022,P2_phrase_plus_vigil,3,20260623,True
True,0,1,P022,P2_phrase_plus_vigil,3,20260623,True
True,0,1,P022,P2_phrase_plus_vigil,3,20260623,True
True,0,1,P022,P3_vigil_plus_phrase,3,20260623,True
True,0,1,P022,P3_vigil_plus_phrase,3,20260623,True
True,0,1,P022,P3_vigil_plus_phrase,3,20260623,True
True,0,1,P022,P3_vigil_plus_phrase,3,20260623,True
True,0,1,P022,P3_vigil_plus_phrase,3,20260623,True
True,0,1,P022,P3_vigil_plus_phrase,3,20260623,True
True,0,1,P022,P3_vigil_plus_phrase,3,20260623,True
True,0,1,P022,P3_vigil_plus_phrase,3,20260623,True
True,0,1,P022,P3_vigil_plus_phrase,3,20260623,True
True,0,1,P022,P3_vigil_plus_phrase,3,20260623,True
True,0,1,P022,P3_vigil_plus_phrase,3,20260623,True
True,0,1,P022,P3_vigil_plus_phrase,3,20260623,True
True,0,1,P022,P3_vigil_plus_phrase,3,20260623,True
True,0,1,P022,P3_vigil_plus_phrase,3,20260623,True
False,0,0,P022,P4_negative,3,20260623,False
False,0,0,P022,P4_negative,3,20260623,False
False,0,0,P022,P4_negative,3,20260623,False
False,0,0,P022,P4_negative,3,20260623,False
False,0,0,P022,P4_negative,3,20260623,False
False,0,0,P022,P4_negative,3,20260623,False
False,0,0,P022,P4_negative,3,20260623,False
False,0,0,P022,P4_negative,3,20260623,False
False,0,0,P022,P4_negative,3,20260623,False
False,0,0,P022,P4_negative,3,20260623,False
False,0,0,P022,P4_negative,3,20260623,False
False,0,0,P022,P4_negative,3,20260623,False
False,0,0,P022,P4_negative,3,20260623,False
False,0,0,P022,P4_negative,3,20260623,False
False,0,0,P022,P4_negative,3,20260623,False
False,0,0,P022,P4_negative,3,20260623,False
False,0,0,P022,P4_negative,3,20260623,False
False,0,0,P022,P4_negative,3,20260623,False
False,0,0,P022,P4_negative,3,20260623,False
False,0,0,P022,P4_negative,3,20260623,False
False,0,0,P022,P4_negative,3,20260623,False
False,0,0,P022,P4_negative,3,20260623,False
False,0,0,P022,P4_negative,3,20260623,False
False,0,0,P022,P4_negative,3,20260623,False
False,0,0,P022,P4_negative,3,20260623,False
False,0,0,P022,P4_negative,3,20260623,False
False,0,0,P022,P4_negative,3,20260623,False
False,0,0,P022,P4_negative,3,20260623,False
False,0,0,P022,P4_negative,3,20260623,False
False,0,0,P022,P4_negative,3,20260623,False
True,0,1,P034,P2_phrase_plus_vigil,3,20260623,True
True,0,1,P034,P2_phrase_plus_vigil,3,20260623,True
True,0,1,P034,P2_phrase_plus_vigil,3,20260623,True
True,0,1,P034,P2_phrase_plus_vigil,3,20260623,True
True,0,1,P034,P3_vigil_plus_phrase,3,20260623,True
True,0,1,P034,P3_vigil_plus_phrase,3,20260623,True
True,0,1,P034,P3_vigil_plus_phrase,3,20260623,True
True,0,1,P034,P3_vigil_plus_phrase,3,20260623,True
False,0,0,P034,P4_negative,3,20260623,False
False,0,0,P034,P4_negative,3,20260623,False
False,0,0,P034,P4_negative,3,20260623,False
False,0,0,P034,P4_negative,3,20260623,False
False,0,0,P034,P4_negative,3,20260623,False
False,0,0,P034,P4_negative,3,20260623,False
False,0,0,P034,P4_negative,3,20260623,False
False,0,0,P034,P4_negative,3,20260623,False
False,0,0,P034,P4_negative,3,20260623,False
False,0,0,P034,P4_negative,3,20260623,False
False,0,0,P034,P4_negative,3,20260623,False
False,0,0,P034,P4_negative,3,20260623,False
False,0,0,P034,P4_negative,3,20260623,False
False,0,0,P034,P4_negative,3,20260623,False
False,0,0,P034,P4_negative,3,20260623,False
True,0,1,P012,P2_phrase_plus_vigil,5,20260623,True
True,0,1,P012,P2_phrase_plus_vigil,5,20260623,True
False,0,1,P012,P2_phrase_plus_vigil,5,20260623,False
True,0,1,P012,P2_phrase_plus_vigil,5,20260623,True
True,0,1,P012,P3_vigil_plus_phrase,5,20260623,True
True,0,1,P012,P3_vigil_plus_phrase,5,20260623,True
True,0,1,P012,P3_vigil_plus_phrase,5,20260623,True
False,0,0,P012,P4_negative,5,20260623,False
False,0,0,P012,P4_negative,5,20260623,False
False,0,0,P012,P4_negative,5,20260623,False
False,0,0,P012,P4_negative,5,20260623,False
False,0,0,P012,P4_negative,5,20260623,False
False,0,0,P012,P4_negative,5,20260623,False
False,0,0,P012,P4_negative,5,20260623,False
False,0,0,P012,P4_negative,5,20260623,False
False,0,0,P012,P4_negative,5,20260623,False
False,0,0,P012,P4_negative,5,20260623,False
False,0,0,P012,P4_negative,5,20260623,False
False,0,0,P012,P4_negative,5,20260623,False
False,0,0,P012,P4_negative,5,20260623,False
False,0,0,P012,P4_negative,5,20260623,False
False,0,0,P012,P4_negative,5,20260623,False
False,0,0,P012,P4_negative,5,20260623,False
False,0,0,P012,P4_negative,5,20260623,False
False,0,0,P012,P4_negative,5,20260623,False
False,0,0,P012,P4_negative,5,20260623,False
True,0,1,P012,P3_vigil_plus_phrase,5,20260623,True
False,0,0,P012,P4_negative,5,20260623,False
False,0,1,P035,P1_vigil_only,5,20260623,False
True,0,1,P035,P1_vigil_only,5,20260623,True
True,0,1,P035,P2_phrase_plus_vigil,5,20260623,True
True,0,1,P035,P2_phrase_plus_vigil,5,20260623,True
True,0,1,P035,P2_phrase_plus_vigil,5,20260623,True
True,0,1,P035,P2_phrase_plus_vigil,5,20260623,True
True,0,1,P035,P3_vigil_plus_phrase,5,20260623,True
False,0,1,P035,P3_vigil_plus_phrase,5,20260623,False
False,0,0,P035,P4_negative,5,20260623,False
False,0,0,P035,P4_negative,5,20260623,False
False,0,0,P035,P4_negative,5,20260623,False
False,0,0,P035,P4_negative,5,20260623,False
False,0,0,P035,P4_negative,5,20260623,False
False,0,0,P035,P4_negative,5,20260623,False
False,0,0,P035,P4_negative,5,20260623,False
False,0,0,P035,P4_negative,5,20260623,False
False,0,0,P035,P4_negative,5,20260623,False
False,0,0,P035,P4_negative,5,20260623,False
False,0,0,P035,P4_negative,5,20260623,False
False,0,0,P035,P4_negative,5,20260623,False
False,0,0,P035,P4_negative,5,20260623,False
False,0,0,P035,P4_negative,5,20260623,False
False,0,0,P035,P4_negative,5,20260623,False
True,0,1,P020,P1_vigil_only,5,20260623,True
True,0,1,P020,P1_vigil_only,5,20260623,True
True,0,1,P020,P2_phrase_plus_vigil,5,20260623,True
True,0,1,P020,P2_phrase_plus_vigil,5,20260623,True
True,0,1,P020,P2_phrase_plus_vigil,5,20260623,True
True,0,1,P020,P2_phrase_plus_vigil,5,20260623,True
True,0,1,P020,P2_phrase_plus_vigil,5,20260623,True
True,0,1,P020,P2_phrase_plus_vigil,5,20260623,True
True,0,1,P020,P3_vigil_plus_phrase,5,20260623,True
True,0,1,P020,P3_vigil_plus_phrase,5,20260623,True
True,0,1,P020,P3_vigil_plus_phrase,5,20260623,True
True,0,1,P020,P3_vigil_plus_phrase,5,20260623,True
False,0,0,P020,P4_negative,5,20260623,False
False,0,0,P020,P4_negative,5,20260623,False
False,0,0,P020,P4_negative,5,20260623,False
False,0,0,P020,P4_negative,5,20260623,False
False,0,0,P020,P4_negative,5,20260623,False
False,0,0,P020,P4_negative,5,20260623,False
False,0,0,P020,P4_negative,5,20260623,False
False,0,0,P020,P4_negative,5,20260623,False
False,0,0,P020,P4_negative,5,20260623,False
False,0,0,P020,P4_negative,5,20260623,False
False,0,0,P020,P4_negative,5,20260623,False
False,0,0,P020,P4_negative,5,20260623,False
False,0,0,P020,P4_negative,5,20260623,False
False,0,0,P020,P4_negative,5,20260623,False
False,0,0,P020,P4_negative,5,20260623,False
False,0,0,P020,P4_negative,5,20260623,False
False,0,0,P020,P4_negative,5,20260623,False
False,0,0,P020,P4_negative,5,20260623,False
False,0,0,P020,P4_negative,5,20260623,False
False,0,0,P020,P4_negative,5,20260623,False
True,0,1,P020,P2_phrase_plus_vigil,5,20260623,True
True,0,1,P020,P2_phrase_plus_vigil,5,20260623,True
True,0,1,P020,P2_phrase_plus_vigil,5,20260623,True
True,0,1,P020,P2_phrase_plus_vigil,5,20260623,True
True,0,1,P020,P3_vigil_plus_phrase,5,20260623,True
True,0,1,P020,P3_vigil_plus_phrase,5,20260623,True
False,0,0,P020,P4_negative,5,20260623,False
False,0,0,P020,P4_negative,5,20260623,False
False,0,0,P020,P4_negative,5,20260623,False
False,0,0,P020,P4_negative,5,20260623,False
False,0,0,P020,P4_negative,5,20260623,False
False,0,0,P020,P4_negative,5,20260623,False
False,0,0,P020,P4_negative,5,20260623,False
False,0,0,P020,P4_negative,5,20260623,False
False,0,0,P020,P4_negative,5,20260623,False
False,0,0,P020,P4_negative,5,20260623,False
True,0,1,P022,P1_vigil_only,5,20260623,True
True,0,1,P022,P1_vigil_only,5,20260623,True
True,0,1,P022,P1_vigil_only,5,20260623,True
True,0,1,P022,P1_vigil_only,5,20260623,True
True,0,1,P022,P1_vigil_only,5,20260623,True
True,0,1,P022,P1_vigil_only,5,20260623,True
True,0,1,P022,P1_vigil_only,5,20260623,True
True,0,1,P022,P1_vigil_only,5,20260623,True
True,0,1,P022,P1_vigil_only,5,20260623,True
True,0,1,P022,P1_vigil_only,5,20260623,True
True,0,1,P022,P1_vigil_only,5,20260623,True
True,0,1,P022,P1_vigil_only,5,20260623,True
True,0,1,P022,P1_vigil_only,5,20260623,True
True,0,1,P022,P1_vigil_only,5,20260623,True
True,0,1,P022,P1_vigil_only,5,20260623,True
True,0,1,P022,P1_vigil_only,5,20260623,True
True,0,1,P022,P1_vigil_only,5,20260623,True
True,0,1,P022,P1_vigil_only,5,20260623,True
True,0,1,P022,P1_vigil_only,5,20260623,True
True,0,1,P022,P1_vigil_only,5,20260623,True
True,0,1,P022,P1_vigil_only,5,20260623,True
True,0,1,P022,P1_vigil_only,5,20260623,True
True,0,1,P022,P1_vigil_only,5,20260623,True
True,0,1,P022,P1_vigil_only,5,20260623,True
True,0,1,P022,P1_vigil_only,5,20260623,True
True,0,1,P022,P1_vigil_only,5,20260623,True
True,0,1,P022,P1_vigil_only,5,20260623,True
True,0,1,P022,P2_phrase_plus_vigil,5,20260623,True
True,0,1,P022,P2_phrase_plus_vigil,5,20260623,True
True,0,1,P022,P2_phrase_plus_vigil,5,20260623,True
True,0,1,P022,P2_phrase_plus_vigil,5,20260623,True
True,0,1,P022,P2_phrase_plus_vigil,5,20260623,True
True,0,1,P022,P2_phrase_plus_vigil,5,20260623,True
True,0,1,P022,P2_phrase_plus_vigil,5,20260623,True
True,0,1,P022,P2_phrase_plus_vigil,5,20260623,True
True,0,1,P022,P2_phrase_plus_vigil,5,20260623,True
True,0,1,P022,P2_phrase_plus_vigil,5,20260623,True
True,0,1,P022,P2_phrase_plus_vigil,5,20260623,True
True,0,1,P022,P2_phrase_plus_vigil,5,20260623,True
True,0,1,P022,P2_phrase_plus_vigil,5,20260623,True
True,0,1,P022,P2_phrase_plus_vigil,5,20260623,True
True,0,1,P022,P2_phrase_plus_vigil,5,20260623,True
True,0,1,P022,P2_phrase_plus_vigil,5,20260623,True
True,0,1,P022,P2_phrase_plus_vigil,5,20260623,True
True,0,1,P022,P2_phrase_plus_vigil,5,20260623,True
True,0,1,P022,P2_phrase_plus_vigil,5,20260623,True
True,0,1,P022,P2_phrase_plus_vigil,5,20260623,True
True,0,1,P022,P2_phrase_plus_vigil,5,20260623,True
True,0,1,P022,P2_phrase_plus_vigil,5,20260623,True
True,0,1,P022,P2_phrase_plus_vigil,5,20260623,True
True,0,1,P022,P2_phrase_plus_vigil,5,20260623,True
True,0,1,P022,P3_vigil_plus_phrase,5,20260623,True
True,0,1,P022,P3_vigil_plus_phrase,5,20260623,True
True,0,1,P022,P3_vigil_plus_phrase,5,20260623,True
True,0,1,P022,P3_vigil_plus_phrase,5,20260623,True
True,0,1,P022,P3_vigil_plus_phrase,5,20260623,True
True,0,1,P022,P3_vigil_plus_phrase,5,20260623,True
True,0,1,P022,P3_vigil_plus_phrase,5,20260623,True
True,0,1,P022,P3_vigil_plus_phrase,5,20260623,True
True,0,1,P022,P3_vigil_plus_phrase,5,20260623,True
True,0,1,P022,P3_vigil_plus_phrase,5,20260623,True
True,0,1,P022,P3_vigil_plus_phrase,5,20260623,True
True,0,1,P022,P3_vigil_plus_phrase,5,20260623,True
True,0,1,P022,P3_vigil_plus_phrase,5,20260623,True
True,0,1,P022,P3_vigil_plus_phrase,5,20260623,True
False,0,0,P022,P4_negative,5,20260623,False
False,0,0,P022,P4_negative,5,20260623,False
False,0,0,P022,P4_negative,5,20260623,False
False,0,0,P022,P4_negative,5,20260623,False
False,0,0,P022,P4_negative,5,20260623,False
False,0,0,P022,P4_negative,5,20260623,False
False,0,0,P022,P4_negative,5,20260623,False
False,0,0,P022,P4_negative,5,20260623,False
False,0,0,P022,P4_negative,5,20260623,False
False,0,0,P022,P4_negative,5,20260623,False
False,0,0,P022,P4_negative,5,20260623,False
False,0,0,P022,P4_negative,5,20260623,False
False,0,0,P022,P4_negative,5,20260623,False
False,0,0,P022,P4_negative,5,20260623,False
False,0,0,P022,P4_negative,5,20260623,False
False,0,0,P022,P4_negative,5,20260623,False
False,0,0,P022,P4_negative,5,20260623,False
False,0,0,P022,P4_negative,5,20260623,False
False,0,0,P022,P4_negative,5,20260623,False
False,0,0,P022,P4_negative,5,20260623,False
False,0,0,P022,P4_negative,5,20260623,False
False,0,0,P022,P4_negative,5,20260623,False
False,0,0,P022,P4_negative,5,20260623,False
False,0,0,P022,P4_negative,5,20260623,False
False,0,0,P022,P4_negative,5,20260623,False
False,0,0,P022,P4_negative,5,20260623,False
False,0,0,P022,P4_negative,5,20260623,False
False,0,0,P022,P4_negative,5,20260623,False
False,0,0,P022,P4_negative,5,20260623,False
False,0,0,P022,P4_negative,5,20260623,False
True,0,1,P034,P2_phrase_plus_vigil,5,20260623,True
True,0,1,P034,P2_phrase_plus_vigil,5,20260623,True
True,0,1,P034,P2_phrase_plus_vigil,5,20260623,True
True,0,1,P034,P3_vigil_plus_phrase,5,20260623,True
True,0,1,P034,P3_vigil_plus_phrase,5,20260623,True
True,0,1,P034,P3_vigil_plus_phrase,5,20260623,True
False,0,0,P034,P4_negative,5,20260623,False
False,0,0,P034,P4_negative,5,20260623,False
False,0,0,P034,P4_negative,5,20260623,False
False,0,0,P034,P4_negative,5,20260623,False
False,0,0,P034,P4_negative,5,20260623,False
False,0,0,P034,P4_negative,5,20260623,False
False,0,0,P034,P4_negative,5,20260623,False
False,0,0,P034,P4_negative,5,20260623,False
False,0,0,P034,P4_negative,5,20260623,False
False,0,0,P034,P4_negative,5,20260623,False
False,0,0,P034,P4_negative,5,20260623,False
False,0,0,P034,P4_negative,5,20260623,False
False,0,0,P034,P4_negative,5,20260623,False
False,0,0,P034,P4_negative,5,20260623,False
False,0,0,P034,P4_negative,5,20260623,False
True,0,1,P030,P1_vigil_only,3,20260624,True
True,0,1,P030,P2_phrase_plus_vigil,3,20260624,True
False,0,0,P030,P4_negative,3,20260624,False
False,0,0,P030,P4_negative,3,20260624,False
False,0,1,P012,P1_vigil_only,3,20260624,False
True,0,1,P012,P2_phrase_plus_vigil,3,20260624,True
True,0,1,P012,P2_phrase_plus_vigil,3,20260624,True
False,0,1,P012,P2_phrase_plus_vigil,3,20260624,False
True,0,1,P012,P2_phrase_plus_vigil,3,20260624,True
True,0,1,P012,P3_vigil_plus_phrase,3,20260624,True
True,0,1,P012,P3_vigil_plus_phrase,3,20260624,True
True,0,1,P012,P3_vigil_plus_phrase,3,20260624,True
False,0,0,P012,P4_negative,3,20260624,False
False,0,0,P012,P4_negative,3,20260624,False
False,0,0,P012,P4_negative,3,20260624,False
False,0,0,P012,P4_negative,3,20260624,False
False,0,0,P012,P4_negative,3,20260624,False
False,0,0,P012,P4_negative,3,20260624,False
False,0,0,P012,P4_negative,3,20260624,False
False,0,0,P012,P4_negative,3,20260624,False
False,0,0,P012,P4_negative,3,20260624,False
False,0,0,P012,P4_negative,3,20260624,False
False,0,0,P012,P4_negative,3,20260624,False
False,0,0,P012,P4_negative,3,20260624,False
False,0,0,P012,P4_negative,3,20260624,False
False,0,0,P012,P4_negative,3,20260624,False
False,0,0,P012,P4_negative,3,20260624,False
False,0,0,P012,P4_negative,3,20260624,False
False,0,0,P012,P4_negative,3,20260624,False
False,0,0,P012,P4_negative,3,20260624,False
False,0,0,P012,P4_negative,3,20260624,False
True,0,1,P012,P3_vigil_plus_phrase,3,20260624,True
True,0,1,P012,P3_vigil_plus_phrase,3,20260624,True
False,0,0,P012,P4_negative,3,20260624,False
True,0,1,P035,P1_vigil_only,3,20260624,True
False,0,1,P035,P1_vigil_only,3,20260624,False
True,0,1,P035,P1_vigil_only,3,20260624,True
True,0,1,P035,P2_phrase_plus_vigil,3,20260624,True
True,0,1,P035,P2_phrase_plus_vigil,3,20260624,True
True,0,1,P035,P2_phrase_plus_vigil,3,20260624,True
True,0,1,P035,P3_vigil_plus_phrase,3,20260624,True
True,0,1,P035,P3_vigil_plus_phrase,3,20260624,True
True,0,1,P035,P3_vigil_plus_phrase,3,20260624,True
False,0,1,P035,P3_vigil_plus_phrase,3,20260624,False
False,0,0,P035,P4_negative,3,20260624,False
False,0,0,P035,P4_negative,3,20260624,False
False,0,0,P035,P4_negative,3,20260624,False
False,0,0,P035,P4_negative,3,20260624,False
False,0,0,P035,P4_negative,3,20260624,False
False,0,0,P035,P4_negative,3,20260624,False
False,0,0,P035,P4_negative,3,20260624,False
False,0,0,P035,P4_negative,3,20260624,False
False,0,0,P035,P4_negative,3,20260624,False
False,0,0,P035,P4_negative,3,20260624,False
False,0,0,P035,P4_negative,3,20260624,False
False,0,0,P035,P4_negative,3,20260624,False
False,0,0,P035,P4_negative,3,20260624,False
False,0,0,P035,P4_negative,3,20260624,False
False,0,0,P035,P4_negative,3,20260624,False
True,0,1,P020,P1_vigil_only,3,20260624,True
True,0,1,P020,P1_vigil_only,3,20260624,True
True,0,1,P020,P1_vigil_only,3,20260624,True
True,0,1,P020,P2_phrase_plus_vigil,3,20260624,True
True,0,1,P020,P2_phrase_plus_vigil,3,20260624,True
True,0,1,P020,P2_phrase_plus_vigil,3,20260624,True
True,0,1,P020,P2_phrase_plus_vigil,3,20260624,True
True,0,1,P020,P2_phrase_plus_vigil,3,20260624,True
True,0,1,P020,P2_phrase_plus_vigil,3,20260624,True
True,0,1,P020,P3_vigil_plus_phrase,3,20260624,True
True,0,1,P020,P3_vigil_plus_phrase,3,20260624,True
True,0,1,P020,P3_vigil_plus_phrase,3,20260624,True
False,0,0,P020,P4_negative,3,20260624,False
False,0,0,P020,P4_negative,3,20260624,False
False,0,0,P020,P4_negative,3,20260624,False
False,0,0,P020,P4_negative,3,20260624,False
False,0,0,P020,P4_negative,3,20260624,False
False,0,0,P020,P4_negative,3,20260624,False
False,0,0,P020,P4_negative,3,20260624,False
False,0,0,P020,P4_negative,3,20260624,False
False,0,0,P020,P4_negative,3,20260624,False
False,0,0,P020,P4_negative,3,20260624,False
False,0,0,P020,P4_negative,3,20260624,False
False,0,0,P020,P4_negative,3,20260624,False
False,0,0,P020,P4_negative,3,20260624,False
False,0,0,P020,P4_negative,3,20260624,False
False,0,0,P020,P4_negative,3,20260624,False
False,0,0,P020,P4_negative,3,20260624,False
False,0,0,P020,P4_negative,3,20260624,False
False,0,0,P020,P4_negative,3,20260624,False
False,0,0,P020,P4_negative,3,20260624,False
False,0,0,P020,P4_negative,3,20260624,False
True,0,1,P020,P2_phrase_plus_vigil,3,20260624,True
True,0,1,P020,P2_phrase_plus_vigil,3,20260624,True
True,0,1,P020,P2_phrase_plus_vigil,3,20260624,True
True,0,1,P020,P2_phrase_plus_vigil,3,20260624,True
True,0,1,P020,P3_vigil_plus_phrase,3,20260624,True
True,0,1,P020,P3_vigil_plus_phrase,3,20260624,True
True,0,1,P020,P3_vigil_plus_phrase,3,20260624,True
True,0,1,P020,P3_vigil_plus_phrase,3,20260624,True
False,0,0,P020,P4_negative,3,20260624,False
False,0,0,P020,P4_negative,3,20260624,False
False,0,0,P020,P4_negative,3,20260624,False
False,0,0,P020,P4_negative,3,20260624,False
False,0,0,P020,P4_negative,3,20260624,False
False,0,0,P020,P4_negative,3,20260624,False
False,0,0,P020,P4_negative,3,20260624,False
False,0,0,P020,P4_negative,3,20260624,False
False,0,0,P020,P4_negative,3,20260624,False
False,0,0,P020,P4_negative,3,20260624,False
True,0,1,P022,P1_vigil_only,3,20260624,True
True,0,1,P022,P1_vigil_only,3,20260624,True
True,0,1,P022,P1_vigil_only,3,20260624,True
True,0,1,P022,P1_vigil_only,3,20260624,True
True,0,1,P022,P1_vigil_only,3,20260624,True
True,0,1,P022,P1_vigil_only,3,20260624,True
True,0,1,P022,P1_vigil_only,3,20260624,True
True,0,1,P022,P1_vigil_only,3,20260624,True
True,0,1,P022,P1_vigil_only,3,20260624,True
True,0,1,P022,P1_vigil_only,3,20260624,True
True,0,1,P022,P1_vigil_only,3,20260624,True
True,0,1,P022,P1_vigil_only,3,20260624,True
True,0,1,P022,P1_vigil_only,3,20260624,True
True,0,1,P022,P1_vigil_only,3,20260624,True
True,0,1,P022,P1_vigil_only,3,20260624,True
True,0,1,P022,P1_vigil_only,3,20260624,True
True,0,1,P022,P1_vigil_only,3,20260624,True
True,0,1,P022,P1_vigil_only,3,20260624,True
True,0,1,P022,P1_vigil_only,3,20260624,True
True,0,1,P022,P1_vigil_only,3,20260624,True
True,0,1,P022,P1_vigil_only,3,20260624,True
True,0,1,P022,P1_vigil_only,3,20260624,True
True,0,1,P022,P1_vigil_only,3,20260624,True
True,0,1,P022,P1_vigil_only,3,20260624,True
True,0,1,P022,P1_vigil_only,3,20260624,True
True,0,1,P022,P1_vigil_only,3,20260624,True
True,0,1,P022,P1_vigil_only,3,20260624,True
True,0,1,P022,P1_vigil_only,3,20260624,True
True,0,1,P022,P1_vigil_only,3,20260624,True
True,0,1,P022,P2_phrase_plus_vigil,3,20260624,True
True,0,1,P022,P2_phrase_plus_vigil,3,20260624,True
True,0,1,P022,P2_phrase_plus_vigil,3,20260624,True
True,0,1,P022,P2_phrase_plus_vigil,3,20260624,True
True,0,1,P022,P2_phrase_plus_vigil,3,20260624,True
True,0,1,P022,P2_phrase_plus_vigil,3,20260624,True
True,0,1,P022,P2_phrase_plus_vigil,3,20260624,True
True,0,1,P022,P2_phrase_plus_vigil,3,20260624,True
True,0,1,P022,P2_phrase_plus_vigil,3,20260624,True
True,0,1,P022,P2_phrase_plus_vigil,3,20260624,True
True,0,1,P022,P2_phrase_plus_vigil,3,20260624,True
True,0,1,P022,P2_phrase_plus_vigil,3,20260624,True
True,0,1,P022,P2_phrase_plus_vigil,3,20260624,True
True,0,1,P022,P2_phrase_plus_vigil,3,20260624,True
True,0,1,P022,P2_phrase_plus_vigil,3,20260624,True
True,0,1,P022,P2_phrase_plus_vigil,3,20260624,True
True,0,1,P022,P2_phrase_plus_vigil,3,20260624,True
True,0,1,P022,P2_phrase_plus_vigil,3,20260624,True
True,0,1,P022,P2_phrase_plus_vigil,3,20260624,True
True,0,1,P022,P2_phrase_plus_vigil,3,20260624,True
True,0,1,P022,P2_phrase_plus_vigil,3,20260624,True
True,0,1,P022,P2_phrase_plus_vigil,3,20260624,True
True,0,1,P022,P2_phrase_plus_vigil,3,20260624,True
True,0,1,P022,P2_phrase_plus_vigil,3,20260624,True
True,0,1,P022,P2_phrase_plus_vigil,3,20260624,True
True,0,1,P022,P3_vigil_plus_phrase,3,20260624,True
True,0,1,P022,P3_vigil_plus_phrase,3,20260624,True
True,0,1,P022,P3_vigil_plus_phrase,3,20260624,True
True,0,1,P022,P3_vigil_plus_phrase,3,20260624,True
True,0,1,P022,P3_vigil_plus_phrase,3,20260624,True
True,0,1,P022,P3_vigil_plus_phrase,3,20260624,True
True,0,1,P022,P3_vigil_plus_phrase,3,20260624,True
True,0,1,P022,P3_vigil_plus_phrase,3,20260624,True
True,0,1,P022,P3_vigil_plus_phrase,3,20260624,True
True,0,1,P022,P3_vigil_plus_phrase,3,20260624,True
True,0,1,P022,P3_vigil_plus_phrase,3,20260624,True
True,0,1,P022,P3_vigil_plus_phrase,3,20260624,True
True,0,1,P022,P3_vigil_plus_phrase,3,20260624,True
False,0,0,P022,P4_negative,3,20260624,False
False,0,0,P022,P4_negative,3,20260624,False
False,0,0,P022,P4_negative,3,20260624,False
False,0,0,P022,P4_negative,3,20260624,False
False,0,0,P022,P4_negative,3,20260624,False
False,0,0,P022,P4_negative,3,20260624,False
False,0,0,P022,P4_negative,3,20260624,False
False,0,0,P022,P4_negative,3,20260624,False
False,0,0,P022,P4_negative,3,20260624,False
False,0,0,P022,P4_negative,3,20260624,False
False,0,0,P022,P4_negative,3,20260624,False
False,0,0,P022,P4_negative,3,20260624,False
False,0,0,P022,P4_negative,3,20260624,False
False,0,0,P022,P4_negative,3,20260624,False
False,0,0,P022,P4_negative,3,20260624,False
False,0,0,P022,P4_negative,3,20260624,False
False,0,0,P022,P4_negative,3,20260624,False
False,0,0,P022,P4_negative,3,20260624,False
False,0,0,P022,P4_negative,3,20260624,False
False,0,0,P022,P4_negative,3,20260624,False
False,0,0,P022,P4_negative,3,20260624,False
False,0,0,P022,P4_negative,3,20260624,False
False,0,0,P022,P4_negative,3,20260624,False
False,0,0,P022,P4_negative,3,20260624,False
False,0,0,P022,P4_negative,3,20260624,False
False,0,0,P022,P4_negative,3,20260624,False
False,0,0,P022,P4_negative,3,20260624,False
False,0,0,P022,P4_negative,3,20260624,False
False,0,0,P022,P4_negative,3,20260624,False
False,0,0,P022,P4_negative,3,20260624,False
True,0,1,P034,P1_vigil_only,3,20260624,True
True,0,1,P034,P2_phrase_plus_vigil,3,20260624,True
True,0,1,P034,P2_phrase_plus_vigil,3,20260624,True
True,0,1,P034,P2_phrase_plus_vigil,3,20260624,True
True,0,1,P034,P2_phrase_plus_vigil,3,20260624,True
True,0,1,P034,P3_vigil_plus_phrase,3,20260624,True
True,0,1,P034,P3_vigil_plus_phrase,3,20260624,True
True,0,1,P034,P3_vigil_plus_phrase,3,20260624,True
False,0,0,P034,P4_negative,3,20260624,False
False,0,0,P034,P4_negative,3,20260624,False
False,0,0,P034,P4_negative,3,20260624,False
False,0,0,P034,P4_negative,3,20260624,False
False,0,0,P034,P4_negative,3,20260624,False
False,0,0,P034,P4_negative,3,20260624,False
False,0,0,P034,P4_negative,3,20260624,False
False,0,0,P034,P4_negative,3,20260624,False
False,0,0,P034,P4_negative,3,20260624,False
False,0,0,P034,P4_negative,3,20260624,False
False,0,0,P034,P4_negative,3,20260624,False
False,0,0,P034,P4_negative,3,20260624,False
False,0,0,P034,P4_negative,3,20260624,False
False,0,0,P034,P4_negative,3,20260624,False
False,0,0,P034,P4_negative,3,20260624,False
True,0,1,P012,P2_phrase_plus_vigil,5,20260624,True
False,0,1,P012,P2_phrase_plus_vigil,5,20260624,False
True,0,1,P012,P2_phrase_plus_vigil,5,20260624,True
True,0,1,P012,P3_vigil_plus_phrase,5,20260624,True
True,0,1,P012,P3_vigil_plus_phrase,5,20260624,True
True,0,1,P012,P3_vigil_plus_phrase,5,20260624,True
False,0,0,P012,P4_negative,5,20260624,False
False,0,0,P012,P4_negative,5,20260624,False
False,0,0,P012,P4_negative,5,20260624,False
False,0,0,P012,P4_negative,5,20260624,False
False,0,0,P012,P4_negative,5,20260624,False
False,0,0,P012,P4_negative,5,20260624,False
False,0,0,P012,P4_negative,5,20260624,False
False,0,0,P012,P4_negative,5,20260624,False
False,0,0,P012,P4_negative,5,20260624,False
False,0,0,P012,P4_negative,5,20260624,False
False,0,0,P012,P4_negative,5,20260624,False
False,0,0,P012,P4_negative,5,20260624,False
False,0,0,P012,P4_negative,5,20260624,False
False,0,0,P012,P4_negative,5,20260624,False
False,0,0,P012,P4_negative,5,20260624,False
False,0,0,P012,P4_negative,5,20260624,False
False,0,0,P012,P4_negative,5,20260624,False
False,0,0,P012,P4_negative,5,20260624,False
False,0,0,P012,P4_negative,5,20260624,False
True,0,1,P012,P3_vigil_plus_phrase,5,20260624,True
True,0,1,P012,P3_vigil_plus_phrase,5,20260624,True
False,0,0,P012,P4_negative,5,20260624,False
False,0,1,P035,P1_vigil_only,5,20260624,False
True,0,1,P035,P2_phrase_plus_vigil,5,20260624,True
True,0,1,P035,P2_phrase_plus_vigil,5,20260624,True
True,0,1,P035,P2_phrase_plus_vigil,5,20260624,True
True,0,1,P035,P3_vigil_plus_phrase,5,20260624,True
True,0,1,P035,P3_vigil_plus_phrase,5,20260624,True
True,0,1,P035,P3_vigil_plus_phrase,5,20260624,True
False,0,1,P035,P3_vigil_plus_phrase,5,20260624,False
False,0,0,P035,P4_negative,5,20260624,False
False,0,0,P035,P4_negative,5,20260624,False
False,0,0,P035,P4_negative,5,20260624,False
False,0,0,P035,P4_negative,5,20260624,False
False,0,0,P035,P4_negative,5,20260624,False
False,0,0,P035,P4_negative,5,20260624,False
False,0,0,P035,P4_negative,5,20260624,False
False,0,0,P035,P4_negative,5,20260624,False
False,0,0,P035,P4_negative,5,20260624,False
False,0,0,P035,P4_negative,5,20260624,False
False,0,0,P035,P4_negative,5,20260624,False
False,0,0,P035,P4_negative,5,20260624,False
False,0,0,P035,P4_negative,5,20260624,False
False,0,0,P035,P4_negative,5,20260624,False
False,0,0,P035,P4_negative,5,20260624,False
True,0,1,P020,P1_vigil_only,5,20260624,True
True,0,1,P020,P1_vigil_only,5,20260624,True
True,0,1,P020,P2_phrase_plus_vigil,5,20260624,True
True,0,1,P020,P2_phrase_plus_vigil,5,20260624,True
True,0,1,P020,P2_phrase_plus_vigil,5,20260624,True
True,0,1,P020,P2_phrase_plus_vigil,5,20260624,True
True,0,1,P020,P2_phrase_plus_vigil,5,20260624,True
True,0,1,P020,P3_vigil_plus_phrase,5,20260624,True
True,0,1,P020,P3_vigil_plus_phrase,5,20260624,True
True,0,1,P020,P3_vigil_plus_phrase,5,20260624,True
False,0,0,P020,P4_negative,5,20260624,False
False,0,0,P020,P4_negative,5,20260624,False
False,0,0,P020,P4_negative,5,20260624,False
False,0,0,P020,P4_negative,5,20260624,False
False,0,0,P020,P4_negative,5,20260624,False
False,0,0,P020,P4_negative,5,20260624,False
False,0,0,P020,P4_negative,5,20260624,False
False,0,0,P020,P4_negative,5,20260624,False
False,0,0,P020,P4_negative,5,20260624,False
False,0,0,P020,P4_negative,5,20260624,False
False,0,0,P020,P4_negative,5,20260624,False
False,0,0,P020,P4_negative,5,20260624,False
False,0,0,P020,P4_negative,5,20260624,False
False,0,0,P020,P4_negative,5,20260624,False
False,0,0,P020,P4_negative,5,20260624,False
False,0,0,P020,P4_negative,5,20260624,False
False,0,0,P020,P4_negative,5,20260624,False
False,0,0,P020,P4_negative,5,20260624,False
False,0,0,P020,P4_negative,5,20260624,False
False,0,0,P020,P4_negative,5,20260624,False
True,0,1,P020,P2_phrase_plus_vigil,5,20260624,True
True,0,1,P020,P2_phrase_plus_vigil,5,20260624,True
True,0,1,P020,P2_phrase_plus_vigil,5,20260624,True
True,0,1,P020,P2_phrase_plus_vigil,5,20260624,True
True,0,1,P020,P3_vigil_plus_phrase,5,20260624,True
True,0,1,P020,P3_vigil_plus_phrase,5,20260624,True
True,0,1,P020,P3_vigil_plus_phrase,5,20260624,True
True,0,1,P020,P3_vigil_plus_phrase,5,20260624,True
False,0,0,P020,P4_negative,5,20260624,False
False,0,0,P020,P4_negative,5,20260624,False
False,0,0,P020,P4_negative,5,20260624,False
False,0,0,P020,P4_negative,5,20260624,False
False,0,0,P020,P4_negative,5,20260624,False
False,0,0,P020,P4_negative,5,20260624,False
False,0,0,P020,P4_negative,5,20260624,False
False,0,0,P020,P4_negative,5,20260624,False
False,0,0,P020,P4_negative,5,20260624,False
False,0,0,P020,P4_negative,5,20260624,False
True,0,1,P022,P1_vigil_only,5,20260624,True
True,0,1,P022,P1_vigil_only,5,20260624,True
True,0,1,P022,P1_vigil_only,5,20260624,True
True,0,1,P022,P1_vigil_only,5,20260624,True
True,0,1,P022,P1_vigil_only,5,20260624,True
True,0,1,P022,P1_vigil_only,5,20260624,True
True,0,1,P022,P1_vigil_only,5,20260624,True
True,0,1,P022,P1_vigil_only,5,20260624,True
True,0,1,P022,P1_vigil_only,5,20260624,True
True,0,1,P022,P1_vigil_only,5,20260624,True
True,0,1,P022,P1_vigil_only,5,20260624,True
True,0,1,P022,P1_vigil_only,5,20260624,True
True,0,1,P022,P1_vigil_only,5,20260624,True
True,0,1,P022,P1_vigil_only,5,20260624,True
True,0,1,P022,P1_vigil_only,5,20260624,True
True,0,1,P022,P1_vigil_only,5,20260624,True
True,0,1,P022,P1_vigil_only,5,20260624,True
True,0,1,P022,P1_vigil_only,5,20260624,True
True,0,1,P022,P1_vigil_only,5,20260624,True
True,0,1,P022,P1_vigil_only,5,20260624,True
True,0,1,P022,P1_vigil_only,5,20260624,True
True,0,1,P022,P1_vigil_only,5,20260624,True
True,0,1,P022,P1_vigil_only,5,20260624,True
True,0,1,P022,P1_vigil_only,5,20260624,True
True,0,1,P022,P1_vigil_only,5,20260624,True
True,0,1,P022,P1_vigil_only,5,20260624,True
True,0,1,P022,P1_vigil_only,5,20260624,True
True,0,1,P022,P2_phrase_plus_vigil,5,20260624,True
True,0,1,P022,P2_phrase_plus_vigil,5,20260624,True
True,0,1,P022,P2_phrase_plus_vigil,5,20260624,True
True,0,1,P022,P2_phrase_plus_vigil,5,20260624,True
True,0,1,P022,P2_phrase_plus_vigil,5,20260624,True
True,0,1,P022,P2_phrase_plus_vigil,5,20260624,True
True,0,1,P022,P2_phrase_plus_vigil,5,20260624,True
True,0,1,P022,P2_phrase_plus_vigil,5,20260624,True
True,0,1,P022,P2_phrase_plus_vigil,5,20260624,True
True,0,1,P022,P2_phrase_plus_vigil,5,20260624,True
True,0,1,P022,P2_phrase_plus_vigil,5,20260624,True
True,0,1,P022,P2_phrase_plus_vigil,5,20260624,True
True,0,1,P022,P2_phrase_plus_vigil,5,20260624,True
True,0,1,P022,P2_phrase_plus_vigil,5,20260624,True
True,0,1,P022,P2_phrase_plus_vigil,5,20260624,True
True,0,1,P022,P2_phrase_plus_vigil,5,20260624,True
True,0,1,P022,P2_phrase_plus_vigil,5,20260624,True
True,0,1,P022,P2_phrase_plus_vigil,5,20260624,True
True,0,1,P022,P2_phrase_plus_vigil,5,20260624,True
True,0,1,P022,P2_phrase_plus_vigil,5,20260624,True
True,0,1,P022,P2_phrase_plus_vigil,5,20260624,True
True,0,1,P022,P2_phrase_plus_vigil,5,20260624,True
True,0,1,P022,P2_phrase_plus_vigil,5,20260624,True
True,0,1,P022,P2_phrase_plus_vigil,5,20260624,True
True,0,1,P022,P2_phrase_plus_vigil,5,20260624,True
True,0,1,P022,P3_vigil_plus_phrase,5,20260624,True
True,0,1,P022,P3_vigil_plus_phrase,5,20260624,True
True,0,1,P022,P3_vigil_plus_phrase,5,20260624,True
True,0,1,P022,P3_vigil_plus_phrase,5,20260624,True
True,0,1,P022,P3_vigil_plus_phrase,5,20260624,True
True,0,1,P022,P3_vigil_plus_phrase,5,20260624,True
True,0,1,P022,P3_vigil_plus_phrase,5,20260624,True
True,0,1,P022,P3_vigil_plus_phrase,5,20260624,True
True,0,1,P022,P3_vigil_plus_phrase,5,20260624,True
True,0,1,P022,P3_vigil_plus_phrase,5,20260624,True
True,0,1,P022,P3_vigil_plus_phrase,5,20260624,True
True,0,1,P022,P3_vigil_plus_phrase,5,20260624,True
True,0,1,P022,P3_vigil_plus_phrase,5,20260624,True
False,0,0,P022,P4_negative,5,20260624,False
False,0,0,P022,P4_negative,5,20260624,False
False,0,0,P022,P4_negative,5,20260624,False
False,0,0,P022,P4_negative,5,20260624,False
False,0,0,P022,P4_negative,5,20260624,False
False,0,0,P022,P4_negative,5,20260624,False
False,0,0,P022,P4_negative,5,20260624,False
False,0,0,P022,P4_negative,5,20260624,False
False,0,0,P022,P4_negative,5,20260624,False
False,0,0,P022,P4_negative,5,20260624,False
False,0,0,P022,P4_negative,5,20260624,False
False,0,0,P022,P4_negative,5,20260624,False
False,0,0,P022,P4_negative,5,20260624,False
False,0,0,P022,P4_negative,5,20260624,False
False,0,0,P022,P4_negative,5,20260624,False
False,0,0,P022,P4_negative,5,20260624,False
False,0,0,P022,P4_negative,5,20260624,False
False,0,0,P022,P4_negative,5,20260624,False
False,0,0,P022,P4_negative,5,20260624,False
False,0,0,P022,P4_negative,5,20260624,False
False,0,0,P022,P4_negative,5,20260624,False
False,0,0,P022,P4_negative,5,20260624,False
False,0,0,P022,P4_negative,5,20260624,False
False,0,0,P022,P4_negative,5,20260624,False
False,0,0,P022,P4_negative,5,20260624,False
False,0,0,P022,P4_negative,5,20260624,False
False,0,0,P022,P4_negative,5,20260624,False
False,0,0,P022,P4_negative,5,20260624,False
False,0,0,P022,P4_negative,5,20260624,False
False,0,0,P022,P4_negative,5,20260624,False
True,0,1,P034,P1_vigil_only,5,20260624,True
True,0,1,P034,P2_phrase_plus_vigil,5,20260624,True
True,0,1,P034,P2_phrase_plus_vigil,5,20260624,True
True,0,1,P034,P2_phrase_plus_vigil,5,20260624,True
True,0,1,P034,P3_vigil_plus_phrase,5,20260624,True
True,0,1,P034,P3_vigil_plus_phrase,5,20260624,True
False,0,0,P034,P4_negative,5,20260624,False
False,0,0,P034,P4_negative,5,20260624,False
False,0,0,P034,P4_negative,5,20260624,False
False,0,0,P034,P4_negative,5,20260624,False
False,0,0,P034,P4_negative,5,20260624,False
False,0,0,P034,P4_negative,5,20260624,False
False,0,0,P034,P4_negative,5,20260624,False
False,0,0,P034,P4_negative,5,20260624,False
False,0,0,P034,P4_negative,5,20260624,False
False,0,0,P034,P4_negative,5,20260624,False
False,0,0,P034,P4_negative,5,20260624,False
False,0,0,P034,P4_negative,5,20260624,False
False,0,0,P034,P4_negative,5,20260624,False
False,0,0,P034,P4_negative,5,20260624,False
False,0,0,P034,P4_negative,5,20260624,False
True,1,1,P011,P1_vigil_only,3,20260620,True
True,1,1,P011,P2_phrase_plus_vigil,3,20260620,True
True,1,1,P011,P2_phrase_plus_vigil,3,20260620,True
True,1,1,P011,P2_phrase_plus_vigil,3,20260620,True
True,1,1,P011,P2_phrase_plus_vigil,3,20260620,True
True,1,1,P011,P3_vigil_plus_phrase,3,20260620,True
True,1,1,P011,P3_vigil_plus_phrase,3,20260620,True
True,1,1,P011,P3_vigil_plus_phrase,3,20260620,True
False,1,0,P011,P4_negative,3,20260620,False
False,1,0,P011,P4_negative,3,20260620,False
False,1,0,P011,P4_negative,3,20260620,False
False,1,0,P011,P4_negative,3,20260620,False
False,1,0,P011,P4_negative,3,20260620,False
False,1,0,P011,P4_negative,3,20260620,False
False,1,0,P011,P4_negative,3,20260620,False
False,1,0,P011,P4_negative,3,20260620,False
False,1,0,P011,P4_negative,3,20260620,False
False,1,0,P011,P4_negative,3,20260620,False
False,1,0,P011,P4_negative,3,20260620,False
False,1,0,P011,P4_negative,3,20260620,False
False,1,0,P011,P4_negative,3,20260620,False
False,1,0,P011,P4_negative,3,20260620,False
False,1,0,P011,P4_negative,3,20260620,False
True,1,1,P016,P1_vigil_only,3,20260620,True
True,1,1,P016,P1_vigil_only,3,20260620,True
True,1,1,P016,P1_vigil_only,3,20260620,True
True,1,1,P016,P3_vigil_plus_phrase,3,20260620,True
True,1,1,P016,P3_vigil_plus_phrase,3,20260620,True
True,1,1,P016,P3_vigil_plus_phrase,3,20260620,True
True,1,1,P016,P3_vigil_plus_phrase,3,20260620,True
True,1,1,P016,P3_vigil_plus_phrase,3,20260620,True
True,1,1,P016,P3_vigil_plus_phrase,3,20260620,True
True,1,1,P016,P2_phrase_plus_vigil,3,20260620,True
True,1,1,P016,P2_phrase_plus_vigil,3,20260620,True
True,1,1,P016,P2_phrase_plus_vigil,3,20260620,True
True,1,1,P016,P2_phrase_plus_vigil,3,20260620,True
True,1,1,P016,P2_phrase_plus_vigil,3,20260620,True
True,1,1,P016,P2_phrase_plus_vigil,3,20260620,True
True,1,1,P016,P2_phrase_plus_vigil,3,20260620,True
False,1,0,P016,P4_negative,3,20260620,False
False,1,0,P016,P4_negative,3,20260620,False
False,1,0,P016,P4_negative,3,20260620,False
False,1,0,P016,P4_negative,3,20260620,False
False,1,0,P016,P4_negative,3,20260620,False
False,1,0,P016,P4_negative,3,20260620,False
False,1,0,P016,P4_negative,3,20260620,False
False,1,0,P016,P4_negative,3,20260620,False
False,1,0,P016,P4_negative,3,20260620,False
False,1,0,P016,P4_negative,3,20260620,False
False,1,0,P016,P4_negative,3,20260620,False
False,1,0,P016,P4_negative,3,20260620,False
False,1,0,P016,P4_negative,3,20260620,False
False,1,0,P016,P4_negative,3,20260620,False
True,1,1,P027,P1_vigil_only,3,20260620,True
True,1,1,P027,P2_phrase_plus_vigil,3,20260620,True
True,1,1,P027,P2_phrase_plus_vigil,3,20260620,True
True,1,1,P027,P2_phrase_plus_vigil,3,20260620,True
True,1,1,P027,P3_vigil_plus_phrase,3,20260620,True
False,1,0,P027,P4_negative,3,20260620,False
False,1,0,P027,P4_negative,3,20260620,False
False,1,0,P027,P4_negative,3,20260620,False
False,1,0,P027,P4_negative,3,20260620,False
False,1,0,P027,P4_negative,3,20260620,False
False,1,0,P027,P4_negative,3,20260620,False
False,1,0,P027,P4_negative,3,20260620,False
False,1,0,P027,P4_negative,3,20260620,False
False,1,0,P027,P4_negative,3,20260620,False
False,1,0,P027,P4_negative,3,20260620,False
False,1,0,P027,P4_negative,3,20260620,False
False,1,0,P027,P4_negative,3,20260620,False
False,1,0,P027,P4_negative,3,20260620,False
True,1,1,P027,P2_phrase_plus_vigil,3,20260620,True
True,1,1,P027,P1_vigil_only,3,20260620,True
False,1,1,P027,P1_vigil_only,3,20260620,False
True,1,1,P027,P2_phrase_plus_vigil,3,20260620,True
True,1,1,P027,P3_vigil_plus_phrase,3,20260620,True
False,1,0,P027,P4_negative,3,20260620,False
False,1,0,P027,P4_negative,3,20260620,False
False,1,0,P027,P4_negative,3,20260620,False
False,1,0,P027,P4_negative,3,20260620,False
True,1,1,P014,P1_vigil_only,3,20260620,True
True,1,1,P014,P1_vigil_only,3,20260620,True
True,1,1,P014,P1_vigil_only,3,20260620,True
True,1,1,P014,P2_phrase_plus_vigil,3,20260620,True
True,1,1,P014,P2_phrase_plus_vigil,3,20260620,True
True,1,1,P014,P2_phrase_plus_vigil,3,20260620,True
True,1,1,P014,P2_phrase_plus_vigil,3,20260620,True
True,1,1,P014,P2_phrase_plus_vigil,3,20260620,True
True,1,1,P014,P2_phrase_plus_vigil,3,20260620,True
True,1,1,P014,P2_phrase_plus_vigil,3,20260620,True
True,1,1,P014,P2_phrase_plus_vigil,3,20260620,True
True,1,1,P014,P2_phrase_plus_vigil,3,20260620,True
True,1,1,P014,P2_phrase_plus_vigil,3,20260620,True
True,1,1,P014,P2_phrase_plus_vigil,3,20260620,True
True,1,1,P014,P2_phrase_plus_vigil,3,20260620,True
True,1,1,P014,P2_phrase_plus_vigil,3,20260620,True
True,1,1,P014,P2_phrase_plus_vigil,3,20260620,True
True,1,1,P014,P2_phrase_plus_vigil,3,20260620,True
True,1,1,P014,P2_phrase_plus_vigil,3,20260620,True
True,1,1,P014,P2_phrase_plus_vigil,3,20260620,True
True,1,1,P014,P2_phrase_plus_vigil,3,20260620,True
True,1,1,P014,P2_phrase_plus_vigil,3,20260620,True
True,1,1,P014,P2_phrase_plus_vigil,3,20260620,True
True,1,1,P014,P2_phrase_plus_vigil,3,20260620,True
True,1,1,P014,P2_phrase_plus_vigil,3,20260620,True
True,1,1,P014,P2_phrase_plus_vigil,3,20260620,True
True,1,1,P014,P2_phrase_plus_vigil,3,20260620,True
True,1,1,P014,P2_phrase_plus_vigil,3,20260620,True
True,1,1,P014,P2_phrase_plus_vigil,3,20260620,True
True,1,1,P014,P2_phrase_plus_vigil,3,20260620,True
True,1,1,P014,P2_phrase_plus_vigil,3,20260620,True
True,1,1,P014,P2_phrase_plus_vigil,3,20260620,True
True,1,1,P014,P2_phrase_plus_vigil,3,20260620,True
True,1,1,P014,P2_phrase_plus_vigil,3,20260620,True
True,1,1,P014,P2_phrase_plus_vigil,3,20260620,True
True,1,1,P014,P2_phrase_plus_vigil,3,20260620,True
True,1,1,P014,P2_phrase_plus_vigil,3,20260620,True
True,1,1,P014,P1_vigil_only,3,20260620,True
True,1,1,P014,P1_vigil_only,3,20260620,True
True,1,1,P014,P1_vigil_only,3,20260620,True
True,1,1,P014,P3_vigil_plus_phrase,3,20260620,True
True,1,1,P014,P3_vigil_plus_phrase,3,20260620,True
True,1,1,P014,P3_vigil_plus_phrase,3,20260620,True
True,1,1,P014,P3_vigil_plus_phrase,3,20260620,True
False,1,1,P014,P3_vigil_plus_phrase,3,20260620,False
True,1,1,P014,P3_vigil_plus_phrase,3,20260620,True
True,1,1,P014,P3_vigil_plus_phrase,3,20260620,True
True,1,1,P014,P3_vigil_plus_phrase,3,20260620,True
True,1,1,P014,P3_vigil_plus_phrase,3,20260620,True
True,1,1,P014,P3_vigil_plus_phrase,3,20260620,True
True,1,1,P014,P3_vigil_plus_phrase,3,20260620,True
True,1,1,P014,P3_vigil_plus_phrase,3,20260620,True
True,1,1,P014,P3_vigil_plus_phrase,3,20260620,True
True,1,1,P014,P3_vigil_plus_phrase,3,20260620,True
True,1,1,P014,P3_vigil_plus_phrase,3,20260620,True
True,1,1,P014,P3_vigil_plus_phrase,3,20260620,True
True,1,1,P014,P3_vigil_plus_phrase,3,20260620,True
True,1,1,P014,P3_vigil_plus_phrase,3,20260620,True
True,1,1,P014,P3_vigil_plus_phrase,3,20260620,True
True,1,1,P014,P3_vigil_plus_phrase,3,20260620,True
True,1,1,P014,P3_vigil_plus_phrase,3,20260620,True
False,1,0,P014,P4_negative,3,20260620,False
False,1,0,P014,P4_negative,3,20260620,False
False,1,0,P014,P4_negative,3,20260620,False
False,1,0,P014,P4_negative,3,20260620,False
False,1,0,P014,P4_negative,3,20260620,False
False,1,0,P014,P4_negative,3,20260620,False
False,1,0,P014,P4_negative,3,20260620,False
False,1,0,P014,P4_negative,3,20260620,False
False,1,0,P014,P4_negative,3,20260620,False
False,1,0,P014,P4_negative,3,20260620,False
False,1,0,P014,P4_negative,3,20260620,False
False,1,0,P014,P4_negative,3,20260620,False
False,1,0,P014,P4_negative,3,20260620,False
False,1,0,P014,P4_negative,3,20260620,False
False,1,0,P014,P4_negative,3,20260620,False
False,1,0,P014,P4_negative,3,20260620,False
False,1,0,P014,P4_negative,3,20260620,False
False,1,0,P014,P4_negative,3,20260620,False
False,1,0,P014,P4_negative,3,20260620,False
True,1,0,P014,P4_negative,3,20260620,True
False,1,0,P014,P4_negative,3,20260620,False
False,1,0,P014,P4_negative,3,20260620,False
False,1,0,P014,P4_negative,3,20260620,False
False,1,0,P014,P4_negative,3,20260620,False
False,1,0,P014,P4_negative,3,20260620,False
False,1,0,P014,P4_negative,3,20260620,False
False,1,0,P014,P4_negative,3,20260620,False
False,1,0,P014,P4_negative,3,20260620,False
False,1,0,P014,P4_negative,3,20260620,False
False,1,0,P014,P4_negative,3,20260620,False
False,1,0,P014,P4_negative,3,20260620,False
False,1,0,P014,P4_negative,3,20260620,False
False,1,0,P014,P4_negative,3,20260620,False
False,1,0,P014,P4_negative,3,20260620,False
False,1,0,P014,P4_negative,3,20260620,False
False,1,0,P014,P4_negative,3,20260620,False
True,1,1,P017,P1_vigil_only,3,20260620,True
False,1,1,P017,P1_vigil_only,3,20260620,False
True,1,1,P017,P2_phrase_plus_vigil,3,20260620,True
True,1,1,P017,P2_phrase_plus_vigil,3,20260620,True
True,1,1,P017,P2_phrase_plus_vigil,3,20260620,True
True,1,1,P017,P3_vigil_plus_phrase,3,20260620,True
False,1,0,P017,P4_negative,3,20260620,False
False,1,0,P017,P4_negative,3,20260620,False
False,1,0,P017,P4_negative,3,20260620,False
False,1,0,P017,P4_negative,3,20260620,False
False,1,0,P017,P4_negative,3,20260620,False
False,1,1,P007,P1_vigil_only,3,20260620,False
True,1,1,P007,P1_vigil_only,3,20260620,True
True,1,1,P007,P1_vigil_only,3,20260620,True
True,1,1,P007,P2_phrase_plus_vigil,3,20260620,True
True,1,1,P007,P2_phrase_plus_vigil,3,20260620,True
True,1,1,P007,P2_phrase_plus_vigil,3,20260620,True
True,1,1,P007,P2_phrase_plus_vigil,3,20260620,True
True,1,1,P007,P2_phrase_plus_vigil,3,20260620,True
True,1,1,P007,P2_phrase_plus_vigil,3,20260620,True
True,1,1,P007,P2_phrase_plus_vigil,3,20260620,True
True,1,1,P007,P2_phrase_plus_vigil,3,20260620,True
True,1,1,P007,P2_phrase_plus_vigil,3,20260620,True
True,1,1,P007,P2_phrase_plus_vigil,3,20260620,True
True,1,1,P007,P2_phrase_plus_vigil,3,20260620,True
True,1,1,P007,P3_vigil_plus_phrase,3,20260620,True
True,1,1,P007,P3_vigil_plus_phrase,3,20260620,True
True,1,1,P007,P3_vigil_plus_phrase,3,20260620,True
True,1,1,P007,P3_vigil_plus_phrase,3,20260620,True
True,1,1,P007,P3_vigil_plus_phrase,3,20260620,True
True,1,1,P007,P3_vigil_plus_phrase,3,20260620,True
False,1,0,P007,P4_negative,3,20260620,False
False,1,0,P007,P4_negative,3,20260620,False
False,1,0,P007,P4_negative,3,20260620,False
False,1,0,P007,P4_negative,3,20260620,False
False,1,0,P007,P4_negative,3,20260620,False
False,1,0,P007,P4_negative,3,20260620,False
False,1,0,P007,P4_negative,3,20260620,False
False,1,0,P007,P4_negative,3,20260620,False
False,1,0,P007,P4_negative,3,20260620,False
False,1,0,P007,P4_negative,3,20260620,False
False,1,0,P007,P4_negative,3,20260620,False
False,1,0,P007,P4_negative,3,20260620,False
False,1,0,P007,P4_negative,3,20260620,False
False,1,0,P007,P4_negative,3,20260620,False
False,1,0,P007,P4_negative,3,20260620,False
False,1,0,P007,P4_negative,3,20260620,False
False,1,0,P007,P4_negative,3,20260620,False
False,1,0,P007,P4_negative,3,20260620,False
False,1,0,P007,P4_negative,3,20260620,False
False,1,0,P007,P4_negative,3,20260620,False
False,1,0,P007,P4_negative,3,20260620,False
False,1,0,P007,P4_negative,3,20260620,False
False,1,0,P007,P4_negative,3,20260620,False
False,1,0,P007,P4_negative,3,20260620,False
False,1,0,P007,P4_negative,3,20260620,False
False,1,0,P007,P4_negative,3,20260620,False
False,1,0,P007,P4_negative,3,20260620,False
False,1,0,P007,P4_negative,3,20260620,False
False,1,0,P007,P4_negative,3,20260620,False
False,1,0,P007,P4_negative,3,20260620,False
False,1,1,P033,P1_vigil_only,3,20260620,False
False,1,1,P033,P1_vigil_only,3,20260620,False
True,1,1,P033,P2_phrase_plus_vigil,3,20260620,True
False,1,1,P033,P2_phrase_plus_vigil,3,20260620,False
True,1,1,P033,P2_phrase_plus_vigil,3,20260620,True
True,1,1,P033,P2_phrase_plus_vigil,3,20260620,True
True,1,1,P033,P2_phrase_plus_vigil,3,20260620,True
True,1,1,P033,P3_vigil_plus_phrase,3,20260620,True
True,1,1,P033,P3_vigil_plus_phrase,3,20260620,True
False,1,0,P033,P4_negative,3,20260620,False
False,1,0,P033,P4_negative,3,20260620,False
False,1,0,P033,P4_negative,3,20260620,False
False,1,0,P033,P4_negative,3,20260620,False
False,1,0,P033,P4_negative,3,20260620,False
True,1,1,P011,P1_vigil_only,5,20260620,True
True,1,1,P011,P2_phrase_plus_vigil,5,20260620,True
True,1,1,P011,P2_phrase_plus_vigil,5,20260620,True
True,1,1,P011,P3_vigil_plus_phrase,5,20260620,True
True,1,1,P011,P3_vigil_plus_phrase,5,20260620,True
True,1,1,P011,P3_vigil_plus_phrase,5,20260620,True
False,1,0,P011,P4_negative,5,20260620,False
False,1,0,P011,P4_negative,5,20260620,False
False,1,0,P011,P4_negative,5,20260620,False
False,1,0,P011,P4_negative,5,20260620,False
False,1,0,P011,P4_negative,5,20260620,False
False,1,0,P011,P4_negative,5,20260620,False
False,1,0,P011,P4_negative,5,20260620,False
False,1,0,P011,P4_negative,5,20260620,False
False,1,0,P011,P4_negative,5,20260620,False
False,1,0,P011,P4_negative,5,20260620,False
False,1,0,P011,P4_negative,5,20260620,False
False,1,0,P011,P4_negative,5,20260620,False
False,1,0,P011,P4_negative,5,20260620,False
False,1,0,P011,P4_negative,5,20260620,False
False,1,0,P011,P4_negative,5,20260620,False
True,1,1,P016,P1_vigil_only,5,20260620,True
True,1,1,P016,P1_vigil_only,5,20260620,True
True,1,1,P016,P1_vigil_only,5,20260620,True
True,1,1,P016,P3_vigil_plus_phrase,5,20260620,True
True,1,1,P016,P3_vigil_plus_phrase,5,20260620,True
True,1,1,P016,P3_vigil_plus_phrase,5,20260620,True
True,1,1,P016,P3_vigil_plus_phrase,5,20260620,True
True,1,1,P016,P3_vigil_plus_phrase,5,20260620,True
True,1,1,P016,P2_phrase_plus_vigil,5,20260620,True
True,1,1,P016,P2_phrase_plus_vigil,5,20260620,True
True,1,1,P016,P2_phrase_plus_vigil,5,20260620,True
True,1,1,P016,P2_phrase_plus_vigil,5,20260620,True
True,1,1,P016,P2_phrase_plus_vigil,5,20260620,True
True,1,1,P016,P2_phrase_plus_vigil,5,20260620,True
False,1,0,P016,P4_negative,5,20260620,False
False,1,0,P016,P4_negative,5,20260620,False
False,1,0,P016,P4_negative,5,20260620,False
False,1,0,P016,P4_negative,5,20260620,False
False,1,0,P016,P4_negative,5,20260620,False
False,1,0,P016,P4_negative,5,20260620,False
False,1,0,P016,P4_negative,5,20260620,False
False,1,0,P016,P4_negative,5,20260620,False
False,1,0,P016,P4_negative,5,20260620,False
False,1,0,P016,P4_negative,5,20260620,False
False,1,0,P016,P4_negative,5,20260620,False
False,1,0,P016,P4_negative,5,20260620,False
False,1,0,P016,P4_negative,5,20260620,False
False,1,0,P016,P4_negative,5,20260620,False
True,1,1,P027,P1_vigil_only,5,20260620,True
True,1,1,P027,P2_phrase_plus_vigil,5,20260620,True
True,1,1,P027,P2_phrase_plus_vigil,5,20260620,True
True,1,1,P027,P3_vigil_plus_phrase,5,20260620,True
False,1,0,P027,P4_negative,5,20260620,False
False,1,0,P027,P4_negative,5,20260620,False
False,1,0,P027,P4_negative,5,20260620,False
False,1,0,P027,P4_negative,5,20260620,False
False,1,0,P027,P4_negative,5,20260620,False
False,1,0,P027,P4_negative,5,20260620,False
False,1,0,P027,P4_negative,5,20260620,False
False,1,0,P027,P4_negative,5,20260620,False
False,1,0,P027,P4_negative,5,20260620,False
False,1,0,P027,P4_negative,5,20260620,False
False,1,0,P027,P4_negative,5,20260620,False
False,1,0,P027,P4_negative,5,20260620,False
False,1,0,P027,P4_negative,5,20260620,False
True,1,1,P027,P2_phrase_plus_vigil,5,20260620,True
True,1,1,P027,P1_vigil_only,5,20260620,True
True,1,1,P027,P2_phrase_plus_vigil,5,20260620,True
True,1,1,P027,P3_vigil_plus_phrase,5,20260620,True
False,1,0,P027,P4_negative,5,20260620,False
False,1,0,P027,P4_negative,5,20260620,False
False,1,0,P027,P4_negative,5,20260620,False
False,1,0,P027,P4_negative,5,20260620,False
True,1,1,P014,P1_vigil_only,5,20260620,True
True,1,1,P014,P1_vigil_only,5,20260620,True
True,1,1,P014,P1_vigil_only,5,20260620,True
True,1,1,P014,P2_phrase_plus_vigil,5,20260620,True
True,1,1,P014,P2_phrase_plus_vigil,5,20260620,True
True,1,1,P014,P2_phrase_plus_vigil,5,20260620,True
True,1,1,P014,P2_phrase_plus_vigil,5,20260620,True
True,1,1,P014,P2_phrase_plus_vigil,5,20260620,True
True,1,1,P014,P2_phrase_plus_vigil,5,20260620,True
True,1,1,P014,P2_phrase_plus_vigil,5,20260620,True
True,1,1,P014,P2_phrase_plus_vigil,5,20260620,True
True,1,1,P014,P2_phrase_plus_vigil,5,20260620,True
True,1,1,P014,P2_phrase_plus_vigil,5,20260620,True
True,1,1,P014,P2_phrase_plus_vigil,5,20260620,True
True,1,1,P014,P2_phrase_plus_vigil,5,20260620,True
True,1,1,P014,P2_phrase_plus_vigil,5,20260620,True
True,1,1,P014,P2_phrase_plus_vigil,5,20260620,True
True,1,1,P014,P2_phrase_plus_vigil,5,20260620,True
True,1,1,P014,P2_phrase_plus_vigil,5,20260620,True
True,1,1,P014,P2_phrase_plus_vigil,5,20260620,True
True,1,1,P014,P2_phrase_plus_vigil,5,20260620,True
True,1,1,P014,P2_phrase_plus_vigil,5,20260620,True
True,1,1,P014,P2_phrase_plus_vigil,5,20260620,True
True,1,1,P014,P2_phrase_plus_vigil,5,20260620,True
True,1,1,P014,P2_phrase_plus_vigil,5,20260620,True
True,1,1,P014,P2_phrase_plus_vigil,5,20260620,True
True,1,1,P014,P2_phrase_plus_vigil,5,20260620,True
True,1,1,P014,P2_phrase_plus_vigil,5,20260620,True
True,1,1,P014,P2_phrase_plus_vigil,5,20260620,True
True,1,1,P014,P2_phrase_plus_vigil,5,20260620,True
True,1,1,P014,P2_phrase_plus_vigil,5,20260620,True
True,1,1,P014,P2_phrase_plus_vigil,5,20260620,True
True,1,1,P014,P2_phrase_plus_vigil,5,20260620,True
True,1,1,P014,P2_phrase_plus_vigil,5,20260620,True
True,1,1,P014,P2_phrase_plus_vigil,5,20260620,True
True,1,1,P014,P2_phrase_plus_vigil,5,20260620,True
True,1,1,P014,P1_vigil_only,5,20260620,True
True,1,1,P014,P1_vigil_only,5,20260620,True
True,1,1,P014,P1_vigil_only,5,20260620,True
True,1,1,P014,P3_vigil_plus_phrase,5,20260620,True
True,1,1,P014,P3_vigil_plus_phrase,5,20260620,True
True,1,1,P014,P3_vigil_plus_phrase,5,20260620,True
True,1,1,P014,P3_vigil_plus_phrase,5,20260620,True
False,1,1,P014,P3_vigil_plus_phrase,5,20260620,False
True,1,1,P014,P3_vigil_plus_phrase,5,20260620,True
True,1,1,P014,P3_vigil_plus_phrase,5,20260620,True
True,1,1,P014,P3_vigil_plus_phrase,5,20260620,True
True,1,1,P014,P3_vigil_plus_phrase,5,20260620,True
True,1,1,P014,P3_vigil_plus_phrase,5,20260620,True
True,1,1,P014,P3_vigil_plus_phrase,5,20260620,True
True,1,1,P014,P3_vigil_plus_phrase,5,20260620,True
True,1,1,P014,P3_vigil_plus_phrase,5,20260620,True
True,1,1,P014,P3_vigil_plus_phrase,5,20260620,True
True,1,1,P014,P3_vigil_plus_phrase,5,20260620,True
True,1,1,P014,P3_vigil_plus_phrase,5,20260620,True
True,1,1,P014,P3_vigil_plus_phrase,5,20260620,True
True,1,1,P014,P3_vigil_plus_phrase,5,20260620,True
True,1,1,P014,P3_vigil_plus_phrase,5,20260620,True
True,1,1,P014,P3_vigil_plus_phrase,5,20260620,True
False,1,0,P014,P4_negative,5,20260620,False
False,1,0,P014,P4_negative,5,20260620,False
False,1,0,P014,P4_negative,5,20260620,False
False,1,0,P014,P4_negative,5,20260620,False
False,1,0,P014,P4_negative,5,20260620,False
False,1,0,P014,P4_negative,5,20260620,False
False,1,0,P014,P4_negative,5,20260620,False
False,1,0,P014,P4_negative,5,20260620,False
False,1,0,P014,P4_negative,5,20260620,False
False,1,0,P014,P4_negative,5,20260620,False
False,1,0,P014,P4_negative,5,20260620,False
False,1,0,P014,P4_negative,5,20260620,False
False,1,0,P014,P4_negative,5,20260620,False
False,1,0,P014,P4_negative,5,20260620,False
False,1,0,P014,P4_negative,5,20260620,False
False,1,0,P014,P4_negative,5,20260620,False
False,1,0,P014,P4_negative,5,20260620,False
False,1,0,P014,P4_negative,5,20260620,False
False,1,0,P014,P4_negative,5,20260620,False
True,1,0,P014,P4_negative,5,20260620,True
False,1,0,P014,P4_negative,5,20260620,False
False,1,0,P014,P4_negative,5,20260620,False
False,1,0,P014,P4_negative,5,20260620,False
False,1,0,P014,P4_negative,5,20260620,False
False,1,0,P014,P4_negative,5,20260620,False
False,1,0,P014,P4_negative,5,20260620,False
False,1,0,P014,P4_negative,5,20260620,False
False,1,0,P014,P4_negative,5,20260620,False
False,1,0,P014,P4_negative,5,20260620,False
False,1,0,P014,P4_negative,5,20260620,False
False,1,0,P014,P4_negative,5,20260620,False
False,1,0,P014,P4_negative,5,20260620,False
False,1,0,P014,P4_negative,5,20260620,False
False,1,0,P014,P4_negative,5,20260620,False
False,1,0,P014,P4_negative,5,20260620,False
False,1,0,P014,P4_negative,5,20260620,False
True,1,1,P017,P1_vigil_only,5,20260620,True
False,1,1,P017,P1_vigil_only,5,20260620,False
True,1,1,P017,P2_phrase_plus_vigil,5,20260620,True
True,1,1,P017,P3_vigil_plus_phrase,5,20260620,True
False,1,0,P017,P4_negative,5,20260620,False
False,1,0,P017,P4_negative,5,20260620,False
False,1,0,P017,P4_negative,5,20260620,False
False,1,0,P017,P4_negative,5,20260620,False
False,1,0,P017,P4_negative,5,20260620,False
False,1,1,P007,P1_vigil_only,5,20260620,False
True,1,1,P007,P1_vigil_only,5,20260620,True
True,1,1,P007,P1_vigil_only,5,20260620,True
True,1,1,P007,P2_phrase_plus_vigil,5,20260620,True
True,1,1,P007,P2_phrase_plus_vigil,5,20260620,True
True,1,1,P007,P2_phrase_plus_vigil,5,20260620,True
True,1,1,P007,P2_phrase_plus_vigil,5,20260620,True
True,1,1,P007,P2_phrase_plus_vigil,5,20260620,True
True,1,1,P007,P2_phrase_plus_vigil,5,20260620,True
True,1,1,P007,P2_phrase_plus_vigil,5,20260620,True
True,1,1,P007,P2_phrase_plus_vigil,5,20260620,True
True,1,1,P007,P2_phrase_plus_vigil,5,20260620,True
True,1,1,P007,P3_vigil_plus_phrase,5,20260620,True
True,1,1,P007,P3_vigil_plus_phrase,5,20260620,True
True,1,1,P007,P3_vigil_plus_phrase,5,20260620,True
True,1,1,P007,P3_vigil_plus_phrase,5,20260620,True
True,1,1,P007,P3_vigil_plus_phrase,5,20260620,True
True,1,1,P007,P3_vigil_plus_phrase,5,20260620,True
False,1,0,P007,P4_negative,5,20260620,False
False,1,0,P007,P4_negative,5,20260620,False
False,1,0,P007,P4_negative,5,20260620,False
False,1,0,P007,P4_negative,5,20260620,False
False,1,0,P007,P4_negative,5,20260620,False
False,1,0,P007,P4_negative,5,20260620,False
False,1,0,P007,P4_negative,5,20260620,False
False,1,0,P007,P4_negative,5,20260620,False
False,1,0,P007,P4_negative,5,20260620,False
False,1,0,P007,P4_negative,5,20260620,False
False,1,0,P007,P4_negative,5,20260620,False
False,1,0,P007,P4_negative,5,20260620,False
False,1,0,P007,P4_negative,5,20260620,False
False,1,0,P007,P4_negative,5,20260620,False
False,1,0,P007,P4_negative,5,20260620,False
False,1,0,P007,P4_negative,5,20260620,False
False,1,0,P007,P4_negative,5,20260620,False
False,1,0,P007,P4_negative,5,20260620,False
False,1,0,P007,P4_negative,5,20260620,False
False,1,0,P007,P4_negative,5,20260620,False
False,1,0,P007,P4_negative,5,20260620,False
False,1,0,P007,P4_negative,5,20260620,False
False,1,0,P007,P4_negative,5,20260620,False
False,1,0,P007,P4_negative,5,20260620,False
False,1,0,P007,P4_negative,5,20260620,False
False,1,0,P007,P4_negative,5,20260620,False
False,1,0,P007,P4_negative,5,20260620,False
False,1,0,P007,P4_negative,5,20260620,False
False,1,0,P007,P4_negative,5,20260620,False
False,1,0,P007,P4_negative,5,20260620,False
False,1,1,P033,P1_vigil_only,5,20260620,False
False,1,1,P033,P1_vigil_only,5,20260620,False
False,1,1,P033,P2_phrase_plus_vigil,5,20260620,False
True,1,1,P033,P2_phrase_plus_vigil,5,20260620,True
True,1,1,P033,P2_phrase_plus_vigil,5,20260620,True
True,1,1,P033,P3_vigil_plus_phrase,5,20260620,True
True,1,1,P033,P3_vigil_plus_phrase,5,20260620,True
False,1,0,P033,P4_negative,5,20260620,False
False,1,0,P033,P4_negative,5,20260620,False
False,1,0,P033,P4_negative,5,20260620,False
False,1,0,P033,P4_negative,5,20260620,False
False,1,0,P033,P4_negative,5,20260620,False
True,1,1,P011,P1_vigil_only,3,20260621,True
True,1,1,P011,P2_phrase_plus_vigil,3,20260621,True
True,1,1,P011,P2_phrase_plus_vigil,3,20260621,True
True,1,1,P011,P2_phrase_plus_vigil,3,20260621,True
True,1,1,P011,P2_phrase_plus_vigil,3,20260621,True
True,1,1,P011,P2_phrase_plus_vigil,3,20260621,True
True,1,1,P011,P3_vigil_plus_phrase,3,20260621,True
True,1,1,P011,P3_vigil_plus_phrase,3,20260621,True
False,1,0,P011,P4_negative,3,20260621,False
False,1,0,P011,P4_negative,3,20260621,False
False,1,0,P011,P4_negative,3,20260621,False
False,1,0,P011,P4_negative,3,20260621,False
False,1,0,P011,P4_negative,3,20260621,False
False,1,0,P011,P4_negative,3,20260621,False
False,1,0,P011,P4_negative,3,20260621,False
False,1,0,P011,P4_negative,3,20260621,False
False,1,0,P011,P4_negative,3,20260621,False
False,1,0,P011,P4_negative,3,20260621,False
False,1,0,P011,P4_negative,3,20260621,False
False,1,0,P011,P4_negative,3,20260621,False
False,1,0,P011,P4_negative,3,20260621,False
False,1,0,P011,P4_negative,3,20260621,False
False,1,0,P011,P4_negative,3,20260621,False
True,1,1,P016,P1_vigil_only,3,20260621,True
True,1,1,P016,P1_vigil_only,3,20260621,True
True,1,1,P016,P1_vigil_only,3,20260621,True
True,1,1,P016,P3_vigil_plus_phrase,3,20260621,True
True,1,1,P016,P3_vigil_plus_phrase,3,20260621,True
True,1,1,P016,P3_vigil_plus_phrase,3,20260621,True
True,1,1,P016,P3_vigil_plus_phrase,3,20260621,True
True,1,1,P016,P3_vigil_plus_phrase,3,20260621,True
True,1,1,P016,P2_phrase_plus_vigil,3,20260621,True
True,1,1,P016,P2_phrase_plus_vigil,3,20260621,True
True,1,1,P016,P2_phrase_plus_vigil,3,20260621,True
True,1,1,P016,P2_phrase_plus_vigil,3,20260621,True
True,1,1,P016,P2_phrase_plus_vigil,3,20260621,True
True,1,1,P016,P2_phrase_plus_vigil,3,20260621,True
True,1,1,P016,P2_phrase_plus_vigil,3,20260621,True
True,1,1,P016,P2_phrase_plus_vigil,3,20260621,True
False,1,0,P016,P4_negative,3,20260621,False
False,1,0,P016,P4_negative,3,20260621,False
False,1,0,P016,P4_negative,3,20260621,False
False,1,0,P016,P4_negative,3,20260621,False
False,1,0,P016,P4_negative,3,20260621,False
False,1,0,P016,P4_negative,3,20260621,False
False,1,0,P016,P4_negative,3,20260621,False
False,1,0,P016,P4_negative,3,20260621,False
False,1,0,P016,P4_negative,3,20260621,False
False,1,0,P016,P4_negative,3,20260621,False
False,1,0,P016,P4_negative,3,20260621,False
False,1,0,P016,P4_negative,3,20260621,False
False,1,0,P016,P4_negative,3,20260621,False
False,1,0,P016,P4_negative,3,20260621,False
True,1,1,P027,P1_vigil_only,3,20260621,True
True,1,1,P027,P2_phrase_plus_vigil,3,20260621,True
True,1,1,P027,P2_phrase_plus_vigil,3,20260621,True
True,1,1,P027,P3_vigil_plus_phrase,3,20260621,True
True,1,1,P027,P3_vigil_plus_phrase,3,20260621,True
True,1,1,P027,P3_vigil_plus_phrase,3,20260621,True
False,1,0,P027,P4_negative,3,20260621,False
False,1,0,P027,P4_negative,3,20260621,False
False,1,0,P027,P4_negative,3,20260621,False
False,1,0,P027,P4_negative,3,20260621,False
False,1,0,P027,P4_negative,3,20260621,False
False,1,0,P027,P4_negative,3,20260621,False
False,1,0,P027,P4_negative,3,20260621,False
False,1,0,P027,P4_negative,3,20260621,False
False,1,0,P027,P4_negative,3,20260621,False
True,1,1,P027,P2_phrase_plus_vigil,3,20260621,True
False,1,0,P027,P4_negative,3,20260621,False
False,1,0,P027,P4_negative,3,20260621,False
False,1,0,P027,P4_negative,3,20260621,False
False,1,0,P027,P4_negative,3,20260621,False
True,1,1,P027,P2_phrase_plus_vigil,3,20260621,True
True,1,1,P027,P1_vigil_only,3,20260621,True
False,1,1,P027,P1_vigil_only,3,20260621,False
False,1,0,P027,P4_negative,3,20260621,False
False,1,0,P027,P4_negative,3,20260621,False
False,1,0,P027,P4_negative,3,20260621,False
False,1,0,P027,P4_negative,3,20260621,False
True,1,1,P014,P1_vigil_only,3,20260621,True
True,1,1,P014,P1_vigil_only,3,20260621,True
True,1,1,P014,P1_vigil_only,3,20260621,True
True,1,1,P014,P2_phrase_plus_vigil,3,20260621,True
True,1,1,P014,P2_phrase_plus_vigil,3,20260621,True
True,1,1,P014,P2_phrase_plus_vigil,3,20260621,True
True,1,1,P014,P2_phrase_plus_vigil,3,20260621,True
True,1,1,P014,P2_phrase_plus_vigil,3,20260621,True
True,1,1,P014,P2_phrase_plus_vigil,3,20260621,True
True,1,1,P014,P2_phrase_plus_vigil,3,20260621,True
True,1,1,P014,P2_phrase_plus_vigil,3,20260621,True
True,1,1,P014,P2_phrase_plus_vigil,3,20260621,True
True,1,1,P014,P2_phrase_plus_vigil,3,20260621,True
True,1,1,P014,P2_phrase_plus_vigil,3,20260621,True
True,1,1,P014,P2_phrase_plus_vigil,3,20260621,True
True,1,1,P014,P2_phrase_plus_vigil,3,20260621,True
True,1,1,P014,P2_phrase_plus_vigil,3,20260621,True
True,1,1,P014,P2_phrase_plus_vigil,3,20260621,True
True,1,1,P014,P2_phrase_plus_vigil,3,20260621,True
True,1,1,P014,P2_phrase_plus_vigil,3,20260621,True
True,1,1,P014,P2_phrase_plus_vigil,3,20260621,True
True,1,1,P014,P2_phrase_plus_vigil,3,20260621,True
True,1,1,P014,P2_phrase_plus_vigil,3,20260621,True
True,1,1,P014,P2_phrase_plus_vigil,3,20260621,True
True,1,1,P014,P2_phrase_plus_vigil,3,20260621,True
True,1,1,P014,P2_phrase_plus_vigil,3,20260621,True
True,1,1,P014,P2_phrase_plus_vigil,3,20260621,True
True,1,1,P014,P2_phrase_plus_vigil,3,20260621,True
True,1,1,P014,P2_phrase_plus_vigil,3,20260621,True
True,1,1,P014,P2_phrase_plus_vigil,3,20260621,True
True,1,1,P014,P2_phrase_plus_vigil,3,20260621,True
True,1,1,P014,P2_phrase_plus_vigil,3,20260621,True
True,1,1,P014,P2_phrase_plus_vigil,3,20260621,True
True,1,1,P014,P2_phrase_plus_vigil,3,20260621,True
True,1,1,P014,P2_phrase_plus_vigil,3,20260621,True
True,1,1,P014,P2_phrase_plus_vigil,3,20260621,True
True,1,1,P014,P2_phrase_plus_vigil,3,20260621,True
True,1,1,P014,P2_phrase_plus_vigil,3,20260621,True
True,1,1,P014,P1_vigil_only,3,20260621,True
True,1,1,P014,P1_vigil_only,3,20260621,True
True,1,1,P014,P1_vigil_only,3,20260621,True
True,1,1,P014,P3_vigil_plus_phrase,3,20260621,True
True,1,1,P014,P3_vigil_plus_phrase,3,20260621,True
True,1,1,P014,P3_vigil_plus_phrase,3,20260621,True
False,1,1,P014,P3_vigil_plus_phrase,3,20260621,False
True,1,1,P014,P3_vigil_plus_phrase,3,20260621,True
True,1,1,P014,P3_vigil_plus_phrase,3,20260621,True
True,1,1,P014,P3_vigil_plus_phrase,3,20260621,True
True,1,1,P014,P3_vigil_plus_phrase,3,20260621,True
True,1,1,P014,P3_vigil_plus_phrase,3,20260621,True
True,1,1,P014,P3_vigil_plus_phrase,3,20260621,True
True,1,1,P014,P3_vigil_plus_phrase,3,20260621,True
True,1,1,P014,P3_vigil_plus_phrase,3,20260621,True
True,1,1,P014,P3_vigil_plus_phrase,3,20260621,True
True,1,1,P014,P3_vigil_plus_phrase,3,20260621,True
True,1,1,P014,P3_vigil_plus_phrase,3,20260621,True
True,1,1,P014,P3_vigil_plus_phrase,3,20260621,True
True,1,1,P014,P3_vigil_plus_phrase,3,20260621,True
True,1,1,P014,P3_vigil_plus_phrase,3,20260621,True
True,1,1,P014,P3_vigil_plus_phrase,3,20260621,True
True,1,1,P014,P3_vigil_plus_phrase,3,20260621,True
False,1,0,P014,P4_negative,3,20260621,False
False,1,0,P014,P4_negative,3,20260621,False
False,1,0,P014,P4_negative,3,20260621,False
False,1,0,P014,P4_negative,3,20260621,False
False,1,0,P014,P4_negative,3,20260621,False
False,1,0,P014,P4_negative,3,20260621,False
False,1,0,P014,P4_negative,3,20260621,False
False,1,0,P014,P4_negative,3,20260621,False
False,1,0,P014,P4_negative,3,20260621,False
False,1,0,P014,P4_negative,3,20260621,False
False,1,0,P014,P4_negative,3,20260621,False
False,1,0,P014,P4_negative,3,20260621,False
False,1,0,P014,P4_negative,3,20260621,False
False,1,0,P014,P4_negative,3,20260621,False
False,1,0,P014,P4_negative,3,20260621,False
False,1,0,P014,P4_negative,3,20260621,False
False,1,0,P014,P4_negative,3,20260621,False
False,1,0,P014,P4_negative,3,20260621,False
False,1,0,P014,P4_negative,3,20260621,False
True,1,0,P014,P4_negative,3,20260621,True
False,1,0,P014,P4_negative,3,20260621,False
False,1,0,P014,P4_negative,3,20260621,False
False,1,0,P014,P4_negative,3,20260621,False
False,1,0,P014,P4_negative,3,20260621,False
False,1,0,P014,P4_negative,3,20260621,False
False,1,0,P014,P4_negative,3,20260621,False
False,1,0,P014,P4_negative,3,20260621,False
False,1,0,P014,P4_negative,3,20260621,False
False,1,0,P014,P4_negative,3,20260621,False
False,1,0,P014,P4_negative,3,20260621,False
False,1,0,P014,P4_negative,3,20260621,False
False,1,0,P014,P4_negative,3,20260621,False
False,1,0,P014,P4_negative,3,20260621,False
False,1,0,P014,P4_negative,3,20260621,False
False,1,0,P014,P4_negative,3,20260621,False
False,1,0,P014,P4_negative,3,20260621,False
True,1,1,P017,P1_vigil_only,3,20260621,True
False,1,1,P017,P1_vigil_only,3,20260621,False
True,1,1,P017,P2_phrase_plus_vigil,3,20260621,True
True,1,1,P017,P2_phrase_plus_vigil,3,20260621,True
True,1,1,P017,P3_vigil_plus_phrase,3,20260621,True
True,1,1,P017,P3_vigil_plus_phrase,3,20260621,True
False,1,0,P017,P4_negative,3,20260621,False
False,1,0,P017,P4_negative,3,20260621,False
False,1,0,P017,P4_negative,3,20260621,False
False,1,0,P017,P4_negative,3,20260621,False
False,1,0,P017,P4_negative,3,20260621,False
False,1,1,P007,P1_vigil_only,3,20260621,False
True,1,1,P007,P1_vigil_only,3,20260621,True
True,1,1,P007,P1_vigil_only,3,20260621,True
True,1,1,P007,P2_phrase_plus_vigil,3,20260621,True
True,1,1,P007,P2_phrase_plus_vigil,3,20260621,True
True,1,1,P007,P2_phrase_plus_vigil,3,20260621,True
True,1,1,P007,P2_phrase_plus_vigil,3,20260621,True
True,1,1,P007,P2_phrase_plus_vigil,3,20260621,True
True,1,1,P007,P2_phrase_plus_vigil,3,20260621,True
True,1,1,P007,P2_phrase_plus_vigil,3,20260621,True
True,1,1,P007,P2_phrase_plus_vigil,3,20260621,True
True,1,1,P007,P2_phrase_plus_vigil,3,20260621,True
True,1,1,P007,P2_phrase_plus_vigil,3,20260621,True
True,1,1,P007,P2_phrase_plus_vigil,3,20260621,True
True,1,1,P007,P3_vigil_plus_phrase,3,20260621,True
True,1,1,P007,P3_vigil_plus_phrase,3,20260621,True
True,1,1,P007,P3_vigil_plus_phrase,3,20260621,True
True,1,1,P007,P3_vigil_plus_phrase,3,20260621,True
True,1,1,P007,P3_vigil_plus_phrase,3,20260621,True
True,1,1,P007,P3_vigil_plus_phrase,3,20260621,True
False,1,0,P007,P4_negative,3,20260621,False
False,1,0,P007,P4_negative,3,20260621,False
False,1,0,P007,P4_negative,3,20260621,False
False,1,0,P007,P4_negative,3,20260621,False
False,1,0,P007,P4_negative,3,20260621,False
False,1,0,P007,P4_negative,3,20260621,False
False,1,0,P007,P4_negative,3,20260621,False
False,1,0,P007,P4_negative,3,20260621,False
False,1,0,P007,P4_negative,3,20260621,False
False,1,0,P007,P4_negative,3,20260621,False
False,1,0,P007,P4_negative,3,20260621,False
False,1,0,P007,P4_negative,3,20260621,False
False,1,0,P007,P4_negative,3,20260621,False
False,1,0,P007,P4_negative,3,20260621,False
False,1,0,P007,P4_negative,3,20260621,False
False,1,0,P007,P4_negative,3,20260621,False
False,1,0,P007,P4_negative,3,20260621,False
False,1,0,P007,P4_negative,3,20260621,False
False,1,0,P007,P4_negative,3,20260621,False
False,1,0,P007,P4_negative,3,20260621,False
False,1,0,P007,P4_negative,3,20260621,False
False,1,0,P007,P4_negative,3,20260621,False
False,1,0,P007,P4_negative,3,20260621,False
False,1,0,P007,P4_negative,3,20260621,False
False,1,0,P007,P4_negative,3,20260621,False
False,1,0,P007,P4_negative,3,20260621,False
False,1,0,P007,P4_negative,3,20260621,False
False,1,0,P007,P4_negative,3,20260621,False
False,1,0,P007,P4_negative,3,20260621,False
False,1,0,P007,P4_negative,3,20260621,False
False,1,1,P033,P1_vigil_only,3,20260621,False
False,1,1,P033,P1_vigil_only,3,20260621,False
True,1,1,P033,P2_phrase_plus_vigil,3,20260621,True
False,1,1,P033,P2_phrase_plus_vigil,3,20260621,False
True,1,1,P033,P2_phrase_plus_vigil,3,20260621,True
True,1,1,P033,P2_phrase_plus_vigil,3,20260621,True
True,1,1,P033,P2_phrase_plus_vigil,3,20260621,True
True,1,1,P033,P3_vigil_plus_phrase,3,20260621,True
True,1,1,P033,P3_vigil_plus_phrase,3,20260621,True
False,1,0,P033,P4_negative,3,20260621,False
False,1,0,P033,P4_negative,3,20260621,False
False,1,0,P033,P4_negative,3,20260621,False
False,1,0,P033,P4_negative,3,20260621,False
False,1,0,P033,P4_negative,3,20260621,False
True,1,1,P011,P1_vigil_only,5,20260621,True
True,1,1,P011,P2_phrase_plus_vigil,5,20260621,True
True,1,1,P011,P2_phrase_plus_vigil,5,20260621,True
True,1,1,P011,P2_phrase_plus_vigil,5,20260621,True
True,1,1,P011,P2_phrase_plus_vigil,5,20260621,True
True,1,1,P011,P3_vigil_plus_phrase,5,20260621,True
False,1,0,P011,P4_negative,5,20260621,False
False,1,0,P011,P4_negative,5,20260621,False
False,1,0,P011,P4_negative,5,20260621,False
False,1,0,P011,P4_negative,5,20260621,False
False,1,0,P011,P4_negative,5,20260621,False
False,1,0,P011,P4_negative,5,20260621,False
False,1,0,P011,P4_negative,5,20260621,False
False,1,0,P011,P4_negative,5,20260621,False
False,1,0,P011,P4_negative,5,20260621,False
False,1,0,P011,P4_negative,5,20260621,False
False,1,0,P011,P4_negative,5,20260621,False
False,1,0,P011,P4_negative,5,20260621,False
False,1,0,P011,P4_negative,5,20260621,False
False,1,0,P011,P4_negative,5,20260621,False
False,1,0,P011,P4_negative,5,20260621,False
True,1,1,P016,P1_vigil_only,5,20260621,True
True,1,1,P016,P1_vigil_only,5,20260621,True
True,1,1,P016,P1_vigil_only,5,20260621,True
True,1,1,P016,P3_vigil_plus_phrase,5,20260621,True
True,1,1,P016,P3_vigil_plus_phrase,5,20260621,True
True,1,1,P016,P3_vigil_plus_phrase,5,20260621,True
True,1,1,P016,P3_vigil_plus_phrase,5,20260621,True
True,1,1,P016,P2_phrase_plus_vigil,5,20260621,True
True,1,1,P016,P2_phrase_plus_vigil,5,20260621,True
True,1,1,P016,P2_phrase_plus_vigil,5,20260621,True
True,1,1,P016,P2_phrase_plus_vigil,5,20260621,True
True,1,1,P016,P2_phrase_plus_vigil,5,20260621,True
True,1,1,P016,P2_phrase_plus_vigil,5,20260621,True
True,1,1,P016,P2_phrase_plus_vigil,5,20260621,True
False,1,0,P016,P4_negative,5,20260621,False
False,1,0,P016,P4_negative,5,20260621,False
False,1,0,P016,P4_negative,5,20260621,False
False,1,0,P016,P4_negative,5,20260621,False
False,1,0,P016,P4_negative,5,20260621,False
False,1,0,P016,P4_negative,5,20260621,False
False,1,0,P016,P4_negative,5,20260621,False
False,1,0,P016,P4_negative,5,20260621,False
False,1,0,P016,P4_negative,5,20260621,False
False,1,0,P016,P4_negative,5,20260621,False
False,1,0,P016,P4_negative,5,20260621,False
False,1,0,P016,P4_negative,5,20260621,False
False,1,0,P016,P4_negative,5,20260621,False
False,1,0,P016,P4_negative,5,20260621,False
True,1,1,P027,P1_vigil_only,5,20260621,True
True,1,1,P027,P2_phrase_plus_vigil,5,20260621,True
True,1,1,P027,P2_phrase_plus_vigil,5,20260621,True
True,1,1,P027,P3_vigil_plus_phrase,5,20260621,True
True,1,1,P027,P3_vigil_plus_phrase,5,20260621,True
False,1,0,P027,P4_negative,5,20260621,False
False,1,0,P027,P4_negative,5,20260621,False
False,1,0,P027,P4_negative,5,20260621,False
False,1,0,P027,P4_negative,5,20260621,False
False,1,0,P027,P4_negative,5,20260621,False
False,1,0,P027,P4_negative,5,20260621,False
False,1,0,P027,P4_negative,5,20260621,False
False,1,0,P027,P4_negative,5,20260621,False
False,1,0,P027,P4_negative,5,20260621,False
True,1,1,P027,P2_phrase_plus_vigil,5,20260621,True
False,1,0,P027,P4_negative,5,20260621,False
False,1,0,P027,P4_negative,5,20260621,False
False,1,0,P027,P4_negative,5,20260621,False
False,1,0,P027,P4_negative,5,20260621,False
True,1,1,P027,P1_vigil_only,5,20260621,True
False,1,1,P027,P1_vigil_only,5,20260621,False
False,1,0,P027,P4_negative,5,20260621,False
False,1,0,P027,P4_negative,5,20260621,False
False,1,0,P027,P4_negative,5,20260621,False
False,1,0,P027,P4_negative,5,20260621,False
True,1,1,P014,P1_vigil_only,5,20260621,True
True,1,1,P014,P1_vigil_only,5,20260621,True
True,1,1,P014,P1_vigil_only,5,20260621,True
True,1,1,P014,P2_phrase_plus_vigil,5,20260621,True
True,1,1,P014,P2_phrase_plus_vigil,5,20260621,True
True,1,1,P014,P2_phrase_plus_vigil,5,20260621,True
True,1,1,P014,P2_phrase_plus_vigil,5,20260621,True
True,1,1,P014,P2_phrase_plus_vigil,5,20260621,True
True,1,1,P014,P2_phrase_plus_vigil,5,20260621,True
True,1,1,P014,P2_phrase_plus_vigil,5,20260621,True
True,1,1,P014,P2_phrase_plus_vigil,5,20260621,True
True,1,1,P014,P2_phrase_plus_vigil,5,20260621,True
True,1,1,P014,P2_phrase_plus_vigil,5,20260621,True
True,1,1,P014,P2_phrase_plus_vigil,5,20260621,True
True,1,1,P014,P2_phrase_plus_vigil,5,20260621,True
True,1,1,P014,P2_phrase_plus_vigil,5,20260621,True
True,1,1,P014,P2_phrase_plus_vigil,5,20260621,True
True,1,1,P014,P2_phrase_plus_vigil,5,20260621,True
True,1,1,P014,P2_phrase_plus_vigil,5,20260621,True
True,1,1,P014,P2_phrase_plus_vigil,5,20260621,True
True,1,1,P014,P2_phrase_plus_vigil,5,20260621,True
True,1,1,P014,P2_phrase_plus_vigil,5,20260621,True
True,1,1,P014,P2_phrase_plus_vigil,5,20260621,True
True,1,1,P014,P2_phrase_plus_vigil,5,20260621,True
True,1,1,P014,P2_phrase_plus_vigil,5,20260621,True
True,1,1,P014,P2_phrase_plus_vigil,5,20260621,True
True,1,1,P014,P2_phrase_plus_vigil,5,20260621,True
True,1,1,P014,P2_phrase_plus_vigil,5,20260621,True
True,1,1,P014,P2_phrase_plus_vigil,5,20260621,True
True,1,1,P014,P2_phrase_plus_vigil,5,20260621,True
True,1,1,P014,P2_phrase_plus_vigil,5,20260621,True
True,1,1,P014,P2_phrase_plus_vigil,5,20260621,True
True,1,1,P014,P2_phrase_plus_vigil,5,20260621,True
True,1,1,P014,P2_phrase_plus_vigil,5,20260621,True
True,1,1,P014,P2_phrase_plus_vigil,5,20260621,True
True,1,1,P014,P2_phrase_plus_vigil,5,20260621,True
True,1,1,P014,P2_phrase_plus_vigil,5,20260621,True
True,1,1,P014,P1_vigil_only,5,20260621,True
True,1,1,P014,P1_vigil_only,5,20260621,True
True,1,1,P014,P1_vigil_only,5,20260621,True
True,1,1,P014,P3_vigil_plus_phrase,5,20260621,True
True,1,1,P014,P3_vigil_plus_phrase,5,20260621,True
True,1,1,P014,P3_vigil_plus_phrase,5,20260621,True
False,1,1,P014,P3_vigil_plus_phrase,5,20260621,False
True,1,1,P014,P3_vigil_plus_phrase,5,20260621,True
True,1,1,P014,P3_vigil_plus_phrase,5,20260621,True
True,1,1,P014,P3_vigil_plus_phrase,5,20260621,True
True,1,1,P014,P3_vigil_plus_phrase,5,20260621,True
True,1,1,P014,P3_vigil_plus_phrase,5,20260621,True
True,1,1,P014,P3_vigil_plus_phrase,5,20260621,True
True,1,1,P014,P3_vigil_plus_phrase,5,20260621,True
True,1,1,P014,P3_vigil_plus_phrase,5,20260621,True
True,1,1,P014,P3_vigil_plus_phrase,5,20260621,True
True,1,1,P014,P3_vigil_plus_phrase,5,20260621,True
True,1,1,P014,P3_vigil_plus_phrase,5,20260621,True
True,1,1,P014,P3_vigil_plus_phrase,5,20260621,True
True,1,1,P014,P3_vigil_plus_phrase,5,20260621,True
True,1,1,P014,P3_vigil_plus_phrase,5,20260621,True
True,1,1,P014,P3_vigil_plus_phrase,5,20260621,True
False,1,0,P014,P4_negative,5,20260621,False
False,1,0,P014,P4_negative,5,20260621,False
False,1,0,P014,P4_negative,5,20260621,False
False,1,0,P014,P4_negative,5,20260621,False
False,1,0,P014,P4_negative,5,20260621,False
False,1,0,P014,P4_negative,5,20260621,False
False,1,0,P014,P4_negative,5,20260621,False
False,1,0,P014,P4_negative,5,20260621,False
False,1,0,P014,P4_negative,5,20260621,False
False,1,0,P014,P4_negative,5,20260621,False
False,1,0,P014,P4_negative,5,20260621,False
False,1,0,P014,P4_negative,5,20260621,False
False,1,0,P014,P4_negative,5,20260621,False
False,1,0,P014,P4_negative,5,20260621,False
False,1,0,P014,P4_negative,5,20260621,False
False,1,0,P014,P4_negative,5,20260621,False
False,1,0,P014,P4_negative,5,20260621,False
False,1,0,P014,P4_negative,5,20260621,False
False,1,0,P014,P4_negative,5,20260621,False
True,1,0,P014,P4_negative,5,20260621,True
False,1,0,P014,P4_negative,5,20260621,False
False,1,0,P014,P4_negative,5,20260621,False
False,1,0,P014,P4_negative,5,20260621,False
False,1,0,P014,P4_negative,5,20260621,False
False,1,0,P014,P4_negative,5,20260621,False
False,1,0,P014,P4_negative,5,20260621,False
False,1,0,P014,P4_negative,5,20260621,False
False,1,0,P014,P4_negative,5,20260621,False
False,1,0,P014,P4_negative,5,20260621,False
False,1,0,P014,P4_negative,5,20260621,False
False,1,0,P014,P4_negative,5,20260621,False
False,1,0,P014,P4_negative,5,20260621,False
False,1,0,P014,P4_negative,5,20260621,False
False,1,0,P014,P4_negative,5,20260621,False
False,1,0,P014,P4_negative,5,20260621,False
False,1,0,P014,P4_negative,5,20260621,False
True,1,1,P017,P1_vigil_only,5,20260621,True
True,1,1,P017,P2_phrase_plus_vigil,5,20260621,True
True,1,1,P017,P3_vigil_plus_phrase,5,20260621,True
True,1,1,P017,P3_vigil_plus_phrase,5,20260621,True
False,1,0,P017,P4_negative,5,20260621,False
False,1,0,P017,P4_negative,5,20260621,False
False,1,0,P017,P4_negative,5,20260621,False
False,1,0,P017,P4_negative,5,20260621,False
False,1,0,P017,P4_negative,5,20260621,False
False,1,1,P007,P1_vigil_only,5,20260621,False
True,1,1,P007,P1_vigil_only,5,20260621,True
True,1,1,P007,P1_vigil_only,5,20260621,True
True,1,1,P007,P2_phrase_plus_vigil,5,20260621,True
True,1,1,P007,P2_phrase_plus_vigil,5,20260621,True
True,1,1,P007,P2_phrase_plus_vigil,5,20260621,True
True,1,1,P007,P2_phrase_plus_vigil,5,20260621,True
True,1,1,P007,P2_phrase_plus_vigil,5,20260621,True
True,1,1,P007,P2_phrase_plus_vigil,5,20260621,True
True,1,1,P007,P2_phrase_plus_vigil,5,20260621,True
True,1,1,P007,P2_phrase_plus_vigil,5,20260621,True
True,1,1,P007,P2_phrase_plus_vigil,5,20260621,True
True,1,1,P007,P3_vigil_plus_phrase,5,20260621,True
True,1,1,P007,P3_vigil_plus_phrase,5,20260621,True
True,1,1,P007,P3_vigil_plus_phrase,5,20260621,True
True,1,1,P007,P3_vigil_plus_phrase,5,20260621,True
True,1,1,P007,P3_vigil_plus_phrase,5,20260621,True
True,1,1,P007,P3_vigil_plus_phrase,5,20260621,True
False,1,0,P007,P4_negative,5,20260621,False
False,1,0,P007,P4_negative,5,20260621,False
False,1,0,P007,P4_negative,5,20260621,False
False,1,0,P007,P4_negative,5,20260621,False
False,1,0,P007,P4_negative,5,20260621,False
False,1,0,P007,P4_negative,5,20260621,False
False,1,0,P007,P4_negative,5,20260621,False
False,1,0,P007,P4_negative,5,20260621,False
False,1,0,P007,P4_negative,5,20260621,False
False,1,0,P007,P4_negative,5,20260621,False
False,1,0,P007,P4_negative,5,20260621,False
False,1,0,P007,P4_negative,5,20260621,False
False,1,0,P007,P4_negative,5,20260621,False
False,1,0,P007,P4_negative,5,20260621,False
False,1,0,P007,P4_negative,5,20260621,False
False,1,0,P007,P4_negative,5,20260621,False
False,1,0,P007,P4_negative,5,20260621,False
False,1,0,P007,P4_negative,5,20260621,False
False,1,0,P007,P4_negative,5,20260621,False
False,1,0,P007,P4_negative,5,20260621,False
False,1,0,P007,P4_negative,5,20260621,False
False,1,0,P007,P4_negative,5,20260621,False
False,1,0,P007,P4_negative,5,20260621,False
False,1,0,P007,P4_negative,5,20260621,False
False,1,0,P007,P4_negative,5,20260621,False
False,1,0,P007,P4_negative,5,20260621,False
False,1,0,P007,P4_negative,5,20260621,False
False,1,0,P007,P4_negative,5,20260621,False
False,1,0,P007,P4_negative,5,20260621,False
False,1,0,P007,P4_negative,5,20260621,False
False,1,1,P033,P1_vigil_only,5,20260621,False
False,1,1,P033,P1_vigil_only,5,20260621,False
True,1,1,P033,P2_phrase_plus_vigil,5,20260621,True
False,1,1,P033,P2_phrase_plus_vigil,5,20260621,False
True,1,1,P033,P2_phrase_plus_vigil,5,20260621,True
True,1,1,P033,P2_phrase_plus_vigil,5,20260621,True
True,1,1,P033,P3_vigil_plus_phrase,5,20260621,True
False,1,0,P033,P4_negative,5,20260621,False
False,1,0,P033,P4_negative,5,20260621,False
False,1,0,P033,P4_negative,5,20260621,False
False,1,0,P033,P4_negative,5,20260621,False
False,1,0,P033,P4_negative,5,20260621,False
True,1,1,P011,P1_vigil_only,3,20260622,True
True,1,1,P011,P2_phrase_plus_vigil,3,20260622,True
True,1,1,P011,P2_phrase_plus_vigil,3,20260622,True
True,1,1,P011,P2_phrase_plus_vigil,3,20260622,True
True,1,1,P011,P2_phrase_plus_vigil,3,20260622,True
True,1,1,P011,P3_vigil_plus_phrase,3,20260622,True
True,1,1,P011,P3_vigil_plus_phrase,3,20260622,True
True,1,1,P011,P3_vigil_plus_phrase,3,20260622,True
False,1,0,P011,P4_negative,3,20260622,False
False,1,0,P011,P4_negative,3,20260622,False
False,1,0,P011,P4_negative,3,20260622,False
False,1,0,P011,P4_negative,3,20260622,False
False,1,0,P011,P4_negative,3,20260622,False
False,1,0,P011,P4_negative,3,20260622,False
False,1,0,P011,P4_negative,3,20260622,False
False,1,0,P011,P4_negative,3,20260622,False
False,1,0,P011,P4_negative,3,20260622,False
False,1,0,P011,P4_negative,3,20260622,False
False,1,0,P011,P4_negative,3,20260622,False
False,1,0,P011,P4_negative,3,20260622,False
False,1,0,P011,P4_negative,3,20260622,False
False,1,0,P011,P4_negative,3,20260622,False
False,1,0,P011,P4_negative,3,20260622,False
True,1,1,P016,P1_vigil_only,3,20260622,True
True,1,1,P016,P1_vigil_only,3,20260622,True
True,1,1,P016,P1_vigil_only,3,20260622,True
True,1,1,P016,P3_vigil_plus_phrase,3,20260622,True
True,1,1,P016,P3_vigil_plus_phrase,3,20260622,True
True,1,1,P016,P3_vigil_plus_phrase,3,20260622,True
True,1,1,P016,P3_vigil_plus_phrase,3,20260622,True
True,1,1,P016,P3_vigil_plus_phrase,3,20260622,True
True,1,1,P016,P3_vigil_plus_phrase,3,20260622,True
True,1,1,P016,P3_vigil_plus_phrase,3,20260622,True
True,1,1,P016,P2_phrase_plus_vigil,3,20260622,True
True,1,1,P016,P2_phrase_plus_vigil,3,20260622,True
True,1,1,P016,P2_phrase_plus_vigil,3,20260622,True
True,1,1,P016,P2_phrase_plus_vigil,3,20260622,True
True,1,1,P016,P2_phrase_plus_vigil,3,20260622,True
True,1,1,P016,P2_phrase_plus_vigil,3,20260622,True
False,1,0,P016,P4_negative,3,20260622,False
False,1,0,P016,P4_negative,3,20260622,False
False,1,0,P016,P4_negative,3,20260622,False
False,1,0,P016,P4_negative,3,20260622,False
False,1,0,P016,P4_negative,3,20260622,False
False,1,0,P016,P4_negative,3,20260622,False
False,1,0,P016,P4_negative,3,20260622,False
False,1,0,P016,P4_negative,3,20260622,False
False,1,0,P016,P4_negative,3,20260622,False
False,1,0,P016,P4_negative,3,20260622,False
False,1,0,P016,P4_negative,3,20260622,False
False,1,0,P016,P4_negative,3,20260622,False
False,1,0,P016,P4_negative,3,20260622,False
False,1,0,P016,P4_negative,3,20260622,False
True,1,1,P027,P1_vigil_only,3,20260622,True
True,1,1,P027,P2_phrase_plus_vigil,3,20260622,True
True,1,1,P027,P2_phrase_plus_vigil,3,20260622,True
True,1,1,P027,P2_phrase_plus_vigil,3,20260622,True
True,1,1,P027,P3_vigil_plus_phrase,3,20260622,True
True,1,1,P027,P3_vigil_plus_phrase,3,20260622,True
False,1,0,P027,P4_negative,3,20260622,False
False,1,0,P027,P4_negative,3,20260622,False
False,1,0,P027,P4_negative,3,20260622,False
False,1,0,P027,P4_negative,3,20260622,False
False,1,0,P027,P4_negative,3,20260622,False
False,1,0,P027,P4_negative,3,20260622,False
False,1,0,P027,P4_negative,3,20260622,False
False,1,0,P027,P4_negative,3,20260622,False
False,1,0,P027,P4_negative,3,20260622,False
True,1,1,P027,P2_phrase_plus_vigil,3,20260622,True
False,1,0,P027,P4_negative,3,20260622,False
False,1,0,P027,P4_negative,3,20260622,False
False,1,0,P027,P4_negative,3,20260622,False
False,1,0,P027,P4_negative,3,20260622,False
True,1,1,P027,P2_phrase_plus_vigil,3,20260622,True
True,1,1,P027,P2_phrase_plus_vigil,3,20260622,True
True,1,1,P027,P3_vigil_plus_phrase,3,20260622,True
False,1,0,P027,P4_negative,3,20260622,False
False,1,0,P027,P4_negative,3,20260622,False
False,1,0,P027,P4_negative,3,20260622,False
False,1,0,P027,P4_negative,3,20260622,False
True,1,1,P014,P1_vigil_only,3,20260622,True
True,1,1,P014,P1_vigil_only,3,20260622,True
True,1,1,P014,P1_vigil_only,3,20260622,True
True,1,1,P014,P2_phrase_plus_vigil,3,20260622,True
True,1,1,P014,P2_phrase_plus_vigil,3,20260622,True
True,1,1,P014,P2_phrase_plus_vigil,3,20260622,True
True,1,1,P014,P2_phrase_plus_vigil,3,20260622,True
True,1,1,P014,P2_phrase_plus_vigil,3,20260622,True
True,1,1,P014,P2_phrase_plus_vigil,3,20260622,True
True,1,1,P014,P2_phrase_plus_vigil,3,20260622,True
True,1,1,P014,P2_phrase_plus_vigil,3,20260622,True
True,1,1,P014,P2_phrase_plus_vigil,3,20260622,True
True,1,1,P014,P2_phrase_plus_vigil,3,20260622,True
True,1,1,P014,P2_phrase_plus_vigil,3,20260622,True
True,1,1,P014,P2_phrase_plus_vigil,3,20260622,True
True,1,1,P014,P2_phrase_plus_vigil,3,20260622,True
True,1,1,P014,P2_phrase_plus_vigil,3,20260622,True
True,1,1,P014,P2_phrase_plus_vigil,3,20260622,True
True,1,1,P014,P2_phrase_plus_vigil,3,20260622,True
True,1,1,P014,P2_phrase_plus_vigil,3,20260622,True
True,1,1,P014,P2_phrase_plus_vigil,3,20260622,True
True,1,1,P014,P2_phrase_plus_vigil,3,20260622,True
True,1,1,P014,P2_phrase_plus_vigil,3,20260622,True
True,1,1,P014,P2_phrase_plus_vigil,3,20260622,True
True,1,1,P014,P2_phrase_plus_vigil,3,20260622,True
True,1,1,P014,P2_phrase_plus_vigil,3,20260622,True
True,1,1,P014,P2_phrase_plus_vigil,3,20260622,True
True,1,1,P014,P2_phrase_plus_vigil,3,20260622,True
True,1,1,P014,P2_phrase_plus_vigil,3,20260622,True
True,1,1,P014,P2_phrase_plus_vigil,3,20260622,True
True,1,1,P014,P2_phrase_plus_vigil,3,20260622,True
True,1,1,P014,P2_phrase_plus_vigil,3,20260622,True
True,1,1,P014,P2_phrase_plus_vigil,3,20260622,True
True,1,1,P014,P2_phrase_plus_vigil,3,20260622,True
True,1,1,P014,P2_phrase_plus_vigil,3,20260622,True
True,1,1,P014,P1_vigil_only,3,20260622,True
True,1,1,P014,P1_vigil_only,3,20260622,True
True,1,1,P014,P1_vigil_only,3,20260622,True
True,1,1,P014,P3_vigil_plus_phrase,3,20260622,True
True,1,1,P014,P3_vigil_plus_phrase,3,20260622,True
True,1,1,P014,P3_vigil_plus_phrase,3,20260622,True
True,1,1,P014,P3_vigil_plus_phrase,3,20260622,True
False,1,1,P014,P3_vigil_plus_phrase,3,20260622,False
True,1,1,P014,P3_vigil_plus_phrase,3,20260622,True
True,1,1,P014,P3_vigil_plus_phrase,3,20260622,True
True,1,1,P014,P3_vigil_plus_phrase,3,20260622,True
True,1,1,P014,P3_vigil_plus_phrase,3,20260622,True
True,1,1,P014,P3_vigil_plus_phrase,3,20260622,True
True,1,1,P014,P3_vigil_plus_phrase,3,20260622,True
True,1,1,P014,P3_vigil_plus_phrase,3,20260622,True
True,1,1,P014,P3_vigil_plus_phrase,3,20260622,True
True,1,1,P014,P3_vigil_plus_phrase,3,20260622,True
True,1,1,P014,P3_vigil_plus_phrase,3,20260622,True
True,1,1,P014,P3_vigil_plus_phrase,3,20260622,True
True,1,1,P014,P3_vigil_plus_phrase,3,20260622,True
True,1,1,P014,P3_vigil_plus_phrase,3,20260622,True
True,1,1,P014,P3_vigil_plus_phrase,3,20260622,True
True,1,1,P014,P3_vigil_plus_phrase,3,20260622,True
True,1,1,P014,P3_vigil_plus_phrase,3,20260622,True
True,1,1,P014,P3_vigil_plus_phrase,3,20260622,True
True,1,1,P014,P3_vigil_plus_phrase,3,20260622,True
False,1,0,P014,P4_negative,3,20260622,False
False,1,0,P014,P4_negative,3,20260622,False
False,1,0,P014,P4_negative,3,20260622,False
False,1,0,P014,P4_negative,3,20260622,False
False,1,0,P014,P4_negative,3,20260622,False
False,1,0,P014,P4_negative,3,20260622,False
False,1,0,P014,P4_negative,3,20260622,False
False,1,0,P014,P4_negative,3,20260622,False
False,1,0,P014,P4_negative,3,20260622,False
False,1,0,P014,P4_negative,3,20260622,False
False,1,0,P014,P4_negative,3,20260622,False
False,1,0,P014,P4_negative,3,20260622,False
False,1,0,P014,P4_negative,3,20260622,False
False,1,0,P014,P4_negative,3,20260622,False
False,1,0,P014,P4_negative,3,20260622,False
False,1,0,P014,P4_negative,3,20260622,False
False,1,0,P014,P4_negative,3,20260622,False
False,1,0,P014,P4_negative,3,20260622,False
False,1,0,P014,P4_negative,3,20260622,False
True,1,0,P014,P4_negative,3,20260622,True
False,1,0,P014,P4_negative,3,20260622,False
False,1,0,P014,P4_negative,3,20260622,False
False,1,0,P014,P4_negative,3,20260622,False
False,1,0,P014,P4_negative,3,20260622,False
False,1,0,P014,P4_negative,3,20260622,False
False,1,0,P014,P4_negative,3,20260622,False
False,1,0,P014,P4_negative,3,20260622,False
False,1,0,P014,P4_negative,3,20260622,False
False,1,0,P014,P4_negative,3,20260622,False
False,1,0,P014,P4_negative,3,20260622,False
False,1,0,P014,P4_negative,3,20260622,False
False,1,0,P014,P4_negative,3,20260622,False
False,1,0,P014,P4_negative,3,20260622,False
False,1,0,P014,P4_negative,3,20260622,False
False,1,0,P014,P4_negative,3,20260622,False
False,1,0,P014,P4_negative,3,20260622,False
True,1,1,P017,P1_vigil_only,3,20260622,True
True,1,1,P017,P2_phrase_plus_vigil,3,20260622,True
True,1,1,P017,P2_phrase_plus_vigil,3,20260622,True
True,1,1,P017,P3_vigil_plus_phrase,3,20260622,True
True,1,1,P017,P3_vigil_plus_phrase,3,20260622,True
True,1,1,P017,P3_vigil_plus_phrase,3,20260622,True
False,1,0,P017,P4_negative,3,20260622,False
False,1,0,P017,P4_negative,3,20260622,False
False,1,0,P017,P4_negative,3,20260622,False
False,1,0,P017,P4_negative,3,20260622,False
False,1,0,P017,P4_negative,3,20260622,False
False,1,1,P007,P1_vigil_only,3,20260622,False
True,1,1,P007,P1_vigil_only,3,20260622,True
True,1,1,P007,P1_vigil_only,3,20260622,True
True,1,1,P007,P2_phrase_plus_vigil,3,20260622,True
True,1,1,P007,P2_phrase_plus_vigil,3,20260622,True
True,1,1,P007,P2_phrase_plus_vigil,3,20260622,True
True,1,1,P007,P2_phrase_plus_vigil,3,20260622,True
True,1,1,P007,P2_phrase_plus_vigil,3,20260622,True
True,1,1,P007,P2_phrase_plus_vigil,3,20260622,True
True,1,1,P007,P2_phrase_plus_vigil,3,20260622,True
True,1,1,P007,P2_phrase_plus_vigil,3,20260622,True
True,1,1,P007,P2_phrase_plus_vigil,3,20260622,True
True,1,1,P007,P2_phrase_plus_vigil,3,20260622,True
True,1,1,P007,P3_vigil_plus_phrase,3,20260622,True
True,1,1,P007,P3_vigil_plus_phrase,3,20260622,True
True,1,1,P007,P3_vigil_plus_phrase,3,20260622,True
True,1,1,P007,P3_vigil_plus_phrase,3,20260622,True
True,1,1,P007,P3_vigil_plus_phrase,3,20260622,True
True,1,1,P007,P3_vigil_plus_phrase,3,20260622,True
True,1,1,P007,P3_vigil_plus_phrase,3,20260622,True
False,1,0,P007,P4_negative,3,20260622,False
False,1,0,P007,P4_negative,3,20260622,False
False,1,0,P007,P4_negative,3,20260622,False
False,1,0,P007,P4_negative,3,20260622,False
False,1,0,P007,P4_negative,3,20260622,False
False,1,0,P007,P4_negative,3,20260622,False
False,1,0,P007,P4_negative,3,20260622,False
False,1,0,P007,P4_negative,3,20260622,False
False,1,0,P007,P4_negative,3,20260622,False
False,1,0,P007,P4_negative,3,20260622,False
False,1,0,P007,P4_negative,3,20260622,False
False,1,0,P007,P4_negative,3,20260622,False
False,1,0,P007,P4_negative,3,20260622,False
False,1,0,P007,P4_negative,3,20260622,False
False,1,0,P007,P4_negative,3,20260622,False
False,1,0,P007,P4_negative,3,20260622,False
False,1,0,P007,P4_negative,3,20260622,False
False,1,0,P007,P4_negative,3,20260622,False
False,1,0,P007,P4_negative,3,20260622,False
False,1,0,P007,P4_negative,3,20260622,False
False,1,0,P007,P4_negative,3,20260622,False
False,1,0,P007,P4_negative,3,20260622,False
False,1,0,P007,P4_negative,3,20260622,False
False,1,0,P007,P4_negative,3,20260622,False
False,1,0,P007,P4_negative,3,20260622,False
False,1,0,P007,P4_negative,3,20260622,False
False,1,0,P007,P4_negative,3,20260622,False
False,1,0,P007,P4_negative,3,20260622,False
False,1,0,P007,P4_negative,3,20260622,False
False,1,0,P007,P4_negative,3,20260622,False
False,1,1,P033,P1_vigil_only,3,20260622,False
False,1,1,P033,P2_phrase_plus_vigil,3,20260622,False
True,1,1,P033,P2_phrase_plus_vigil,3,20260622,True
True,1,1,P033,P2_phrase_plus_vigil,3,20260622,True
True,1,1,P033,P2_phrase_plus_vigil,3,20260622,True
True,1,1,P033,P2_phrase_plus_vigil,3,20260622,True
True,1,1,P033,P3_vigil_plus_phrase,3,20260622,True
True,1,1,P033,P3_vigil_plus_phrase,3,20260622,True
True,1,1,P033,P3_vigil_plus_phrase,3,20260622,True
False,1,0,P033,P4_negative,3,20260622,False
False,1,0,P033,P4_negative,3,20260622,False
False,1,0,P033,P4_negative,3,20260622,False
False,1,0,P033,P4_negative,3,20260622,False
False,1,0,P033,P4_negative,3,20260622,False
True,1,1,P011,P1_vigil_only,5,20260622,True
True,1,1,P011,P2_phrase_plus_vigil,5,20260622,True
True,1,1,P011,P2_phrase_plus_vigil,5,20260622,True
True,1,1,P011,P2_phrase_plus_vigil,5,20260622,True
True,1,1,P011,P3_vigil_plus_phrase,5,20260622,True
True,1,1,P011,P3_vigil_plus_phrase,5,20260622,True
False,1,0,P011,P4_negative,5,20260622,False
False,1,0,P011,P4_negative,5,20260622,False
False,1,0,P011,P4_negative,5,20260622,False
False,1,0,P011,P4_negative,5,20260622,False
False,1,0,P011,P4_negative,5,20260622,False
False,1,0,P011,P4_negative,5,20260622,False
False,1,0,P011,P4_negative,5,20260622,False
False,1,0,P011,P4_negative,5,20260622,False
False,1,0,P011,P4_negative,5,20260622,False
False,1,0,P011,P4_negative,5,20260622,False
False,1,0,P011,P4_negative,5,20260622,False
False,1,0,P011,P4_negative,5,20260622,False
False,1,0,P011,P4_negative,5,20260622,False
False,1,0,P011,P4_negative,5,20260622,False
False,1,0,P011,P4_negative,5,20260622,False
True,1,1,P016,P1_vigil_only,5,20260622,True
True,1,1,P016,P1_vigil_only,5,20260622,True
True,1,1,P016,P1_vigil_only,5,20260622,True
True,1,1,P016,P3_vigil_plus_phrase,5,20260622,True
True,1,1,P016,P3_vigil_plus_phrase,5,20260622,True
True,1,1,P016,P3_vigil_plus_phrase,5,20260622,True
True,1,1,P016,P3_vigil_plus_phrase,5,20260622,True
True,1,1,P016,P3_vigil_plus_phrase,5,20260622,True
True,1,1,P016,P3_vigil_plus_phrase,5,20260622,True
True,1,1,P016,P3_vigil_plus_phrase,5,20260622,True
True,1,1,P016,P2_phrase_plus_vigil,5,20260622,True
True,1,1,P016,P2_phrase_plus_vigil,5,20260622,True
True,1,1,P016,P2_phrase_plus_vigil,5,20260622,True
True,1,1,P016,P2_phrase_plus_vigil,5,20260622,True
False,1,0,P016,P4_negative,5,20260622,False
False,1,0,P016,P4_negative,5,20260622,False
False,1,0,P016,P4_negative,5,20260622,False
False,1,0,P016,P4_negative,5,20260622,False
False,1,0,P016,P4_negative,5,20260622,False
False,1,0,P016,P4_negative,5,20260622,False
False,1,0,P016,P4_negative,5,20260622,False
False,1,0,P016,P4_negative,5,20260622,False
False,1,0,P016,P4_negative,5,20260622,False
False,1,0,P016,P4_negative,5,20260622,False
False,1,0,P016,P4_negative,5,20260622,False
False,1,0,P016,P4_negative,5,20260622,False
False,1,0,P016,P4_negative,5,20260622,False
False,1,0,P016,P4_negative,5,20260622,False
True,1,1,P027,P1_vigil_only,5,20260622,True
True,1,1,P027,P2_phrase_plus_vigil,5,20260622,True
True,1,1,P027,P2_phrase_plus_vigil,5,20260622,True
True,1,1,P027,P3_vigil_plus_phrase,5,20260622,True
True,1,1,P027,P3_vigil_plus_phrase,5,20260622,True
False,1,0,P027,P4_negative,5,20260622,False
False,1,0,P027,P4_negative,5,20260622,False
False,1,0,P027,P4_negative,5,20260622,False
False,1,0,P027,P4_negative,5,20260622,False
False,1,0,P027,P4_negative,5,20260622,False
False,1,0,P027,P4_negative,5,20260622,False
False,1,0,P027,P4_negative,5,20260622,False
False,1,0,P027,P4_negative,5,20260622,False
False,1,0,P027,P4_negative,5,20260622,False
True,1,1,P027,P2_phrase_plus_vigil,5,20260622,True
False,1,0,P027,P4_negative,5,20260622,False
False,1,0,P027,P4_negative,5,20260622,False
False,1,0,P027,P4_negative,5,20260622,False
False,1,0,P027,P4_negative,5,20260622,False
True,1,1,P027,P2_phrase_plus_vigil,5,20260622,True
True,1,1,P027,P3_vigil_plus_phrase,5,20260622,True
False,1,0,P027,P4_negative,5,20260622,False
False,1,0,P027,P4_negative,5,20260622,False
False,1,0,P027,P4_negative,5,20260622,False
False,1,0,P027,P4_negative,5,20260622,False
True,1,1,P014,P1_vigil_only,5,20260622,True
True,1,1,P014,P1_vigil_only,5,20260622,True
True,1,1,P014,P1_vigil_only,5,20260622,True
True,1,1,P014,P2_phrase_plus_vigil,5,20260622,True
True,1,1,P014,P2_phrase_plus_vigil,5,20260622,True
True,1,1,P014,P2_phrase_plus_vigil,5,20260622,True
True,1,1,P014,P2_phrase_plus_vigil,5,20260622,True
True,1,1,P014,P2_phrase_plus_vigil,5,20260622,True
True,1,1,P014,P2_phrase_plus_vigil,5,20260622,True
True,1,1,P014,P2_phrase_plus_vigil,5,20260622,True
True,1,1,P014,P2_phrase_plus_vigil,5,20260622,True
True,1,1,P014,P2_phrase_plus_vigil,5,20260622,True
True,1,1,P014,P2_phrase_plus_vigil,5,20260622,True
True,1,1,P014,P2_phrase_plus_vigil,5,20260622,True
True,1,1,P014,P2_phrase_plus_vigil,5,20260622,True
True,1,1,P014,P2_phrase_plus_vigil,5,20260622,True
True,1,1,P014,P2_phrase_plus_vigil,5,20260622,True
True,1,1,P014,P2_phrase_plus_vigil,5,20260622,True
True,1,1,P014,P2_phrase_plus_vigil,5,20260622,True
True,1,1,P014,P2_phrase_plus_vigil,5,20260622,True
True,1,1,P014,P2_phrase_plus_vigil,5,20260622,True
True,1,1,P014,P2_phrase_plus_vigil,5,20260622,True
True,1,1,P014,P2_phrase_plus_vigil,5,20260622,True
True,1,1,P014,P2_phrase_plus_vigil,5,20260622,True
True,1,1,P014,P2_phrase_plus_vigil,5,20260622,True
True,1,1,P014,P2_phrase_plus_vigil,5,20260622,True
True,1,1,P014,P2_phrase_plus_vigil,5,20260622,True
True,1,1,P014,P2_phrase_plus_vigil,5,20260622,True
True,1,1,P014,P2_phrase_plus_vigil,5,20260622,True
True,1,1,P014,P2_phrase_plus_vigil,5,20260622,True
True,1,1,P014,P2_phrase_plus_vigil,5,20260622,True
True,1,1,P014,P2_phrase_plus_vigil,5,20260622,True
True,1,1,P014,P2_phrase_plus_vigil,5,20260622,True
True,1,1,P014,P2_phrase_plus_vigil,5,20260622,True
True,1,1,P014,P2_phrase_plus_vigil,5,20260622,True
True,1,1,P014,P1_vigil_only,5,20260622,True
True,1,1,P014,P1_vigil_only,5,20260622,True
True,1,1,P014,P1_vigil_only,5,20260622,True
True,1,1,P014,P3_vigil_plus_phrase,5,20260622,True
True,1,1,P014,P3_vigil_plus_phrase,5,20260622,True
True,1,1,P014,P3_vigil_plus_phrase,5,20260622,True
True,1,1,P014,P3_vigil_plus_phrase,5,20260622,True
False,1,1,P014,P3_vigil_plus_phrase,5,20260622,False
True,1,1,P014,P3_vigil_plus_phrase,5,20260622,True
True,1,1,P014,P3_vigil_plus_phrase,5,20260622,True
True,1,1,P014,P3_vigil_plus_phrase,5,20260622,True
True,1,1,P014,P3_vigil_plus_phrase,5,20260622,True
True,1,1,P014,P3_vigil_plus_phrase,5,20260622,True
True,1,1,P014,P3_vigil_plus_phrase,5,20260622,True
True,1,1,P014,P3_vigil_plus_phrase,5,20260622,True
True,1,1,P014,P3_vigil_plus_phrase,5,20260622,True
True,1,1,P014,P3_vigil_plus_phrase,5,20260622,True
True,1,1,P014,P3_vigil_plus_phrase,5,20260622,True
True,1,1,P014,P3_vigil_plus_phrase,5,20260622,True
True,1,1,P014,P3_vigil_plus_phrase,5,20260622,True
True,1,1,P014,P3_vigil_plus_phrase,5,20260622,True
True,1,1,P014,P3_vigil_plus_phrase,5,20260622,True
True,1,1,P014,P3_vigil_plus_phrase,5,20260622,True
True,1,1,P014,P3_vigil_plus_phrase,5,20260622,True
False,1,0,P014,P4_negative,5,20260622,False
False,1,0,P014,P4_negative,5,20260622,False
False,1,0,P014,P4_negative,5,20260622,False
False,1,0,P014,P4_negative,5,20260622,False
False,1,0,P014,P4_negative,5,20260622,False
False,1,0,P014,P4_negative,5,20260622,False
False,1,0,P014,P4_negative,5,20260622,False
False,1,0,P014,P4_negative,5,20260622,False
False,1,0,P014,P4_negative,5,20260622,False
False,1,0,P014,P4_negative,5,20260622,False
False,1,0,P014,P4_negative,5,20260622,False
False,1,0,P014,P4_negative,5,20260622,False
False,1,0,P014,P4_negative,5,20260622,False
False,1,0,P014,P4_negative,5,20260622,False
False,1,0,P014,P4_negative,5,20260622,False
False,1,0,P014,P4_negative,5,20260622,False
False,1,0,P014,P4_negative,5,20260622,False
False,1,0,P014,P4_negative,5,20260622,False
False,1,0,P014,P4_negative,5,20260622,False
True,1,0,P014,P4_negative,5,20260622,True
False,1,0,P014,P4_negative,5,20260622,False
False,1,0,P014,P4_negative,5,20260622,False
False,1,0,P014,P4_negative,5,20260622,False
False,1,0,P014,P4_negative,5,20260622,False
False,1,0,P014,P4_negative,5,20260622,False
False,1,0,P014,P4_negative,5,20260622,False
False,1,0,P014,P4_negative,5,20260622,False
False,1,0,P014,P4_negative,5,20260622,False
False,1,0,P014,P4_negative,5,20260622,False
False,1,0,P014,P4_negative,5,20260622,False
False,1,0,P014,P4_negative,5,20260622,False
False,1,0,P014,P4_negative,5,20260622,False
False,1,0,P014,P4_negative,5,20260622,False
False,1,0,P014,P4_negative,5,20260622,False
False,1,0,P014,P4_negative,5,20260622,False
False,1,0,P014,P4_negative,5,20260622,False
True,1,1,P017,P1_vigil_only,5,20260622,True
True,1,1,P017,P2_phrase_plus_vigil,5,20260622,True
True,1,1,P017,P3_vigil_plus_phrase,5,20260622,True
True,1,1,P017,P3_vigil_plus_phrase,5,20260622,True
False,1,0,P017,P4_negative,5,20260622,False
False,1,0,P017,P4_negative,5,20260622,False
False,1,0,P017,P4_negative,5,20260622,False
False,1,0,P017,P4_negative,5,20260622,False
False,1,0,P017,P4_negative,5,20260622,False
False,1,1,P007,P1_vigil_only,5,20260622,False
True,1,1,P007,P1_vigil_only,5,20260622,True
True,1,1,P007,P1_vigil_only,5,20260622,True
True,1,1,P007,P2_phrase_plus_vigil,5,20260622,True
True,1,1,P007,P2_phrase_plus_vigil,5,20260622,True
True,1,1,P007,P2_phrase_plus_vigil,5,20260622,True
True,1,1,P007,P2_phrase_plus_vigil,5,20260622,True
True,1,1,P007,P2_phrase_plus_vigil,5,20260622,True
True,1,1,P007,P2_phrase_plus_vigil,5,20260622,True
True,1,1,P007,P2_phrase_plus_vigil,5,20260622,True
True,1,1,P007,P2_phrase_plus_vigil,5,20260622,True
True,1,1,P007,P2_phrase_plus_vigil,5,20260622,True
True,1,1,P007,P3_vigil_plus_phrase,5,20260622,True
True,1,1,P007,P3_vigil_plus_phrase,5,20260622,True
True,1,1,P007,P3_vigil_plus_phrase,5,20260622,True
True,1,1,P007,P3_vigil_plus_phrase,5,20260622,True
True,1,1,P007,P3_vigil_plus_phrase,5,20260622,True
True,1,1,P007,P3_vigil_plus_phrase,5,20260622,True
False,1,0,P007,P4_negative,5,20260622,False
False,1,0,P007,P4_negative,5,20260622,False
False,1,0,P007,P4_negative,5,20260622,False
False,1,0,P007,P4_negative,5,20260622,False
False,1,0,P007,P4_negative,5,20260622,False
False,1,0,P007,P4_negative,5,20260622,False
False,1,0,P007,P4_negative,5,20260622,False
False,1,0,P007,P4_negative,5,20260622,False
False,1,0,P007,P4_negative,5,20260622,False
False,1,0,P007,P4_negative,5,20260622,False
False,1,0,P007,P4_negative,5,20260622,False
False,1,0,P007,P4_negative,5,20260622,False
False,1,0,P007,P4_negative,5,20260622,False
False,1,0,P007,P4_negative,5,20260622,False
False,1,0,P007,P4_negative,5,20260622,False
False,1,0,P007,P4_negative,5,20260622,False
False,1,0,P007,P4_negative,5,20260622,False
False,1,0,P007,P4_negative,5,20260622,False
False,1,0,P007,P4_negative,5,20260622,False
False,1,0,P007,P4_negative,5,20260622,False
False,1,0,P007,P4_negative,5,20260622,False
False,1,0,P007,P4_negative,5,20260622,False
False,1,0,P007,P4_negative,5,20260622,False
False,1,0,P007,P4_negative,5,20260622,False
False,1,0,P007,P4_negative,5,20260622,False
False,1,0,P007,P4_negative,5,20260622,False
False,1,0,P007,P4_negative,5,20260622,False
False,1,0,P007,P4_negative,5,20260622,False
False,1,0,P007,P4_negative,5,20260622,False
False,1,0,P007,P4_negative,5,20260622,False
False,1,1,P033,P1_vigil_only,5,20260622,False
True,1,1,P033,P2_phrase_plus_vigil,5,20260622,True
True,1,1,P033,P2_phrase_plus_vigil,5,20260622,True
True,1,1,P033,P2_phrase_plus_vigil,5,20260622,True
True,1,1,P033,P2_phrase_plus_vigil,5,20260622,True
True,1,1,P033,P3_vigil_plus_phrase,5,20260622,True
True,1,1,P033,P3_vigil_plus_phrase,5,20260622,True
False,1,0,P033,P4_negative,5,20260622,False
False,1,0,P033,P4_negative,5,20260622,False
False,1,0,P033,P4_negative,5,20260622,False
False,1,0,P033,P4_negative,5,20260622,False
False,1,0,P033,P4_negative,5,20260622,False
True,1,1,P011,P2_phrase_plus_vigil,3,20260623,True
True,1,1,P011,P2_phrase_plus_vigil,3,20260623,True
True,1,1,P011,P2_phrase_plus_vigil,3,20260623,True
True,1,1,P011,P2_phrase_plus_vigil,3,20260623,True
True,1,1,P011,P3_vigil_plus_phrase,3,20260623,True
True,1,1,P011,P3_vigil_plus_phrase,3,20260623,True
True,1,1,P011,P3_vigil_plus_phrase,3,20260623,True
True,1,1,P011,P3_vigil_plus_phrase,3,20260623,True
False,1,0,P011,P4_negative,3,20260623,False
False,1,0,P011,P4_negative,3,20260623,False
False,1,0,P011,P4_negative,3,20260623,False
False,1,0,P011,P4_negative,3,20260623,False
False,1,0,P011,P4_negative,3,20260623,False
False,1,0,P011,P4_negative,3,20260623,False
False,1,0,P011,P4_negative,3,20260623,False
False,1,0,P011,P4_negative,3,20260623,False
False,1,0,P011,P4_negative,3,20260623,False
False,1,0,P011,P4_negative,3,20260623,False
False,1,0,P011,P4_negative,3,20260623,False
False,1,0,P011,P4_negative,3,20260623,False
False,1,0,P011,P4_negative,3,20260623,False
False,1,0,P011,P4_negative,3,20260623,False
False,1,0,P011,P4_negative,3,20260623,False
True,1,1,P016,P1_vigil_only,3,20260623,True
True,1,1,P016,P1_vigil_only,3,20260623,True
True,1,1,P016,P3_vigil_plus_phrase,3,20260623,True
True,1,1,P016,P3_vigil_plus_phrase,3,20260623,True
True,1,1,P016,P3_vigil_plus_phrase,3,20260623,True
True,1,1,P016,P3_vigil_plus_phrase,3,20260623,True
True,1,1,P016,P3_vigil_plus_phrase,3,20260623,True
True,1,1,P016,P3_vigil_plus_phrase,3,20260623,True
True,1,1,P016,P3_vigil_plus_phrase,3,20260623,True
True,1,1,P016,P2_phrase_plus_vigil,3,20260623,True
True,1,1,P016,P2_phrase_plus_vigil,3,20260623,True
True,1,1,P016,P2_phrase_plus_vigil,3,20260623,True
True,1,1,P016,P2_phrase_plus_vigil,3,20260623,True
True,1,1,P016,P2_phrase_plus_vigil,3,20260623,True
True,1,1,P016,P2_phrase_plus_vigil,3,20260623,True
True,1,1,P016,P2_phrase_plus_vigil,3,20260623,True
False,1,0,P016,P4_negative,3,20260623,False
False,1,0,P016,P4_negative,3,20260623,False
False,1,0,P016,P4_negative,3,20260623,False
False,1,0,P016,P4_negative,3,20260623,False
False,1,0,P016,P4_negative,3,20260623,False
False,1,0,P016,P4_negative,3,20260623,False
False,1,0,P016,P4_negative,3,20260623,False
False,1,0,P016,P4_negative,3,20260623,False
False,1,0,P016,P4_negative,3,20260623,False
False,1,0,P016,P4_negative,3,20260623,False
False,1,0,P016,P4_negative,3,20260623,False
False,1,0,P016,P4_negative,3,20260623,False
False,1,0,P016,P4_negative,3,20260623,False
False,1,0,P016,P4_negative,3,20260623,False
True,1,1,P027,P2_phrase_plus_vigil,3,20260623,True
True,1,1,P027,P2_phrase_plus_vigil,3,20260623,True
True,1,1,P027,P3_vigil_plus_phrase,3,20260623,True
True,1,1,P027,P3_vigil_plus_phrase,3,20260623,True
False,1,0,P027,P4_negative,3,20260623,False
False,1,0,P027,P4_negative,3,20260623,False
False,1,0,P027,P4_negative,3,20260623,False
False,1,0,P027,P4_negative,3,20260623,False
False,1,0,P027,P4_negative,3,20260623,False
False,1,0,P027,P4_negative,3,20260623,False
False,1,0,P027,P4_negative,3,20260623,False
False,1,0,P027,P4_negative,3,20260623,False
False,1,0,P027,P4_negative,3,20260623,False
True,1,1,P027,P2_phrase_plus_vigil,3,20260623,True
False,1,0,P027,P4_negative,3,20260623,False
False,1,0,P027,P4_negative,3,20260623,False
False,1,0,P027,P4_negative,3,20260623,False
False,1,0,P027,P4_negative,3,20260623,False
True,1,1,P027,P2_phrase_plus_vigil,3,20260623,True
True,1,1,P027,P1_vigil_only,3,20260623,True
False,1,1,P027,P1_vigil_only,3,20260623,False
True,1,1,P027,P2_phrase_plus_vigil,3,20260623,True
True,1,1,P027,P3_vigil_plus_phrase,3,20260623,True
False,1,0,P027,P4_negative,3,20260623,False
False,1,0,P027,P4_negative,3,20260623,False
False,1,0,P027,P4_negative,3,20260623,False
False,1,0,P027,P4_negative,3,20260623,False
True,1,1,P014,P1_vigil_only,3,20260623,True
True,1,1,P014,P1_vigil_only,3,20260623,True
True,1,1,P014,P2_phrase_plus_vigil,3,20260623,True
True,1,1,P014,P2_phrase_plus_vigil,3,20260623,True
True,1,1,P014,P2_phrase_plus_vigil,3,20260623,True
True,1,1,P014,P2_phrase_plus_vigil,3,20260623,True
True,1,1,P014,P2_phrase_plus_vigil,3,20260623,True
True,1,1,P014,P2_phrase_plus_vigil,3,20260623,True
True,1,1,P014,P2_phrase_plus_vigil,3,20260623,True
True,1,1,P014,P2_phrase_plus_vigil,3,20260623,True
True,1,1,P014,P2_phrase_plus_vigil,3,20260623,True
True,1,1,P014,P2_phrase_plus_vigil,3,20260623,True
True,1,1,P014,P2_phrase_plus_vigil,3,20260623,True
True,1,1,P014,P2_phrase_plus_vigil,3,20260623,True
True,1,1,P014,P2_phrase_plus_vigil,3,20260623,True
True,1,1,P014,P2_phrase_plus_vigil,3,20260623,True
True,1,1,P014,P2_phrase_plus_vigil,3,20260623,True
True,1,1,P014,P2_phrase_plus_vigil,3,20260623,True
True,1,1,P014,P2_phrase_plus_vigil,3,20260623,True
True,1,1,P014,P2_phrase_plus_vigil,3,20260623,True
True,1,1,P014,P2_phrase_plus_vigil,3,20260623,True
True,1,1,P014,P2_phrase_plus_vigil,3,20260623,True
True,1,1,P014,P2_phrase_plus_vigil,3,20260623,True
True,1,1,P014,P2_phrase_plus_vigil,3,20260623,True
True,1,1,P014,P2_phrase_plus_vigil,3,20260623,True
True,1,1,P014,P2_phrase_plus_vigil,3,20260623,True
True,1,1,P014,P2_phrase_plus_vigil,3,20260623,True
True,1,1,P014,P2_phrase_plus_vigil,3,20260623,True
True,1,1,P014,P2_phrase_plus_vigil,3,20260623,True
True,1,1,P014,P2_phrase_plus_vigil,3,20260623,True
True,1,1,P014,P2_phrase_plus_vigil,3,20260623,True
True,1,1,P014,P2_phrase_plus_vigil,3,20260623,True
True,1,1,P014,P2_phrase_plus_vigil,3,20260623,True
True,1,1,P014,P2_phrase_plus_vigil,3,20260623,True
True,1,1,P014,P2_phrase_plus_vigil,3,20260623,True
True,1,1,P014,P2_phrase_plus_vigil,3,20260623,True
True,1,1,P014,P1_vigil_only,3,20260623,True
True,1,1,P014,P1_vigil_only,3,20260623,True
True,1,1,P014,P1_vigil_only,3,20260623,True
True,1,1,P014,P3_vigil_plus_phrase,3,20260623,True
True,1,1,P014,P3_vigil_plus_phrase,3,20260623,True
True,1,1,P014,P3_vigil_plus_phrase,3,20260623,True
True,1,1,P014,P3_vigil_plus_phrase,3,20260623,True
False,1,1,P014,P3_vigil_plus_phrase,3,20260623,False
True,1,1,P014,P3_vigil_plus_phrase,3,20260623,True
True,1,1,P014,P3_vigil_plus_phrase,3,20260623,True
True,1,1,P014,P3_vigil_plus_phrase,3,20260623,True
True,1,1,P014,P3_vigil_plus_phrase,3,20260623,True
True,1,1,P014,P3_vigil_plus_phrase,3,20260623,True
True,1,1,P014,P3_vigil_plus_phrase,3,20260623,True
True,1,1,P014,P3_vigil_plus_phrase,3,20260623,True
True,1,1,P014,P3_vigil_plus_phrase,3,20260623,True
True,1,1,P014,P3_vigil_plus_phrase,3,20260623,True
True,1,1,P014,P3_vigil_plus_phrase,3,20260623,True
True,1,1,P014,P3_vigil_plus_phrase,3,20260623,True
True,1,1,P014,P3_vigil_plus_phrase,3,20260623,True
True,1,1,P014,P3_vigil_plus_phrase,3,20260623,True
True,1,1,P014,P3_vigil_plus_phrase,3,20260623,True
True,1,1,P014,P3_vigil_plus_phrase,3,20260623,True
True,1,1,P014,P3_vigil_plus_phrase,3,20260623,True
True,1,1,P014,P3_vigil_plus_phrase,3,20260623,True
False,1,0,P014,P4_negative,3,20260623,False
False,1,0,P014,P4_negative,3,20260623,False
False,1,0,P014,P4_negative,3,20260623,False
False,1,0,P014,P4_negative,3,20260623,False
False,1,0,P014,P4_negative,3,20260623,False
False,1,0,P014,P4_negative,3,20260623,False
False,1,0,P014,P4_negative,3,20260623,False
False,1,0,P014,P4_negative,3,20260623,False
False,1,0,P014,P4_negative,3,20260623,False
False,1,0,P014,P4_negative,3,20260623,False
False,1,0,P014,P4_negative,3,20260623,False
False,1,0,P014,P4_negative,3,20260623,False
False,1,0,P014,P4_negative,3,20260623,False
False,1,0,P014,P4_negative,3,20260623,False
False,1,0,P014,P4_negative,3,20260623,False
False,1,0,P014,P4_negative,3,20260623,False
False,1,0,P014,P4_negative,3,20260623,False
False,1,0,P014,P4_negative,3,20260623,False
False,1,0,P014,P4_negative,3,20260623,False
True,1,0,P014,P4_negative,3,20260623,True
False,1,0,P014,P4_negative,3,20260623,False
False,1,0,P014,P4_negative,3,20260623,False
False,1,0,P014,P4_negative,3,20260623,False
False,1,0,P014,P4_negative,3,20260623,False
False,1,0,P014,P4_negative,3,20260623,False
False,1,0,P014,P4_negative,3,20260623,False
False,1,0,P014,P4_negative,3,20260623,False
False,1,0,P014,P4_negative,3,20260623,False
False,1,0,P014,P4_negative,3,20260623,False
False,1,0,P014,P4_negative,3,20260623,False
False,1,0,P014,P4_negative,3,20260623,False
False,1,0,P014,P4_negative,3,20260623,False
False,1,0,P014,P4_negative,3,20260623,False
False,1,0,P014,P4_negative,3,20260623,False
False,1,0,P014,P4_negative,3,20260623,False
False,1,0,P014,P4_negative,3,20260623,False
False,1,1,P017,P1_vigil_only,3,20260623,False
True,1,1,P017,P2_phrase_plus_vigil,3,20260623,True
True,1,1,P017,P2_phrase_plus_vigil,3,20260623,True
True,1,1,P017,P3_vigil_plus_phrase,3,20260623,True
True,1,1,P017,P3_vigil_plus_phrase,3,20260623,True
True,1,1,P017,P3_vigil_plus_phrase,3,20260623,True
False,1,0,P017,P4_negative,3,20260623,False
False,1,0,P017,P4_negative,3,20260623,False
False,1,0,P017,P4_negative,3,20260623,False
False,1,0,P017,P4_negative,3,20260623,False
False,1,0,P017,P4_negative,3,20260623,False
True,1,1,P007,P1_vigil_only,3,20260623,True
True,1,1,P007,P1_vigil_only,3,20260623,True
True,1,1,P007,P2_phrase_plus_vigil,3,20260623,True
True,1,1,P007,P2_phrase_plus_vigil,3,20260623,True
True,1,1,P007,P2_phrase_plus_vigil,3,20260623,True
True,1,1,P007,P2_phrase_plus_vigil,3,20260623,True
True,1,1,P007,P2_phrase_plus_vigil,3,20260623,True
True,1,1,P007,P2_phrase_plus_vigil,3,20260623,True
True,1,1,P007,P2_phrase_plus_vigil,3,20260623,True
True,1,1,P007,P2_phrase_plus_vigil,3,20260623,True
True,1,1,P007,P2_phrase_plus_vigil,3,20260623,True
True,1,1,P007,P2_phrase_plus_vigil,3,20260623,True
True,1,1,P007,P2_phrase_plus_vigil,3,20260623,True
True,1,1,P007,P3_vigil_plus_phrase,3,20260623,True
True,1,1,P007,P3_vigil_plus_phrase,3,20260623,True
True,1,1,P007,P3_vigil_plus_phrase,3,20260623,True
True,1,1,P007,P3_vigil_plus_phrase,3,20260623,True
True,1,1,P007,P3_vigil_plus_phrase,3,20260623,True
True,1,1,P007,P3_vigil_plus_phrase,3,20260623,True
True,1,1,P007,P3_vigil_plus_phrase,3,20260623,True
False,1,0,P007,P4_negative,3,20260623,False
False,1,0,P007,P4_negative,3,20260623,False
False,1,0,P007,P4_negative,3,20260623,False
False,1,0,P007,P4_negative,3,20260623,False
False,1,0,P007,P4_negative,3,20260623,False
False,1,0,P007,P4_negative,3,20260623,False
False,1,0,P007,P4_negative,3,20260623,False
False,1,0,P007,P4_negative,3,20260623,False
False,1,0,P007,P4_negative,3,20260623,False
False,1,0,P007,P4_negative,3,20260623,False
False,1,0,P007,P4_negative,3,20260623,False
False,1,0,P007,P4_negative,3,20260623,False
False,1,0,P007,P4_negative,3,20260623,False
False,1,0,P007,P4_negative,3,20260623,False
False,1,0,P007,P4_negative,3,20260623,False
False,1,0,P007,P4_negative,3,20260623,False
False,1,0,P007,P4_negative,3,20260623,False
False,1,0,P007,P4_negative,3,20260623,False
False,1,0,P007,P4_negative,3,20260623,False
False,1,0,P007,P4_negative,3,20260623,False
False,1,0,P007,P4_negative,3,20260623,False
False,1,0,P007,P4_negative,3,20260623,False
False,1,0,P007,P4_negative,3,20260623,False
False,1,0,P007,P4_negative,3,20260623,False
False,1,0,P007,P4_negative,3,20260623,False
False,1,0,P007,P4_negative,3,20260623,False
False,1,0,P007,P4_negative,3,20260623,False
False,1,0,P007,P4_negative,3,20260623,False
False,1,0,P007,P4_negative,3,20260623,False
False,1,0,P007,P4_negative,3,20260623,False
False,1,1,P033,P1_vigil_only,3,20260623,False
True,1,1,P033,P2_phrase_plus_vigil,3,20260623,True
False,1,1,P033,P2_phrase_plus_vigil,3,20260623,False
True,1,1,P033,P2_phrase_plus_vigil,3,20260623,True
True,1,1,P033,P2_phrase_plus_vigil,3,20260623,True
True,1,1,P033,P2_phrase_plus_vigil,3,20260623,True
True,1,1,P033,P3_vigil_plus_phrase,3,20260623,True
True,1,1,P033,P3_vigil_plus_phrase,3,20260623,True
True,1,1,P033,P3_vigil_plus_phrase,3,20260623,True
False,1,0,P033,P4_negative,3,20260623,False
False,1,0,P033,P4_negative,3,20260623,False
False,1,0,P033,P4_negative,3,20260623,False
False,1,0,P033,P4_negative,3,20260623,False
False,1,0,P033,P4_negative,3,20260623,False
True,1,1,P011,P2_phrase_plus_vigil,5,20260623,True
True,1,1,P011,P2_phrase_plus_vigil,5,20260623,True
True,1,1,P011,P2_phrase_plus_vigil,5,20260623,True
True,1,1,P011,P3_vigil_plus_phrase,5,20260623,True
True,1,1,P011,P3_vigil_plus_phrase,5,20260623,True
True,1,1,P011,P3_vigil_plus_phrase,5,20260623,True
False,1,0,P011,P4_negative,5,20260623,False
False,1,0,P011,P4_negative,5,20260623,False
False,1,0,P011,P4_negative,5,20260623,False
False,1,0,P011,P4_negative,5,20260623,False
False,1,0,P011,P4_negative,5,20260623,False
False,1,0,P011,P4_negative,5,20260623,False
False,1,0,P011,P4_negative,5,20260623,False
False,1,0,P011,P4_negative,5,20260623,False
False,1,0,P011,P4_negative,5,20260623,False
False,1,0,P011,P4_negative,5,20260623,False
False,1,0,P011,P4_negative,5,20260623,False
False,1,0,P011,P4_negative,5,20260623,False
False,1,0,P011,P4_negative,5,20260623,False
False,1,0,P011,P4_negative,5,20260623,False
False,1,0,P011,P4_negative,5,20260623,False
True,1,1,P016,P1_vigil_only,5,20260623,True
True,1,1,P016,P1_vigil_only,5,20260623,True
True,1,1,P016,P3_vigil_plus_phrase,5,20260623,True
True,1,1,P016,P3_vigil_plus_phrase,5,20260623,True
True,1,1,P016,P3_vigil_plus_phrase,5,20260623,True
True,1,1,P016,P3_vigil_plus_phrase,5,20260623,True
True,1,1,P016,P3_vigil_plus_phrase,5,20260623,True
True,1,1,P016,P3_vigil_plus_phrase,5,20260623,True
True,1,1,P016,P2_phrase_plus_vigil,5,20260623,True
True,1,1,P016,P2_phrase_plus_vigil,5,20260623,True
True,1,1,P016,P2_phrase_plus_vigil,5,20260623,True
True,1,1,P016,P2_phrase_plus_vigil,5,20260623,True
True,1,1,P016,P2_phrase_plus_vigil,5,20260623,True
True,1,1,P016,P2_phrase_plus_vigil,5,20260623,True
False,1,0,P016,P4_negative,5,20260623,False
False,1,0,P016,P4_negative,5,20260623,False
False,1,0,P016,P4_negative,5,20260623,False
False,1,0,P016,P4_negative,5,20260623,False
False,1,0,P016,P4_negative,5,20260623,False
False,1,0,P016,P4_negative,5,20260623,False
False,1,0,P016,P4_negative,5,20260623,False
False,1,0,P016,P4_negative,5,20260623,False
False,1,0,P016,P4_negative,5,20260623,False
False,1,0,P016,P4_negative,5,20260623,False
False,1,0,P016,P4_negative,5,20260623,False
False,1,0,P016,P4_negative,5,20260623,False
False,1,0,P016,P4_negative,5,20260623,False
False,1,0,P016,P4_negative,5,20260623,False
True,1,1,P027,P2_phrase_plus_vigil,5,20260623,True
True,1,1,P027,P2_phrase_plus_vigil,5,20260623,True
True,1,1,P027,P3_vigil_plus_phrase,5,20260623,True
False,1,0,P027,P4_negative,5,20260623,False
False,1,0,P027,P4_negative,5,20260623,False
False,1,0,P027,P4_negative,5,20260623,False
False,1,0,P027,P4_negative,5,20260623,False
False,1,0,P027,P4_negative,5,20260623,False
False,1,0,P027,P4_negative,5,20260623,False
False,1,0,P027,P4_negative,5,20260623,False
False,1,0,P027,P4_negative,5,20260623,False
False,1,0,P027,P4_negative,5,20260623,False
False,1,0,P027,P4_negative,5,20260623,False
False,1,0,P027,P4_negative,5,20260623,False
False,1,0,P027,P4_negative,5,20260623,False
False,1,0,P027,P4_negative,5,20260623,False
True,1,1,P027,P2_phrase_plus_vigil,5,20260623,True
True,1,1,P027,P1_vigil_only,5,20260623,True
False,1,1,P027,P1_vigil_only,5,20260623,False
True,1,1,P027,P2_phrase_plus_vigil,5,20260623,True
True,1,1,P027,P3_vigil_plus_phrase,5,20260623,True
False,1,0,P027,P4_negative,5,20260623,False
False,1,0,P027,P4_negative,5,20260623,False
False,1,0,P027,P4_negative,5,20260623,False
False,1,0,P027,P4_negative,5,20260623,False
True,1,1,P014,P1_vigil_only,5,20260623,True
True,1,1,P014,P2_phrase_plus_vigil,5,20260623,True
True,1,1,P014,P2_phrase_plus_vigil,5,20260623,True
True,1,1,P014,P2_phrase_plus_vigil,5,20260623,True
True,1,1,P014,P2_phrase_plus_vigil,5,20260623,True
True,1,1,P014,P2_phrase_plus_vigil,5,20260623,True
True,1,1,P014,P2_phrase_plus_vigil,5,20260623,True
True,1,1,P014,P2_phrase_plus_vigil,5,20260623,True
True,1,1,P014,P2_phrase_plus_vigil,5,20260623,True
True,1,1,P014,P2_phrase_plus_vigil,5,20260623,True
True,1,1,P014,P2_phrase_plus_vigil,5,20260623,True
True,1,1,P014,P2_phrase_plus_vigil,5,20260623,True
True,1,1,P014,P2_phrase_plus_vigil,5,20260623,True
True,1,1,P014,P2_phrase_plus_vigil,5,20260623,True
True,1,1,P014,P2_phrase_plus_vigil,5,20260623,True
True,1,1,P014,P2_phrase_plus_vigil,5,20260623,True
True,1,1,P014,P2_phrase_plus_vigil,5,20260623,True
True,1,1,P014,P2_phrase_plus_vigil,5,20260623,True
True,1,1,P014,P2_phrase_plus_vigil,5,20260623,True
True,1,1,P014,P2_phrase_plus_vigil,5,20260623,True
True,1,1,P014,P2_phrase_plus_vigil,5,20260623,True
True,1,1,P014,P2_phrase_plus_vigil,5,20260623,True
True,1,1,P014,P2_phrase_plus_vigil,5,20260623,True
True,1,1,P014,P2_phrase_plus_vigil,5,20260623,True
True,1,1,P014,P2_phrase_plus_vigil,5,20260623,True
True,1,1,P014,P2_phrase_plus_vigil,5,20260623,True
True,1,1,P014,P2_phrase_plus_vigil,5,20260623,True
True,1,1,P014,P2_phrase_plus_vigil,5,20260623,True
True,1,1,P014,P2_phrase_plus_vigil,5,20260623,True
True,1,1,P014,P2_phrase_plus_vigil,5,20260623,True
True,1,1,P014,P2_phrase_plus_vigil,5,20260623,True
True,1,1,P014,P2_phrase_plus_vigil,5,20260623,True
True,1,1,P014,P2_phrase_plus_vigil,5,20260623,True
True,1,1,P014,P2_phrase_plus_vigil,5,20260623,True
True,1,1,P014,P2_phrase_plus_vigil,5,20260623,True
True,1,1,P014,P1_vigil_only,5,20260623,True
True,1,1,P014,P1_vigil_only,5,20260623,True
True,1,1,P014,P1_vigil_only,5,20260623,True
True,1,1,P014,P3_vigil_plus_phrase,5,20260623,True
True,1,1,P014,P3_vigil_plus_phrase,5,20260623,True
True,1,1,P014,P3_vigil_plus_phrase,5,20260623,True
True,1,1,P014,P3_vigil_plus_phrase,5,20260623,True
False,1,1,P014,P3_vigil_plus_phrase,5,20260623,False
True,1,1,P014,P3_vigil_plus_phrase,5,20260623,True
True,1,1,P014,P3_vigil_plus_phrase,5,20260623,True
True,1,1,P014,P3_vigil_plus_phrase,5,20260623,True
True,1,1,P014,P3_vigil_plus_phrase,5,20260623,True
True,1,1,P014,P3_vigil_plus_phrase,5,20260623,True
True,1,1,P014,P3_vigil_plus_phrase,5,20260623,True
True,1,1,P014,P3_vigil_plus_phrase,5,20260623,True
True,1,1,P014,P3_vigil_plus_phrase,5,20260623,True
True,1,1,P014,P3_vigil_plus_phrase,5,20260623,True
True,1,1,P014,P3_vigil_plus_phrase,5,20260623,True
True,1,1,P014,P3_vigil_plus_phrase,5,20260623,True
True,1,1,P014,P3_vigil_plus_phrase,5,20260623,True
True,1,1,P014,P3_vigil_plus_phrase,5,20260623,True
True,1,1,P014,P3_vigil_plus_phrase,5,20260623,True
True,1,1,P014,P3_vigil_plus_phrase,5,20260623,True
True,1,1,P014,P3_vigil_plus_phrase,5,20260623,True
False,1,0,P014,P4_negative,5,20260623,False
False,1,0,P014,P4_negative,5,20260623,False
False,1,0,P014,P4_negative,5,20260623,False
False,1,0,P014,P4_negative,5,20260623,False
False,1,0,P014,P4_negative,5,20260623,False
False,1,0,P014,P4_negative,5,20260623,False
False,1,0,P014,P4_negative,5,20260623,False
False,1,0,P014,P4_negative,5,20260623,False
False,1,0,P014,P4_negative,5,20260623,False
False,1,0,P014,P4_negative,5,20260623,False
False,1,0,P014,P4_negative,5,20260623,False
False,1,0,P014,P4_negative,5,20260623,False
False,1,0,P014,P4_negative,5,20260623,False
False,1,0,P014,P4_negative,5,20260623,False
False,1,0,P014,P4_negative,5,20260623,False
False,1,0,P014,P4_negative,5,20260623,False
False,1,0,P014,P4_negative,5,20260623,False
False,1,0,P014,P4_negative,5,20260623,False
False,1,0,P014,P4_negative,5,20260623,False
True,1,0,P014,P4_negative,5,20260623,True
False,1,0,P014,P4_negative,5,20260623,False
False,1,0,P014,P4_negative,5,20260623,False
False,1,0,P014,P4_negative,5,20260623,False
False,1,0,P014,P4_negative,5,20260623,False
False,1,0,P014,P4_negative,5,20260623,False
False,1,0,P014,P4_negative,5,20260623,False
False,1,0,P014,P4_negative,5,20260623,False
False,1,0,P014,P4_negative,5,20260623,False
False,1,0,P014,P4_negative,5,20260623,False
False,1,0,P014,P4_negative,5,20260623,False
False,1,0,P014,P4_negative,5,20260623,False
False,1,0,P014,P4_negative,5,20260623,False
False,1,0,P014,P4_negative,5,20260623,False
False,1,0,P014,P4_negative,5,20260623,False
False,1,0,P014,P4_negative,5,20260623,False
False,1,0,P014,P4_negative,5,20260623,False
False,1,1,P017,P1_vigil_only,5,20260623,False
True,1,1,P017,P2_phrase_plus_vigil,5,20260623,True
True,1,1,P017,P2_phrase_plus_vigil,5,20260623,True
True,1,1,P017,P3_vigil_plus_phrase,5,20260623,True
False,1,0,P017,P4_negative,5,20260623,False
False,1,0,P017,P4_negative,5,20260623,False
False,1,0,P017,P4_negative,5,20260623,False
False,1,0,P017,P4_negative,5,20260623,False
False,1,0,P017,P4_negative,5,20260623,False
True,1,1,P007,P1_vigil_only,5,20260623,True
True,1,1,P007,P1_vigil_only,5,20260623,True
True,1,1,P007,P2_phrase_plus_vigil,5,20260623,True
True,1,1,P007,P2_phrase_plus_vigil,5,20260623,True
True,1,1,P007,P2_phrase_plus_vigil,5,20260623,True
True,1,1,P007,P2_phrase_plus_vigil,5,20260623,True
True,1,1,P007,P2_phrase_plus_vigil,5,20260623,True
True,1,1,P007,P2_phrase_plus_vigil,5,20260623,True
True,1,1,P007,P2_phrase_plus_vigil,5,20260623,True
True,1,1,P007,P2_phrase_plus_vigil,5,20260623,True
True,1,1,P007,P2_phrase_plus_vigil,5,20260623,True
True,1,1,P007,P2_phrase_plus_vigil,5,20260623,True
True,1,1,P007,P3_vigil_plus_phrase,5,20260623,True
True,1,1,P007,P3_vigil_plus_phrase,5,20260623,True
True,1,1,P007,P3_vigil_plus_phrase,5,20260623,True
True,1,1,P007,P3_vigil_plus_phrase,5,20260623,True
True,1,1,P007,P3_vigil_plus_phrase,5,20260623,True
True,1,1,P007,P3_vigil_plus_phrase,5,20260623,True
False,1,0,P007,P4_negative,5,20260623,False
False,1,0,P007,P4_negative,5,20260623,False
False,1,0,P007,P4_negative,5,20260623,False
False,1,0,P007,P4_negative,5,20260623,False
False,1,0,P007,P4_negative,5,20260623,False
False,1,0,P007,P4_negative,5,20260623,False
False,1,0,P007,P4_negative,5,20260623,False
False,1,0,P007,P4_negative,5,20260623,False
False,1,0,P007,P4_negative,5,20260623,False
False,1,0,P007,P4_negative,5,20260623,False
False,1,0,P007,P4_negative,5,20260623,False
False,1,0,P007,P4_negative,5,20260623,False
False,1,0,P007,P4_negative,5,20260623,False
False,1,0,P007,P4_negative,5,20260623,False
False,1,0,P007,P4_negative,5,20260623,False
False,1,0,P007,P4_negative,5,20260623,False
False,1,0,P007,P4_negative,5,20260623,False
False,1,0,P007,P4_negative,5,20260623,False
False,1,0,P007,P4_negative,5,20260623,False
False,1,0,P007,P4_negative,5,20260623,False
False,1,0,P007,P4_negative,5,20260623,False
False,1,0,P007,P4_negative,5,20260623,False
False,1,0,P007,P4_negative,5,20260623,False
False,1,0,P007,P4_negative,5,20260623,False
False,1,0,P007,P4_negative,5,20260623,False
False,1,0,P007,P4_negative,5,20260623,False
False,1,0,P007,P4_negative,5,20260623,False
False,1,0,P007,P4_negative,5,20260623,False
False,1,0,P007,P4_negative,5,20260623,False
False,1,0,P007,P4_negative,5,20260623,False
False,1,1,P033,P1_vigil_only,5,20260623,False
True,1,1,P033,P2_phrase_plus_vigil,5,20260623,True
False,1,1,P033,P2_phrase_plus_vigil,5,20260623,False
True,1,1,P033,P2_phrase_plus_vigil,5,20260623,True
True,1,1,P033,P2_phrase_plus_vigil,5,20260623,True
True,1,1,P033,P3_vigil_plus_phrase,5,20260623,True
True,1,1,P033,P3_vigil_plus_phrase,5,20260623,True
False,1,0,P033,P4_negative,5,20260623,False
False,1,0,P033,P4_negative,5,20260623,False
False,1,0,P033,P4_negative,5,20260623,False
False,1,0,P033,P4_negative,5,20260623,False
False,1,0,P033,P4_negative,5,20260623,False
True,1,1,P011,P1_vigil_only,3,20260624,True
True,1,1,P011,P2_phrase_plus_vigil,3,20260624,True
True,1,1,P011,P2_phrase_plus_vigil,3,20260624,True
True,1,1,P011,P2_phrase_plus_vigil,3,20260624,True
True,1,1,P011,P2_phrase_plus_vigil,3,20260624,True
True,1,1,P011,P3_vigil_plus_phrase,3,20260624,True
True,1,1,P011,P3_vigil_plus_phrase,3,20260624,True
True,1,1,P011,P3_vigil_plus_phrase,3,20260624,True
False,1,0,P011,P4_negative,3,20260624,False
False,1,0,P011,P4_negative,3,20260624,False
False,1,0,P011,P4_negative,3,20260624,False
False,1,0,P011,P4_negative,3,20260624,False
False,1,0,P011,P4_negative,3,20260624,False
False,1,0,P011,P4_negative,3,20260624,False
False,1,0,P011,P4_negative,3,20260624,False
False,1,0,P011,P4_negative,3,20260624,False
False,1,0,P011,P4_negative,3,20260624,False
False,1,0,P011,P4_negative,3,20260624,False
False,1,0,P011,P4_negative,3,20260624,False
False,1,0,P011,P4_negative,3,20260624,False
False,1,0,P011,P4_negative,3,20260624,False
False,1,0,P011,P4_negative,3,20260624,False
False,1,0,P011,P4_negative,3,20260624,False
True,1,1,P016,P1_vigil_only,3,20260624,True
True,1,1,P016,P1_vigil_only,3,20260624,True
True,1,1,P016,P1_vigil_only,3,20260624,True
True,1,1,P016,P3_vigil_plus_phrase,3,20260624,True
True,1,1,P016,P3_vigil_plus_phrase,3,20260624,True
True,1,1,P016,P3_vigil_plus_phrase,3,20260624,True
True,1,1,P016,P3_vigil_plus_phrase,3,20260624,True
True,1,1,P016,P3_vigil_plus_phrase,3,20260624,True
True,1,1,P016,P3_vigil_plus_phrase,3,20260624,True
True,1,1,P016,P2_phrase_plus_vigil,3,20260624,True
True,1,1,P016,P2_phrase_plus_vigil,3,20260624,True
True,1,1,P016,P2_phrase_plus_vigil,3,20260624,True
True,1,1,P016,P2_phrase_plus_vigil,3,20260624,True
True,1,1,P016,P2_phrase_plus_vigil,3,20260624,True
True,1,1,P016,P2_phrase_plus_vigil,3,20260624,True
True,1,1,P016,P2_phrase_plus_vigil,3,20260624,True
False,1,0,P016,P4_negative,3,20260624,False
False,1,0,P016,P4_negative,3,20260624,False
False,1,0,P016,P4_negative,3,20260624,False
False,1,0,P016,P4_negative,3,20260624,False
False,1,0,P016,P4_negative,3,20260624,False
False,1,0,P016,P4_negative,3,20260624,False
False,1,0,P016,P4_negative,3,20260624,False
False,1,0,P016,P4_negative,3,20260624,False
False,1,0,P016,P4_negative,3,20260624,False
False,1,0,P016,P4_negative,3,20260624,False
False,1,0,P016,P4_negative,3,20260624,False
False,1,0,P016,P4_negative,3,20260624,False
False,1,0,P016,P4_negative,3,20260624,False
False,1,0,P016,P4_negative,3,20260624,False
True,1,1,P027,P1_vigil_only,3,20260624,True
True,1,1,P027,P2_phrase_plus_vigil,3,20260624,True
True,1,1,P027,P2_phrase_plus_vigil,3,20260624,True
True,1,1,P027,P3_vigil_plus_phrase,3,20260624,True
True,1,1,P027,P3_vigil_plus_phrase,3,20260624,True
True,1,1,P027,P3_vigil_plus_phrase,3,20260624,True
False,1,0,P027,P4_negative,3,20260624,False
False,1,0,P027,P4_negative,3,20260624,False
False,1,0,P027,P4_negative,3,20260624,False
False,1,0,P027,P4_negative,3,20260624,False
False,1,0,P027,P4_negative,3,20260624,False
False,1,0,P027,P4_negative,3,20260624,False
False,1,0,P027,P4_negative,3,20260624,False
False,1,0,P027,P4_negative,3,20260624,False
False,1,0,P027,P4_negative,3,20260624,False
False,1,0,P027,P4_negative,3,20260624,False
False,1,0,P027,P4_negative,3,20260624,False
False,1,0,P027,P4_negative,3,20260624,False
False,1,0,P027,P4_negative,3,20260624,False
True,1,1,P027,P2_phrase_plus_vigil,3,20260624,True
True,1,1,P027,P1_vigil_only,3,20260624,True
False,1,1,P027,P1_vigil_only,3,20260624,False
True,1,1,P027,P3_vigil_plus_phrase,3,20260624,True
False,1,0,P027,P4_negative,3,20260624,False
False,1,0,P027,P4_negative,3,20260624,False
False,1,0,P027,P4_negative,3,20260624,False
False,1,0,P027,P4_negative,3,20260624,False
True,1,1,P014,P1_vigil_only,3,20260624,True
True,1,1,P014,P1_vigil_only,3,20260624,True
True,1,1,P014,P1_vigil_only,3,20260624,True
True,1,1,P014,P2_phrase_plus_vigil,3,20260624,True
True,1,1,P014,P2_phrase_plus_vigil,3,20260624,True
True,1,1,P014,P2_phrase_plus_vigil,3,20260624,True
True,1,1,P014,P2_phrase_plus_vigil,3,20260624,True
True,1,1,P014,P2_phrase_plus_vigil,3,20260624,True
True,1,1,P014,P2_phrase_plus_vigil,3,20260624,True
True,1,1,P014,P2_phrase_plus_vigil,3,20260624,True
True,1,1,P014,P2_phrase_plus_vigil,3,20260624,True
True,1,1,P014,P2_phrase_plus_vigil,3,20260624,True
True,1,1,P014,P2_phrase_plus_vigil,3,20260624,True
True,1,1,P014,P2_phrase_plus_vigil,3,20260624,True
True,1,1,P014,P2_phrase_plus_vigil,3,20260624,True
True,1,1,P014,P2_phrase_plus_vigil,3,20260624,True
True,1,1,P014,P2_phrase_plus_vigil,3,20260624,True
True,1,1,P014,P2_phrase_plus_vigil,3,20260624,True
True,1,1,P014,P2_phrase_plus_vigil,3,20260624,True
True,1,1,P014,P2_phrase_plus_vigil,3,20260624,True
True,1,1,P014,P2_phrase_plus_vigil,3,20260624,True
True,1,1,P014,P2_phrase_plus_vigil,3,20260624,True
True,1,1,P014,P2_phrase_plus_vigil,3,20260624,True
True,1,1,P014,P2_phrase_plus_vigil,3,20260624,True
True,1,1,P014,P2_phrase_plus_vigil,3,20260624,True
True,1,1,P014,P2_phrase_plus_vigil,3,20260624,True
True,1,1,P014,P2_phrase_plus_vigil,3,20260624,True
True,1,1,P014,P2_phrase_plus_vigil,3,20260624,True
True,1,1,P014,P2_phrase_plus_vigil,3,20260624,True
True,1,1,P014,P2_phrase_plus_vigil,3,20260624,True
True,1,1,P014,P2_phrase_plus_vigil,3,20260624,True
True,1,1,P014,P2_phrase_plus_vigil,3,20260624,True
True,1,1,P014,P2_phrase_plus_vigil,3,20260624,True
True,1,1,P014,P2_phrase_plus_vigil,3,20260624,True
True,1,1,P014,P2_phrase_plus_vigil,3,20260624,True
True,1,1,P014,P2_phrase_plus_vigil,3,20260624,True
True,1,1,P014,P1_vigil_only,3,20260624,True
True,1,1,P014,P1_vigil_only,3,20260624,True
True,1,1,P014,P1_vigil_only,3,20260624,True
True,1,1,P014,P3_vigil_plus_phrase,3,20260624,True
True,1,1,P014,P3_vigil_plus_phrase,3,20260624,True
True,1,1,P014,P3_vigil_plus_phrase,3,20260624,True
True,1,1,P014,P3_vigil_plus_phrase,3,20260624,True
False,1,1,P014,P3_vigil_plus_phrase,3,20260624,False
True,1,1,P014,P3_vigil_plus_phrase,3,20260624,True
True,1,1,P014,P3_vigil_plus_phrase,3,20260624,True
True,1,1,P014,P3_vigil_plus_phrase,3,20260624,True
True,1,1,P014,P3_vigil_plus_phrase,3,20260624,True
True,1,1,P014,P3_vigil_plus_phrase,3,20260624,True
True,1,1,P014,P3_vigil_plus_phrase,3,20260624,True
True,1,1,P014,P3_vigil_plus_phrase,3,20260624,True
True,1,1,P014,P3_vigil_plus_phrase,3,20260624,True
True,1,1,P014,P3_vigil_plus_phrase,3,20260624,True
True,1,1,P014,P3_vigil_plus_phrase,3,20260624,True
True,1,1,P014,P3_vigil_plus_phrase,3,20260624,True
True,1,1,P014,P3_vigil_plus_phrase,3,20260624,True
True,1,1,P014,P3_vigil_plus_phrase,3,20260624,True
True,1,1,P014,P3_vigil_plus_phrase,3,20260624,True
True,1,1,P014,P3_vigil_plus_phrase,3,20260624,True
True,1,1,P014,P3_vigil_plus_phrase,3,20260624,True
True,1,1,P014,P3_vigil_plus_phrase,3,20260624,True
False,1,0,P014,P4_negative,3,20260624,False
False,1,0,P014,P4_negative,3,20260624,False
False,1,0,P014,P4_negative,3,20260624,False
False,1,0,P014,P4_negative,3,20260624,False
False,1,0,P014,P4_negative,3,20260624,False
False,1,0,P014,P4_negative,3,20260624,False
False,1,0,P014,P4_negative,3,20260624,False
False,1,0,P014,P4_negative,3,20260624,False
False,1,0,P014,P4_negative,3,20260624,False
False,1,0,P014,P4_negative,3,20260624,False
False,1,0,P014,P4_negative,3,20260624,False
False,1,0,P014,P4_negative,3,20260624,False
False,1,0,P014,P4_negative,3,20260624,False
False,1,0,P014,P4_negative,3,20260624,False
False,1,0,P014,P4_negative,3,20260624,False
False,1,0,P014,P4_negative,3,20260624,False
False,1,0,P014,P4_negative,3,20260624,False
False,1,0,P014,P4_negative,3,20260624,False
False,1,0,P014,P4_negative,3,20260624,False
True,1,0,P014,P4_negative,3,20260624,True
False,1,0,P014,P4_negative,3,20260624,False
False,1,0,P014,P4_negative,3,20260624,False
False,1,0,P014,P4_negative,3,20260624,False
False,1,0,P014,P4_negative,3,20260624,False
False,1,0,P014,P4_negative,3,20260624,False
False,1,0,P014,P4_negative,3,20260624,False
False,1,0,P014,P4_negative,3,20260624,False
False,1,0,P014,P4_negative,3,20260624,False
False,1,0,P014,P4_negative,3,20260624,False
False,1,0,P014,P4_negative,3,20260624,False
False,1,0,P014,P4_negative,3,20260624,False
False,1,0,P014,P4_negative,3,20260624,False
False,1,0,P014,P4_negative,3,20260624,False
False,1,0,P014,P4_negative,3,20260624,False
False,1,0,P014,P4_negative,3,20260624,False
False,1,0,P014,P4_negative,3,20260624,False
True,1,1,P017,P1_vigil_only,3,20260624,True
False,1,1,P017,P1_vigil_only,3,20260624,False
True,1,1,P017,P2_phrase_plus_vigil,3,20260624,True
True,1,1,P017,P2_phrase_plus_vigil,3,20260624,True
True,1,1,P017,P2_phrase_plus_vigil,3,20260624,True
True,1,1,P017,P3_vigil_plus_phrase,3,20260624,True
False,1,0,P017,P4_negative,3,20260624,False
False,1,0,P017,P4_negative,3,20260624,False
False,1,0,P017,P4_negative,3,20260624,False
False,1,0,P017,P4_negative,3,20260624,False
False,1,0,P017,P4_negative,3,20260624,False
False,1,1,P007,P1_vigil_only,3,20260624,False
True,1,1,P007,P1_vigil_only,3,20260624,True
True,1,1,P007,P1_vigil_only,3,20260624,True
True,1,1,P007,P2_phrase_plus_vigil,3,20260624,True
True,1,1,P007,P2_phrase_plus_vigil,3,20260624,True
True,1,1,P007,P2_phrase_plus_vigil,3,20260624,True
True,1,1,P007,P2_phrase_plus_vigil,3,20260624,True
True,1,1,P007,P2_phrase_plus_vigil,3,20260624,True
True,1,1,P007,P2_phrase_plus_vigil,3,20260624,True
True,1,1,P007,P2_phrase_plus_vigil,3,20260624,True
True,1,1,P007,P2_phrase_plus_vigil,3,20260624,True
True,1,1,P007,P2_phrase_plus_vigil,3,20260624,True
True,1,1,P007,P2_phrase_plus_vigil,3,20260624,True
True,1,1,P007,P3_vigil_plus_phrase,3,20260624,True
True,1,1,P007,P3_vigil_plus_phrase,3,20260624,True
True,1,1,P007,P3_vigil_plus_phrase,3,20260624,True
True,1,1,P007,P3_vigil_plus_phrase,3,20260624,True
True,1,1,P007,P3_vigil_plus_phrase,3,20260624,True
True,1,1,P007,P3_vigil_plus_phrase,3,20260624,True
True,1,1,P007,P3_vigil_plus_phrase,3,20260624,True
False,1,0,P007,P4_negative,3,20260624,False
False,1,0,P007,P4_negative,3,20260624,False
False,1,0,P007,P4_negative,3,20260624,False
False,1,0,P007,P4_negative,3,20260624,False
False,1,0,P007,P4_negative,3,20260624,False
False,1,0,P007,P4_negative,3,20260624,False
False,1,0,P007,P4_negative,3,20260624,False
False,1,0,P007,P4_negative,3,20260624,False
False,1,0,P007,P4_negative,3,20260624,False
False,1,0,P007,P4_negative,3,20260624,False
False,1,0,P007,P4_negative,3,20260624,False
False,1,0,P007,P4_negative,3,20260624,False
False,1,0,P007,P4_negative,3,20260624,False
False,1,0,P007,P4_negative,3,20260624,False
False,1,0,P007,P4_negative,3,20260624,False
False,1,0,P007,P4_negative,3,20260624,False
False,1,0,P007,P4_negative,3,20260624,False
False,1,0,P007,P4_negative,3,20260624,False
False,1,0,P007,P4_negative,3,20260624,False
False,1,0,P007,P4_negative,3,20260624,False
False,1,0,P007,P4_negative,3,20260624,False
False,1,0,P007,P4_negative,3,20260624,False
False,1,0,P007,P4_negative,3,20260624,False
False,1,0,P007,P4_negative,3,20260624,False
False,1,0,P007,P4_negative,3,20260624,False
False,1,0,P007,P4_negative,3,20260624,False
False,1,0,P007,P4_negative,3,20260624,False
False,1,0,P007,P4_negative,3,20260624,False
False,1,0,P007,P4_negative,3,20260624,False
False,1,0,P007,P4_negative,3,20260624,False
False,1,1,P033,P1_vigil_only,3,20260624,False
False,1,1,P033,P1_vigil_only,3,20260624,False
True,1,1,P033,P2_phrase_plus_vigil,3,20260624,True
False,1,1,P033,P2_phrase_plus_vigil,3,20260624,False
True,1,1,P033,P2_phrase_plus_vigil,3,20260624,True
True,1,1,P033,P2_phrase_plus_vigil,3,20260624,True
True,1,1,P033,P3_vigil_plus_phrase,3,20260624,True
True,1,1,P033,P3_vigil_plus_phrase,3,20260624,True
True,1,1,P033,P3_vigil_plus_phrase,3,20260624,True
False,1,0,P033,P4_negative,3,20260624,False
False,1,0,P033,P4_negative,3,20260624,False
False,1,0,P033,P4_negative,3,20260624,False
False,1,0,P033,P4_negative,3,20260624,False
False,1,0,P033,P4_negative,3,20260624,False
True,1,1,P011,P1_vigil_only,5,20260624,True
True,1,1,P011,P2_phrase_plus_vigil,5,20260624,True
True,1,1,P011,P2_phrase_plus_vigil,5,20260624,True
True,1,1,P011,P2_phrase_plus_vigil,5,20260624,True
True,1,1,P011,P3_vigil_plus_phrase,5,20260624,True
True,1,1,P011,P3_vigil_plus_phrase,5,20260624,True
False,1,0,P011,P4_negative,5,20260624,False
False,1,0,P011,P4_negative,5,20260624,False
False,1,0,P011,P4_negative,5,20260624,False
False,1,0,P011,P4_negative,5,20260624,False
False,1,0,P011,P4_negative,5,20260624,False
False,1,0,P011,P4_negative,5,20260624,False
False,1,0,P011,P4_negative,5,20260624,False
False,1,0,P011,P4_negative,5,20260624,False
False,1,0,P011,P4_negative,5,20260624,False
False,1,0,P011,P4_negative,5,20260624,False
False,1,0,P011,P4_negative,5,20260624,False
False,1,0,P011,P4_negative,5,20260624,False
False,1,0,P011,P4_negative,5,20260624,False
False,1,0,P011,P4_negative,5,20260624,False
False,1,0,P011,P4_negative,5,20260624,False
True,1,1,P016,P1_vigil_only,5,20260624,True
True,1,1,P016,P1_vigil_only,5,20260624,True
True,1,1,P016,P1_vigil_only,5,20260624,True
True,1,1,P016,P3_vigil_plus_phrase,5,20260624,True
True,1,1,P016,P3_vigil_plus_phrase,5,20260624,True
True,1,1,P016,P3_vigil_plus_phrase,5,20260624,True
True,1,1,P016,P3_vigil_plus_phrase,5,20260624,True
True,1,1,P016,P3_vigil_plus_phrase,5,20260624,True
True,1,1,P016,P2_phrase_plus_vigil,5,20260624,True
True,1,1,P016,P2_phrase_plus_vigil,5,20260624,True
True,1,1,P016,P2_phrase_plus_vigil,5,20260624,True
True,1,1,P016,P2_phrase_plus_vigil,5,20260624,True
True,1,1,P016,P2_phrase_plus_vigil,5,20260624,True
True,1,1,P016,P2_phrase_plus_vigil,5,20260624,True
False,1,0,P016,P4_negative,5,20260624,False
False,1,0,P016,P4_negative,5,20260624,False
False,1,0,P016,P4_negative,5,20260624,False
False,1,0,P016,P4_negative,5,20260624,False
False,1,0,P016,P4_negative,5,20260624,False
False,1,0,P016,P4_negative,5,20260624,False
False,1,0,P016,P4_negative,5,20260624,False
False,1,0,P016,P4_negative,5,20260624,False
False,1,0,P016,P4_negative,5,20260624,False
False,1,0,P016,P4_negative,5,20260624,False
False,1,0,P016,P4_negative,5,20260624,False
False,1,0,P016,P4_negative,5,20260624,False
False,1,0,P016,P4_negative,5,20260624,False
False,1,0,P016,P4_negative,5,20260624,False
True,1,1,P027,P2_phrase_plus_vigil,5,20260624,True
True,1,1,P027,P2_phrase_plus_vigil,5,20260624,True
True,1,1,P027,P3_vigil_plus_phrase,5,20260624,True
True,1,1,P027,P3_vigil_plus_phrase,5,20260624,True
True,1,1,P027,P3_vigil_plus_phrase,5,20260624,True
False,1,0,P027,P4_negative,5,20260624,False
False,1,0,P027,P4_negative,5,20260624,False
False,1,0,P027,P4_negative,5,20260624,False
False,1,0,P027,P4_negative,5,20260624,False
False,1,0,P027,P4_negative,5,20260624,False
False,1,0,P027,P4_negative,5,20260624,False
False,1,0,P027,P4_negative,5,20260624,False
False,1,0,P027,P4_negative,5,20260624,False
False,1,0,P027,P4_negative,5,20260624,False
False,1,0,P027,P4_negative,5,20260624,False
False,1,0,P027,P4_negative,5,20260624,False
False,1,0,P027,P4_negative,5,20260624,False
False,1,0,P027,P4_negative,5,20260624,False
True,1,1,P027,P2_phrase_plus_vigil,5,20260624,True
True,1,1,P027,P1_vigil_only,5,20260624,True
True,1,1,P027,P3_vigil_plus_phrase,5,20260624,True
False,1,0,P027,P4_negative,5,20260624,False
False,1,0,P027,P4_negative,5,20260624,False
False,1,0,P027,P4_negative,5,20260624,False
False,1,0,P027,P4_negative,5,20260624,False
True,1,1,P014,P1_vigil_only,5,20260624,True
True,1,1,P014,P1_vigil_only,5,20260624,True
True,1,1,P014,P1_vigil_only,5,20260624,True
True,1,1,P014,P2_phrase_plus_vigil,5,20260624,True
True,1,1,P014,P2_phrase_plus_vigil,5,20260624,True
True,1,1,P014,P2_phrase_plus_vigil,5,20260624,True
True,1,1,P014,P2_phrase_plus_vigil,5,20260624,True
True,1,1,P014,P2_phrase_plus_vigil,5,20260624,True
True,1,1,P014,P2_phrase_plus_vigil,5,20260624,True
True,1,1,P014,P2_phrase_plus_vigil,5,20260624,True
True,1,1,P014,P2_phrase_plus_vigil,5,20260624,True
True,1,1,P014,P2_phrase_plus_vigil,5,20260624,True
True,1,1,P014,P2_phrase_plus_vigil,5,20260624,True
True,1,1,P014,P2_phrase_plus_vigil,5,20260624,True
True,1,1,P014,P2_phrase_plus_vigil,5,20260624,True
True,1,1,P014,P2_phrase_plus_vigil,5,20260624,True
True,1,1,P014,P2_phrase_plus_vigil,5,20260624,True
True,1,1,P014,P2_phrase_plus_vigil,5,20260624,True
True,1,1,P014,P2_phrase_plus_vigil,5,20260624,True
True,1,1,P014,P2_phrase_plus_vigil,5,20260624,True
True,1,1,P014,P2_phrase_plus_vigil,5,20260624,True
True,1,1,P014,P2_phrase_plus_vigil,5,20260624,True
True,1,1,P014,P2_phrase_plus_vigil,5,20260624,True
True,1,1,P014,P2_phrase_plus_vigil,5,20260624,True
True,1,1,P014,P2_phrase_plus_vigil,5,20260624,True
True,1,1,P014,P2_phrase_plus_vigil,5,20260624,True
True,1,1,P014,P2_phrase_plus_vigil,5,20260624,True
True,1,1,P014,P2_phrase_plus_vigil,5,20260624,True
True,1,1,P014,P2_phrase_plus_vigil,5,20260624,True
True,1,1,P014,P2_phrase_plus_vigil,5,20260624,True
True,1,1,P014,P2_phrase_plus_vigil,5,20260624,True
True,1,1,P014,P2_phrase_plus_vigil,5,20260624,True
True,1,1,P014,P2_phrase_plus_vigil,5,20260624,True
True,1,1,P014,P2_phrase_plus_vigil,5,20260624,True
True,1,1,P014,P2_phrase_plus_vigil,5,20260624,True
True,1,1,P014,P1_vigil_only,5,20260624,True
True,1,1,P014,P1_vigil_only,5,20260624,True
True,1,1,P014,P3_vigil_plus_phrase,5,20260624,True
True,1,1,P014,P3_vigil_plus_phrase,5,20260624,True
True,1,1,P014,P3_vigil_plus_phrase,5,20260624,True
True,1,1,P014,P3_vigil_plus_phrase,5,20260624,True
False,1,1,P014,P3_vigil_plus_phrase,5,20260624,False
True,1,1,P014,P3_vigil_plus_phrase,5,20260624,True
True,1,1,P014,P3_vigil_plus_phrase,5,20260624,True
True,1,1,P014,P3_vigil_plus_phrase,5,20260624,True
True,1,1,P014,P3_vigil_plus_phrase,5,20260624,True
True,1,1,P014,P3_vigil_plus_phrase,5,20260624,True
True,1,1,P014,P3_vigil_plus_phrase,5,20260624,True
True,1,1,P014,P3_vigil_plus_phrase,5,20260624,True
True,1,1,P014,P3_vigil_plus_phrase,5,20260624,True
True,1,1,P014,P3_vigil_plus_phrase,5,20260624,True
True,1,1,P014,P3_vigil_plus_phrase,5,20260624,True
True,1,1,P014,P3_vigil_plus_phrase,5,20260624,True
True,1,1,P014,P3_vigil_plus_phrase,5,20260624,True
True,1,1,P014,P3_vigil_plus_phrase,5,20260624,True
True,1,1,P014,P3_vigil_plus_phrase,5,20260624,True
True,1,1,P014,P3_vigil_plus_phrase,5,20260624,True
True,1,1,P014,P3_vigil_plus_phrase,5,20260624,True
True,1,1,P014,P3_vigil_plus_phrase,5,20260624,True
False,1,0,P014,P4_negative,5,20260624,False
False,1,0,P014,P4_negative,5,20260624,False
False,1,0,P014,P4_negative,5,20260624,False
False,1,0,P014,P4_negative,5,20260624,False
False,1,0,P014,P4_negative,5,20260624,False
False,1,0,P014,P4_negative,5,20260624,False
False,1,0,P014,P4_negative,5,20260624,False
False,1,0,P014,P4_negative,5,20260624,False
False,1,0,P014,P4_negative,5,20260624,False
False,1,0,P014,P4_negative,5,20260624,False
False,1,0,P014,P4_negative,5,20260624,False
False,1,0,P014,P4_negative,5,20260624,False
False,1,0,P014,P4_negative,5,20260624,False
False,1,0,P014,P4_negative,5,20260624,False
False,1,0,P014,P4_negative,5,20260624,False
False,1,0,P014,P4_negative,5,20260624,False
False,1,0,P014,P4_negative,5,20260624,False
False,1,0,P014,P4_negative,5,20260624,False
False,1,0,P014,P4_negative,5,20260624,False
True,1,0,P014,P4_negative,5,20260624,True
False,1,0,P014,P4_negative,5,20260624,False
False,1,0,P014,P4_negative,5,20260624,False
False,1,0,P014,P4_negative,5,20260624,False
False,1,0,P014,P4_negative,5,20260624,False
False,1,0,P014,P4_negative,5,20260624,False
False,1,0,P014,P4_negative,5,20260624,False
False,1,0,P014,P4_negative,5,20260624,False
False,1,0,P014,P4_negative,5,20260624,False
False,1,0,P014,P4_negative,5,20260624,False
False,1,0,P014,P4_negative,5,20260624,False
False,1,0,P014,P4_negative,5,20260624,False
False,1,0,P014,P4_negative,5,20260624,False
False,1,0,P014,P4_negative,5,20260624,False
False,1,0,P014,P4_negative,5,20260624,False
False,1,0,P014,P4_negative,5,20260624,False
False,1,0,P014,P4_negative,5,20260624,False
True,1,1,P017,P2_phrase_plus_vigil,5,20260624,True
True,1,1,P017,P2_phrase_plus_vigil,5,20260624,True
True,1,1,P017,P2_phrase_plus_vigil,5,20260624,True
True,1,1,P017,P3_vigil_plus_phrase,5,20260624,True
False,1,0,P017,P4_negative,5,20260624,False
False,1,0,P017,P4_negative,5,20260624,False
False,1,0,P017,P4_negative,5,20260624,False
False,1,0,P017,P4_negative,5,20260624,False
False,1,0,P017,P4_negative,5,20260624,False
False,1,1,P007,P1_vigil_only,5,20260624,False
True,1,1,P007,P1_vigil_only,5,20260624,True
True,1,1,P007,P2_phrase_plus_vigil,5,20260624,True
True,1,1,P007,P2_phrase_plus_vigil,5,20260624,True
True,1,1,P007,P2_phrase_plus_vigil,5,20260624,True
True,1,1,P007,P2_phrase_plus_vigil,5,20260624,True
True,1,1,P007,P2_phrase_plus_vigil,5,20260624,True
True,1,1,P007,P2_phrase_plus_vigil,5,20260624,True
True,1,1,P007,P2_phrase_plus_vigil,5,20260624,True
True,1,1,P007,P2_phrase_plus_vigil,5,20260624,True
True,1,1,P007,P2_phrase_plus_vigil,5,20260624,True
True,1,1,P007,P3_vigil_plus_phrase,5,20260624,True
True,1,1,P007,P3_vigil_plus_phrase,5,20260624,True
True,1,1,P007,P3_vigil_plus_phrase,5,20260624,True
True,1,1,P007,P3_vigil_plus_phrase,5,20260624,True
True,1,1,P007,P3_vigil_plus_phrase,5,20260624,True
True,1,1,P007,P3_vigil_plus_phrase,5,20260624,True
True,1,1,P007,P3_vigil_plus_phrase,5,20260624,True
False,1,0,P007,P4_negative,5,20260624,False
False,1,0,P007,P4_negative,5,20260624,False
False,1,0,P007,P4_negative,5,20260624,False
False,1,0,P007,P4_negative,5,20260624,False
False,1,0,P007,P4_negative,5,20260624,False
False,1,0,P007,P4_negative,5,20260624,False
False,1,0,P007,P4_negative,5,20260624,False
False,1,0,P007,P4_negative,5,20260624,False
False,1,0,P007,P4_negative,5,20260624,False
False,1,0,P007,P4_negative,5,20260624,False
False,1,0,P007,P4_negative,5,20260624,False
False,1,0,P007,P4_negative,5,20260624,False
False,1,0,P007,P4_negative,5,20260624,False
False,1,0,P007,P4_negative,5,20260624,False
False,1,0,P007,P4_negative,5,20260624,False
False,1,0,P007,P4_negative,5,20260624,False
False,1,0,P007,P4_negative,5,20260624,False
False,1,0,P007,P4_negative,5,20260624,False
False,1,0,P007,P4_negative,5,20260624,False
False,1,0,P007,P4_negative,5,20260624,False
False,1,0,P007,P4_negative,5,20260624,False
False,1,0,P007,P4_negative,5,20260624,False
False,1,0,P007,P4_negative,5,20260624,False
False,1,0,P007,P4_negative,5,20260624,False
False,1,0,P007,P4_negative,5,20260624,False
False,1,0,P007,P4_negative,5,20260624,False
False,1,0,P007,P4_negative,5,20260624,False
False,1,0,P007,P4_negative,5,20260624,False
False,1,0,P007,P4_negative,5,20260624,False
False,1,0,P007,P4_negative,5,20260624,False
False,1,1,P033,P1_vigil_only,5,20260624,False
False,1,1,P033,P2_phrase_plus_vigil,5,20260624,False
True,1,1,P033,P2_phrase_plus_vigil,5,20260624,True
True,1,1,P033,P2_phrase_plus_vigil,5,20260624,True
True,1,1,P033,P3_vigil_plus_phrase,5,20260624,True
True,1,1,P033,P3_vigil_plus_phrase,5,20260624,True
True,1,1,P033,P3_vigil_plus_phrase,5,20260624,True
False,1,0,P033,P4_negative,5,20260624,False
False,1,0,P033,P4_negative,5,20260624,False
False,1,0,P033,P4_negative,5,20260624,False
False,1,0,P033,P4_negative,5,20260624,False
False,1,0,P033,P4_negative,5,20260624,False
True,2,1,P004,P1_vigil_only,3,20260620,True
True,2,1,P004,P1_vigil_only,3,20260620,True
True,2,1,P004,P2_phrase_plus_vigil,3,20260620,True
True,2,1,P004,P2_phrase_plus_vigil,3,20260620,True
True,2,1,P004,P2_phrase_plus_vigil,3,20260620,True
True,2,1,P004,P2_phrase_plus_vigil,3,20260620,True
True,2,1,P004,P2_phrase_plus_vigil,3,20260620,True
True,2,1,P004,P2_phrase_plus_vigil,3,20260620,True
True,2,1,P004,P3_vigil_plus_phrase,3,20260620,True
False,2,1,P004,P3_vigil_plus_phrase,3,20260620,False
False,2,0,P004,P4_negative,3,20260620,False
False,2,0,P004,P4_negative,3,20260620,False
False,2,0,P004,P4_negative,3,20260620,False
False,2,1,P036,P1_vigil_only,3,20260620,False
True,2,1,P036,P1_vigil_only,3,20260620,True
True,2,1,P036,P1_vigil_only,3,20260620,True
True,2,1,P036,P1_vigil_only,3,20260620,True
True,2,1,P036,P1_vigil_only,3,20260620,True
True,2,1,P036,P2_phrase_plus_vigil,3,20260620,True
True,2,1,P036,P2_phrase_plus_vigil,3,20260620,True
True,2,1,P036,P2_phrase_plus_vigil,3,20260620,True
True,2,1,P036,P2_phrase_plus_vigil,3,20260620,True
True,2,1,P036,P2_phrase_plus_vigil,3,20260620,True
True,2,1,P036,P2_phrase_plus_vigil,3,20260620,True
True,2,1,P036,P2_phrase_plus_vigil,3,20260620,True
True,2,1,P036,P2_phrase_plus_vigil,3,20260620,True
True,2,1,P036,P2_phrase_plus_vigil,3,20260620,True
True,2,1,P036,P2_phrase_plus_vigil,3,20260620,True
True,2,1,P036,P2_phrase_plus_vigil,3,20260620,True
True,2,1,P036,P2_phrase_plus_vigil,3,20260620,True
True,2,1,P036,P2_phrase_plus_vigil,3,20260620,True
True,2,1,P036,P2_phrase_plus_vigil,3,20260620,True
True,2,1,P036,P2_phrase_plus_vigil,3,20260620,True
True,2,1,P036,P2_phrase_plus_vigil,3,20260620,True
True,2,1,P036,P2_phrase_plus_vigil,3,20260620,True
True,2,1,P036,P2_phrase_plus_vigil,3,20260620,True
True,2,1,P036,P2_phrase_plus_vigil,3,20260620,True
True,2,1,P036,P2_phrase_plus_vigil,3,20260620,True
True,2,1,P036,P2_phrase_plus_vigil,3,20260620,True
True,2,1,P036,P2_phrase_plus_vigil,3,20260620,True
True,2,1,P036,P2_phrase_plus_vigil,3,20260620,True
True,2,1,P036,P2_phrase_plus_vigil,3,20260620,True
True,2,1,P036,P2_phrase_plus_vigil,3,20260620,True
True,2,1,P036,P2_phrase_plus_vigil,3,20260620,True
True,2,1,P036,P2_phrase_plus_vigil,3,20260620,True
True,2,1,P036,P2_phrase_plus_vigil,3,20260620,True
True,2,1,P036,P2_phrase_plus_vigil,3,20260620,True
True,2,1,P036,P3_vigil_plus_phrase,3,20260620,True
True,2,1,P036,P3_vigil_plus_phrase,3,20260620,True
True,2,1,P036,P3_vigil_plus_phrase,3,20260620,True
True,2,1,P036,P3_vigil_plus_phrase,3,20260620,True
True,2,1,P036,P3_vigil_plus_phrase,3,20260620,True
True,2,1,P036,P3_vigil_plus_phrase,3,20260620,True
True,2,1,P036,P3_vigil_plus_phrase,3,20260620,True
True,2,1,P036,P3_vigil_plus_phrase,3,20260620,True
True,2,1,P036,P3_vigil_plus_phrase,3,20260620,True
True,2,1,P036,P3_vigil_plus_phrase,3,20260620,True
True,2,1,P036,P3_vigil_plus_phrase,3,20260620,True
True,2,1,P036,P3_vigil_plus_phrase,3,20260620,True
True,2,1,P036,P3_vigil_plus_phrase,3,20260620,True
True,2,1,P036,P3_vigil_plus_phrase,3,20260620,True
True,2,1,P036,P3_vigil_plus_phrase,3,20260620,True
True,2,1,P036,P3_vigil_plus_phrase,3,20260620,True
True,2,1,P036,P3_vigil_plus_phrase,3,20260620,True
True,2,1,P036,P3_vigil_plus_phrase,3,20260620,True
False,2,0,P036,P4_negative,3,20260620,False
False,2,0,P036,P4_negative,3,20260620,False
False,2,0,P036,P4_negative,3,20260620,False
False,2,0,P036,P4_negative,3,20260620,False
False,2,0,P036,P4_negative,3,20260620,False
False,2,0,P036,P4_negative,3,20260620,False
False,2,0,P036,P4_negative,3,20260620,False
False,2,0,P036,P4_negative,3,20260620,False
False,2,0,P036,P4_negative,3,20260620,False
False,2,0,P036,P4_negative,3,20260620,False
False,2,0,P036,P4_negative,3,20260620,False
False,2,0,P036,P4_negative,3,20260620,False
False,2,0,P036,P4_negative,3,20260620,False
False,2,0,P036,P4_negative,3,20260620,False
False,2,0,P036,P4_negative,3,20260620,False
False,2,0,P036,P4_negative,3,20260620,False
False,2,0,P036,P4_negative,3,20260620,False
False,2,0,P036,P4_negative,3,20260620,False
False,2,0,P036,P4_negative,3,20260620,False
False,2,0,P036,P4_negative,3,20260620,False
False,2,0,P036,P4_negative,3,20260620,False
False,2,0,P036,P4_negative,3,20260620,False
False,2,0,P036,P4_negative,3,20260620,False
False,2,0,P036,P4_negative,3,20260620,False
False,2,0,P036,P4_negative,3,20260620,False
False,2,0,P036,P4_negative,3,20260620,False
False,2,0,P036,P4_negative,3,20260620,False
False,2,0,P036,P4_negative,3,20260620,False
False,2,0,P036,P4_negative,3,20260620,False
False,2,0,P036,P4_negative,3,20260620,False
False,2,0,P036,P4_negative,3,20260620,False
False,2,0,P036,P4_negative,3,20260620,False
False,2,0,P036,P4_negative,3,20260620,False
False,2,0,P036,P4_negative,3,20260620,False
False,2,0,P036,P4_negative,3,20260620,False
False,2,0,P036,P4_negative,3,20260620,False
False,2,0,P036,P4_negative,3,20260620,False
False,2,0,P036,P4_negative,3,20260620,False
False,2,0,P036,P4_negative,3,20260620,False
False,2,0,P036,P4_negative,3,20260620,False
True,2,1,P026,P1_vigil_only,3,20260620,True
True,2,1,P026,P1_vigil_only,3,20260620,True
True,2,1,P026,P1_vigil_only,3,20260620,True
True,2,1,P026,P2_phrase_plus_vigil,3,20260620,True
True,2,1,P026,P2_phrase_plus_vigil,3,20260620,True
True,2,1,P026,P2_phrase_plus_vigil,3,20260620,True
True,2,1,P026,P2_phrase_plus_vigil,3,20260620,True
True,2,1,P026,P2_phrase_plus_vigil,3,20260620,True
True,2,1,P026,P3_vigil_plus_phrase,3,20260620,True
False,2,0,P026,P4_negative,3,20260620,False
False,2,0,P026,P4_negative,3,20260620,False
False,2,0,P026,P4_negative,3,20260620,False
False,2,0,P026,P4_negative,3,20260620,False
False,2,0,P026,P4_negative,3,20260620,False
False,2,0,P026,P4_negative,3,20260620,False
False,2,0,P026,P4_negative,3,20260620,False
False,2,0,P026,P4_negative,3,20260620,False
False,2,0,P026,P4_negative,3,20260620,False
False,2,0,P026,P4_negative,3,20260620,False
False,2,0,P026,P4_negative,3,20260620,False
False,2,0,P026,P4_negative,3,20260620,False
False,2,0,P026,P4_negative,3,20260620,False
False,2,0,P026,P4_negative,3,20260620,False
False,2,0,P026,P4_negative,3,20260620,False
False,2,1,P003,P1_vigil_only,3,20260620,False
False,2,1,P003,P1_vigil_only,3,20260620,False
False,2,0,P003,P4_negative,3,20260620,False
False,2,0,P003,P4_negative,3,20260620,False
False,2,0,P003,P4_negative,3,20260620,False
True,2,1,P001,P1_vigil_only,3,20260620,True
True,2,1,P001,P1_vigil_only,3,20260620,True
True,2,1,P001,P1_vigil_only,3,20260620,True
True,2,1,P001,P1_vigil_only,3,20260620,True
True,2,1,P001,P2_phrase_plus_vigil,3,20260620,True
True,2,1,P001,P2_phrase_plus_vigil,3,20260620,True
True,2,1,P001,P2_phrase_plus_vigil,3,20260620,True
True,2,1,P001,P2_phrase_plus_vigil,3,20260620,True
True,2,1,P001,P2_phrase_plus_vigil,3,20260620,True
True,2,1,P001,P2_phrase_plus_vigil,3,20260620,True
True,2,1,P001,P2_phrase_plus_vigil,3,20260620,True
True,2,1,P001,P2_phrase_plus_vigil,3,20260620,True
True,2,1,P001,P2_phrase_plus_vigil,3,20260620,True
True,2,1,P001,P2_phrase_plus_vigil,3,20260620,True
True,2,1,P001,P2_phrase_plus_vigil,3,20260620,True
True,2,1,P001,P3_vigil_plus_phrase,3,20260620,True
True,2,1,P001,P3_vigil_plus_phrase,3,20260620,True
True,2,1,P001,P3_vigil_plus_phrase,3,20260620,True
True,2,1,P001,P3_vigil_plus_phrase,3,20260620,True
True,2,1,P001,P3_vigil_plus_phrase,3,20260620,True
True,2,1,P001,P3_vigil_plus_phrase,3,20260620,True
False,2,0,P001,P4_negative,3,20260620,False
False,2,0,P001,P4_negative,3,20260620,False
False,2,0,P001,P4_negative,3,20260620,False
False,2,0,P001,P4_negative,3,20260620,False
False,2,0,P001,P4_negative,3,20260620,False
False,2,0,P001,P4_negative,3,20260620,False
False,2,0,P001,P4_negative,3,20260620,False
False,2,0,P001,P4_negative,3,20260620,False
False,2,0,P001,P4_negative,3,20260620,False
False,2,0,P001,P4_negative,3,20260620,False
False,2,0,P001,P4_negative,3,20260620,False
False,2,0,P001,P4_negative,3,20260620,False
False,2,0,P001,P4_negative,3,20260620,False
False,2,0,P001,P4_negative,3,20260620,False
False,2,0,P001,P4_negative,3,20260620,False
False,2,0,P001,P4_negative,3,20260620,False
False,2,0,P001,P4_negative,3,20260620,False
False,2,0,P001,P4_negative,3,20260620,False
False,2,0,P001,P4_negative,3,20260620,False
False,2,0,P001,P4_negative,3,20260620,False
False,2,0,P001,P4_negative,3,20260620,False
False,2,0,P001,P4_negative,3,20260620,False
False,2,0,P001,P4_negative,3,20260620,False
False,2,0,P001,P4_negative,3,20260620,False
False,2,0,P001,P4_negative,3,20260620,False
False,2,0,P001,P4_negative,3,20260620,False
False,2,0,P001,P4_negative,3,20260620,False
False,2,0,P001,P4_negative,3,20260620,False
False,2,0,P001,P4_negative,3,20260620,False
False,2,0,P001,P4_negative,3,20260620,False
True,2,1,P008,P1_vigil_only,3,20260620,True
True,2,1,P008,P1_vigil_only,3,20260620,True
True,2,1,P008,P1_vigil_only,3,20260620,True
True,2,1,P008,P2_phrase_plus_vigil,3,20260620,True
True,2,1,P008,P2_phrase_plus_vigil,3,20260620,True
True,2,1,P008,P2_phrase_plus_vigil,3,20260620,True
True,2,1,P008,P2_phrase_plus_vigil,3,20260620,True
True,2,1,P008,P2_phrase_plus_vigil,3,20260620,True
True,2,1,P008,P3_vigil_plus_phrase,3,20260620,True
True,2,1,P008,P3_vigil_plus_phrase,3,20260620,True
False,2,0,P008,P4_negative,3,20260620,False
False,2,0,P008,P4_negative,3,20260620,False
False,2,0,P008,P4_negative,3,20260620,False
False,2,0,P008,P4_negative,3,20260620,False
False,2,0,P008,P4_negative,3,20260620,False
False,2,0,P008,P4_negative,3,20260620,False
False,2,0,P008,P4_negative,3,20260620,False
False,2,0,P008,P4_negative,3,20260620,False
False,2,0,P008,P4_negative,3,20260620,False
False,2,0,P008,P4_negative,3,20260620,False
False,2,0,P008,P4_negative,3,20260620,False
False,2,0,P008,P4_negative,3,20260620,False
False,2,0,P008,P4_negative,3,20260620,False
False,2,0,P008,P4_negative,3,20260620,False
False,2,0,P008,P4_negative,3,20260620,False
True,2,1,P008,P3_vigil_plus_phrase,3,20260620,True
True,2,1,P008,P3_vigil_plus_phrase,3,20260620,True
True,2,1,P006,P1_vigil_only,3,20260620,True
True,2,1,P006,P1_vigil_only,3,20260620,True
True,2,1,P006,P1_vigil_only,3,20260620,True
False,2,1,P006,P1_vigil_only,3,20260620,False
True,2,1,P006,P1_vigil_only,3,20260620,True
True,2,1,P006,P1_vigil_only,3,20260620,True
True,2,1,P006,P1_vigil_only,3,20260620,True
True,2,1,P006,P2_phrase_plus_vigil,3,20260620,True
True,2,1,P006,P2_phrase_plus_vigil,3,20260620,True
True,2,1,P006,P2_phrase_plus_vigil,3,20260620,True
True,2,1,P006,P2_phrase_plus_vigil,3,20260620,True
True,2,1,P006,P2_phrase_plus_vigil,3,20260620,True
True,2,1,P006,P2_phrase_plus_vigil,3,20260620,True
True,2,1,P006,P2_phrase_plus_vigil,3,20260620,True
True,2,1,P006,P2_phrase_plus_vigil,3,20260620,True
True,2,1,P006,P2_phrase_plus_vigil,3,20260620,True
True,2,1,P006,P2_phrase_plus_vigil,3,20260620,True
True,2,1,P006,P2_phrase_plus_vigil,3,20260620,True
True,2,1,P006,P3_vigil_plus_phrase,3,20260620,True
True,2,1,P006,P3_vigil_plus_phrase,3,20260620,True
True,2,1,P006,P3_vigil_plus_phrase,3,20260620,True
True,2,1,P006,P3_vigil_plus_phrase,3,20260620,True
True,2,1,P006,P3_vigil_plus_phrase,3,20260620,True
True,2,1,P006,P3_vigil_plus_phrase,3,20260620,True
False,2,0,P006,P4_negative,3,20260620,False
False,2,0,P006,P4_negative,3,20260620,False
False,2,0,P006,P4_negative,3,20260620,False
False,2,0,P006,P4_negative,3,20260620,False
False,2,0,P006,P4_negative,3,20260620,False
False,2,0,P006,P4_negative,3,20260620,False
False,2,0,P006,P4_negative,3,20260620,False
True,2,1,P004,P1_vigil_only,5,20260620,True
True,2,1,P004,P1_vigil_only,5,20260620,True
True,2,1,P004,P2_phrase_plus_vigil,5,20260620,True
True,2,1,P004,P2_phrase_plus_vigil,5,20260620,True
True,2,1,P004,P2_phrase_plus_vigil,5,20260620,True
True,2,1,P004,P2_phrase_plus_vigil,5,20260620,True
True,2,1,P004,P3_vigil_plus_phrase,5,20260620,True
False,2,1,P004,P3_vigil_plus_phrase,5,20260620,False
False,2,0,P004,P4_negative,5,20260620,False
False,2,0,P004,P4_negative,5,20260620,False
False,2,0,P004,P4_negative,5,20260620,False
False,2,1,P036,P1_vigil_only,5,20260620,False
True,2,1,P036,P1_vigil_only,5,20260620,True
True,2,1,P036,P1_vigil_only,5,20260620,True
True,2,1,P036,P1_vigil_only,5,20260620,True
True,2,1,P036,P1_vigil_only,5,20260620,True
True,2,1,P036,P2_phrase_plus_vigil,5,20260620,True
True,2,1,P036,P2_phrase_plus_vigil,5,20260620,True
True,2,1,P036,P2_phrase_plus_vigil,5,20260620,True
True,2,1,P036,P2_phrase_plus_vigil,5,20260620,True
True,2,1,P036,P2_phrase_plus_vigil,5,20260620,True
True,2,1,P036,P2_phrase_plus_vigil,5,20260620,True
True,2,1,P036,P2_phrase_plus_vigil,5,20260620,True
True,2,1,P036,P2_phrase_plus_vigil,5,20260620,True
True,2,1,P036,P2_phrase_plus_vigil,5,20260620,True
True,2,1,P036,P2_phrase_plus_vigil,5,20260620,True
True,2,1,P036,P2_phrase_plus_vigil,5,20260620,True
True,2,1,P036,P2_phrase_plus_vigil,5,20260620,True
True,2,1,P036,P2_phrase_plus_vigil,5,20260620,True
True,2,1,P036,P2_phrase_plus_vigil,5,20260620,True
True,2,1,P036,P2_phrase_plus_vigil,5,20260620,True
True,2,1,P036,P2_phrase_plus_vigil,5,20260620,True
True,2,1,P036,P2_phrase_plus_vigil,5,20260620,True
True,2,1,P036,P2_phrase_plus_vigil,5,20260620,True
True,2,1,P036,P2_phrase_plus_vigil,5,20260620,True
True,2,1,P036,P2_phrase_plus_vigil,5,20260620,True
True,2,1,P036,P2_phrase_plus_vigil,5,20260620,True
True,2,1,P036,P2_phrase_plus_vigil,5,20260620,True
True,2,1,P036,P2_phrase_plus_vigil,5,20260620,True
True,2,1,P036,P2_phrase_plus_vigil,5,20260620,True
True,2,1,P036,P2_phrase_plus_vigil,5,20260620,True
True,2,1,P036,P2_phrase_plus_vigil,5,20260620,True
True,2,1,P036,P2_phrase_plus_vigil,5,20260620,True
True,2,1,P036,P3_vigil_plus_phrase,5,20260620,True
True,2,1,P036,P3_vigil_plus_phrase,5,20260620,True
True,2,1,P036,P3_vigil_plus_phrase,5,20260620,True
True,2,1,P036,P3_vigil_plus_phrase,5,20260620,True
True,2,1,P036,P3_vigil_plus_phrase,5,20260620,True
True,2,1,P036,P3_vigil_plus_phrase,5,20260620,True
True,2,1,P036,P3_vigil_plus_phrase,5,20260620,True
True,2,1,P036,P3_vigil_plus_phrase,5,20260620,True
True,2,1,P036,P3_vigil_plus_phrase,5,20260620,True
True,2,1,P036,P3_vigil_plus_phrase,5,20260620,True
True,2,1,P036,P3_vigil_plus_phrase,5,20260620,True
True,2,1,P036,P3_vigil_plus_phrase,5,20260620,True
True,2,1,P036,P3_vigil_plus_phrase,5,20260620,True
True,2,1,P036,P3_vigil_plus_phrase,5,20260620,True
True,2,1,P036,P3_vigil_plus_phrase,5,20260620,True
True,2,1,P036,P3_vigil_plus_phrase,5,20260620,True
True,2,1,P036,P3_vigil_plus_phrase,5,20260620,True
True,2,1,P036,P3_vigil_plus_phrase,5,20260620,True
False,2,0,P036,P4_negative,5,20260620,False
False,2,0,P036,P4_negative,5,20260620,False
False,2,0,P036,P4_negative,5,20260620,False
False,2,0,P036,P4_negative,5,20260620,False
False,2,0,P036,P4_negative,5,20260620,False
False,2,0,P036,P4_negative,5,20260620,False
False,2,0,P036,P4_negative,5,20260620,False
False,2,0,P036,P4_negative,5,20260620,False
False,2,0,P036,P4_negative,5,20260620,False
False,2,0,P036,P4_negative,5,20260620,False
False,2,0,P036,P4_negative,5,20260620,False
False,2,0,P036,P4_negative,5,20260620,False
False,2,0,P036,P4_negative,5,20260620,False
False,2,0,P036,P4_negative,5,20260620,False
False,2,0,P036,P4_negative,5,20260620,False
False,2,0,P036,P4_negative,5,20260620,False
False,2,0,P036,P4_negative,5,20260620,False
False,2,0,P036,P4_negative,5,20260620,False
False,2,0,P036,P4_negative,5,20260620,False
False,2,0,P036,P4_negative,5,20260620,False
False,2,0,P036,P4_negative,5,20260620,False
False,2,0,P036,P4_negative,5,20260620,False
False,2,0,P036,P4_negative,5,20260620,False
False,2,0,P036,P4_negative,5,20260620,False
False,2,0,P036,P4_negative,5,20260620,False
False,2,0,P036,P4_negative,5,20260620,False
False,2,0,P036,P4_negative,5,20260620,False
False,2,0,P036,P4_negative,5,20260620,False
False,2,0,P036,P4_negative,5,20260620,False
False,2,0,P036,P4_negative,5,20260620,False
False,2,0,P036,P4_negative,5,20260620,False
False,2,0,P036,P4_negative,5,20260620,False
False,2,0,P036,P4_negative,5,20260620,False
False,2,0,P036,P4_negative,5,20260620,False
False,2,0,P036,P4_negative,5,20260620,False
False,2,0,P036,P4_negative,5,20260620,False
False,2,0,P036,P4_negative,5,20260620,False
False,2,0,P036,P4_negative,5,20260620,False
False,2,0,P036,P4_negative,5,20260620,False
False,2,0,P036,P4_negative,5,20260620,False
True,2,1,P026,P1_vigil_only,5,20260620,True
True,2,1,P026,P1_vigil_only,5,20260620,True
True,2,1,P026,P2_phrase_plus_vigil,5,20260620,True
True,2,1,P026,P2_phrase_plus_vigil,5,20260620,True
True,2,1,P026,P2_phrase_plus_vigil,5,20260620,True
True,2,1,P026,P2_phrase_plus_vigil,5,20260620,True
True,2,1,P026,P3_vigil_plus_phrase,5,20260620,True
False,2,0,P026,P4_negative,5,20260620,False
False,2,0,P026,P4_negative,5,20260620,False
False,2,0,P026,P4_negative,5,20260620,False
False,2,0,P026,P4_negative,5,20260620,False
False,2,0,P026,P4_negative,5,20260620,False
False,2,0,P026,P4_negative,5,20260620,False
False,2,0,P026,P4_negative,5,20260620,False
False,2,0,P026,P4_negative,5,20260620,False
False,2,0,P026,P4_negative,5,20260620,False
False,2,0,P026,P4_negative,5,20260620,False
False,2,0,P026,P4_negative,5,20260620,False
False,2,0,P026,P4_negative,5,20260620,False
False,2,0,P026,P4_negative,5,20260620,False
False,2,0,P026,P4_negative,5,20260620,False
False,2,0,P026,P4_negative,5,20260620,False
True,2,1,P001,P1_vigil_only,5,20260620,True
True,2,1,P001,P1_vigil_only,5,20260620,True
True,2,1,P001,P1_vigil_only,5,20260620,True
True,2,1,P001,P1_vigil_only,5,20260620,True
True,2,1,P001,P2_phrase_plus_vigil,5,20260620,True
True,2,1,P001,P2_phrase_plus_vigil,5,20260620,True
True,2,1,P001,P2_phrase_plus_vigil,5,20260620,True
True,2,1,P001,P2_phrase_plus_vigil,5,20260620,True
True,2,1,P001,P2_phrase_plus_vigil,5,20260620,True
True,2,1,P001,P2_phrase_plus_vigil,5,20260620,True
True,2,1,P001,P2_phrase_plus_vigil,5,20260620,True
True,2,1,P001,P2_phrase_plus_vigil,5,20260620,True
True,2,1,P001,P2_phrase_plus_vigil,5,20260620,True
True,2,1,P001,P3_vigil_plus_phrase,5,20260620,True
True,2,1,P001,P3_vigil_plus_phrase,5,20260620,True
True,2,1,P001,P3_vigil_plus_phrase,5,20260620,True
True,2,1,P001,P3_vigil_plus_phrase,5,20260620,True
True,2,1,P001,P3_vigil_plus_phrase,5,20260620,True
True,2,1,P001,P3_vigil_plus_phrase,5,20260620,True
False,2,0,P001,P4_negative,5,20260620,False
False,2,0,P001,P4_negative,5,20260620,False
False,2,0,P001,P4_negative,5,20260620,False
False,2,0,P001,P4_negative,5,20260620,False
False,2,0,P001,P4_negative,5,20260620,False
False,2,0,P001,P4_negative,5,20260620,False
False,2,0,P001,P4_negative,5,20260620,False
False,2,0,P001,P4_negative,5,20260620,False
False,2,0,P001,P4_negative,5,20260620,False
False,2,0,P001,P4_negative,5,20260620,False
False,2,0,P001,P4_negative,5,20260620,False
False,2,0,P001,P4_negative,5,20260620,False
False,2,0,P001,P4_negative,5,20260620,False
False,2,0,P001,P4_negative,5,20260620,False
False,2,0,P001,P4_negative,5,20260620,False
False,2,0,P001,P4_negative,5,20260620,False
False,2,0,P001,P4_negative,5,20260620,False
False,2,0,P001,P4_negative,5,20260620,False
False,2,0,P001,P4_negative,5,20260620,False
False,2,0,P001,P4_negative,5,20260620,False
False,2,0,P001,P4_negative,5,20260620,False
False,2,0,P001,P4_negative,5,20260620,False
False,2,0,P001,P4_negative,5,20260620,False
False,2,0,P001,P4_negative,5,20260620,False
False,2,0,P001,P4_negative,5,20260620,False
False,2,0,P001,P4_negative,5,20260620,False
False,2,0,P001,P4_negative,5,20260620,False
False,2,0,P001,P4_negative,5,20260620,False
False,2,0,P001,P4_negative,5,20260620,False
False,2,0,P001,P4_negative,5,20260620,False
True,2,1,P008,P1_vigil_only,5,20260620,True
True,2,1,P008,P1_vigil_only,5,20260620,True
True,2,1,P008,P2_phrase_plus_vigil,5,20260620,True
True,2,1,P008,P2_phrase_plus_vigil,5,20260620,True
True,2,1,P008,P2_phrase_plus_vigil,5,20260620,True
True,2,1,P008,P2_phrase_plus_vigil,5,20260620,True
True,2,1,P008,P3_vigil_plus_phrase,5,20260620,True
True,2,1,P008,P3_vigil_plus_phrase,5,20260620,True
False,2,0,P008,P4_negative,5,20260620,False
False,2,0,P008,P4_negative,5,20260620,False
False,2,0,P008,P4_negative,5,20260620,False
False,2,0,P008,P4_negative,5,20260620,False
False,2,0,P008,P4_negative,5,20260620,False
False,2,0,P008,P4_negative,5,20260620,False
False,2,0,P008,P4_negative,5,20260620,False
False,2,0,P008,P4_negative,5,20260620,False
False,2,0,P008,P4_negative,5,20260620,False
False,2,0,P008,P4_negative,5,20260620,False
False,2,0,P008,P4_negative,5,20260620,False
False,2,0,P008,P4_negative,5,20260620,False
False,2,0,P008,P4_negative,5,20260620,False
False,2,0,P008,P4_negative,5,20260620,False
False,2,0,P008,P4_negative,5,20260620,False
True,2,1,P008,P3_vigil_plus_phrase,5,20260620,True
True,2,1,P008,P3_vigil_plus_phrase,5,20260620,True
True,2,1,P006,P1_vigil_only,5,20260620,True
True,2,1,P006,P1_vigil_only,5,20260620,True
True,2,1,P006,P1_vigil_only,5,20260620,True
False,2,1,P006,P1_vigil_only,5,20260620,False
True,2,1,P006,P1_vigil_only,5,20260620,True
True,2,1,P006,P1_vigil_only,5,20260620,True
True,2,1,P006,P2_phrase_plus_vigil,5,20260620,True
True,2,1,P006,P2_phrase_plus_vigil,5,20260620,True
True,2,1,P006,P2_phrase_plus_vigil,5,20260620,True
True,2,1,P006,P2_phrase_plus_vigil,5,20260620,True
True,2,1,P006,P2_phrase_plus_vigil,5,20260620,True
True,2,1,P006,P2_phrase_plus_vigil,5,20260620,True
True,2,1,P006,P2_phrase_plus_vigil,5,20260620,True
True,2,1,P006,P2_phrase_plus_vigil,5,20260620,True
True,2,1,P006,P2_phrase_plus_vigil,5,20260620,True
True,2,1,P006,P2_phrase_plus_vigil,5,20260620,True
True,2,1,P006,P3_vigil_plus_phrase,5,20260620,True
True,2,1,P006,P3_vigil_plus_phrase,5,20260620,True
True,2,1,P006,P3_vigil_plus_phrase,5,20260620,True
True,2,1,P006,P3_vigil_plus_phrase,5,20260620,True
True,2,1,P006,P3_vigil_plus_phrase,5,20260620,True
True,2,1,P006,P3_vigil_plus_phrase,5,20260620,True
False,2,0,P006,P4_negative,5,20260620,False
False,2,0,P006,P4_negative,5,20260620,False
False,2,0,P006,P4_negative,5,20260620,False
False,2,0,P006,P4_negative,5,20260620,False
False,2,0,P006,P4_negative,5,20260620,False
False,2,0,P006,P4_negative,5,20260620,False
False,2,0,P006,P4_negative,5,20260620,False
True,2,1,P004,P1_vigil_only,3,20260621,True
True,2,1,P004,P1_vigil_only,3,20260621,True
True,2,1,P004,P2_phrase_plus_vigil,3,20260621,True
True,2,1,P004,P2_phrase_plus_vigil,3,20260621,True
True,2,1,P004,P2_phrase_plus_vigil,3,20260621,True
True,2,1,P004,P2_phrase_plus_vigil,3,20260621,True
True,2,1,P004,P2_phrase_plus_vigil,3,20260621,True
True,2,1,P004,P3_vigil_plus_phrase,3,20260621,True
True,2,1,P004,P3_vigil_plus_phrase,3,20260621,True
True,2,1,P004,P3_vigil_plus_phrase,3,20260621,True
False,2,0,P004,P4_negative,3,20260621,False
False,2,0,P004,P4_negative,3,20260621,False
False,2,0,P004,P4_negative,3,20260621,False
False,2,1,P036,P1_vigil_only,3,20260621,False
True,2,1,P036,P1_vigil_only,3,20260621,True
True,2,1,P036,P1_vigil_only,3,20260621,True
True,2,1,P036,P1_vigil_only,3,20260621,True
True,2,1,P036,P1_vigil_only,3,20260621,True
True,2,1,P036,P2_phrase_plus_vigil,3,20260621,True
True,2,1,P036,P2_phrase_plus_vigil,3,20260621,True
True,2,1,P036,P2_phrase_plus_vigil,3,20260621,True
True,2,1,P036,P2_phrase_plus_vigil,3,20260621,True
True,2,1,P036,P2_phrase_plus_vigil,3,20260621,True
True,2,1,P036,P2_phrase_plus_vigil,3,20260621,True
True,2,1,P036,P2_phrase_plus_vigil,3,20260621,True
True,2,1,P036,P2_phrase_plus_vigil,3,20260621,True
True,2,1,P036,P2_phrase_plus_vigil,3,20260621,True
True,2,1,P036,P2_phrase_plus_vigil,3,20260621,True
True,2,1,P036,P2_phrase_plus_vigil,3,20260621,True
True,2,1,P036,P2_phrase_plus_vigil,3,20260621,True
True,2,1,P036,P2_phrase_plus_vigil,3,20260621,True
True,2,1,P036,P2_phrase_plus_vigil,3,20260621,True
True,2,1,P036,P2_phrase_plus_vigil,3,20260621,True
True,2,1,P036,P2_phrase_plus_vigil,3,20260621,True
True,2,1,P036,P2_phrase_plus_vigil,3,20260621,True
True,2,1,P036,P2_phrase_plus_vigil,3,20260621,True
True,2,1,P036,P2_phrase_plus_vigil,3,20260621,True
True,2,1,P036,P2_phrase_plus_vigil,3,20260621,True
True,2,1,P036,P2_phrase_plus_vigil,3,20260621,True
True,2,1,P036,P2_phrase_plus_vigil,3,20260621,True
True,2,1,P036,P2_phrase_plus_vigil,3,20260621,True
True,2,1,P036,P2_phrase_plus_vigil,3,20260621,True
True,2,1,P036,P2_phrase_plus_vigil,3,20260621,True
True,2,1,P036,P2_phrase_plus_vigil,3,20260621,True
True,2,1,P036,P2_phrase_plus_vigil,3,20260621,True
True,2,1,P036,P2_phrase_plus_vigil,3,20260621,True
True,2,1,P036,P3_vigil_plus_phrase,3,20260621,True
True,2,1,P036,P3_vigil_plus_phrase,3,20260621,True
True,2,1,P036,P3_vigil_plus_phrase,3,20260621,True
True,2,1,P036,P3_vigil_plus_phrase,3,20260621,True
True,2,1,P036,P3_vigil_plus_phrase,3,20260621,True
True,2,1,P036,P3_vigil_plus_phrase,3,20260621,True
True,2,1,P036,P3_vigil_plus_phrase,3,20260621,True
True,2,1,P036,P3_vigil_plus_phrase,3,20260621,True
True,2,1,P036,P3_vigil_plus_phrase,3,20260621,True
True,2,1,P036,P3_vigil_plus_phrase,3,20260621,True
True,2,1,P036,P3_vigil_plus_phrase,3,20260621,True
True,2,1,P036,P3_vigil_plus_phrase,3,20260621,True
True,2,1,P036,P3_vigil_plus_phrase,3,20260621,True
True,2,1,P036,P3_vigil_plus_phrase,3,20260621,True
True,2,1,P036,P3_vigil_plus_phrase,3,20260621,True
True,2,1,P036,P3_vigil_plus_phrase,3,20260621,True
True,2,1,P036,P3_vigil_plus_phrase,3,20260621,True
True,2,1,P036,P3_vigil_plus_phrase,3,20260621,True
True,2,1,P036,P3_vigil_plus_phrase,3,20260621,True
False,2,0,P036,P4_negative,3,20260621,False
False,2,0,P036,P4_negative,3,20260621,False
False,2,0,P036,P4_negative,3,20260621,False
False,2,0,P036,P4_negative,3,20260621,False
False,2,0,P036,P4_negative,3,20260621,False
False,2,0,P036,P4_negative,3,20260621,False
False,2,0,P036,P4_negative,3,20260621,False
False,2,0,P036,P4_negative,3,20260621,False
False,2,0,P036,P4_negative,3,20260621,False
False,2,0,P036,P4_negative,3,20260621,False
False,2,0,P036,P4_negative,3,20260621,False
False,2,0,P036,P4_negative,3,20260621,False
False,2,0,P036,P4_negative,3,20260621,False
False,2,0,P036,P4_negative,3,20260621,False
False,2,0,P036,P4_negative,3,20260621,False
False,2,0,P036,P4_negative,3,20260621,False
False,2,0,P036,P4_negative,3,20260621,False
False,2,0,P036,P4_negative,3,20260621,False
False,2,0,P036,P4_negative,3,20260621,False
False,2,0,P036,P4_negative,3,20260621,False
False,2,0,P036,P4_negative,3,20260621,False
False,2,0,P036,P4_negative,3,20260621,False
False,2,0,P036,P4_negative,3,20260621,False
False,2,0,P036,P4_negative,3,20260621,False
False,2,0,P036,P4_negative,3,20260621,False
False,2,0,P036,P4_negative,3,20260621,False
False,2,0,P036,P4_negative,3,20260621,False
False,2,0,P036,P4_negative,3,20260621,False
False,2,0,P036,P4_negative,3,20260621,False
False,2,0,P036,P4_negative,3,20260621,False
False,2,0,P036,P4_negative,3,20260621,False
False,2,0,P036,P4_negative,3,20260621,False
False,2,0,P036,P4_negative,3,20260621,False
False,2,0,P036,P4_negative,3,20260621,False
False,2,0,P036,P4_negative,3,20260621,False
False,2,0,P036,P4_negative,3,20260621,False
False,2,0,P036,P4_negative,3,20260621,False
False,2,0,P036,P4_negative,3,20260621,False
False,2,0,P036,P4_negative,3,20260621,False
False,2,0,P036,P4_negative,3,20260621,False
True,2,1,P026,P1_vigil_only,3,20260621,True
True,2,1,P026,P1_vigil_only,3,20260621,True
True,2,1,P026,P1_vigil_only,3,20260621,True
True,2,1,P026,P2_phrase_plus_vigil,3,20260621,True
True,2,1,P026,P2_phrase_plus_vigil,3,20260621,True
True,2,1,P026,P2_phrase_plus_vigil,3,20260621,True
True,2,1,P026,P2_phrase_plus_vigil,3,20260621,True
True,2,1,P026,P3_vigil_plus_phrase,3,20260621,True
True,2,1,P026,P3_vigil_plus_phrase,3,20260621,True
False,2,0,P026,P4_negative,3,20260621,False
False,2,0,P026,P4_negative,3,20260621,False
False,2,0,P026,P4_negative,3,20260621,False
False,2,0,P026,P4_negative,3,20260621,False
False,2,0,P026,P4_negative,3,20260621,False
False,2,0,P026,P4_negative,3,20260621,False
False,2,0,P026,P4_negative,3,20260621,False
False,2,0,P026,P4_negative,3,20260621,False
False,2,0,P026,P4_negative,3,20260621,False
False,2,0,P026,P4_negative,3,20260621,False
False,2,0,P026,P4_negative,3,20260621,False
False,2,0,P026,P4_negative,3,20260621,False
False,2,0,P026,P4_negative,3,20260621,False
False,2,0,P026,P4_negative,3,20260621,False
False,2,0,P026,P4_negative,3,20260621,False
False,2,1,P003,P1_vigil_only,3,20260621,False
True,2,1,P003,P2_phrase_plus_vigil,3,20260621,True
False,2,0,P003,P4_negative,3,20260621,False
False,2,0,P003,P4_negative,3,20260621,False
False,2,0,P003,P4_negative,3,20260621,False
True,2,1,P001,P1_vigil_only,3,20260621,True
True,2,1,P001,P1_vigil_only,3,20260621,True
True,2,1,P001,P1_vigil_only,3,20260621,True
True,2,1,P001,P1_vigil_only,3,20260621,True
True,2,1,P001,P2_phrase_plus_vigil,3,20260621,True
True,2,1,P001,P2_phrase_plus_vigil,3,20260621,True
True,2,1,P001,P2_phrase_plus_vigil,3,20260621,True
True,2,1,P001,P2_phrase_plus_vigil,3,20260621,True
True,2,1,P001,P2_phrase_plus_vigil,3,20260621,True
True,2,1,P001,P2_phrase_plus_vigil,3,20260621,True
True,2,1,P001,P2_phrase_plus_vigil,3,20260621,True
True,2,1,P001,P2_phrase_plus_vigil,3,20260621,True
True,2,1,P001,P2_phrase_plus_vigil,3,20260621,True
True,2,1,P001,P2_phrase_plus_vigil,3,20260621,True
True,2,1,P001,P2_phrase_plus_vigil,3,20260621,True
True,2,1,P001,P3_vigil_plus_phrase,3,20260621,True
True,2,1,P001,P3_vigil_plus_phrase,3,20260621,True
True,2,1,P001,P3_vigil_plus_phrase,3,20260621,True
True,2,1,P001,P3_vigil_plus_phrase,3,20260621,True
False,2,1,P001,P3_vigil_plus_phrase,3,20260621,False
True,2,1,P001,P3_vigil_plus_phrase,3,20260621,True
False,2,0,P001,P4_negative,3,20260621,False
False,2,0,P001,P4_negative,3,20260621,False
False,2,0,P001,P4_negative,3,20260621,False
False,2,0,P001,P4_negative,3,20260621,False
False,2,0,P001,P4_negative,3,20260621,False
False,2,0,P001,P4_negative,3,20260621,False
False,2,0,P001,P4_negative,3,20260621,False
False,2,0,P001,P4_negative,3,20260621,False
False,2,0,P001,P4_negative,3,20260621,False
False,2,0,P001,P4_negative,3,20260621,False
False,2,0,P001,P4_negative,3,20260621,False
False,2,0,P001,P4_negative,3,20260621,False
False,2,0,P001,P4_negative,3,20260621,False
False,2,0,P001,P4_negative,3,20260621,False
False,2,0,P001,P4_negative,3,20260621,False
False,2,0,P001,P4_negative,3,20260621,False
False,2,0,P001,P4_negative,3,20260621,False
False,2,0,P001,P4_negative,3,20260621,False
False,2,0,P001,P4_negative,3,20260621,False
False,2,0,P001,P4_negative,3,20260621,False
False,2,0,P001,P4_negative,3,20260621,False
False,2,0,P001,P4_negative,3,20260621,False
False,2,0,P001,P4_negative,3,20260621,False
False,2,0,P001,P4_negative,3,20260621,False
False,2,0,P001,P4_negative,3,20260621,False
False,2,0,P001,P4_negative,3,20260621,False
False,2,0,P001,P4_negative,3,20260621,False
False,2,0,P001,P4_negative,3,20260621,False
False,2,0,P001,P4_negative,3,20260621,False
False,2,0,P001,P4_negative,3,20260621,False
True,2,1,P008,P1_vigil_only,3,20260621,True
True,2,1,P008,P1_vigil_only,3,20260621,True
True,2,1,P008,P1_vigil_only,3,20260621,True
True,2,1,P008,P2_phrase_plus_vigil,3,20260621,True
True,2,1,P008,P2_phrase_plus_vigil,3,20260621,True
True,2,1,P008,P2_phrase_plus_vigil,3,20260621,True
True,2,1,P008,P2_phrase_plus_vigil,3,20260621,True
True,2,1,P008,P3_vigil_plus_phrase,3,20260621,True
True,2,1,P008,P3_vigil_plus_phrase,3,20260621,True
True,2,1,P008,P3_vigil_plus_phrase,3,20260621,True
True,2,1,P008,P3_vigil_plus_phrase,3,20260621,True
False,2,0,P008,P4_negative,3,20260621,False
False,2,0,P008,P4_negative,3,20260621,False
False,2,0,P008,P4_negative,3,20260621,False
False,2,0,P008,P4_negative,3,20260621,False
False,2,0,P008,P4_negative,3,20260621,False
False,2,0,P008,P4_negative,3,20260621,False
False,2,0,P008,P4_negative,3,20260621,False
False,2,0,P008,P4_negative,3,20260621,False
False,2,0,P008,P4_negative,3,20260621,False
False,2,0,P008,P4_negative,3,20260621,False
False,2,0,P008,P4_negative,3,20260621,False
False,2,0,P008,P4_negative,3,20260621,False
False,2,0,P008,P4_negative,3,20260621,False
False,2,0,P008,P4_negative,3,20260621,False
False,2,0,P008,P4_negative,3,20260621,False
True,2,1,P008,P3_vigil_plus_phrase,3,20260621,True
True,2,1,P006,P1_vigil_only,3,20260621,True
True,2,1,P006,P1_vigil_only,3,20260621,True
True,2,1,P006,P1_vigil_only,3,20260621,True
False,2,1,P006,P1_vigil_only,3,20260621,False
True,2,1,P006,P1_vigil_only,3,20260621,True
True,2,1,P006,P1_vigil_only,3,20260621,True
True,2,1,P006,P1_vigil_only,3,20260621,True
True,2,1,P006,P2_phrase_plus_vigil,3,20260621,True
True,2,1,P006,P2_phrase_plus_vigil,3,20260621,True
True,2,1,P006,P2_phrase_plus_vigil,3,20260621,True
True,2,1,P006,P2_phrase_plus_vigil,3,20260621,True
True,2,1,P006,P2_phrase_plus_vigil,3,20260621,True
True,2,1,P006,P2_phrase_plus_vigil,3,20260621,True
True,2,1,P006,P2_phrase_plus_vigil,3,20260621,True
True,2,1,P006,P2_phrase_plus_vigil,3,20260621,True
True,2,1,P006,P2_phrase_plus_vigil,3,20260621,True
True,2,1,P006,P3_vigil_plus_phrase,3,20260621,True
True,2,1,P006,P3_vigil_plus_phrase,3,20260621,True
True,2,1,P006,P3_vigil_plus_phrase,3,20260621,True
True,2,1,P006,P3_vigil_plus_phrase,3,20260621,True
True,2,1,P006,P3_vigil_plus_phrase,3,20260621,True
True,2,1,P006,P3_vigil_plus_phrase,3,20260621,True
True,2,1,P006,P3_vigil_plus_phrase,3,20260621,True
True,2,1,P006,P3_vigil_plus_phrase,3,20260621,True
False,2,0,P006,P4_negative,3,20260621,False
False,2,0,P006,P4_negative,3,20260621,False
False,2,0,P006,P4_negative,3,20260621,False
False,2,0,P006,P4_negative,3,20260621,False
False,2,0,P006,P4_negative,3,20260621,False
False,2,0,P006,P4_negative,3,20260621,False
False,2,0,P006,P4_negative,3,20260621,False
True,2,1,P004,P1_vigil_only,5,20260621,True
True,2,1,P004,P1_vigil_only,5,20260621,True
True,2,1,P004,P2_phrase_plus_vigil,5,20260621,True
True,2,1,P004,P2_phrase_plus_vigil,5,20260621,True
True,2,1,P004,P2_phrase_plus_vigil,5,20260621,True
True,2,1,P004,P2_phrase_plus_vigil,5,20260621,True
True,2,1,P004,P3_vigil_plus_phrase,5,20260621,True
True,2,1,P004,P3_vigil_plus_phrase,5,20260621,True
False,2,0,P004,P4_negative,5,20260621,False
False,2,0,P004,P4_negative,5,20260621,False
False,2,0,P004,P4_negative,5,20260621,False
False,2,1,P036,P1_vigil_only,5,20260621,False
True,2,1,P036,P1_vigil_only,5,20260621,True
True,2,1,P036,P1_vigil_only,5,20260621,True
True,2,1,P036,P1_vigil_only,5,20260621,True
True,2,1,P036,P1_vigil_only,5,20260621,True
True,2,1,P036,P2_phrase_plus_vigil,5,20260621,True
True,2,1,P036,P2_phrase_plus_vigil,5,20260621,True
True,2,1,P036,P2_phrase_plus_vigil,5,20260621,True
True,2,1,P036,P2_phrase_plus_vigil,5,20260621,True
True,2,1,P036,P2_phrase_plus_vigil,5,20260621,True
True,2,1,P036,P2_phrase_plus_vigil,5,20260621,True
True,2,1,P036,P2_phrase_plus_vigil,5,20260621,True
True,2,1,P036,P2_phrase_plus_vigil,5,20260621,True
True,2,1,P036,P2_phrase_plus_vigil,5,20260621,True
True,2,1,P036,P2_phrase_plus_vigil,5,20260621,True
True,2,1,P036,P2_phrase_plus_vigil,5,20260621,True
True,2,1,P036,P2_phrase_plus_vigil,5,20260621,True
True,2,1,P036,P2_phrase_plus_vigil,5,20260621,True
True,2,1,P036,P2_phrase_plus_vigil,5,20260621,True
True,2,1,P036,P2_phrase_plus_vigil,5,20260621,True
True,2,1,P036,P2_phrase_plus_vigil,5,20260621,True
True,2,1,P036,P2_phrase_plus_vigil,5,20260621,True
True,2,1,P036,P2_phrase_plus_vigil,5,20260621,True
True,2,1,P036,P2_phrase_plus_vigil,5,20260621,True
True,2,1,P036,P2_phrase_plus_vigil,5,20260621,True
True,2,1,P036,P2_phrase_plus_vigil,5,20260621,True
True,2,1,P036,P2_phrase_plus_vigil,5,20260621,True
True,2,1,P036,P2_phrase_plus_vigil,5,20260621,True
True,2,1,P036,P2_phrase_plus_vigil,5,20260621,True
True,2,1,P036,P2_phrase_plus_vigil,5,20260621,True
True,2,1,P036,P2_phrase_plus_vigil,5,20260621,True
True,2,1,P036,P2_phrase_plus_vigil,5,20260621,True
True,2,1,P036,P3_vigil_plus_phrase,5,20260621,True
True,2,1,P036,P3_vigil_plus_phrase,5,20260621,True
True,2,1,P036,P3_vigil_plus_phrase,5,20260621,True
True,2,1,P036,P3_vigil_plus_phrase,5,20260621,True
True,2,1,P036,P3_vigil_plus_phrase,5,20260621,True
True,2,1,P036,P3_vigil_plus_phrase,5,20260621,True
True,2,1,P036,P3_vigil_plus_phrase,5,20260621,True
True,2,1,P036,P3_vigil_plus_phrase,5,20260621,True
True,2,1,P036,P3_vigil_plus_phrase,5,20260621,True
True,2,1,P036,P3_vigil_plus_phrase,5,20260621,True
True,2,1,P036,P3_vigil_plus_phrase,5,20260621,True
True,2,1,P036,P3_vigil_plus_phrase,5,20260621,True
True,2,1,P036,P3_vigil_plus_phrase,5,20260621,True
True,2,1,P036,P3_vigil_plus_phrase,5,20260621,True
True,2,1,P036,P3_vigil_plus_phrase,5,20260621,True
True,2,1,P036,P3_vigil_plus_phrase,5,20260621,True
True,2,1,P036,P3_vigil_plus_phrase,5,20260621,True
True,2,1,P036,P3_vigil_plus_phrase,5,20260621,True
False,2,0,P036,P4_negative,5,20260621,False
False,2,0,P036,P4_negative,5,20260621,False
False,2,0,P036,P4_negative,5,20260621,False
False,2,0,P036,P4_negative,5,20260621,False
False,2,0,P036,P4_negative,5,20260621,False
False,2,0,P036,P4_negative,5,20260621,False
False,2,0,P036,P4_negative,5,20260621,False
False,2,0,P036,P4_negative,5,20260621,False
False,2,0,P036,P4_negative,5,20260621,False
False,2,0,P036,P4_negative,5,20260621,False
False,2,0,P036,P4_negative,5,20260621,False
False,2,0,P036,P4_negative,5,20260621,False
False,2,0,P036,P4_negative,5,20260621,False
False,2,0,P036,P4_negative,5,20260621,False
False,2,0,P036,P4_negative,5,20260621,False
False,2,0,P036,P4_negative,5,20260621,False
False,2,0,P036,P4_negative,5,20260621,False
False,2,0,P036,P4_negative,5,20260621,False
False,2,0,P036,P4_negative,5,20260621,False
False,2,0,P036,P4_negative,5,20260621,False
False,2,0,P036,P4_negative,5,20260621,False
False,2,0,P036,P4_negative,5,20260621,False
False,2,0,P036,P4_negative,5,20260621,False
False,2,0,P036,P4_negative,5,20260621,False
False,2,0,P036,P4_negative,5,20260621,False
False,2,0,P036,P4_negative,5,20260621,False
False,2,0,P036,P4_negative,5,20260621,False
False,2,0,P036,P4_negative,5,20260621,False
False,2,0,P036,P4_negative,5,20260621,False
False,2,0,P036,P4_negative,5,20260621,False
False,2,0,P036,P4_negative,5,20260621,False
False,2,0,P036,P4_negative,5,20260621,False
False,2,0,P036,P4_negative,5,20260621,False
False,2,0,P036,P4_negative,5,20260621,False
False,2,0,P036,P4_negative,5,20260621,False
False,2,0,P036,P4_negative,5,20260621,False
False,2,0,P036,P4_negative,5,20260621,False
False,2,0,P036,P4_negative,5,20260621,False
False,2,0,P036,P4_negative,5,20260621,False
False,2,0,P036,P4_negative,5,20260621,False
True,2,1,P026,P1_vigil_only,5,20260621,True
True,2,1,P026,P1_vigil_only,5,20260621,True
True,2,1,P026,P1_vigil_only,5,20260621,True
True,2,1,P026,P2_phrase_plus_vigil,5,20260621,True
True,2,1,P026,P2_phrase_plus_vigil,5,20260621,True
True,2,1,P026,P2_phrase_plus_vigil,5,20260621,True
True,2,1,P026,P3_vigil_plus_phrase,5,20260621,True
False,2,0,P026,P4_negative,5,20260621,False
False,2,0,P026,P4_negative,5,20260621,False
False,2,0,P026,P4_negative,5,20260621,False
False,2,0,P026,P4_negative,5,20260621,False
False,2,0,P026,P4_negative,5,20260621,False
False,2,0,P026,P4_negative,5,20260621,False
False,2,0,P026,P4_negative,5,20260621,False
False,2,0,P026,P4_negative,5,20260621,False
False,2,0,P026,P4_negative,5,20260621,False
False,2,0,P026,P4_negative,5,20260621,False
False,2,0,P026,P4_negative,5,20260621,False
False,2,0,P026,P4_negative,5,20260621,False
False,2,0,P026,P4_negative,5,20260621,False
False,2,0,P026,P4_negative,5,20260621,False
False,2,0,P026,P4_negative,5,20260621,False
True,2,1,P001,P1_vigil_only,5,20260621,True
True,2,1,P001,P1_vigil_only,5,20260621,True
True,2,1,P001,P1_vigil_only,5,20260621,True
True,2,1,P001,P1_vigil_only,5,20260621,True
True,2,1,P001,P2_phrase_plus_vigil,5,20260621,True
True,2,1,P001,P2_phrase_plus_vigil,5,20260621,True
True,2,1,P001,P2_phrase_plus_vigil,5,20260621,True
True,2,1,P001,P2_phrase_plus_vigil,5,20260621,True
True,2,1,P001,P2_phrase_plus_vigil,5,20260621,True
True,2,1,P001,P2_phrase_plus_vigil,5,20260621,True
True,2,1,P001,P2_phrase_plus_vigil,5,20260621,True
True,2,1,P001,P2_phrase_plus_vigil,5,20260621,True
True,2,1,P001,P2_phrase_plus_vigil,5,20260621,True
True,2,1,P001,P3_vigil_plus_phrase,5,20260621,True
True,2,1,P001,P3_vigil_plus_phrase,5,20260621,True
True,2,1,P001,P3_vigil_plus_phrase,5,20260621,True
True,2,1,P001,P3_vigil_plus_phrase,5,20260621,True
False,2,1,P001,P3_vigil_plus_phrase,5,20260621,False
True,2,1,P001,P3_vigil_plus_phrase,5,20260621,True
False,2,0,P001,P4_negative,5,20260621,False
False,2,0,P001,P4_negative,5,20260621,False
False,2,0,P001,P4_negative,5,20260621,False
False,2,0,P001,P4_negative,5,20260621,False
False,2,0,P001,P4_negative,5,20260621,False
False,2,0,P001,P4_negative,5,20260621,False
False,2,0,P001,P4_negative,5,20260621,False
False,2,0,P001,P4_negative,5,20260621,False
False,2,0,P001,P4_negative,5,20260621,False
False,2,0,P001,P4_negative,5,20260621,False
False,2,0,P001,P4_negative,5,20260621,False
False,2,0,P001,P4_negative,5,20260621,False
False,2,0,P001,P4_negative,5,20260621,False
False,2,0,P001,P4_negative,5,20260621,False
False,2,0,P001,P4_negative,5,20260621,False
False,2,0,P001,P4_negative,5,20260621,False
False,2,0,P001,P4_negative,5,20260621,False
False,2,0,P001,P4_negative,5,20260621,False
False,2,0,P001,P4_negative,5,20260621,False
False,2,0,P001,P4_negative,5,20260621,False
False,2,0,P001,P4_negative,5,20260621,False
False,2,0,P001,P4_negative,5,20260621,False
False,2,0,P001,P4_negative,5,20260621,False
False,2,0,P001,P4_negative,5,20260621,False
False,2,0,P001,P4_negative,5,20260621,False
False,2,0,P001,P4_negative,5,20260621,False
False,2,0,P001,P4_negative,5,20260621,False
False,2,0,P001,P4_negative,5,20260621,False
False,2,0,P001,P4_negative,5,20260621,False
False,2,0,P001,P4_negative,5,20260621,False
True,2,1,P008,P1_vigil_only,5,20260621,True
True,2,1,P008,P1_vigil_only,5,20260621,True
True,2,1,P008,P1_vigil_only,5,20260621,True
True,2,1,P008,P2_phrase_plus_vigil,5,20260621,True
True,2,1,P008,P2_phrase_plus_vigil,5,20260621,True
True,2,1,P008,P2_phrase_plus_vigil,5,20260621,True
True,2,1,P008,P3_vigil_plus_phrase,5,20260621,True
True,2,1,P008,P3_vigil_plus_phrase,5,20260621,True
True,2,1,P008,P3_vigil_plus_phrase,5,20260621,True
False,2,0,P008,P4_negative,5,20260621,False
False,2,0,P008,P4_negative,5,20260621,False
False,2,0,P008,P4_negative,5,20260621,False
False,2,0,P008,P4_negative,5,20260621,False
False,2,0,P008,P4_negative,5,20260621,False
False,2,0,P008,P4_negative,5,20260621,False
False,2,0,P008,P4_negative,5,20260621,False
False,2,0,P008,P4_negative,5,20260621,False
False,2,0,P008,P4_negative,5,20260621,False
False,2,0,P008,P4_negative,5,20260621,False
False,2,0,P008,P4_negative,5,20260621,False
False,2,0,P008,P4_negative,5,20260621,False
False,2,0,P008,P4_negative,5,20260621,False
False,2,0,P008,P4_negative,5,20260621,False
False,2,0,P008,P4_negative,5,20260621,False
True,2,1,P008,P3_vigil_plus_phrase,5,20260621,True
True,2,1,P006,P1_vigil_only,5,20260621,True
True,2,1,P006,P1_vigil_only,5,20260621,True
True,2,1,P006,P1_vigil_only,5,20260621,True
False,2,1,P006,P1_vigil_only,5,20260621,False
True,2,1,P006,P1_vigil_only,5,20260621,True
True,2,1,P006,P1_vigil_only,5,20260621,True
True,2,1,P006,P1_vigil_only,5,20260621,True
True,2,1,P006,P2_phrase_plus_vigil,5,20260621,True
True,2,1,P006,P2_phrase_plus_vigil,5,20260621,True
True,2,1,P006,P2_phrase_plus_vigil,5,20260621,True
True,2,1,P006,P2_phrase_plus_vigil,5,20260621,True
True,2,1,P006,P2_phrase_plus_vigil,5,20260621,True
True,2,1,P006,P2_phrase_plus_vigil,5,20260621,True
True,2,1,P006,P2_phrase_plus_vigil,5,20260621,True
True,2,1,P006,P2_phrase_plus_vigil,5,20260621,True
True,2,1,P006,P3_vigil_plus_phrase,5,20260621,True
True,2,1,P006,P3_vigil_plus_phrase,5,20260621,True
True,2,1,P006,P3_vigil_plus_phrase,5,20260621,True
True,2,1,P006,P3_vigil_plus_phrase,5,20260621,True
True,2,1,P006,P3_vigil_plus_phrase,5,20260621,True
True,2,1,P006,P3_vigil_plus_phrase,5,20260621,True
True,2,1,P006,P3_vigil_plus_phrase,5,20260621,True
False,2,0,P006,P4_negative,5,20260621,False
False,2,0,P006,P4_negative,5,20260621,False
False,2,0,P006,P4_negative,5,20260621,False
False,2,0,P006,P4_negative,5,20260621,False
False,2,0,P006,P4_negative,5,20260621,False
False,2,0,P006,P4_negative,5,20260621,False
False,2,0,P006,P4_negative,5,20260621,False
True,2,1,P004,P1_vigil_only,3,20260622,True
True,2,1,P004,P2_phrase_plus_vigil,3,20260622,True
True,2,1,P004,P2_phrase_plus_vigil,3,20260622,True
True,2,1,P004,P2_phrase_plus_vigil,3,20260622,True
True,2,1,P004,P2_phrase_plus_vigil,3,20260622,True
True,2,1,P004,P2_phrase_plus_vigil,3,20260622,True
True,2,1,P004,P2_phrase_plus_vigil,3,20260622,True
True,2,1,P004,P3_vigil_plus_phrase,3,20260622,True
True,2,1,P004,P3_vigil_plus_phrase,3,20260622,True
False,2,1,P004,P3_vigil_plus_phrase,3,20260622,False
False,2,0,P004,P4_negative,3,20260622,False
False,2,0,P004,P4_negative,3,20260622,False
False,2,0,P004,P4_negative,3,20260622,False
False,2,1,P036,P1_vigil_only,3,20260622,False
True,2,1,P036,P1_vigil_only,3,20260622,True
True,2,1,P036,P1_vigil_only,3,20260622,True
True,2,1,P036,P1_vigil_only,3,20260622,True
True,2,1,P036,P1_vigil_only,3,20260622,True
True,2,1,P036,P2_phrase_plus_vigil,3,20260622,True
True,2,1,P036,P2_phrase_plus_vigil,3,20260622,True
True,2,1,P036,P2_phrase_plus_vigil,3,20260622,True
True,2,1,P036,P2_phrase_plus_vigil,3,20260622,True
True,2,1,P036,P2_phrase_plus_vigil,3,20260622,True
True,2,1,P036,P2_phrase_plus_vigil,3,20260622,True
True,2,1,P036,P2_phrase_plus_vigil,3,20260622,True
True,2,1,P036,P2_phrase_plus_vigil,3,20260622,True
True,2,1,P036,P2_phrase_plus_vigil,3,20260622,True
True,2,1,P036,P2_phrase_plus_vigil,3,20260622,True
True,2,1,P036,P2_phrase_plus_vigil,3,20260622,True
True,2,1,P036,P2_phrase_plus_vigil,3,20260622,True
True,2,1,P036,P2_phrase_plus_vigil,3,20260622,True
True,2,1,P036,P2_phrase_plus_vigil,3,20260622,True
True,2,1,P036,P2_phrase_plus_vigil,3,20260622,True
True,2,1,P036,P2_phrase_plus_vigil,3,20260622,True
True,2,1,P036,P2_phrase_plus_vigil,3,20260622,True
True,2,1,P036,P2_phrase_plus_vigil,3,20260622,True
True,2,1,P036,P2_phrase_plus_vigil,3,20260622,True
True,2,1,P036,P2_phrase_plus_vigil,3,20260622,True
True,2,1,P036,P2_phrase_plus_vigil,3,20260622,True
True,2,1,P036,P2_phrase_plus_vigil,3,20260622,True
True,2,1,P036,P2_phrase_plus_vigil,3,20260622,True
True,2,1,P036,P2_phrase_plus_vigil,3,20260622,True
True,2,1,P036,P2_phrase_plus_vigil,3,20260622,True
True,2,1,P036,P2_phrase_plus_vigil,3,20260622,True
True,2,1,P036,P2_phrase_plus_vigil,3,20260622,True
True,2,1,P036,P2_phrase_plus_vigil,3,20260622,True
True,2,1,P036,P2_phrase_plus_vigil,3,20260622,True
True,2,1,P036,P3_vigil_plus_phrase,3,20260622,True
True,2,1,P036,P3_vigil_plus_phrase,3,20260622,True
True,2,1,P036,P3_vigil_plus_phrase,3,20260622,True
True,2,1,P036,P3_vigil_plus_phrase,3,20260622,True
True,2,1,P036,P3_vigil_plus_phrase,3,20260622,True
True,2,1,P036,P3_vigil_plus_phrase,3,20260622,True
True,2,1,P036,P3_vigil_plus_phrase,3,20260622,True
True,2,1,P036,P3_vigil_plus_phrase,3,20260622,True
True,2,1,P036,P3_vigil_plus_phrase,3,20260622,True
True,2,1,P036,P3_vigil_plus_phrase,3,20260622,True
True,2,1,P036,P3_vigil_plus_phrase,3,20260622,True
True,2,1,P036,P3_vigil_plus_phrase,3,20260622,True
True,2,1,P036,P3_vigil_plus_phrase,3,20260622,True
True,2,1,P036,P3_vigil_plus_phrase,3,20260622,True
True,2,1,P036,P3_vigil_plus_phrase,3,20260622,True
True,2,1,P036,P3_vigil_plus_phrase,3,20260622,True
True,2,1,P036,P3_vigil_plus_phrase,3,20260622,True
True,2,1,P036,P3_vigil_plus_phrase,3,20260622,True
False,2,0,P036,P4_negative,3,20260622,False
False,2,0,P036,P4_negative,3,20260622,False
False,2,0,P036,P4_negative,3,20260622,False
False,2,0,P036,P4_negative,3,20260622,False
False,2,0,P036,P4_negative,3,20260622,False
False,2,0,P036,P4_negative,3,20260622,False
False,2,0,P036,P4_negative,3,20260622,False
False,2,0,P036,P4_negative,3,20260622,False
False,2,0,P036,P4_negative,3,20260622,False
False,2,0,P036,P4_negative,3,20260622,False
False,2,0,P036,P4_negative,3,20260622,False
False,2,0,P036,P4_negative,3,20260622,False
False,2,0,P036,P4_negative,3,20260622,False
False,2,0,P036,P4_negative,3,20260622,False
False,2,0,P036,P4_negative,3,20260622,False
False,2,0,P036,P4_negative,3,20260622,False
False,2,0,P036,P4_negative,3,20260622,False
False,2,0,P036,P4_negative,3,20260622,False
False,2,0,P036,P4_negative,3,20260622,False
False,2,0,P036,P4_negative,3,20260622,False
False,2,0,P036,P4_negative,3,20260622,False
False,2,0,P036,P4_negative,3,20260622,False
False,2,0,P036,P4_negative,3,20260622,False
False,2,0,P036,P4_negative,3,20260622,False
False,2,0,P036,P4_negative,3,20260622,False
False,2,0,P036,P4_negative,3,20260622,False
False,2,0,P036,P4_negative,3,20260622,False
False,2,0,P036,P4_negative,3,20260622,False
False,2,0,P036,P4_negative,3,20260622,False
False,2,0,P036,P4_negative,3,20260622,False
False,2,0,P036,P4_negative,3,20260622,False
False,2,0,P036,P4_negative,3,20260622,False
False,2,0,P036,P4_negative,3,20260622,False
False,2,0,P036,P4_negative,3,20260622,False
False,2,0,P036,P4_negative,3,20260622,False
False,2,0,P036,P4_negative,3,20260622,False
False,2,0,P036,P4_negative,3,20260622,False
False,2,0,P036,P4_negative,3,20260622,False
False,2,0,P036,P4_negative,3,20260622,False
False,2,0,P036,P4_negative,3,20260622,False
True,2,1,P026,P1_vigil_only,3,20260622,True
True,2,1,P026,P2_phrase_plus_vigil,3,20260622,True
True,2,1,P026,P2_phrase_plus_vigil,3,20260622,True
True,2,1,P026,P2_phrase_plus_vigil,3,20260622,True
True,2,1,P026,P2_phrase_plus_vigil,3,20260622,True
True,2,1,P026,P2_phrase_plus_vigil,3,20260622,True
True,2,1,P026,P2_phrase_plus_vigil,3,20260622,True
True,2,1,P026,P3_vigil_plus_phrase,3,20260622,True
True,2,1,P026,P3_vigil_plus_phrase,3,20260622,True
False,2,0,P026,P4_negative,3,20260622,False
False,2,0,P026,P4_negative,3,20260622,False
False,2,0,P026,P4_negative,3,20260622,False
False,2,0,P026,P4_negative,3,20260622,False
False,2,0,P026,P4_negative,3,20260622,False
False,2,0,P026,P4_negative,3,20260622,False
False,2,0,P026,P4_negative,3,20260622,False
False,2,0,P026,P4_negative,3,20260622,False
False,2,0,P026,P4_negative,3,20260622,False
False,2,0,P026,P4_negative,3,20260622,False
False,2,0,P026,P4_negative,3,20260622,False
False,2,0,P026,P4_negative,3,20260622,False
False,2,0,P026,P4_negative,3,20260622,False
False,2,0,P026,P4_negative,3,20260622,False
False,2,0,P026,P4_negative,3,20260622,False
True,2,1,P003,P3_vigil_plus_phrase,3,20260622,True
True,2,1,P003,P2_phrase_plus_vigil,3,20260622,True
False,2,0,P003,P4_negative,3,20260622,False
False,2,0,P003,P4_negative,3,20260622,False
False,2,0,P003,P4_negative,3,20260622,False
True,2,1,P001,P1_vigil_only,3,20260622,True
True,2,1,P001,P1_vigil_only,3,20260622,True
True,2,1,P001,P1_vigil_only,3,20260622,True
True,2,1,P001,P2_phrase_plus_vigil,3,20260622,True
True,2,1,P001,P2_phrase_plus_vigil,3,20260622,True
True,2,1,P001,P2_phrase_plus_vigil,3,20260622,True
True,2,1,P001,P2_phrase_plus_vigil,3,20260622,True
True,2,1,P001,P2_phrase_plus_vigil,3,20260622,True
True,2,1,P001,P2_phrase_plus_vigil,3,20260622,True
True,2,1,P001,P2_phrase_plus_vigil,3,20260622,True
True,2,1,P001,P2_phrase_plus_vigil,3,20260622,True
True,2,1,P001,P2_phrase_plus_vigil,3,20260622,True
True,2,1,P001,P2_phrase_plus_vigil,3,20260622,True
True,2,1,P001,P2_phrase_plus_vigil,3,20260622,True
True,2,1,P001,P3_vigil_plus_phrase,3,20260622,True
True,2,1,P001,P3_vigil_plus_phrase,3,20260622,True
True,2,1,P001,P3_vigil_plus_phrase,3,20260622,True
True,2,1,P001,P3_vigil_plus_phrase,3,20260622,True
True,2,1,P001,P3_vigil_plus_phrase,3,20260622,True
False,2,1,P001,P3_vigil_plus_phrase,3,20260622,False
True,2,1,P001,P3_vigil_plus_phrase,3,20260622,True
False,2,0,P001,P4_negative,3,20260622,False
False,2,0,P001,P4_negative,3,20260622,False
False,2,0,P001,P4_negative,3,20260622,False
False,2,0,P001,P4_negative,3,20260622,False
False,2,0,P001,P4_negative,3,20260622,False
False,2,0,P001,P4_negative,3,20260622,False
False,2,0,P001,P4_negative,3,20260622,False
False,2,0,P001,P4_negative,3,20260622,False
False,2,0,P001,P4_negative,3,20260622,False
False,2,0,P001,P4_negative,3,20260622,False
False,2,0,P001,P4_negative,3,20260622,False
False,2,0,P001,P4_negative,3,20260622,False
False,2,0,P001,P4_negative,3,20260622,False
False,2,0,P001,P4_negative,3,20260622,False
False,2,0,P001,P4_negative,3,20260622,False
False,2,0,P001,P4_negative,3,20260622,False
False,2,0,P001,P4_negative,3,20260622,False
False,2,0,P001,P4_negative,3,20260622,False
False,2,0,P001,P4_negative,3,20260622,False
False,2,0,P001,P4_negative,3,20260622,False
False,2,0,P001,P4_negative,3,20260622,False
False,2,0,P001,P4_negative,3,20260622,False
False,2,0,P001,P4_negative,3,20260622,False
False,2,0,P001,P4_negative,3,20260622,False
False,2,0,P001,P4_negative,3,20260622,False
False,2,0,P001,P4_negative,3,20260622,False
False,2,0,P001,P4_negative,3,20260622,False
False,2,0,P001,P4_negative,3,20260622,False
False,2,0,P001,P4_negative,3,20260622,False
False,2,0,P001,P4_negative,3,20260622,False
True,2,1,P008,P1_vigil_only,3,20260622,True
True,2,1,P008,P1_vigil_only,3,20260622,True
True,2,1,P008,P2_phrase_plus_vigil,3,20260622,True
True,2,1,P008,P2_phrase_plus_vigil,3,20260622,True
True,2,1,P008,P2_phrase_plus_vigil,3,20260622,True
True,2,1,P008,P2_phrase_plus_vigil,3,20260622,True
True,2,1,P008,P2_phrase_plus_vigil,3,20260622,True
True,2,1,P008,P2_phrase_plus_vigil,3,20260622,True
True,2,1,P008,P3_vigil_plus_phrase,3,20260622,True
True,2,1,P008,P3_vigil_plus_phrase,3,20260622,True
True,2,1,P008,P3_vigil_plus_phrase,3,20260622,True
False,2,0,P008,P4_negative,3,20260622,False
False,2,0,P008,P4_negative,3,20260622,False
False,2,0,P008,P4_negative,3,20260622,False
False,2,0,P008,P4_negative,3,20260622,False
False,2,0,P008,P4_negative,3,20260622,False
False,2,0,P008,P4_negative,3,20260622,False
False,2,0,P008,P4_negative,3,20260622,False
False,2,0,P008,P4_negative,3,20260622,False
False,2,0,P008,P4_negative,3,20260622,False
False,2,0,P008,P4_negative,3,20260622,False
False,2,0,P008,P4_negative,3,20260622,False
False,2,0,P008,P4_negative,3,20260622,False
False,2,0,P008,P4_negative,3,20260622,False
False,2,0,P008,P4_negative,3,20260622,False
False,2,0,P008,P4_negative,3,20260622,False
True,2,1,P008,P3_vigil_plus_phrase,3,20260622,True
True,2,1,P006,P1_vigil_only,3,20260622,True
True,2,1,P006,P1_vigil_only,3,20260622,True
True,2,1,P006,P1_vigil_only,3,20260622,True
True,2,1,P006,P1_vigil_only,3,20260622,True
True,2,1,P006,P1_vigil_only,3,20260622,True
True,2,1,P006,P2_phrase_plus_vigil,3,20260622,True
True,2,1,P006,P2_phrase_plus_vigil,3,20260622,True
True,2,1,P006,P2_phrase_plus_vigil,3,20260622,True
True,2,1,P006,P2_phrase_plus_vigil,3,20260622,True
True,2,1,P006,P2_phrase_plus_vigil,3,20260622,True
True,2,1,P006,P2_phrase_plus_vigil,3,20260622,True
True,2,1,P006,P2_phrase_plus_vigil,3,20260622,True
True,2,1,P006,P2_phrase_plus_vigil,3,20260622,True
True,2,1,P006,P2_phrase_plus_vigil,3,20260622,True
True,2,1,P006,P2_phrase_plus_vigil,3,20260622,True
True,2,1,P006,P2_phrase_plus_vigil,3,20260622,True
True,2,1,P006,P2_phrase_plus_vigil,3,20260622,True
True,2,1,P006,P3_vigil_plus_phrase,3,20260622,True
True,2,1,P006,P3_vigil_plus_phrase,3,20260622,True
True,2,1,P006,P3_vigil_plus_phrase,3,20260622,True
True,2,1,P006,P3_vigil_plus_phrase,3,20260622,True
True,2,1,P006,P3_vigil_plus_phrase,3,20260622,True
True,2,1,P006,P3_vigil_plus_phrase,3,20260622,True
True,2,1,P006,P3_vigil_plus_phrase,3,20260622,True
False,2,0,P006,P4_negative,3,20260622,False
False,2,0,P006,P4_negative,3,20260622,False
False,2,0,P006,P4_negative,3,20260622,False
False,2,0,P006,P4_negative,3,20260622,False
False,2,0,P006,P4_negative,3,20260622,False
False,2,0,P006,P4_negative,3,20260622,False
False,2,0,P006,P4_negative,3,20260622,False
True,2,1,P004,P1_vigil_only,5,20260622,True
True,2,1,P004,P2_phrase_plus_vigil,5,20260622,True
True,2,1,P004,P2_phrase_plus_vigil,5,20260622,True
True,2,1,P004,P2_phrase_plus_vigil,5,20260622,True
True,2,1,P004,P2_phrase_plus_vigil,5,20260622,True
True,2,1,P004,P3_vigil_plus_phrase,5,20260622,True
True,2,1,P004,P3_vigil_plus_phrase,5,20260622,True
False,2,1,P004,P3_vigil_plus_phrase,5,20260622,False
False,2,0,P004,P4_negative,5,20260622,False
False,2,0,P004,P4_negative,5,20260622,False
False,2,0,P004,P4_negative,5,20260622,False
False,2,1,P036,P1_vigil_only,5,20260622,False
True,2,1,P036,P1_vigil_only,5,20260622,True
True,2,1,P036,P1_vigil_only,5,20260622,True
True,2,1,P036,P1_vigil_only,5,20260622,True
True,2,1,P036,P1_vigil_only,5,20260622,True
True,2,1,P036,P2_phrase_plus_vigil,5,20260622,True
True,2,1,P036,P2_phrase_plus_vigil,5,20260622,True
True,2,1,P036,P2_phrase_plus_vigil,5,20260622,True
True,2,1,P036,P2_phrase_plus_vigil,5,20260622,True
True,2,1,P036,P2_phrase_plus_vigil,5,20260622,True
True,2,1,P036,P2_phrase_plus_vigil,5,20260622,True
True,2,1,P036,P2_phrase_plus_vigil,5,20260622,True
True,2,1,P036,P2_phrase_plus_vigil,5,20260622,True
True,2,1,P036,P2_phrase_plus_vigil,5,20260622,True
True,2,1,P036,P2_phrase_plus_vigil,5,20260622,True
True,2,1,P036,P2_phrase_plus_vigil,5,20260622,True
True,2,1,P036,P2_phrase_plus_vigil,5,20260622,True
True,2,1,P036,P2_phrase_plus_vigil,5,20260622,True
True,2,1,P036,P2_phrase_plus_vigil,5,20260622,True
True,2,1,P036,P2_phrase_plus_vigil,5,20260622,True
True,2,1,P036,P2_phrase_plus_vigil,5,20260622,True
True,2,1,P036,P2_phrase_plus_vigil,5,20260622,True
True,2,1,P036,P2_phrase_plus_vigil,5,20260622,True
True,2,1,P036,P2_phrase_plus_vigil,5,20260622,True
True,2,1,P036,P2_phrase_plus_vigil,5,20260622,True
True,2,1,P036,P2_phrase_plus_vigil,5,20260622,True
True,2,1,P036,P2_phrase_plus_vigil,5,20260622,True
True,2,1,P036,P2_phrase_plus_vigil,5,20260622,True
True,2,1,P036,P2_phrase_plus_vigil,5,20260622,True
True,2,1,P036,P2_phrase_plus_vigil,5,20260622,True
True,2,1,P036,P2_phrase_plus_vigil,5,20260622,True
True,2,1,P036,P2_phrase_plus_vigil,5,20260622,True
True,2,1,P036,P3_vigil_plus_phrase,5,20260622,True
True,2,1,P036,P3_vigil_plus_phrase,5,20260622,True
True,2,1,P036,P3_vigil_plus_phrase,5,20260622,True
True,2,1,P036,P3_vigil_plus_phrase,5,20260622,True
True,2,1,P036,P3_vigil_plus_phrase,5,20260622,True
True,2,1,P036,P3_vigil_plus_phrase,5,20260622,True
True,2,1,P036,P3_vigil_plus_phrase,5,20260622,True
True,2,1,P036,P3_vigil_plus_phrase,5,20260622,True
True,2,1,P036,P3_vigil_plus_phrase,5,20260622,True
True,2,1,P036,P3_vigil_plus_phrase,5,20260622,True
True,2,1,P036,P3_vigil_plus_phrase,5,20260622,True
True,2,1,P036,P3_vigil_plus_phrase,5,20260622,True
True,2,1,P036,P3_vigil_plus_phrase,5,20260622,True
True,2,1,P036,P3_vigil_plus_phrase,5,20260622,True
True,2,1,P036,P3_vigil_plus_phrase,5,20260622,True
True,2,1,P036,P3_vigil_plus_phrase,5,20260622,True
True,2,1,P036,P3_vigil_plus_phrase,5,20260622,True
True,2,1,P036,P3_vigil_plus_phrase,5,20260622,True
False,2,0,P036,P4_negative,5,20260622,False
False,2,0,P036,P4_negative,5,20260622,False
False,2,0,P036,P4_negative,5,20260622,False
False,2,0,P036,P4_negative,5,20260622,False
False,2,0,P036,P4_negative,5,20260622,False
False,2,0,P036,P4_negative,5,20260622,False
False,2,0,P036,P4_negative,5,20260622,False
False,2,0,P036,P4_negative,5,20260622,False
False,2,0,P036,P4_negative,5,20260622,False
False,2,0,P036,P4_negative,5,20260622,False
False,2,0,P036,P4_negative,5,20260622,False
False,2,0,P036,P4_negative,5,20260622,False
False,2,0,P036,P4_negative,5,20260622,False
False,2,0,P036,P4_negative,5,20260622,False
False,2,0,P036,P4_negative,5,20260622,False
False,2,0,P036,P4_negative,5,20260622,False
False,2,0,P036,P4_negative,5,20260622,False
False,2,0,P036,P4_negative,5,20260622,False
False,2,0,P036,P4_negative,5,20260622,False
False,2,0,P036,P4_negative,5,20260622,False
False,2,0,P036,P4_negative,5,20260622,False
False,2,0,P036,P4_negative,5,20260622,False
False,2,0,P036,P4_negative,5,20260622,False
False,2,0,P036,P4_negative,5,20260622,False
False,2,0,P036,P4_negative,5,20260622,False
False,2,0,P036,P4_negative,5,20260622,False
False,2,0,P036,P4_negative,5,20260622,False
False,2,0,P036,P4_negative,5,20260622,False
False,2,0,P036,P4_negative,5,20260622,False
False,2,0,P036,P4_negative,5,20260622,False
False,2,0,P036,P4_negative,5,20260622,False
False,2,0,P036,P4_negative,5,20260622,False
False,2,0,P036,P4_negative,5,20260622,False
False,2,0,P036,P4_negative,5,20260622,False
False,2,0,P036,P4_negative,5,20260622,False
False,2,0,P036,P4_negative,5,20260622,False
False,2,0,P036,P4_negative,5,20260622,False
False,2,0,P036,P4_negative,5,20260622,False
False,2,0,P036,P4_negative,5,20260622,False
False,2,0,P036,P4_negative,5,20260622,False
True,2,1,P026,P1_vigil_only,5,20260622,True
True,2,1,P026,P2_phrase_plus_vigil,5,20260622,True
True,2,1,P026,P2_phrase_plus_vigil,5,20260622,True
True,2,1,P026,P2_phrase_plus_vigil,5,20260622,True
True,2,1,P026,P2_phrase_plus_vigil,5,20260622,True
True,2,1,P026,P3_vigil_plus_phrase,5,20260622,True
True,2,1,P026,P3_vigil_plus_phrase,5,20260622,True
False,2,0,P026,P4_negative,5,20260622,False
False,2,0,P026,P4_negative,5,20260622,False
False,2,0,P026,P4_negative,5,20260622,False
False,2,0,P026,P4_negative,5,20260622,False
False,2,0,P026,P4_negative,5,20260622,False
False,2,0,P026,P4_negative,5,20260622,False
False,2,0,P026,P4_negative,5,20260622,False
False,2,0,P026,P4_negative,5,20260622,False
False,2,0,P026,P4_negative,5,20260622,False
False,2,0,P026,P4_negative,5,20260622,False
False,2,0,P026,P4_negative,5,20260622,False
False,2,0,P026,P4_negative,5,20260622,False
False,2,0,P026,P4_negative,5,20260622,False
False,2,0,P026,P4_negative,5,20260622,False
False,2,0,P026,P4_negative,5,20260622,False
True,2,1,P001,P1_vigil_only,5,20260622,True
True,2,1,P001,P1_vigil_only,5,20260622,True
True,2,1,P001,P1_vigil_only,5,20260622,True
True,2,1,P001,P2_phrase_plus_vigil,5,20260622,True
True,2,1,P001,P2_phrase_plus_vigil,5,20260622,True
True,2,1,P001,P2_phrase_plus_vigil,5,20260622,True
True,2,1,P001,P2_phrase_plus_vigil,5,20260622,True
True,2,1,P001,P2_phrase_plus_vigil,5,20260622,True
True,2,1,P001,P2_phrase_plus_vigil,5,20260622,True
True,2,1,P001,P2_phrase_plus_vigil,5,20260622,True
True,2,1,P001,P2_phrase_plus_vigil,5,20260622,True
True,2,1,P001,P2_phrase_plus_vigil,5,20260622,True
True,2,1,P001,P2_phrase_plus_vigil,5,20260622,True
True,2,1,P001,P2_phrase_plus_vigil,5,20260622,True
True,2,1,P001,P3_vigil_plus_phrase,5,20260622,True
True,2,1,P001,P3_vigil_plus_phrase,5,20260622,True
True,2,1,P001,P3_vigil_plus_phrase,5,20260622,True
True,2,1,P001,P3_vigil_plus_phrase,5,20260622,True
False,2,1,P001,P3_vigil_plus_phrase,5,20260622,False
False,2,0,P001,P4_negative,5,20260622,False
False,2,0,P001,P4_negative,5,20260622,False
False,2,0,P001,P4_negative,5,20260622,False
False,2,0,P001,P4_negative,5,20260622,False
False,2,0,P001,P4_negative,5,20260622,False
False,2,0,P001,P4_negative,5,20260622,False
False,2,0,P001,P4_negative,5,20260622,False
False,2,0,P001,P4_negative,5,20260622,False
False,2,0,P001,P4_negative,5,20260622,False
False,2,0,P001,P4_negative,5,20260622,False
False,2,0,P001,P4_negative,5,20260622,False
False,2,0,P001,P4_negative,5,20260622,False
False,2,0,P001,P4_negative,5,20260622,False
False,2,0,P001,P4_negative,5,20260622,False
False,2,0,P001,P4_negative,5,20260622,False
False,2,0,P001,P4_negative,5,20260622,False
False,2,0,P001,P4_negative,5,20260622,False
False,2,0,P001,P4_negative,5,20260622,False
False,2,0,P001,P4_negative,5,20260622,False
False,2,0,P001,P4_negative,5,20260622,False
False,2,0,P001,P4_negative,5,20260622,False
False,2,0,P001,P4_negative,5,20260622,False
False,2,0,P001,P4_negative,5,20260622,False
False,2,0,P001,P4_negative,5,20260622,False
False,2,0,P001,P4_negative,5,20260622,False
False,2,0,P001,P4_negative,5,20260622,False
False,2,0,P001,P4_negative,5,20260622,False
False,2,0,P001,P4_negative,5,20260622,False
False,2,0,P001,P4_negative,5,20260622,False
False,2,0,P001,P4_negative,5,20260622,False
True,2,1,P008,P1_vigil_only,5,20260622,True
True,2,1,P008,P2_phrase_plus_vigil,5,20260622,True
True,2,1,P008,P2_phrase_plus_vigil,5,20260622,True
True,2,1,P008,P2_phrase_plus_vigil,5,20260622,True
True,2,1,P008,P2_phrase_plus_vigil,5,20260622,True
True,2,1,P008,P2_phrase_plus_vigil,5,20260622,True
True,2,1,P008,P3_vigil_plus_phrase,5,20260622,True
True,2,1,P008,P3_vigil_plus_phrase,5,20260622,True
True,2,1,P008,P3_vigil_plus_phrase,5,20260622,True
False,2,0,P008,P4_negative,5,20260622,False
False,2,0,P008,P4_negative,5,20260622,False
False,2,0,P008,P4_negative,5,20260622,False
False,2,0,P008,P4_negative,5,20260622,False
False,2,0,P008,P4_negative,5,20260622,False
False,2,0,P008,P4_negative,5,20260622,False
False,2,0,P008,P4_negative,5,20260622,False
False,2,0,P008,P4_negative,5,20260622,False
False,2,0,P008,P4_negative,5,20260622,False
False,2,0,P008,P4_negative,5,20260622,False
False,2,0,P008,P4_negative,5,20260622,False
False,2,0,P008,P4_negative,5,20260622,False
False,2,0,P008,P4_negative,5,20260622,False
False,2,0,P008,P4_negative,5,20260622,False
False,2,0,P008,P4_negative,5,20260622,False
True,2,1,P008,P3_vigil_plus_phrase,5,20260622,True
True,2,1,P006,P1_vigil_only,5,20260622,True
True,2,1,P006,P1_vigil_only,5,20260622,True
True,2,1,P006,P1_vigil_only,5,20260622,True
True,2,1,P006,P1_vigil_only,5,20260622,True
True,2,1,P006,P1_vigil_only,5,20260622,True
True,2,1,P006,P2_phrase_plus_vigil,5,20260622,True
True,2,1,P006,P2_phrase_plus_vigil,5,20260622,True
True,2,1,P006,P2_phrase_plus_vigil,5,20260622,True
True,2,1,P006,P2_phrase_plus_vigil,5,20260622,True
True,2,1,P006,P2_phrase_plus_vigil,5,20260622,True
True,2,1,P006,P2_phrase_plus_vigil,5,20260622,True
True,2,1,P006,P2_phrase_plus_vigil,5,20260622,True
True,2,1,P006,P2_phrase_plus_vigil,5,20260622,True
True,2,1,P006,P2_phrase_plus_vigil,5,20260622,True
True,2,1,P006,P2_phrase_plus_vigil,5,20260622,True
True,2,1,P006,P2_phrase_plus_vigil,5,20260622,True
True,2,1,P006,P3_vigil_plus_phrase,5,20260622,True
True,2,1,P006,P3_vigil_plus_phrase,5,20260622,True
True,2,1,P006,P3_vigil_plus_phrase,5,20260622,True
True,2,1,P006,P3_vigil_plus_phrase,5,20260622,True
True,2,1,P006,P3_vigil_plus_phrase,5,20260622,True
True,2,1,P006,P3_vigil_plus_phrase,5,20260622,True
False,2,0,P006,P4_negative,5,20260622,False
False,2,0,P006,P4_negative,5,20260622,False
False,2,0,P006,P4_negative,5,20260622,False
False,2,0,P006,P4_negative,5,20260622,False
False,2,0,P006,P4_negative,5,20260622,False
False,2,0,P006,P4_negative,5,20260622,False
False,2,0,P006,P4_negative,5,20260622,False
True,2,1,P004,P1_vigil_only,3,20260623,True
True,2,1,P004,P2_phrase_plus_vigil,3,20260623,True
True,2,1,P004,P2_phrase_plus_vigil,3,20260623,True
True,2,1,P004,P2_phrase_plus_vigil,3,20260623,True
True,2,1,P004,P2_phrase_plus_vigil,3,20260623,True
True,2,1,P004,P2_phrase_plus_vigil,3,20260623,True
True,2,1,P004,P2_phrase_plus_vigil,3,20260623,True
True,2,1,P004,P3_vigil_plus_phrase,3,20260623,True
True,2,1,P004,P3_vigil_plus_phrase,3,20260623,True
False,2,1,P004,P3_vigil_plus_phrase,3,20260623,False
False,2,0,P004,P4_negative,3,20260623,False
False,2,0,P004,P4_negative,3,20260623,False
False,2,0,P004,P4_negative,3,20260623,False
False,2,1,P036,P1_vigil_only,3,20260623,False
True,2,1,P036,P1_vigil_only,3,20260623,True
True,2,1,P036,P1_vigil_only,3,20260623,True
True,2,1,P036,P1_vigil_only,3,20260623,True
True,2,1,P036,P2_phrase_plus_vigil,3,20260623,True
True,2,1,P036,P2_phrase_plus_vigil,3,20260623,True
True,2,1,P036,P2_phrase_plus_vigil,3,20260623,True
True,2,1,P036,P2_phrase_plus_vigil,3,20260623,True
True,2,1,P036,P2_phrase_plus_vigil,3,20260623,True
True,2,1,P036,P2_phrase_plus_vigil,3,20260623,True
True,2,1,P036,P2_phrase_plus_vigil,3,20260623,True
True,2,1,P036,P2_phrase_plus_vigil,3,20260623,True
True,2,1,P036,P2_phrase_plus_vigil,3,20260623,True
True,2,1,P036,P2_phrase_plus_vigil,3,20260623,True
True,2,1,P036,P2_phrase_plus_vigil,3,20260623,True
True,2,1,P036,P2_phrase_plus_vigil,3,20260623,True
True,2,1,P036,P2_phrase_plus_vigil,3,20260623,True
True,2,1,P036,P2_phrase_plus_vigil,3,20260623,True
True,2,1,P036,P2_phrase_plus_vigil,3,20260623,True
True,2,1,P036,P2_phrase_plus_vigil,3,20260623,True
True,2,1,P036,P2_phrase_plus_vigil,3,20260623,True
True,2,1,P036,P2_phrase_plus_vigil,3,20260623,True
True,2,1,P036,P2_phrase_plus_vigil,3,20260623,True
True,2,1,P036,P2_phrase_plus_vigil,3,20260623,True
True,2,1,P036,P2_phrase_plus_vigil,3,20260623,True
True,2,1,P036,P2_phrase_plus_vigil,3,20260623,True
True,2,1,P036,P2_phrase_plus_vigil,3,20260623,True
True,2,1,P036,P2_phrase_plus_vigil,3,20260623,True
True,2,1,P036,P2_phrase_plus_vigil,3,20260623,True
True,2,1,P036,P2_phrase_plus_vigil,3,20260623,True
True,2,1,P036,P2_phrase_plus_vigil,3,20260623,True
True,2,1,P036,P2_phrase_plus_vigil,3,20260623,True
True,2,1,P036,P2_phrase_plus_vigil,3,20260623,True
True,2,1,P036,P3_vigil_plus_phrase,3,20260623,True
True,2,1,P036,P3_vigil_plus_phrase,3,20260623,True
True,2,1,P036,P3_vigil_plus_phrase,3,20260623,True
True,2,1,P036,P3_vigil_plus_phrase,3,20260623,True
True,2,1,P036,P3_vigil_plus_phrase,3,20260623,True
True,2,1,P036,P3_vigil_plus_phrase,3,20260623,True
True,2,1,P036,P3_vigil_plus_phrase,3,20260623,True
True,2,1,P036,P3_vigil_plus_phrase,3,20260623,True
True,2,1,P036,P3_vigil_plus_phrase,3,20260623,True
True,2,1,P036,P3_vigil_plus_phrase,3,20260623,True
True,2,1,P036,P3_vigil_plus_phrase,3,20260623,True
True,2,1,P036,P3_vigil_plus_phrase,3,20260623,True
True,2,1,P036,P3_vigil_plus_phrase,3,20260623,True
True,2,1,P036,P3_vigil_plus_phrase,3,20260623,True
True,2,1,P036,P3_vigil_plus_phrase,3,20260623,True
True,2,1,P036,P3_vigil_plus_phrase,3,20260623,True
True,2,1,P036,P3_vigil_plus_phrase,3,20260623,True
True,2,1,P036,P3_vigil_plus_phrase,3,20260623,True
True,2,1,P036,P3_vigil_plus_phrase,3,20260623,True
False,2,0,P036,P4_negative,3,20260623,False
False,2,0,P036,P4_negative,3,20260623,False
False,2,0,P036,P4_negative,3,20260623,False
False,2,0,P036,P4_negative,3,20260623,False
False,2,0,P036,P4_negative,3,20260623,False
False,2,0,P036,P4_negative,3,20260623,False
False,2,0,P036,P4_negative,3,20260623,False
False,2,0,P036,P4_negative,3,20260623,False
False,2,0,P036,P4_negative,3,20260623,False
False,2,0,P036,P4_negative,3,20260623,False
False,2,0,P036,P4_negative,3,20260623,False
False,2,0,P036,P4_negative,3,20260623,False
False,2,0,P036,P4_negative,3,20260623,False
False,2,0,P036,P4_negative,3,20260623,False
False,2,0,P036,P4_negative,3,20260623,False
False,2,0,P036,P4_negative,3,20260623,False
False,2,0,P036,P4_negative,3,20260623,False
False,2,0,P036,P4_negative,3,20260623,False
False,2,0,P036,P4_negative,3,20260623,False
False,2,0,P036,P4_negative,3,20260623,False
False,2,0,P036,P4_negative,3,20260623,False
False,2,0,P036,P4_negative,3,20260623,False
False,2,0,P036,P4_negative,3,20260623,False
False,2,0,P036,P4_negative,3,20260623,False
False,2,0,P036,P4_negative,3,20260623,False
False,2,0,P036,P4_negative,3,20260623,False
False,2,0,P036,P4_negative,3,20260623,False
False,2,0,P036,P4_negative,3,20260623,False
False,2,0,P036,P4_negative,3,20260623,False
False,2,0,P036,P4_negative,3,20260623,False
False,2,0,P036,P4_negative,3,20260623,False
False,2,0,P036,P4_negative,3,20260623,False
False,2,0,P036,P4_negative,3,20260623,False
False,2,0,P036,P4_negative,3,20260623,False
False,2,0,P036,P4_negative,3,20260623,False
False,2,0,P036,P4_negative,3,20260623,False
False,2,0,P036,P4_negative,3,20260623,False
False,2,0,P036,P4_negative,3,20260623,False
False,2,0,P036,P4_negative,3,20260623,False
False,2,0,P036,P4_negative,3,20260623,False
True,2,1,P026,P1_vigil_only,3,20260623,True
True,2,1,P026,P1_vigil_only,3,20260623,True
True,2,1,P026,P2_phrase_plus_vigil,3,20260623,True
True,2,1,P026,P2_phrase_plus_vigil,3,20260623,True
True,2,1,P026,P2_phrase_plus_vigil,3,20260623,True
True,2,1,P026,P2_phrase_plus_vigil,3,20260623,True
True,2,1,P026,P2_phrase_plus_vigil,3,20260623,True
True,2,1,P026,P3_vigil_plus_phrase,3,20260623,True
True,2,1,P026,P3_vigil_plus_phrase,3,20260623,True
False,2,0,P026,P4_negative,3,20260623,False
False,2,0,P026,P4_negative,3,20260623,False
False,2,0,P026,P4_negative,3,20260623,False
False,2,0,P026,P4_negative,3,20260623,False
False,2,0,P026,P4_negative,3,20260623,False
False,2,0,P026,P4_negative,3,20260623,False
False,2,0,P026,P4_negative,3,20260623,False
False,2,0,P026,P4_negative,3,20260623,False
False,2,0,P026,P4_negative,3,20260623,False
False,2,0,P026,P4_negative,3,20260623,False
False,2,0,P026,P4_negative,3,20260623,False
False,2,0,P026,P4_negative,3,20260623,False
False,2,0,P026,P4_negative,3,20260623,False
False,2,0,P026,P4_negative,3,20260623,False
False,2,0,P026,P4_negative,3,20260623,False
True,2,1,P003,P3_vigil_plus_phrase,3,20260623,True
True,2,1,P003,P2_phrase_plus_vigil,3,20260623,True
False,2,0,P003,P4_negative,3,20260623,False
False,2,0,P003,P4_negative,3,20260623,False
False,2,0,P003,P4_negative,3,20260623,False
True,2,1,P001,P1_vigil_only,3,20260623,True
True,2,1,P001,P1_vigil_only,3,20260623,True
True,2,1,P001,P1_vigil_only,3,20260623,True
True,2,1,P001,P2_phrase_plus_vigil,3,20260623,True
True,2,1,P001,P2_phrase_plus_vigil,3,20260623,True
True,2,1,P001,P2_phrase_plus_vigil,3,20260623,True
True,2,1,P001,P2_phrase_plus_vigil,3,20260623,True
True,2,1,P001,P2_phrase_plus_vigil,3,20260623,True
True,2,1,P001,P2_phrase_plus_vigil,3,20260623,True
True,2,1,P001,P2_phrase_plus_vigil,3,20260623,True
True,2,1,P001,P2_phrase_plus_vigil,3,20260623,True
True,2,1,P001,P2_phrase_plus_vigil,3,20260623,True
True,2,1,P001,P2_phrase_plus_vigil,3,20260623,True
True,2,1,P001,P2_phrase_plus_vigil,3,20260623,True
True,2,1,P001,P3_vigil_plus_phrase,3,20260623,True
True,2,1,P001,P3_vigil_plus_phrase,3,20260623,True
True,2,1,P001,P3_vigil_plus_phrase,3,20260623,True
True,2,1,P001,P3_vigil_plus_phrase,3,20260623,True
True,2,1,P001,P3_vigil_plus_phrase,3,20260623,True
False,2,1,P001,P3_vigil_plus_phrase,3,20260623,False
True,2,1,P001,P3_vigil_plus_phrase,3,20260623,True
False,2,0,P001,P4_negative,3,20260623,False
False,2,0,P001,P4_negative,3,20260623,False
False,2,0,P001,P4_negative,3,20260623,False
False,2,0,P001,P4_negative,3,20260623,False
False,2,0,P001,P4_negative,3,20260623,False
False,2,0,P001,P4_negative,3,20260623,False
False,2,0,P001,P4_negative,3,20260623,False
False,2,0,P001,P4_negative,3,20260623,False
False,2,0,P001,P4_negative,3,20260623,False
False,2,0,P001,P4_negative,3,20260623,False
False,2,0,P001,P4_negative,3,20260623,False
False,2,0,P001,P4_negative,3,20260623,False
False,2,0,P001,P4_negative,3,20260623,False
False,2,0,P001,P4_negative,3,20260623,False
False,2,0,P001,P4_negative,3,20260623,False
False,2,0,P001,P4_negative,3,20260623,False
False,2,0,P001,P4_negative,3,20260623,False
False,2,0,P001,P4_negative,3,20260623,False
False,2,0,P001,P4_negative,3,20260623,False
False,2,0,P001,P4_negative,3,20260623,False
False,2,0,P001,P4_negative,3,20260623,False
False,2,0,P001,P4_negative,3,20260623,False
False,2,0,P001,P4_negative,3,20260623,False
False,2,0,P001,P4_negative,3,20260623,False
False,2,0,P001,P4_negative,3,20260623,False
False,2,0,P001,P4_negative,3,20260623,False
False,2,0,P001,P4_negative,3,20260623,False
False,2,0,P001,P4_negative,3,20260623,False
False,2,0,P001,P4_negative,3,20260623,False
False,2,0,P001,P4_negative,3,20260623,False
True,2,1,P008,P1_vigil_only,3,20260623,True
True,2,1,P008,P1_vigil_only,3,20260623,True
True,2,1,P008,P2_phrase_plus_vigil,3,20260623,True
True,2,1,P008,P2_phrase_plus_vigil,3,20260623,True
True,2,1,P008,P2_phrase_plus_vigil,3,20260623,True
True,2,1,P008,P2_phrase_plus_vigil,3,20260623,True
True,2,1,P008,P2_phrase_plus_vigil,3,20260623,True
True,2,1,P008,P3_vigil_plus_phrase,3,20260623,True
True,2,1,P008,P3_vigil_plus_phrase,3,20260623,True
True,2,1,P008,P3_vigil_plus_phrase,3,20260623,True
False,2,0,P008,P4_negative,3,20260623,False
False,2,0,P008,P4_negative,3,20260623,False
False,2,0,P008,P4_negative,3,20260623,False
False,2,0,P008,P4_negative,3,20260623,False
False,2,0,P008,P4_negative,3,20260623,False
False,2,0,P008,P4_negative,3,20260623,False
False,2,0,P008,P4_negative,3,20260623,False
False,2,0,P008,P4_negative,3,20260623,False
False,2,0,P008,P4_negative,3,20260623,False
False,2,0,P008,P4_negative,3,20260623,False
False,2,0,P008,P4_negative,3,20260623,False
False,2,0,P008,P4_negative,3,20260623,False
False,2,0,P008,P4_negative,3,20260623,False
False,2,0,P008,P4_negative,3,20260623,False
False,2,0,P008,P4_negative,3,20260623,False
True,2,1,P008,P3_vigil_plus_phrase,3,20260623,True
True,2,1,P008,P3_vigil_plus_phrase,3,20260623,True
True,2,1,P006,P1_vigil_only,3,20260623,True
True,2,1,P006,P1_vigil_only,3,20260623,True
False,2,1,P006,P1_vigil_only,3,20260623,False
True,2,1,P006,P1_vigil_only,3,20260623,True
True,2,1,P006,P1_vigil_only,3,20260623,True
True,2,1,P006,P1_vigil_only,3,20260623,True
True,2,1,P006,P2_phrase_plus_vigil,3,20260623,True
True,2,1,P006,P2_phrase_plus_vigil,3,20260623,True
True,2,1,P006,P2_phrase_plus_vigil,3,20260623,True
True,2,1,P006,P2_phrase_plus_vigil,3,20260623,True
True,2,1,P006,P2_phrase_plus_vigil,3,20260623,True
True,2,1,P006,P2_phrase_plus_vigil,3,20260623,True
True,2,1,P006,P2_phrase_plus_vigil,3,20260623,True
True,2,1,P006,P2_phrase_plus_vigil,3,20260623,True
True,2,1,P006,P2_phrase_plus_vigil,3,20260623,True
True,2,1,P006,P2_phrase_plus_vigil,3,20260623,True
True,2,1,P006,P2_phrase_plus_vigil,3,20260623,True
True,2,1,P006,P3_vigil_plus_phrase,3,20260623,True
True,2,1,P006,P3_vigil_plus_phrase,3,20260623,True
True,2,1,P006,P3_vigil_plus_phrase,3,20260623,True
True,2,1,P006,P3_vigil_plus_phrase,3,20260623,True
True,2,1,P006,P3_vigil_plus_phrase,3,20260623,True
True,2,1,P006,P3_vigil_plus_phrase,3,20260623,True
True,2,1,P006,P3_vigil_plus_phrase,3,20260623,True
False,2,0,P006,P4_negative,3,20260623,False
False,2,0,P006,P4_negative,3,20260623,False
False,2,0,P006,P4_negative,3,20260623,False
False,2,0,P006,P4_negative,3,20260623,False
False,2,0,P006,P4_negative,3,20260623,False
False,2,0,P006,P4_negative,3,20260623,False
False,2,0,P006,P4_negative,3,20260623,False
True,2,1,P004,P1_vigil_only,5,20260623,True
True,2,1,P004,P2_phrase_plus_vigil,5,20260623,True
True,2,1,P004,P2_phrase_plus_vigil,5,20260623,True
True,2,1,P004,P2_phrase_plus_vigil,5,20260623,True
True,2,1,P004,P2_phrase_plus_vigil,5,20260623,True
True,2,1,P004,P2_phrase_plus_vigil,5,20260623,True
True,2,1,P004,P3_vigil_plus_phrase,5,20260623,True
False,2,1,P004,P3_vigil_plus_phrase,5,20260623,False
False,2,0,P004,P4_negative,5,20260623,False
False,2,0,P004,P4_negative,5,20260623,False
False,2,0,P004,P4_negative,5,20260623,False
True,2,1,P036,P1_vigil_only,5,20260623,True
True,2,1,P036,P1_vigil_only,5,20260623,True
True,2,1,P036,P1_vigil_only,5,20260623,True
True,2,1,P036,P2_phrase_plus_vigil,5,20260623,True
True,2,1,P036,P2_phrase_plus_vigil,5,20260623,True
True,2,1,P036,P2_phrase_plus_vigil,5,20260623,True
True,2,1,P036,P2_phrase_plus_vigil,5,20260623,True
True,2,1,P036,P2_phrase_plus_vigil,5,20260623,True
True,2,1,P036,P2_phrase_plus_vigil,5,20260623,True
True,2,1,P036,P2_phrase_plus_vigil,5,20260623,True
True,2,1,P036,P2_phrase_plus_vigil,5,20260623,True
True,2,1,P036,P2_phrase_plus_vigil,5,20260623,True
True,2,1,P036,P2_phrase_plus_vigil,5,20260623,True
True,2,1,P036,P2_phrase_plus_vigil,5,20260623,True
True,2,1,P036,P2_phrase_plus_vigil,5,20260623,True
True,2,1,P036,P2_phrase_plus_vigil,5,20260623,True
True,2,1,P036,P2_phrase_plus_vigil,5,20260623,True
True,2,1,P036,P2_phrase_plus_vigil,5,20260623,True
True,2,1,P036,P2_phrase_plus_vigil,5,20260623,True
True,2,1,P036,P2_phrase_plus_vigil,5,20260623,True
True,2,1,P036,P2_phrase_plus_vigil,5,20260623,True
True,2,1,P036,P2_phrase_plus_vigil,5,20260623,True
True,2,1,P036,P2_phrase_plus_vigil,5,20260623,True
True,2,1,P036,P2_phrase_plus_vigil,5,20260623,True
True,2,1,P036,P2_phrase_plus_vigil,5,20260623,True
True,2,1,P036,P2_phrase_plus_vigil,5,20260623,True
True,2,1,P036,P2_phrase_plus_vigil,5,20260623,True
True,2,1,P036,P2_phrase_plus_vigil,5,20260623,True
True,2,1,P036,P2_phrase_plus_vigil,5,20260623,True
True,2,1,P036,P2_phrase_plus_vigil,5,20260623,True
True,2,1,P036,P2_phrase_plus_vigil,5,20260623,True
True,2,1,P036,P3_vigil_plus_phrase,5,20260623,True
True,2,1,P036,P3_vigil_plus_phrase,5,20260623,True
True,2,1,P036,P3_vigil_plus_phrase,5,20260623,True
True,2,1,P036,P3_vigil_plus_phrase,5,20260623,True
True,2,1,P036,P3_vigil_plus_phrase,5,20260623,True
True,2,1,P036,P3_vigil_plus_phrase,5,20260623,True
True,2,1,P036,P3_vigil_plus_phrase,5,20260623,True
True,2,1,P036,P3_vigil_plus_phrase,5,20260623,True
True,2,1,P036,P3_vigil_plus_phrase,5,20260623,True
True,2,1,P036,P3_vigil_plus_phrase,5,20260623,True
True,2,1,P036,P3_vigil_plus_phrase,5,20260623,True
True,2,1,P036,P3_vigil_plus_phrase,5,20260623,True
True,2,1,P036,P3_vigil_plus_phrase,5,20260623,True
True,2,1,P036,P3_vigil_plus_phrase,5,20260623,True
True,2,1,P036,P3_vigil_plus_phrase,5,20260623,True
True,2,1,P036,P3_vigil_plus_phrase,5,20260623,True
True,2,1,P036,P3_vigil_plus_phrase,5,20260623,True
True,2,1,P036,P3_vigil_plus_phrase,5,20260623,True
True,2,1,P036,P3_vigil_plus_phrase,5,20260623,True
False,2,0,P036,P4_negative,5,20260623,False
False,2,0,P036,P4_negative,5,20260623,False
False,2,0,P036,P4_negative,5,20260623,False
False,2,0,P036,P4_negative,5,20260623,False
False,2,0,P036,P4_negative,5,20260623,False
False,2,0,P036,P4_negative,5,20260623,False
False,2,0,P036,P4_negative,5,20260623,False
False,2,0,P036,P4_negative,5,20260623,False
False,2,0,P036,P4_negative,5,20260623,False
False,2,0,P036,P4_negative,5,20260623,False
False,2,0,P036,P4_negative,5,20260623,False
False,2,0,P036,P4_negative,5,20260623,False
False,2,0,P036,P4_negative,5,20260623,False
False,2,0,P036,P4_negative,5,20260623,False
False,2,0,P036,P4_negative,5,20260623,False
False,2,0,P036,P4_negative,5,20260623,False
False,2,0,P036,P4_negative,5,20260623,False
False,2,0,P036,P4_negative,5,20260623,False
False,2,0,P036,P4_negative,5,20260623,False
False,2,0,P036,P4_negative,5,20260623,False
False,2,0,P036,P4_negative,5,20260623,False
False,2,0,P036,P4_negative,5,20260623,False
False,2,0,P036,P4_negative,5,20260623,False
False,2,0,P036,P4_negative,5,20260623,False
False,2,0,P036,P4_negative,5,20260623,False
False,2,0,P036,P4_negative,5,20260623,False
False,2,0,P036,P4_negative,5,20260623,False
False,2,0,P036,P4_negative,5,20260623,False
False,2,0,P036,P4_negative,5,20260623,False
False,2,0,P036,P4_negative,5,20260623,False
False,2,0,P036,P4_negative,5,20260623,False
False,2,0,P036,P4_negative,5,20260623,False
False,2,0,P036,P4_negative,5,20260623,False
False,2,0,P036,P4_negative,5,20260623,False
False,2,0,P036,P4_negative,5,20260623,False
False,2,0,P036,P4_negative,5,20260623,False
False,2,0,P036,P4_negative,5,20260623,False
False,2,0,P036,P4_negative,5,20260623,False
False,2,0,P036,P4_negative,5,20260623,False
False,2,0,P036,P4_negative,5,20260623,False
True,2,1,P026,P1_vigil_only,5,20260623,True
True,2,1,P026,P1_vigil_only,5,20260623,True
True,2,1,P026,P2_phrase_plus_vigil,5,20260623,True
True,2,1,P026,P2_phrase_plus_vigil,5,20260623,True
True,2,1,P026,P2_phrase_plus_vigil,5,20260623,True
True,2,1,P026,P2_phrase_plus_vigil,5,20260623,True
True,2,1,P026,P3_vigil_plus_phrase,5,20260623,True
False,2,0,P026,P4_negative,5,20260623,False
False,2,0,P026,P4_negative,5,20260623,False
False,2,0,P026,P4_negative,5,20260623,False
False,2,0,P026,P4_negative,5,20260623,False
False,2,0,P026,P4_negative,5,20260623,False
False,2,0,P026,P4_negative,5,20260623,False
False,2,0,P026,P4_negative,5,20260623,False
False,2,0,P026,P4_negative,5,20260623,False
False,2,0,P026,P4_negative,5,20260623,False
False,2,0,P026,P4_negative,5,20260623,False
False,2,0,P026,P4_negative,5,20260623,False
False,2,0,P026,P4_negative,5,20260623,False
False,2,0,P026,P4_negative,5,20260623,False
False,2,0,P026,P4_negative,5,20260623,False
False,2,0,P026,P4_negative,5,20260623,False
True,2,1,P001,P1_vigil_only,5,20260623,True
True,2,1,P001,P1_vigil_only,5,20260623,True
True,2,1,P001,P1_vigil_only,5,20260623,True
True,2,1,P001,P2_phrase_plus_vigil,5,20260623,True
True,2,1,P001,P2_phrase_plus_vigil,5,20260623,True
True,2,1,P001,P2_phrase_plus_vigil,5,20260623,True
True,2,1,P001,P2_phrase_plus_vigil,5,20260623,True
True,2,1,P001,P2_phrase_plus_vigil,5,20260623,True
True,2,1,P001,P2_phrase_plus_vigil,5,20260623,True
True,2,1,P001,P2_phrase_plus_vigil,5,20260623,True
True,2,1,P001,P2_phrase_plus_vigil,5,20260623,True
True,2,1,P001,P2_phrase_plus_vigil,5,20260623,True
True,2,1,P001,P2_phrase_plus_vigil,5,20260623,True
True,2,1,P001,P3_vigil_plus_phrase,5,20260623,True
True,2,1,P001,P3_vigil_plus_phrase,5,20260623,True
True,2,1,P001,P3_vigil_plus_phrase,5,20260623,True
True,2,1,P001,P3_vigil_plus_phrase,5,20260623,True
True,2,1,P001,P3_vigil_plus_phrase,5,20260623,True
True,2,1,P001,P3_vigil_plus_phrase,5,20260623,True
False,2,0,P001,P4_negative,5,20260623,False
False,2,0,P001,P4_negative,5,20260623,False
False,2,0,P001,P4_negative,5,20260623,False
False,2,0,P001,P4_negative,5,20260623,False
False,2,0,P001,P4_negative,5,20260623,False
False,2,0,P001,P4_negative,5,20260623,False
False,2,0,P001,P4_negative,5,20260623,False
False,2,0,P001,P4_negative,5,20260623,False
False,2,0,P001,P4_negative,5,20260623,False
False,2,0,P001,P4_negative,5,20260623,False
False,2,0,P001,P4_negative,5,20260623,False
False,2,0,P001,P4_negative,5,20260623,False
False,2,0,P001,P4_negative,5,20260623,False
False,2,0,P001,P4_negative,5,20260623,False
False,2,0,P001,P4_negative,5,20260623,False
False,2,0,P001,P4_negative,5,20260623,False
False,2,0,P001,P4_negative,5,20260623,False
False,2,0,P001,P4_negative,5,20260623,False
False,2,0,P001,P4_negative,5,20260623,False
False,2,0,P001,P4_negative,5,20260623,False
False,2,0,P001,P4_negative,5,20260623,False
False,2,0,P001,P4_negative,5,20260623,False
False,2,0,P001,P4_negative,5,20260623,False
False,2,0,P001,P4_negative,5,20260623,False
False,2,0,P001,P4_negative,5,20260623,False
False,2,0,P001,P4_negative,5,20260623,False
False,2,0,P001,P4_negative,5,20260623,False
False,2,0,P001,P4_negative,5,20260623,False
False,2,0,P001,P4_negative,5,20260623,False
False,2,0,P001,P4_negative,5,20260623,False
True,2,1,P008,P1_vigil_only,5,20260623,True
True,2,1,P008,P1_vigil_only,5,20260623,True
True,2,1,P008,P2_phrase_plus_vigil,5,20260623,True
True,2,1,P008,P2_phrase_plus_vigil,5,20260623,True
True,2,1,P008,P2_phrase_plus_vigil,5,20260623,True
True,2,1,P008,P2_phrase_plus_vigil,5,20260623,True
True,2,1,P008,P3_vigil_plus_phrase,5,20260623,True
True,2,1,P008,P3_vigil_plus_phrase,5,20260623,True
False,2,0,P008,P4_negative,5,20260623,False
False,2,0,P008,P4_negative,5,20260623,False
False,2,0,P008,P4_negative,5,20260623,False
False,2,0,P008,P4_negative,5,20260623,False
False,2,0,P008,P4_negative,5,20260623,False
False,2,0,P008,P4_negative,5,20260623,False
False,2,0,P008,P4_negative,5,20260623,False
False,2,0,P008,P4_negative,5,20260623,False
False,2,0,P008,P4_negative,5,20260623,False
False,2,0,P008,P4_negative,5,20260623,False
False,2,0,P008,P4_negative,5,20260623,False
False,2,0,P008,P4_negative,5,20260623,False
False,2,0,P008,P4_negative,5,20260623,False
False,2,0,P008,P4_negative,5,20260623,False
False,2,0,P008,P4_negative,5,20260623,False
True,2,1,P008,P3_vigil_plus_phrase,5,20260623,True
True,2,1,P008,P3_vigil_plus_phrase,5,20260623,True
True,2,1,P006,P1_vigil_only,5,20260623,True
True,2,1,P006,P1_vigil_only,5,20260623,True
False,2,1,P006,P1_vigil_only,5,20260623,False
True,2,1,P006,P1_vigil_only,5,20260623,True
True,2,1,P006,P1_vigil_only,5,20260623,True
True,2,1,P006,P1_vigil_only,5,20260623,True
True,2,1,P006,P2_phrase_plus_vigil,5,20260623,True
True,2,1,P006,P2_phrase_plus_vigil,5,20260623,True
True,2,1,P006,P2_phrase_plus_vigil,5,20260623,True
True,2,1,P006,P2_phrase_plus_vigil,5,20260623,True
True,2,1,P006,P2_phrase_plus_vigil,5,20260623,True
True,2,1,P006,P2_phrase_plus_vigil,5,20260623,True
True,2,1,P006,P2_phrase_plus_vigil,5,20260623,True
True,2,1,P006,P2_phrase_plus_vigil,5,20260623,True
True,2,1,P006,P2_phrase_plus_vigil,5,20260623,True
True,2,1,P006,P2_phrase_plus_vigil,5,20260623,True
True,2,1,P006,P3_vigil_plus_phrase,5,20260623,True
True,2,1,P006,P3_vigil_plus_phrase,5,20260623,True
True,2,1,P006,P3_vigil_plus_phrase,5,20260623,True
True,2,1,P006,P3_vigil_plus_phrase,5,20260623,True
True,2,1,P006,P3_vigil_plus_phrase,5,20260623,True
True,2,1,P006,P3_vigil_plus_phrase,5,20260623,True
False,2,0,P006,P4_negative,5,20260623,False
False,2,0,P006,P4_negative,5,20260623,False
False,2,0,P006,P4_negative,5,20260623,False
False,2,0,P006,P4_negative,5,20260623,False
False,2,0,P006,P4_negative,5,20260623,False
False,2,0,P006,P4_negative,5,20260623,False
False,2,0,P006,P4_negative,5,20260623,False
True,2,1,P004,P1_vigil_only,3,20260624,True
True,2,1,P004,P1_vigil_only,3,20260624,True
True,2,1,P004,P2_phrase_plus_vigil,3,20260624,True
True,2,1,P004,P2_phrase_plus_vigil,3,20260624,True
True,2,1,P004,P2_phrase_plus_vigil,3,20260624,True
True,2,1,P004,P2_phrase_plus_vigil,3,20260624,True
True,2,1,P004,P3_vigil_plus_phrase,3,20260624,True
True,2,1,P004,P3_vigil_plus_phrase,3,20260624,True
True,2,1,P004,P3_vigil_plus_phrase,3,20260624,True
False,2,1,P004,P3_vigil_plus_phrase,3,20260624,False
False,2,0,P004,P4_negative,3,20260624,False
False,2,0,P004,P4_negative,3,20260624,False
False,2,0,P004,P4_negative,3,20260624,False
False,2,1,P036,P1_vigil_only,3,20260624,False
True,2,1,P036,P1_vigil_only,3,20260624,True
True,2,1,P036,P1_vigil_only,3,20260624,True
True,2,1,P036,P1_vigil_only,3,20260624,True
True,2,1,P036,P1_vigil_only,3,20260624,True
True,2,1,P036,P2_phrase_plus_vigil,3,20260624,True
True,2,1,P036,P2_phrase_plus_vigil,3,20260624,True
True,2,1,P036,P2_phrase_plus_vigil,3,20260624,True
True,2,1,P036,P2_phrase_plus_vigil,3,20260624,True
True,2,1,P036,P2_phrase_plus_vigil,3,20260624,True
True,2,1,P036,P2_phrase_plus_vigil,3,20260624,True
True,2,1,P036,P2_phrase_plus_vigil,3,20260624,True
True,2,1,P036,P2_phrase_plus_vigil,3,20260624,True
True,2,1,P036,P2_phrase_plus_vigil,3,20260624,True
True,2,1,P036,P2_phrase_plus_vigil,3,20260624,True
True,2,1,P036,P2_phrase_plus_vigil,3,20260624,True
True,2,1,P036,P2_phrase_plus_vigil,3,20260624,True
True,2,1,P036,P2_phrase_plus_vigil,3,20260624,True
True,2,1,P036,P2_phrase_plus_vigil,3,20260624,True
True,2,1,P036,P2_phrase_plus_vigil,3,20260624,True
True,2,1,P036,P2_phrase_plus_vigil,3,20260624,True
True,2,1,P036,P2_phrase_plus_vigil,3,20260624,True
True,2,1,P036,P2_phrase_plus_vigil,3,20260624,True
True,2,1,P036,P2_phrase_plus_vigil,3,20260624,True
True,2,1,P036,P2_phrase_plus_vigil,3,20260624,True
True,2,1,P036,P2_phrase_plus_vigil,3,20260624,True
True,2,1,P036,P2_phrase_plus_vigil,3,20260624,True
True,2,1,P036,P2_phrase_plus_vigil,3,20260624,True
True,2,1,P036,P2_phrase_plus_vigil,3,20260624,True
True,2,1,P036,P2_phrase_plus_vigil,3,20260624,True
True,2,1,P036,P2_phrase_plus_vigil,3,20260624,True
True,2,1,P036,P2_phrase_plus_vigil,3,20260624,True
True,2,1,P036,P3_vigil_plus_phrase,3,20260624,True
True,2,1,P036,P3_vigil_plus_phrase,3,20260624,True
True,2,1,P036,P3_vigil_plus_phrase,3,20260624,True
True,2,1,P036,P3_vigil_plus_phrase,3,20260624,True
True,2,1,P036,P3_vigil_plus_phrase,3,20260624,True
True,2,1,P036,P3_vigil_plus_phrase,3,20260624,True
True,2,1,P036,P3_vigil_plus_phrase,3,20260624,True
True,2,1,P036,P3_vigil_plus_phrase,3,20260624,True
True,2,1,P036,P3_vigil_plus_phrase,3,20260624,True
True,2,1,P036,P3_vigil_plus_phrase,3,20260624,True
True,2,1,P036,P3_vigil_plus_phrase,3,20260624,True
True,2,1,P036,P3_vigil_plus_phrase,3,20260624,True
True,2,1,P036,P3_vigil_plus_phrase,3,20260624,True
True,2,1,P036,P3_vigil_plus_phrase,3,20260624,True
True,2,1,P036,P3_vigil_plus_phrase,3,20260624,True
True,2,1,P036,P3_vigil_plus_phrase,3,20260624,True
True,2,1,P036,P3_vigil_plus_phrase,3,20260624,True
True,2,1,P036,P3_vigil_plus_phrase,3,20260624,True
True,2,1,P036,P3_vigil_plus_phrase,3,20260624,True
True,2,1,P036,P3_vigil_plus_phrase,3,20260624,True
False,2,0,P036,P4_negative,3,20260624,False
False,2,0,P036,P4_negative,3,20260624,False
False,2,0,P036,P4_negative,3,20260624,False
False,2,0,P036,P4_negative,3,20260624,False
False,2,0,P036,P4_negative,3,20260624,False
False,2,0,P036,P4_negative,3,20260624,False
False,2,0,P036,P4_negative,3,20260624,False
False,2,0,P036,P4_negative,3,20260624,False
False,2,0,P036,P4_negative,3,20260624,False
False,2,0,P036,P4_negative,3,20260624,False
False,2,0,P036,P4_negative,3,20260624,False
False,2,0,P036,P4_negative,3,20260624,False
False,2,0,P036,P4_negative,3,20260624,False
False,2,0,P036,P4_negative,3,20260624,False
False,2,0,P036,P4_negative,3,20260624,False
False,2,0,P036,P4_negative,3,20260624,False
False,2,0,P036,P4_negative,3,20260624,False
False,2,0,P036,P4_negative,3,20260624,False
False,2,0,P036,P4_negative,3,20260624,False
False,2,0,P036,P4_negative,3,20260624,False
False,2,0,P036,P4_negative,3,20260624,False
False,2,0,P036,P4_negative,3,20260624,False
False,2,0,P036,P4_negative,3,20260624,False
False,2,0,P036,P4_negative,3,20260624,False
False,2,0,P036,P4_negative,3,20260624,False
False,2,0,P036,P4_negative,3,20260624,False
False,2,0,P036,P4_negative,3,20260624,False
False,2,0,P036,P4_negative,3,20260624,False
False,2,0,P036,P4_negative,3,20260624,False
False,2,0,P036,P4_negative,3,20260624,False
False,2,0,P036,P4_negative,3,20260624,False
False,2,0,P036,P4_negative,3,20260624,False
False,2,0,P036,P4_negative,3,20260624,False
False,2,0,P036,P4_negative,3,20260624,False
False,2,0,P036,P4_negative,3,20260624,False
False,2,0,P036,P4_negative,3,20260624,False
False,2,0,P036,P4_negative,3,20260624,False
False,2,0,P036,P4_negative,3,20260624,False
False,2,0,P036,P4_negative,3,20260624,False
False,2,0,P036,P4_negative,3,20260624,False
True,2,1,P026,P1_vigil_only,3,20260624,True
True,2,1,P026,P1_vigil_only,3,20260624,True
True,2,1,P026,P1_vigil_only,3,20260624,True
True,2,1,P026,P2_phrase_plus_vigil,3,20260624,True
True,2,1,P026,P2_phrase_plus_vigil,3,20260624,True
True,2,1,P026,P2_phrase_plus_vigil,3,20260624,True
True,2,1,P026,P3_vigil_plus_phrase,3,20260624,True
True,2,1,P026,P3_vigil_plus_phrase,3,20260624,True
True,2,1,P026,P3_vigil_plus_phrase,3,20260624,True
False,2,0,P026,P4_negative,3,20260624,False
False,2,0,P026,P4_negative,3,20260624,False
False,2,0,P026,P4_negative,3,20260624,False
False,2,0,P026,P4_negative,3,20260624,False
False,2,0,P026,P4_negative,3,20260624,False
False,2,0,P026,P4_negative,3,20260624,False
False,2,0,P026,P4_negative,3,20260624,False
False,2,0,P026,P4_negative,3,20260624,False
False,2,0,P026,P4_negative,3,20260624,False
False,2,0,P026,P4_negative,3,20260624,False
False,2,0,P026,P4_negative,3,20260624,False
False,2,0,P026,P4_negative,3,20260624,False
False,2,0,P026,P4_negative,3,20260624,False
False,2,0,P026,P4_negative,3,20260624,False
False,2,0,P026,P4_negative,3,20260624,False
False,2,1,P003,P1_vigil_only,3,20260624,False
False,2,1,P003,P1_vigil_only,3,20260624,False
False,2,0,P003,P4_negative,3,20260624,False
False,2,0,P003,P4_negative,3,20260624,False
False,2,0,P003,P4_negative,3,20260624,False
True,2,1,P001,P1_vigil_only,3,20260624,True
True,2,1,P001,P1_vigil_only,3,20260624,True
True,2,1,P001,P1_vigil_only,3,20260624,True
True,2,1,P001,P1_vigil_only,3,20260624,True
True,2,1,P001,P2_phrase_plus_vigil,3,20260624,True
True,2,1,P001,P2_phrase_plus_vigil,3,20260624,True
True,2,1,P001,P2_phrase_plus_vigil,3,20260624,True
True,2,1,P001,P2_phrase_plus_vigil,3,20260624,True
True,2,1,P001,P2_phrase_plus_vigil,3,20260624,True
True,2,1,P001,P2_phrase_plus_vigil,3,20260624,True
True,2,1,P001,P2_phrase_plus_vigil,3,20260624,True
True,2,1,P001,P2_phrase_plus_vigil,3,20260624,True
True,2,1,P001,P2_phrase_plus_vigil,3,20260624,True
True,2,1,P001,P2_phrase_plus_vigil,3,20260624,True
True,2,1,P001,P3_vigil_plus_phrase,3,20260624,True
True,2,1,P001,P3_vigil_plus_phrase,3,20260624,True
True,2,1,P001,P3_vigil_plus_phrase,3,20260624,True
True,2,1,P001,P3_vigil_plus_phrase,3,20260624,True
True,2,1,P001,P3_vigil_plus_phrase,3,20260624,True
False,2,1,P001,P3_vigil_plus_phrase,3,20260624,False
True,2,1,P001,P3_vigil_plus_phrase,3,20260624,True
False,2,0,P001,P4_negative,3,20260624,False
False,2,0,P001,P4_negative,3,20260624,False
False,2,0,P001,P4_negative,3,20260624,False
False,2,0,P001,P4_negative,3,20260624,False
False,2,0,P001,P4_negative,3,20260624,False
False,2,0,P001,P4_negative,3,20260624,False
False,2,0,P001,P4_negative,3,20260624,False
False,2,0,P001,P4_negative,3,20260624,False
False,2,0,P001,P4_negative,3,20260624,False
False,2,0,P001,P4_negative,3,20260624,False
False,2,0,P001,P4_negative,3,20260624,False
False,2,0,P001,P4_negative,3,20260624,False
False,2,0,P001,P4_negative,3,20260624,False
False,2,0,P001,P4_negative,3,20260624,False
False,2,0,P001,P4_negative,3,20260624,False
False,2,0,P001,P4_negative,3,20260624,False
False,2,0,P001,P4_negative,3,20260624,False
False,2,0,P001,P4_negative,3,20260624,False
False,2,0,P001,P4_negative,3,20260624,False
False,2,0,P001,P4_negative,3,20260624,False
False,2,0,P001,P4_negative,3,20260624,False
False,2,0,P001,P4_negative,3,20260624,False
False,2,0,P001,P4_negative,3,20260624,False
False,2,0,P001,P4_negative,3,20260624,False
False,2,0,P001,P4_negative,3,20260624,False
False,2,0,P001,P4_negative,3,20260624,False
False,2,0,P001,P4_negative,3,20260624,False
False,2,0,P001,P4_negative,3,20260624,False
False,2,0,P001,P4_negative,3,20260624,False
False,2,0,P001,P4_negative,3,20260624,False
True,2,1,P008,P1_vigil_only,3,20260624,True
True,2,1,P008,P1_vigil_only,3,20260624,True
True,2,1,P008,P1_vigil_only,3,20260624,True
True,2,1,P008,P2_phrase_plus_vigil,3,20260624,True
True,2,1,P008,P2_phrase_plus_vigil,3,20260624,True
True,2,1,P008,P2_phrase_plus_vigil,3,20260624,True
True,2,1,P008,P3_vigil_plus_phrase,3,20260624,True
True,2,1,P008,P3_vigil_plus_phrase,3,20260624,True
True,2,1,P008,P3_vigil_plus_phrase,3,20260624,True
True,2,1,P008,P3_vigil_plus_phrase,3,20260624,True
False,2,0,P008,P4_negative,3,20260624,False
False,2,0,P008,P4_negative,3,20260624,False
False,2,0,P008,P4_negative,3,20260624,False
False,2,0,P008,P4_negative,3,20260624,False
False,2,0,P008,P4_negative,3,20260624,False
False,2,0,P008,P4_negative,3,20260624,False
False,2,0,P008,P4_negative,3,20260624,False
False,2,0,P008,P4_negative,3,20260624,False
False,2,0,P008,P4_negative,3,20260624,False
False,2,0,P008,P4_negative,3,20260624,False
False,2,0,P008,P4_negative,3,20260624,False
False,2,0,P008,P4_negative,3,20260624,False
False,2,0,P008,P4_negative,3,20260624,False
False,2,0,P008,P4_negative,3,20260624,False
False,2,0,P008,P4_negative,3,20260624,False
True,2,1,P008,P3_vigil_plus_phrase,3,20260624,True
True,2,1,P008,P3_vigil_plus_phrase,3,20260624,True
True,2,1,P006,P1_vigil_only,3,20260624,True
True,2,1,P006,P1_vigil_only,3,20260624,True
True,2,1,P006,P1_vigil_only,3,20260624,True
False,2,1,P006,P1_vigil_only,3,20260624,False
True,2,1,P006,P1_vigil_only,3,20260624,True
True,2,1,P006,P1_vigil_only,3,20260624,True
True,2,1,P006,P1_vigil_only,3,20260624,True
True,2,1,P006,P2_phrase_plus_vigil,3,20260624,True
True,2,1,P006,P2_phrase_plus_vigil,3,20260624,True
True,2,1,P006,P2_phrase_plus_vigil,3,20260624,True
True,2,1,P006,P2_phrase_plus_vigil,3,20260624,True
True,2,1,P006,P2_phrase_plus_vigil,3,20260624,True
True,2,1,P006,P2_phrase_plus_vigil,3,20260624,True
True,2,1,P006,P2_phrase_plus_vigil,3,20260624,True
True,2,1,P006,P2_phrase_plus_vigil,3,20260624,True
True,2,1,P006,P2_phrase_plus_vigil,3,20260624,True
True,2,1,P006,P3_vigil_plus_phrase,3,20260624,True
True,2,1,P006,P3_vigil_plus_phrase,3,20260624,True
True,2,1,P006,P3_vigil_plus_phrase,3,20260624,True
True,2,1,P006,P3_vigil_plus_phrase,3,20260624,True
True,2,1,P006,P3_vigil_plus_phrase,3,20260624,True
True,2,1,P006,P3_vigil_plus_phrase,3,20260624,True
True,2,1,P006,P3_vigil_plus_phrase,3,20260624,True
True,2,1,P006,P3_vigil_plus_phrase,3,20260624,True
False,2,0,P006,P4_negative,3,20260624,False
False,2,0,P006,P4_negative,3,20260624,False
False,2,0,P006,P4_negative,3,20260624,False
False,2,0,P006,P4_negative,3,20260624,False
False,2,0,P006,P4_negative,3,20260624,False
False,2,0,P006,P4_negative,3,20260624,False
False,2,0,P006,P4_negative,3,20260624,False
True,2,1,P004,P1_vigil_only,5,20260624,True
True,2,1,P004,P2_phrase_plus_vigil,5,20260624,True
True,2,1,P004,P2_phrase_plus_vigil,5,20260624,True
True,2,1,P004,P2_phrase_plus_vigil,5,20260624,True
True,2,1,P004,P3_vigil_plus_phrase,5,20260624,True
True,2,1,P004,P3_vigil_plus_phrase,5,20260624,True
True,2,1,P004,P3_vigil_plus_phrase,5,20260624,True
False,2,1,P004,P3_vigil_plus_phrase,5,20260624,False
False,2,0,P004,P4_negative,5,20260624,False
False,2,0,P004,P4_negative,5,20260624,False
False,2,0,P004,P4_negative,5,20260624,False
False,2,1,P036,P1_vigil_only,5,20260624,False
True,2,1,P036,P1_vigil_only,5,20260624,True
True,2,1,P036,P1_vigil_only,5,20260624,True
True,2,1,P036,P1_vigil_only,5,20260624,True
True,2,1,P036,P1_vigil_only,5,20260624,True
True,2,1,P036,P2_phrase_plus_vigil,5,20260624,True
True,2,1,P036,P2_phrase_plus_vigil,5,20260624,True
True,2,1,P036,P2_phrase_plus_vigil,5,20260624,True
True,2,1,P036,P2_phrase_plus_vigil,5,20260624,True
True,2,1,P036,P2_phrase_plus_vigil,5,20260624,True
True,2,1,P036,P2_phrase_plus_vigil,5,20260624,True
True,2,1,P036,P2_phrase_plus_vigil,5,20260624,True
True,2,1,P036,P2_phrase_plus_vigil,5,20260624,True
True,2,1,P036,P2_phrase_plus_vigil,5,20260624,True
True,2,1,P036,P2_phrase_plus_vigil,5,20260624,True
True,2,1,P036,P2_phrase_plus_vigil,5,20260624,True
True,2,1,P036,P2_phrase_plus_vigil,5,20260624,True
True,2,1,P036,P2_phrase_plus_vigil,5,20260624,True
True,2,1,P036,P2_phrase_plus_vigil,5,20260624,True
True,2,1,P036,P2_phrase_plus_vigil,5,20260624,True
True,2,1,P036,P2_phrase_plus_vigil,5,20260624,True
True,2,1,P036,P2_phrase_plus_vigil,5,20260624,True
True,2,1,P036,P2_phrase_plus_vigil,5,20260624,True
True,2,1,P036,P2_phrase_plus_vigil,5,20260624,True
True,2,1,P036,P2_phrase_plus_vigil,5,20260624,True
True,2,1,P036,P2_phrase_plus_vigil,5,20260624,True
True,2,1,P036,P2_phrase_plus_vigil,5,20260624,True
True,2,1,P036,P2_phrase_plus_vigil,5,20260624,True
True,2,1,P036,P2_phrase_plus_vigil,5,20260624,True
True,2,1,P036,P2_phrase_plus_vigil,5,20260624,True
True,2,1,P036,P2_phrase_plus_vigil,5,20260624,True
True,2,1,P036,P3_vigil_plus_phrase,5,20260624,True
True,2,1,P036,P3_vigil_plus_phrase,5,20260624,True
True,2,1,P036,P3_vigil_plus_phrase,5,20260624,True
True,2,1,P036,P3_vigil_plus_phrase,5,20260624,True
True,2,1,P036,P3_vigil_plus_phrase,5,20260624,True
True,2,1,P036,P3_vigil_plus_phrase,5,20260624,True
True,2,1,P036,P3_vigil_plus_phrase,5,20260624,True
True,2,1,P036,P3_vigil_plus_phrase,5,20260624,True
True,2,1,P036,P3_vigil_plus_phrase,5,20260624,True
True,2,1,P036,P3_vigil_plus_phrase,5,20260624,True
True,2,1,P036,P3_vigil_plus_phrase,5,20260624,True
True,2,1,P036,P3_vigil_plus_phrase,5,20260624,True
True,2,1,P036,P3_vigil_plus_phrase,5,20260624,True
True,2,1,P036,P3_vigil_plus_phrase,5,20260624,True
True,2,1,P036,P3_vigil_plus_phrase,5,20260624,True
True,2,1,P036,P3_vigil_plus_phrase,5,20260624,True
True,2,1,P036,P3_vigil_plus_phrase,5,20260624,True
True,2,1,P036,P3_vigil_plus_phrase,5,20260624,True
True,2,1,P036,P3_vigil_plus_phrase,5,20260624,True
False,2,0,P036,P4_negative,5,20260624,False
False,2,0,P036,P4_negative,5,20260624,False
False,2,0,P036,P4_negative,5,20260624,False
False,2,0,P036,P4_negative,5,20260624,False
False,2,0,P036,P4_negative,5,20260624,False
False,2,0,P036,P4_negative,5,20260624,False
False,2,0,P036,P4_negative,5,20260624,False
False,2,0,P036,P4_negative,5,20260624,False
False,2,0,P036,P4_negative,5,20260624,False
False,2,0,P036,P4_negative,5,20260624,False
False,2,0,P036,P4_negative,5,20260624,False
False,2,0,P036,P4_negative,5,20260624,False
False,2,0,P036,P4_negative,5,20260624,False
False,2,0,P036,P4_negative,5,20260624,False
False,2,0,P036,P4_negative,5,20260624,False
False,2,0,P036,P4_negative,5,20260624,False
False,2,0,P036,P4_negative,5,20260624,False
False,2,0,P036,P4_negative,5,20260624,False
False,2,0,P036,P4_negative,5,20260624,False
False,2,0,P036,P4_negative,5,20260624,False
False,2,0,P036,P4_negative,5,20260624,False
False,2,0,P036,P4_negative,5,20260624,False
False,2,0,P036,P4_negative,5,20260624,False
False,2,0,P036,P4_negative,5,20260624,False
False,2,0,P036,P4_negative,5,20260624,False
False,2,0,P036,P4_negative,5,20260624,False
False,2,0,P036,P4_negative,5,20260624,False
False,2,0,P036,P4_negative,5,20260624,False
False,2,0,P036,P4_negative,5,20260624,False
False,2,0,P036,P4_negative,5,20260624,False
False,2,0,P036,P4_negative,5,20260624,False
False,2,0,P036,P4_negative,5,20260624,False
False,2,0,P036,P4_negative,5,20260624,False
False,2,0,P036,P4_negative,5,20260624,False
False,2,0,P036,P4_negative,5,20260624,False
False,2,0,P036,P4_negative,5,20260624,False
False,2,0,P036,P4_negative,5,20260624,False
False,2,0,P036,P4_negative,5,20260624,False
False,2,0,P036,P4_negative,5,20260624,False
False,2,0,P036,P4_negative,5,20260624,False
True,2,1,P026,P1_vigil_only,5,20260624,True
True,2,1,P026,P2_phrase_plus_vigil,5,20260624,True
True,2,1,P026,P2_phrase_plus_vigil,5,20260624,True
True,2,1,P026,P2_phrase_plus_vigil,5,20260624,True
True,2,1,P026,P3_vigil_plus_phrase,5,20260624,True
True,2,1,P026,P3_vigil_plus_phrase,5,20260624,True
True,2,1,P026,P3_vigil_plus_phrase,5,20260624,True
False,2,0,P026,P4_negative,5,20260624,False
False,2,0,P026,P4_negative,5,20260624,False
False,2,0,P026,P4_negative,5,20260624,False
False,2,0,P026,P4_negative,5,20260624,False
False,2,0,P026,P4_negative,5,20260624,False
False,2,0,P026,P4_negative,5,20260624,False
False,2,0,P026,P4_negative,5,20260624,False
False,2,0,P026,P4_negative,5,20260624,False
False,2,0,P026,P4_negative,5,20260624,False
False,2,0,P026,P4_negative,5,20260624,False
False,2,0,P026,P4_negative,5,20260624,False
False,2,0,P026,P4_negative,5,20260624,False
False,2,0,P026,P4_negative,5,20260624,False
False,2,0,P026,P4_negative,5,20260624,False
False,2,0,P026,P4_negative,5,20260624,False
True,2,1,P001,P1_vigil_only,5,20260624,True
True,2,1,P001,P1_vigil_only,5,20260624,True
True,2,1,P001,P1_vigil_only,5,20260624,True
True,2,1,P001,P2_phrase_plus_vigil,5,20260624,True
True,2,1,P001,P2_phrase_plus_vigil,5,20260624,True
True,2,1,P001,P2_phrase_plus_vigil,5,20260624,True
True,2,1,P001,P2_phrase_plus_vigil,5,20260624,True
True,2,1,P001,P2_phrase_plus_vigil,5,20260624,True
True,2,1,P001,P2_phrase_plus_vigil,5,20260624,True
True,2,1,P001,P2_phrase_plus_vigil,5,20260624,True
True,2,1,P001,P2_phrase_plus_vigil,5,20260624,True
True,2,1,P001,P2_phrase_plus_vigil,5,20260624,True
True,2,1,P001,P3_vigil_plus_phrase,5,20260624,True
True,2,1,P001,P3_vigil_plus_phrase,5,20260624,True
True,2,1,P001,P3_vigil_plus_phrase,5,20260624,True
True,2,1,P001,P3_vigil_plus_phrase,5,20260624,True
True,2,1,P001,P3_vigil_plus_phrase,5,20260624,True
False,2,1,P001,P3_vigil_plus_phrase,5,20260624,False
True,2,1,P001,P3_vigil_plus_phrase,5,20260624,True
False,2,0,P001,P4_negative,5,20260624,False
False,2,0,P001,P4_negative,5,20260624,False
False,2,0,P001,P4_negative,5,20260624,False
False,2,0,P001,P4_negative,5,20260624,False
False,2,0,P001,P4_negative,5,20260624,False
False,2,0,P001,P4_negative,5,20260624,False
False,2,0,P001,P4_negative,5,20260624,False
False,2,0,P001,P4_negative,5,20260624,False
False,2,0,P001,P4_negative,5,20260624,False
False,2,0,P001,P4_negative,5,20260624,False
False,2,0,P001,P4_negative,5,20260624,False
False,2,0,P001,P4_negative,5,20260624,False
False,2,0,P001,P4_negative,5,20260624,False
False,2,0,P001,P4_negative,5,20260624,False
False,2,0,P001,P4_negative,5,20260624,False
False,2,0,P001,P4_negative,5,20260624,False
False,2,0,P001,P4_negative,5,20260624,False
False,2,0,P001,P4_negative,5,20260624,False
False,2,0,P001,P4_negative,5,20260624,False
False,2,0,P001,P4_negative,5,20260624,False
False,2,0,P001,P4_negative,5,20260624,False
False,2,0,P001,P4_negative,5,20260624,False
False,2,0,P001,P4_negative,5,20260624,False
False,2,0,P001,P4_negative,5,20260624,False
False,2,0,P001,P4_negative,5,20260624,False
False,2,0,P001,P4_negative,5,20260624,False
False,2,0,P001,P4_negative,5,20260624,False
False,2,0,P001,P4_negative,5,20260624,False
False,2,0,P001,P4_negative,5,20260624,False
False,2,0,P001,P4_negative,5,20260624,False
True,2,1,P008,P1_vigil_only,5,20260624,True
True,2,1,P008,P2_phrase_plus_vigil,5,20260624,True
True,2,1,P008,P2_phrase_plus_vigil,5,20260624,True
True,2,1,P008,P2_phrase_plus_vigil,5,20260624,True
True,2,1,P008,P3_vigil_plus_phrase,5,20260624,True
True,2,1,P008,P3_vigil_plus_phrase,5,20260624,True
True,2,1,P008,P3_vigil_plus_phrase,5,20260624,True
True,2,1,P008,P3_vigil_plus_phrase,5,20260624,True
False,2,0,P008,P4_negative,5,20260624,False
False,2,0,P008,P4_negative,5,20260624,False
False,2,0,P008,P4_negative,5,20260624,False
False,2,0,P008,P4_negative,5,20260624,False
False,2,0,P008,P4_negative,5,20260624,False
False,2,0,P008,P4_negative,5,20260624,False
False,2,0,P008,P4_negative,5,20260624,False
False,2,0,P008,P4_negative,5,20260624,False
False,2,0,P008,P4_negative,5,20260624,False
False,2,0,P008,P4_negative,5,20260624,False
False,2,0,P008,P4_negative,5,20260624,False
False,2,0,P008,P4_negative,5,20260624,False
False,2,0,P008,P4_negative,5,20260624,False
False,2,0,P008,P4_negative,5,20260624,False
False,2,0,P008,P4_negative,5,20260624,False
True,2,1,P008,P3_vigil_plus_phrase,5,20260624,True
True,2,1,P008,P3_vigil_plus_phrase,5,20260624,True
True,2,1,P006,P1_vigil_only,5,20260624,True
True,2,1,P006,P1_vigil_only,5,20260624,True
True,2,1,P006,P1_vigil_only,5,20260624,True
False,2,1,P006,P1_vigil_only,5,20260624,False
True,2,1,P006,P1_vigil_only,5,20260624,True
True,2,1,P006,P1_vigil_only,5,20260624,True
True,2,1,P006,P2_phrase_plus_vigil,5,20260624,True
True,2,1,P006,P2_phrase_plus_vigil,5,20260624,True
True,2,1,P006,P2_phrase_plus_vigil,5,20260624,True
True,2,1,P006,P2_phrase_plus_vigil,5,20260624,True
True,2,1,P006,P2_phrase_plus_vigil,5,20260624,True
True,2,1,P006,P2_phrase_plus_vigil,5,20260624,True
True,2,1,P006,P2_phrase_plus_vigil,5,20260624,True
True,2,1,P006,P2_phrase_plus_vigil,5,20260624,True
True,2,1,P006,P2_phrase_plus_vigil,5,20260624,True
True,2,1,P006,P3_vigil_plus_phrase,5,20260624,True
True,2,1,P006,P3_vigil_plus_phrase,5,20260624,True
True,2,1,P006,P3_vigil_plus_phrase,5,20260624,True
True,2,1,P006,P3_vigil_plus_phrase,5,20260624,True
True,2,1,P006,P3_vigil_plus_phrase,5,20260624,True
True,2,1,P006,P3_vigil_plus_phrase,5,20260624,True
True,2,1,P006,P3_vigil_plus_phrase,5,20260624,True
False,2,0,P006,P4_negative,5,20260624,False
False,2,0,P006,P4_negative,5,20260624,False
False,2,0,P006,P4_negative,5,20260624,False
False,2,0,P006,P4_negative,5,20260624,False
False,2,0,P006,P4_negative,5,20260624,False
False,2,0,P006,P4_negative,5,20260624,False
False,2,0,P006,P4_negative,5,20260624,False
True,3,1,P032,P1_vigil_only,3,20260620,True
True,3,1,P032,P2_phrase_plus_vigil,3,20260620,True
True,3,1,P032,P2_phrase_plus_vigil,3,20260620,True
True,3,1,P032,P2_phrase_plus_vigil,3,20260620,True
True,3,1,P032,P3_vigil_plus_phrase,3,20260620,True
False,3,0,P032,P4_negative,3,20260620,False
False,3,0,P032,P4_negative,3,20260620,False
True,3,1,P028,P1_vigil_only,3,20260620,True
True,3,1,P028,P1_vigil_only,3,20260620,True
True,3,1,P028,P2_phrase_plus_vigil,3,20260620,True
True,3,1,P028,P2_phrase_plus_vigil,3,20260620,True
False,3,1,P028,P2_phrase_plus_vigil,3,20260620,False
True,3,1,P028,P2_phrase_plus_vigil,3,20260620,True
True,3,1,P028,P2_phrase_plus_vigil,3,20260620,True
True,3,1,P028,P3_vigil_plus_phrase,3,20260620,True
True,3,1,P028,P3_vigil_plus_phrase,3,20260620,True
True,3,1,P028,P3_vigil_plus_phrase,3,20260620,True
True,3,1,P028,P3_vigil_plus_phrase,3,20260620,True
True,3,1,P028,P3_vigil_plus_phrase,3,20260620,True
True,3,1,P028,P3_vigil_plus_phrase,3,20260620,True
False,3,0,P028,P4_negative,3,20260620,False
False,3,0,P028,P4_negative,3,20260620,False
False,3,0,P028,P4_negative,3,20260620,False
False,3,0,P028,P4_negative,3,20260620,False
False,3,0,P028,P4_negative,3,20260620,False
False,3,0,P028,P4_negative,3,20260620,False
False,3,0,P028,P4_negative,3,20260620,False
False,3,0,P028,P4_negative,3,20260620,False
False,3,0,P028,P4_negative,3,20260620,False
False,3,0,P028,P4_negative,3,20260620,False
False,3,0,P028,P4_negative,3,20260620,False
False,3,0,P028,P4_negative,3,20260620,False
False,3,0,P028,P4_negative,3,20260620,False
False,3,0,P028,P4_negative,3,20260620,False
False,3,0,P028,P4_negative,3,20260620,False
False,3,1,P031,P1_vigil_only,3,20260620,False
True,3,1,P031,P2_phrase_plus_vigil,3,20260620,True
True,3,1,P031,P2_phrase_plus_vigil,3,20260620,True
True,3,1,P031,P2_phrase_plus_vigil,3,20260620,True
True,3,1,P031,P2_phrase_plus_vigil,3,20260620,True
True,3,1,P031,P3_vigil_plus_phrase,3,20260620,True
True,3,1,P031,P3_vigil_plus_phrase,3,20260620,True
True,3,1,P031,P3_vigil_plus_phrase,3,20260620,True
False,3,0,P031,P4_negative,3,20260620,False
False,3,0,P031,P4_negative,3,20260620,False
False,3,0,P031,P4_negative,3,20260620,False
False,3,0,P031,P4_negative,3,20260620,False
False,3,0,P031,P4_negative,3,20260620,False
False,3,0,P031,P4_negative,3,20260620,False
False,3,0,P031,P4_negative,3,20260620,False
False,3,0,P031,P4_negative,3,20260620,False
False,3,0,P031,P4_negative,3,20260620,False
False,3,0,P031,P4_negative,3,20260620,False
False,3,0,P031,P4_negative,3,20260620,False
False,3,0,P031,P4_negative,3,20260620,False
False,3,0,P031,P4_negative,3,20260620,False
False,3,0,P031,P4_negative,3,20260620,False
False,3,0,P031,P4_negative,3,20260620,False
False,3,1,P018,P1_vigil_only,3,20260620,False
True,3,1,P018,P1_vigil_only,3,20260620,True
True,3,1,P018,P1_vigil_only,3,20260620,True
True,3,1,P018,P1_vigil_only,3,20260620,True
False,3,1,P018,P1_vigil_only,3,20260620,False
True,3,1,P018,P1_vigil_only,3,20260620,True
True,3,1,P018,P1_vigil_only,3,20260620,True
True,3,1,P018,P1_vigil_only,3,20260620,True
True,3,1,P018,P2_phrase_plus_vigil,3,20260620,True
True,3,1,P018,P2_phrase_plus_vigil,3,20260620,True
True,3,1,P018,P2_phrase_plus_vigil,3,20260620,True
True,3,1,P018,P2_phrase_plus_vigil,3,20260620,True
True,3,1,P018,P2_phrase_plus_vigil,3,20260620,True
True,3,1,P018,P2_phrase_plus_vigil,3,20260620,True
True,3,1,P018,P2_phrase_plus_vigil,3,20260620,True
True,3,1,P018,P2_phrase_plus_vigil,3,20260620,True
True,3,1,P018,P2_phrase_plus_vigil,3,20260620,True
True,3,1,P018,P2_phrase_plus_vigil,3,20260620,True
True,3,1,P018,P2_phrase_plus_vigil,3,20260620,True
True,3,1,P018,P2_phrase_plus_vigil,3,20260620,True
True,3,1,P018,P2_phrase_plus_vigil,3,20260620,True
True,3,1,P018,P2_phrase_plus_vigil,3,20260620,True
True,3,1,P018,P2_phrase_plus_vigil,3,20260620,True
True,3,1,P018,P2_phrase_plus_vigil,3,20260620,True
True,3,1,P018,P2_phrase_plus_vigil,3,20260620,True
True,3,1,P018,P3_vigil_plus_phrase,3,20260620,True
True,3,1,P018,P3_vigil_plus_phrase,3,20260620,True
True,3,1,P018,P3_vigil_plus_phrase,3,20260620,True
True,3,1,P018,P3_vigil_plus_phrase,3,20260620,True
True,3,1,P018,P3_vigil_plus_phrase,3,20260620,True
True,3,1,P018,P3_vigil_plus_phrase,3,20260620,True
True,3,1,P018,P3_vigil_plus_phrase,3,20260620,True
True,3,1,P018,P3_vigil_plus_phrase,3,20260620,True
False,3,0,P018,P4_negative,3,20260620,False
False,3,0,P018,P4_negative,3,20260620,False
False,3,0,P018,P4_negative,3,20260620,False
False,3,0,P018,P4_negative,3,20260620,False
False,3,0,P018,P4_negative,3,20260620,False
False,3,0,P018,P4_negative,3,20260620,False
False,3,0,P018,P4_negative,3,20260620,False
False,3,0,P018,P4_negative,3,20260620,False
False,3,0,P018,P4_negative,3,20260620,False
False,3,0,P018,P4_negative,3,20260620,False
False,3,0,P018,P4_negative,3,20260620,False
False,3,0,P018,P4_negative,3,20260620,False
False,3,0,P018,P4_negative,3,20260620,False
False,3,0,P018,P4_negative,3,20260620,False
False,3,0,P018,P4_negative,3,20260620,False
False,3,0,P018,P4_negative,3,20260620,False
False,3,0,P018,P4_negative,3,20260620,False
False,3,0,P018,P4_negative,3,20260620,False
True,3,1,P037,P1_vigil_only,3,20260620,True
True,3,1,P037,P1_vigil_only,3,20260620,True
False,3,1,P037,P1_vigil_only,3,20260620,False
True,3,1,P037,P1_vigil_only,3,20260620,True
False,3,1,P037,P1_vigil_only,3,20260620,False
True,3,1,P037,P2_phrase_plus_vigil,3,20260620,True
True,3,1,P037,P2_phrase_plus_vigil,3,20260620,True
True,3,1,P037,P2_phrase_plus_vigil,3,20260620,True
True,3,1,P037,P2_phrase_plus_vigil,3,20260620,True
True,3,1,P037,P2_phrase_plus_vigil,3,20260620,True
True,3,1,P037,P2_phrase_plus_vigil,3,20260620,True
True,3,1,P037,P2_phrase_plus_vigil,3,20260620,True
True,3,1,P037,P2_phrase_plus_vigil,3,20260620,True
True,3,1,P037,P2_phrase_plus_vigil,3,20260620,True
True,3,1,P037,P2_phrase_plus_vigil,3,20260620,True
True,3,1,P037,P2_phrase_plus_vigil,3,20260620,True
True,3,1,P037,P2_phrase_plus_vigil,3,20260620,True
True,3,1,P037,P2_phrase_plus_vigil,3,20260620,True
True,3,1,P037,P2_phrase_plus_vigil,3,20260620,True
True,3,1,P037,P2_phrase_plus_vigil,3,20260620,True
True,3,1,P037,P2_phrase_plus_vigil,3,20260620,True
True,3,1,P037,P3_vigil_plus_phrase,3,20260620,True
True,3,1,P037,P3_vigil_plus_phrase,3,20260620,True
True,3,1,P037,P3_vigil_plus_phrase,3,20260620,True
True,3,1,P037,P3_vigil_plus_phrase,3,20260620,True
True,3,1,P037,P3_vigil_plus_phrase,3,20260620,True
True,3,1,P037,P3_vigil_plus_phrase,3,20260620,True
True,3,1,P037,P3_vigil_plus_phrase,3,20260620,True
True,3,1,P037,P3_vigil_plus_phrase,3,20260620,True
True,3,1,P037,P3_vigil_plus_phrase,3,20260620,True
True,3,1,P037,P3_vigil_plus_phrase,3,20260620,True
True,3,1,P037,P3_vigil_plus_phrase,3,20260620,True
False,3,1,P037,P3_vigil_plus_phrase,3,20260620,False
True,3,1,P037,P3_vigil_plus_phrase,3,20260620,True
False,3,0,P037,P4_negative,3,20260620,False
False,3,0,P037,P4_negative,3,20260620,False
False,3,0,P037,P4_negative,3,20260620,False
False,3,0,P037,P4_negative,3,20260620,False
False,3,0,P037,P4_negative,3,20260620,False
False,3,0,P037,P4_negative,3,20260620,False
False,3,0,P037,P4_negative,3,20260620,False
False,3,0,P037,P4_negative,3,20260620,False
False,3,0,P037,P4_negative,3,20260620,False
False,3,0,P037,P4_negative,3,20260620,False
False,3,0,P037,P4_negative,3,20260620,False
False,3,0,P037,P4_negative,3,20260620,False
False,3,0,P037,P4_negative,3,20260620,False
False,3,0,P037,P4_negative,3,20260620,False
False,3,0,P037,P4_negative,3,20260620,False
False,3,0,P037,P4_negative,3,20260620,False
False,3,0,P037,P4_negative,3,20260620,False
False,3,0,P037,P4_negative,3,20260620,False
False,3,0,P037,P4_negative,3,20260620,False
False,3,0,P037,P4_negative,3,20260620,False
False,3,0,P037,P4_negative,3,20260620,False
False,3,0,P037,P4_negative,3,20260620,False
False,3,0,P037,P4_negative,3,20260620,False
False,3,0,P037,P4_negative,3,20260620,False
False,3,0,P037,P4_negative,3,20260620,False
False,3,0,P037,P4_negative,3,20260620,False
False,3,0,P037,P4_negative,3,20260620,False
False,3,0,P037,P4_negative,3,20260620,False
False,3,0,P037,P4_negative,3,20260620,False
False,3,0,P037,P4_negative,3,20260620,False
False,3,0,P037,P4_negative,3,20260620,False
False,3,0,P037,P4_negative,3,20260620,False
False,3,0,P037,P4_negative,3,20260620,False
False,3,0,P037,P4_negative,3,20260620,False
False,3,0,P037,P4_negative,3,20260620,False
False,3,0,P037,P4_negative,3,20260620,False
False,3,0,P037,P4_negative,3,20260620,False
False,3,0,P037,P4_negative,3,20260620,False
False,3,0,P037,P4_negative,3,20260620,False
False,3,0,P037,P4_negative,3,20260620,False
False,3,0,P037,P4_negative,3,20260620,False
False,3,0,P037,P4_negative,3,20260620,False
False,3,0,P037,P4_negative,3,20260620,False
False,3,0,P037,P4_negative,3,20260620,False
False,3,0,P037,P4_negative,3,20260620,False
False,3,0,P037,P4_negative,3,20260620,False
False,3,0,P037,P4_negative,3,20260620,False
False,3,0,P037,P4_negative,3,20260620,False
False,3,0,P037,P4_negative,3,20260620,False
False,3,0,P037,P4_negative,3,20260620,False
False,3,0,P037,P4_negative,3,20260620,False
False,3,0,P037,P4_negative,3,20260620,False
False,3,0,P037,P4_negative,3,20260620,False
False,3,0,P037,P4_negative,3,20260620,False
False,3,0,P037,P4_negative,3,20260620,False
False,3,0,P037,P4_negative,3,20260620,False
False,3,0,P037,P4_negative,3,20260620,False
True,3,1,P010,P1_vigil_only,3,20260620,True
True,3,1,P010,P1_vigil_only,3,20260620,True
False,3,1,P010,P1_vigil_only,3,20260620,False
True,3,1,P010,P2_phrase_plus_vigil,3,20260620,True
True,3,1,P010,P2_phrase_plus_vigil,3,20260620,True
True,3,1,P010,P2_phrase_plus_vigil,3,20260620,True
True,3,1,P010,P2_phrase_plus_vigil,3,20260620,True
True,3,1,P010,P2_phrase_plus_vigil,3,20260620,True
True,3,1,P010,P2_phrase_plus_vigil,3,20260620,True
True,3,1,P010,P2_phrase_plus_vigil,3,20260620,True
True,3,1,P010,P2_phrase_plus_vigil,3,20260620,True
True,3,1,P010,P3_vigil_plus_phrase,3,20260620,True
True,3,1,P010,P3_vigil_plus_phrase,3,20260620,True
True,3,1,P010,P3_vigil_plus_phrase,3,20260620,True
True,3,1,P010,P3_vigil_plus_phrase,3,20260620,True
True,3,1,P010,P3_vigil_plus_phrase,3,20260620,True
False,3,0,P010,P4_negative,3,20260620,False
False,3,0,P010,P4_negative,3,20260620,False
False,3,0,P010,P4_negative,3,20260620,False
False,3,0,P010,P4_negative,3,20260620,False
False,3,0,P010,P4_negative,3,20260620,False
False,3,0,P010,P4_negative,3,20260620,False
False,3,0,P010,P4_negative,3,20260620,False
False,3,0,P010,P4_negative,3,20260620,False
False,3,0,P010,P4_negative,3,20260620,False
False,3,0,P010,P4_negative,3,20260620,False
False,3,0,P010,P4_negative,3,20260620,False
False,3,0,P010,P4_negative,3,20260620,False
False,3,0,P010,P4_negative,3,20260620,False
False,3,0,P010,P4_negative,3,20260620,False
False,3,0,P010,P4_negative,3,20260620,False
False,3,0,P010,P4_negative,3,20260620,False
False,3,0,P010,P4_negative,3,20260620,False
True,3,1,P032,P1_vigil_only,5,20260620,True
True,3,1,P032,P2_phrase_plus_vigil,5,20260620,True
True,3,1,P032,P3_vigil_plus_phrase,5,20260620,True
False,3,0,P032,P4_negative,5,20260620,False
False,3,0,P032,P4_negative,5,20260620,False
True,3,1,P028,P1_vigil_only,5,20260620,True
True,3,1,P028,P1_vigil_only,5,20260620,True
True,3,1,P028,P2_phrase_plus_vigil,5,20260620,True
True,3,1,P028,P2_phrase_plus_vigil,5,20260620,True
True,3,1,P028,P2_phrase_plus_vigil,5,20260620,True
True,3,1,P028,P2_phrase_plus_vigil,5,20260620,True
True,3,1,P028,P3_vigil_plus_phrase,5,20260620,True
True,3,1,P028,P3_vigil_plus_phrase,5,20260620,True
True,3,1,P028,P3_vigil_plus_phrase,5,20260620,True
True,3,1,P028,P3_vigil_plus_phrase,5,20260620,True
True,3,1,P028,P3_vigil_plus_phrase,5,20260620,True
False,3,0,P028,P4_negative,5,20260620,False
False,3,0,P028,P4_negative,5,20260620,False
False,3,0,P028,P4_negative,5,20260620,False
False,3,0,P028,P4_negative,5,20260620,False
False,3,0,P028,P4_negative,5,20260620,False
False,3,0,P028,P4_negative,5,20260620,False
False,3,0,P028,P4_negative,5,20260620,False
False,3,0,P028,P4_negative,5,20260620,False
False,3,0,P028,P4_negative,5,20260620,False
False,3,0,P028,P4_negative,5,20260620,False
False,3,0,P028,P4_negative,5,20260620,False
False,3,0,P028,P4_negative,5,20260620,False
False,3,0,P028,P4_negative,5,20260620,False
False,3,0,P028,P4_negative,5,20260620,False
False,3,0,P028,P4_negative,5,20260620,False
False,3,1,P031,P1_vigil_only,5,20260620,False
True,3,1,P031,P2_phrase_plus_vigil,5,20260620,True
True,3,1,P031,P2_phrase_plus_vigil,5,20260620,True
True,3,1,P031,P3_vigil_plus_phrase,5,20260620,True
True,3,1,P031,P3_vigil_plus_phrase,5,20260620,True
True,3,1,P031,P3_vigil_plus_phrase,5,20260620,True
False,3,0,P031,P4_negative,5,20260620,False
False,3,0,P031,P4_negative,5,20260620,False
False,3,0,P031,P4_negative,5,20260620,False
False,3,0,P031,P4_negative,5,20260620,False
False,3,0,P031,P4_negative,5,20260620,False
False,3,0,P031,P4_negative,5,20260620,False
False,3,0,P031,P4_negative,5,20260620,False
False,3,0,P031,P4_negative,5,20260620,False
False,3,0,P031,P4_negative,5,20260620,False
False,3,0,P031,P4_negative,5,20260620,False
False,3,0,P031,P4_negative,5,20260620,False
False,3,0,P031,P4_negative,5,20260620,False
False,3,0,P031,P4_negative,5,20260620,False
False,3,0,P031,P4_negative,5,20260620,False
False,3,0,P031,P4_negative,5,20260620,False
False,3,1,P018,P1_vigil_only,5,20260620,False
True,3,1,P018,P1_vigil_only,5,20260620,True
True,3,1,P018,P1_vigil_only,5,20260620,True
True,3,1,P018,P1_vigil_only,5,20260620,True
False,3,1,P018,P1_vigil_only,5,20260620,False
True,3,1,P018,P1_vigil_only,5,20260620,True
True,3,1,P018,P1_vigil_only,5,20260620,True
True,3,1,P018,P1_vigil_only,5,20260620,True
True,3,1,P018,P2_phrase_plus_vigil,5,20260620,True
True,3,1,P018,P2_phrase_plus_vigil,5,20260620,True
True,3,1,P018,P2_phrase_plus_vigil,5,20260620,True
True,3,1,P018,P2_phrase_plus_vigil,5,20260620,True
True,3,1,P018,P2_phrase_plus_vigil,5,20260620,True
True,3,1,P018,P2_phrase_plus_vigil,5,20260620,True
True,3,1,P018,P2_phrase_plus_vigil,5,20260620,True
True,3,1,P018,P2_phrase_plus_vigil,5,20260620,True
True,3,1,P018,P2_phrase_plus_vigil,5,20260620,True
True,3,1,P018,P2_phrase_plus_vigil,5,20260620,True
True,3,1,P018,P2_phrase_plus_vigil,5,20260620,True
True,3,1,P018,P2_phrase_plus_vigil,5,20260620,True
True,3,1,P018,P2_phrase_plus_vigil,5,20260620,True
True,3,1,P018,P2_phrase_plus_vigil,5,20260620,True
True,3,1,P018,P2_phrase_plus_vigil,5,20260620,True
True,3,1,P018,P2_phrase_plus_vigil,5,20260620,True
True,3,1,P018,P3_vigil_plus_phrase,5,20260620,True
True,3,1,P018,P3_vigil_plus_phrase,5,20260620,True
True,3,1,P018,P3_vigil_plus_phrase,5,20260620,True
True,3,1,P018,P3_vigil_plus_phrase,5,20260620,True
True,3,1,P018,P3_vigil_plus_phrase,5,20260620,True
True,3,1,P018,P3_vigil_plus_phrase,5,20260620,True
True,3,1,P018,P3_vigil_plus_phrase,5,20260620,True
False,3,0,P018,P4_negative,5,20260620,False
False,3,0,P018,P4_negative,5,20260620,False
False,3,0,P018,P4_negative,5,20260620,False
False,3,0,P018,P4_negative,5,20260620,False
False,3,0,P018,P4_negative,5,20260620,False
False,3,0,P018,P4_negative,5,20260620,False
False,3,0,P018,P4_negative,5,20260620,False
False,3,0,P018,P4_negative,5,20260620,False
False,3,0,P018,P4_negative,5,20260620,False
False,3,0,P018,P4_negative,5,20260620,False
False,3,0,P018,P4_negative,5,20260620,False
False,3,0,P018,P4_negative,5,20260620,False
False,3,0,P018,P4_negative,5,20260620,False
False,3,0,P018,P4_negative,5,20260620,False
False,3,0,P018,P4_negative,5,20260620,False
False,3,0,P018,P4_negative,5,20260620,False
False,3,0,P018,P4_negative,5,20260620,False
False,3,0,P018,P4_negative,5,20260620,False
True,3,1,P037,P1_vigil_only,5,20260620,True
True,3,1,P037,P1_vigil_only,5,20260620,True
False,3,1,P037,P1_vigil_only,5,20260620,False
True,3,1,P037,P1_vigil_only,5,20260620,True
False,3,1,P037,P1_vigil_only,5,20260620,False
True,3,1,P037,P2_phrase_plus_vigil,5,20260620,True
True,3,1,P037,P2_phrase_plus_vigil,5,20260620,True
True,3,1,P037,P2_phrase_plus_vigil,5,20260620,True
True,3,1,P037,P2_phrase_plus_vigil,5,20260620,True
True,3,1,P037,P2_phrase_plus_vigil,5,20260620,True
True,3,1,P037,P2_phrase_plus_vigil,5,20260620,True
True,3,1,P037,P2_phrase_plus_vigil,5,20260620,True
True,3,1,P037,P2_phrase_plus_vigil,5,20260620,True
True,3,1,P037,P2_phrase_plus_vigil,5,20260620,True
True,3,1,P037,P2_phrase_plus_vigil,5,20260620,True
True,3,1,P037,P2_phrase_plus_vigil,5,20260620,True
True,3,1,P037,P2_phrase_plus_vigil,5,20260620,True
True,3,1,P037,P2_phrase_plus_vigil,5,20260620,True
True,3,1,P037,P2_phrase_plus_vigil,5,20260620,True
True,3,1,P037,P2_phrase_plus_vigil,5,20260620,True
True,3,1,P037,P2_phrase_plus_vigil,5,20260620,True
True,3,1,P037,P3_vigil_plus_phrase,5,20260620,True
True,3,1,P037,P3_vigil_plus_phrase,5,20260620,True
True,3,1,P037,P3_vigil_plus_phrase,5,20260620,True
True,3,1,P037,P3_vigil_plus_phrase,5,20260620,True
True,3,1,P037,P3_vigil_plus_phrase,5,20260620,True
True,3,1,P037,P3_vigil_plus_phrase,5,20260620,True
True,3,1,P037,P3_vigil_plus_phrase,5,20260620,True
True,3,1,P037,P3_vigil_plus_phrase,5,20260620,True
True,3,1,P037,P3_vigil_plus_phrase,5,20260620,True
True,3,1,P037,P3_vigil_plus_phrase,5,20260620,True
True,3,1,P037,P3_vigil_plus_phrase,5,20260620,True
False,3,0,P037,P4_negative,5,20260620,False
False,3,0,P037,P4_negative,5,20260620,False
False,3,0,P037,P4_negative,5,20260620,False
False,3,0,P037,P4_negative,5,20260620,False
False,3,0,P037,P4_negative,5,20260620,False
False,3,0,P037,P4_negative,5,20260620,False
False,3,0,P037,P4_negative,5,20260620,False
False,3,0,P037,P4_negative,5,20260620,False
False,3,0,P037,P4_negative,5,20260620,False
False,3,0,P037,P4_negative,5,20260620,False
False,3,0,P037,P4_negative,5,20260620,False
False,3,0,P037,P4_negative,5,20260620,False
False,3,0,P037,P4_negative,5,20260620,False
False,3,0,P037,P4_negative,5,20260620,False
False,3,0,P037,P4_negative,5,20260620,False
False,3,0,P037,P4_negative,5,20260620,False
False,3,0,P037,P4_negative,5,20260620,False
False,3,0,P037,P4_negative,5,20260620,False
False,3,0,P037,P4_negative,5,20260620,False
False,3,0,P037,P4_negative,5,20260620,False
False,3,0,P037,P4_negative,5,20260620,False
False,3,0,P037,P4_negative,5,20260620,False
False,3,0,P037,P4_negative,5,20260620,False
False,3,0,P037,P4_negative,5,20260620,False
False,3,0,P037,P4_negative,5,20260620,False
False,3,0,P037,P4_negative,5,20260620,False
False,3,0,P037,P4_negative,5,20260620,False
False,3,0,P037,P4_negative,5,20260620,False
False,3,0,P037,P4_negative,5,20260620,False
False,3,0,P037,P4_negative,5,20260620,False
False,3,0,P037,P4_negative,5,20260620,False
False,3,0,P037,P4_negative,5,20260620,False
False,3,0,P037,P4_negative,5,20260620,False
False,3,0,P037,P4_negative,5,20260620,False
False,3,0,P037,P4_negative,5,20260620,False
False,3,0,P037,P4_negative,5,20260620,False
False,3,0,P037,P4_negative,5,20260620,False
False,3,0,P037,P4_negative,5,20260620,False
False,3,0,P037,P4_negative,5,20260620,False
False,3,0,P037,P4_negative,5,20260620,False
False,3,0,P037,P4_negative,5,20260620,False
False,3,0,P037,P4_negative,5,20260620,False
False,3,0,P037,P4_negative,5,20260620,False
False,3,0,P037,P4_negative,5,20260620,False
False,3,0,P037,P4_negative,5,20260620,False
False,3,0,P037,P4_negative,5,20260620,False
False,3,0,P037,P4_negative,5,20260620,False
False,3,0,P037,P4_negative,5,20260620,False
False,3,0,P037,P4_negative,5,20260620,False
False,3,0,P037,P4_negative,5,20260620,False
False,3,0,P037,P4_negative,5,20260620,False
False,3,0,P037,P4_negative,5,20260620,False
False,3,0,P037,P4_negative,5,20260620,False
False,3,0,P037,P4_negative,5,20260620,False
False,3,0,P037,P4_negative,5,20260620,False
False,3,0,P037,P4_negative,5,20260620,False
False,3,0,P037,P4_negative,5,20260620,False
True,3,1,P010,P1_vigil_only,5,20260620,True
True,3,1,P010,P1_vigil_only,5,20260620,True
False,3,1,P010,P1_vigil_only,5,20260620,False
True,3,1,P010,P2_phrase_plus_vigil,5,20260620,True
True,3,1,P010,P2_phrase_plus_vigil,5,20260620,True
True,3,1,P010,P2_phrase_plus_vigil,5,20260620,True
True,3,1,P010,P2_phrase_plus_vigil,5,20260620,True
True,3,1,P010,P2_phrase_plus_vigil,5,20260620,True
True,3,1,P010,P2_phrase_plus_vigil,5,20260620,True
True,3,1,P010,P3_vigil_plus_phrase,5,20260620,True
True,3,1,P010,P3_vigil_plus_phrase,5,20260620,True
True,3,1,P010,P3_vigil_plus_phrase,5,20260620,True
True,3,1,P010,P3_vigil_plus_phrase,5,20260620,True
True,3,1,P010,P3_vigil_plus_phrase,5,20260620,True
False,3,0,P010,P4_negative,5,20260620,False
False,3,0,P010,P4_negative,5,20260620,False
False,3,0,P010,P4_negative,5,20260620,False
False,3,0,P010,P4_negative,5,20260620,False
False,3,0,P010,P4_negative,5,20260620,False
False,3,0,P010,P4_negative,5,20260620,False
False,3,0,P010,P4_negative,5,20260620,False
False,3,0,P010,P4_negative,5,20260620,False
False,3,0,P010,P4_negative,5,20260620,False
False,3,0,P010,P4_negative,5,20260620,False
False,3,0,P010,P4_negative,5,20260620,False
False,3,0,P010,P4_negative,5,20260620,False
False,3,0,P010,P4_negative,5,20260620,False
False,3,0,P010,P4_negative,5,20260620,False
False,3,0,P010,P4_negative,5,20260620,False
False,3,0,P010,P4_negative,5,20260620,False
False,3,0,P010,P4_negative,5,20260620,False
True,3,1,P032,P1_vigil_only,3,20260621,True
True,3,1,P032,P1_vigil_only,3,20260621,True
True,3,1,P032,P2_phrase_plus_vigil,3,20260621,True
True,3,1,P032,P3_vigil_plus_phrase,3,20260621,True
True,3,1,P032,P3_vigil_plus_phrase,3,20260621,True
False,3,0,P032,P4_negative,3,20260621,False
False,3,0,P032,P4_negative,3,20260621,False
True,3,1,P028,P1_vigil_only,3,20260621,True
True,3,1,P028,P1_vigil_only,3,20260621,True
True,3,1,P028,P2_phrase_plus_vigil,3,20260621,True
True,3,1,P028,P2_phrase_plus_vigil,3,20260621,True
True,3,1,P028,P2_phrase_plus_vigil,3,20260621,True
False,3,1,P028,P2_phrase_plus_vigil,3,20260621,False
True,3,1,P028,P2_phrase_plus_vigil,3,20260621,True
True,3,1,P028,P2_phrase_plus_vigil,3,20260621,True
True,3,1,P028,P3_vigil_plus_phrase,3,20260621,True
True,3,1,P028,P3_vigil_plus_phrase,3,20260621,True
True,3,1,P028,P3_vigil_plus_phrase,3,20260621,True
True,3,1,P028,P3_vigil_plus_phrase,3,20260621,True
True,3,1,P028,P3_vigil_plus_phrase,3,20260621,True
False,3,0,P028,P4_negative,3,20260621,False
False,3,0,P028,P4_negative,3,20260621,False
False,3,0,P028,P4_negative,3,20260621,False
False,3,0,P028,P4_negative,3,20260621,False
False,3,0,P028,P4_negative,3,20260621,False
False,3,0,P028,P4_negative,3,20260621,False
False,3,0,P028,P4_negative,3,20260621,False
False,3,0,P028,P4_negative,3,20260621,False
False,3,0,P028,P4_negative,3,20260621,False
False,3,0,P028,P4_negative,3,20260621,False
False,3,0,P028,P4_negative,3,20260621,False
False,3,0,P028,P4_negative,3,20260621,False
False,3,0,P028,P4_negative,3,20260621,False
False,3,0,P028,P4_negative,3,20260621,False
False,3,0,P028,P4_negative,3,20260621,False
False,3,1,P031,P1_vigil_only,3,20260621,False
True,3,1,P031,P2_phrase_plus_vigil,3,20260621,True
False,3,1,P031,P2_phrase_plus_vigil,3,20260621,False
True,3,1,P031,P2_phrase_plus_vigil,3,20260621,True
True,3,1,P031,P2_phrase_plus_vigil,3,20260621,True
True,3,1,P031,P2_phrase_plus_vigil,3,20260621,True
True,3,1,P031,P3_vigil_plus_phrase,3,20260621,True
False,3,1,P031,P3_vigil_plus_phrase,3,20260621,False
False,3,0,P031,P4_negative,3,20260621,False
False,3,0,P031,P4_negative,3,20260621,False
False,3,0,P031,P4_negative,3,20260621,False
False,3,0,P031,P4_negative,3,20260621,False
False,3,0,P031,P4_negative,3,20260621,False
False,3,0,P031,P4_negative,3,20260621,False
False,3,0,P031,P4_negative,3,20260621,False
False,3,0,P031,P4_negative,3,20260621,False
False,3,0,P031,P4_negative,3,20260621,False
False,3,0,P031,P4_negative,3,20260621,False
False,3,0,P031,P4_negative,3,20260621,False
False,3,0,P031,P4_negative,3,20260621,False
False,3,0,P031,P4_negative,3,20260621,False
False,3,0,P031,P4_negative,3,20260621,False
False,3,0,P031,P4_negative,3,20260621,False
False,3,1,P018,P1_vigil_only,3,20260621,False
True,3,1,P018,P1_vigil_only,3,20260621,True
True,3,1,P018,P1_vigil_only,3,20260621,True
True,3,1,P018,P1_vigil_only,3,20260621,True
False,3,1,P018,P1_vigil_only,3,20260621,False
True,3,1,P018,P1_vigil_only,3,20260621,True
True,3,1,P018,P1_vigil_only,3,20260621,True
True,3,1,P018,P1_vigil_only,3,20260621,True
True,3,1,P018,P2_phrase_plus_vigil,3,20260621,True
True,3,1,P018,P2_phrase_plus_vigil,3,20260621,True
True,3,1,P018,P2_phrase_plus_vigil,3,20260621,True
True,3,1,P018,P2_phrase_plus_vigil,3,20260621,True
True,3,1,P018,P2_phrase_plus_vigil,3,20260621,True
True,3,1,P018,P2_phrase_plus_vigil,3,20260621,True
True,3,1,P018,P2_phrase_plus_vigil,3,20260621,True
True,3,1,P018,P2_phrase_plus_vigil,3,20260621,True
True,3,1,P018,P2_phrase_plus_vigil,3,20260621,True
True,3,1,P018,P2_phrase_plus_vigil,3,20260621,True
True,3,1,P018,P2_phrase_plus_vigil,3,20260621,True
True,3,1,P018,P2_phrase_plus_vigil,3,20260621,True
True,3,1,P018,P2_phrase_plus_vigil,3,20260621,True
True,3,1,P018,P2_phrase_plus_vigil,3,20260621,True
True,3,1,P018,P2_phrase_plus_vigil,3,20260621,True
True,3,1,P018,P2_phrase_plus_vigil,3,20260621,True
True,3,1,P018,P2_phrase_plus_vigil,3,20260621,True
True,3,1,P018,P2_phrase_plus_vigil,3,20260621,True
True,3,1,P018,P2_phrase_plus_vigil,3,20260621,True
True,3,1,P018,P3_vigil_plus_phrase,3,20260621,True
True,3,1,P018,P3_vigil_plus_phrase,3,20260621,True
True,3,1,P018,P3_vigil_plus_phrase,3,20260621,True
True,3,1,P018,P3_vigil_plus_phrase,3,20260621,True
True,3,1,P018,P3_vigil_plus_phrase,3,20260621,True
True,3,1,P018,P3_vigil_plus_phrase,3,20260621,True
False,3,0,P018,P4_negative,3,20260621,False
False,3,0,P018,P4_negative,3,20260621,False
False,3,0,P018,P4_negative,3,20260621,False
False,3,0,P018,P4_negative,3,20260621,False
False,3,0,P018,P4_negative,3,20260621,False
False,3,0,P018,P4_negative,3,20260621,False
False,3,0,P018,P4_negative,3,20260621,False
False,3,0,P018,P4_negative,3,20260621,False
False,3,0,P018,P4_negative,3,20260621,False
False,3,0,P018,P4_negative,3,20260621,False
False,3,0,P018,P4_negative,3,20260621,False
False,3,0,P018,P4_negative,3,20260621,False
False,3,0,P018,P4_negative,3,20260621,False
False,3,0,P018,P4_negative,3,20260621,False
False,3,0,P018,P4_negative,3,20260621,False
False,3,0,P018,P4_negative,3,20260621,False
False,3,0,P018,P4_negative,3,20260621,False
False,3,0,P018,P4_negative,3,20260621,False
True,3,1,P037,P1_vigil_only,3,20260621,True
True,3,1,P037,P1_vigil_only,3,20260621,True
False,3,1,P037,P1_vigil_only,3,20260621,False
True,3,1,P037,P1_vigil_only,3,20260621,True
False,3,1,P037,P1_vigil_only,3,20260621,False
True,3,1,P037,P2_phrase_plus_vigil,3,20260621,True
True,3,1,P037,P2_phrase_plus_vigil,3,20260621,True
True,3,1,P037,P2_phrase_plus_vigil,3,20260621,True
True,3,1,P037,P2_phrase_plus_vigil,3,20260621,True
True,3,1,P037,P2_phrase_plus_vigil,3,20260621,True
True,3,1,P037,P2_phrase_plus_vigil,3,20260621,True
True,3,1,P037,P2_phrase_plus_vigil,3,20260621,True
True,3,1,P037,P2_phrase_plus_vigil,3,20260621,True
True,3,1,P037,P2_phrase_plus_vigil,3,20260621,True
True,3,1,P037,P2_phrase_plus_vigil,3,20260621,True
True,3,1,P037,P2_phrase_plus_vigil,3,20260621,True
True,3,1,P037,P2_phrase_plus_vigil,3,20260621,True
True,3,1,P037,P2_phrase_plus_vigil,3,20260621,True
True,3,1,P037,P2_phrase_plus_vigil,3,20260621,True
True,3,1,P037,P2_phrase_plus_vigil,3,20260621,True
True,3,1,P037,P2_phrase_plus_vigil,3,20260621,True
True,3,1,P037,P2_phrase_plus_vigil,3,20260621,True
True,3,1,P037,P3_vigil_plus_phrase,3,20260621,True
True,3,1,P037,P3_vigil_plus_phrase,3,20260621,True
True,3,1,P037,P3_vigil_plus_phrase,3,20260621,True
True,3,1,P037,P3_vigil_plus_phrase,3,20260621,True
True,3,1,P037,P3_vigil_plus_phrase,3,20260621,True
True,3,1,P037,P3_vigil_plus_phrase,3,20260621,True
True,3,1,P037,P3_vigil_plus_phrase,3,20260621,True
True,3,1,P037,P3_vigil_plus_phrase,3,20260621,True
True,3,1,P037,P3_vigil_plus_phrase,3,20260621,True
True,3,1,P037,P3_vigil_plus_phrase,3,20260621,True
True,3,1,P037,P3_vigil_plus_phrase,3,20260621,True
True,3,1,P037,P3_vigil_plus_phrase,3,20260621,True
False,3,0,P037,P4_negative,3,20260621,False
False,3,0,P037,P4_negative,3,20260621,False
False,3,0,P037,P4_negative,3,20260621,False
False,3,0,P037,P4_negative,3,20260621,False
False,3,0,P037,P4_negative,3,20260621,False
False,3,0,P037,P4_negative,3,20260621,False
False,3,0,P037,P4_negative,3,20260621,False
False,3,0,P037,P4_negative,3,20260621,False
False,3,0,P037,P4_negative,3,20260621,False
False,3,0,P037,P4_negative,3,20260621,False
False,3,0,P037,P4_negative,3,20260621,False
False,3,0,P037,P4_negative,3,20260621,False
False,3,0,P037,P4_negative,3,20260621,False
False,3,0,P037,P4_negative,3,20260621,False
False,3,0,P037,P4_negative,3,20260621,False
False,3,0,P037,P4_negative,3,20260621,False
False,3,0,P037,P4_negative,3,20260621,False
False,3,0,P037,P4_negative,3,20260621,False
False,3,0,P037,P4_negative,3,20260621,False
False,3,0,P037,P4_negative,3,20260621,False
False,3,0,P037,P4_negative,3,20260621,False
False,3,0,P037,P4_negative,3,20260621,False
False,3,0,P037,P4_negative,3,20260621,False
False,3,0,P037,P4_negative,3,20260621,False
False,3,0,P037,P4_negative,3,20260621,False
False,3,0,P037,P4_negative,3,20260621,False
False,3,0,P037,P4_negative,3,20260621,False
False,3,0,P037,P4_negative,3,20260621,False
False,3,0,P037,P4_negative,3,20260621,False
False,3,0,P037,P4_negative,3,20260621,False
False,3,0,P037,P4_negative,3,20260621,False
False,3,0,P037,P4_negative,3,20260621,False
False,3,0,P037,P4_negative,3,20260621,False
False,3,0,P037,P4_negative,3,20260621,False
False,3,0,P037,P4_negative,3,20260621,False
False,3,0,P037,P4_negative,3,20260621,False
False,3,0,P037,P4_negative,3,20260621,False
False,3,0,P037,P4_negative,3,20260621,False
False,3,0,P037,P4_negative,3,20260621,False
False,3,0,P037,P4_negative,3,20260621,False
False,3,0,P037,P4_negative,3,20260621,False
False,3,0,P037,P4_negative,3,20260621,False
False,3,0,P037,P4_negative,3,20260621,False
False,3,0,P037,P4_negative,3,20260621,False
False,3,0,P037,P4_negative,3,20260621,False
False,3,0,P037,P4_negative,3,20260621,False
False,3,0,P037,P4_negative,3,20260621,False
False,3,0,P037,P4_negative,3,20260621,False
False,3,0,P037,P4_negative,3,20260621,False
False,3,0,P037,P4_negative,3,20260621,False
False,3,0,P037,P4_negative,3,20260621,False
False,3,0,P037,P4_negative,3,20260621,False
False,3,0,P037,P4_negative,3,20260621,False
False,3,0,P037,P4_negative,3,20260621,False
False,3,0,P037,P4_negative,3,20260621,False
False,3,0,P037,P4_negative,3,20260621,False
False,3,0,P037,P4_negative,3,20260621,False
True,3,1,P010,P1_vigil_only,3,20260621,True
True,3,1,P010,P1_vigil_only,3,20260621,True
False,3,1,P010,P1_vigil_only,3,20260621,False
True,3,1,P010,P2_phrase_plus_vigil,3,20260621,True
True,3,1,P010,P2_phrase_plus_vigil,3,20260621,True
True,3,1,P010,P2_phrase_plus_vigil,3,20260621,True
True,3,1,P010,P2_phrase_plus_vigil,3,20260621,True
True,3,1,P010,P2_phrase_plus_vigil,3,20260621,True
True,3,1,P010,P2_phrase_plus_vigil,3,20260621,True
True,3,1,P010,P2_phrase_plus_vigil,3,20260621,True
True,3,1,P010,P2_phrase_plus_vigil,3,20260621,True
True,3,1,P010,P2_phrase_plus_vigil,3,20260621,True
True,3,1,P010,P3_vigil_plus_phrase,3,20260621,True
True,3,1,P010,P3_vigil_plus_phrase,3,20260621,True
True,3,1,P010,P3_vigil_plus_phrase,3,20260621,True
True,3,1,P010,P3_vigil_plus_phrase,3,20260621,True
False,3,0,P010,P4_negative,3,20260621,False
False,3,0,P010,P4_negative,3,20260621,False
False,3,0,P010,P4_negative,3,20260621,False
False,3,0,P010,P4_negative,3,20260621,False
False,3,0,P010,P4_negative,3,20260621,False
False,3,0,P010,P4_negative,3,20260621,False
False,3,0,P010,P4_negative,3,20260621,False
False,3,0,P010,P4_negative,3,20260621,False
False,3,0,P010,P4_negative,3,20260621,False
False,3,0,P010,P4_negative,3,20260621,False
False,3,0,P010,P4_negative,3,20260621,False
False,3,0,P010,P4_negative,3,20260621,False
False,3,0,P010,P4_negative,3,20260621,False
False,3,0,P010,P4_negative,3,20260621,False
False,3,0,P010,P4_negative,3,20260621,False
False,3,0,P010,P4_negative,3,20260621,False
False,3,0,P010,P4_negative,3,20260621,False
True,3,1,P032,P1_vigil_only,5,20260621,True
True,3,1,P032,P2_phrase_plus_vigil,5,20260621,True
True,3,1,P032,P3_vigil_plus_phrase,5,20260621,True
False,3,0,P032,P4_negative,5,20260621,False
False,3,0,P032,P4_negative,5,20260621,False
True,3,1,P028,P1_vigil_only,5,20260621,True
True,3,1,P028,P1_vigil_only,5,20260621,True
True,3,1,P028,P2_phrase_plus_vigil,5,20260621,True
True,3,1,P028,P2_phrase_plus_vigil,5,20260621,True
False,3,1,P028,P2_phrase_plus_vigil,5,20260621,False
True,3,1,P028,P2_phrase_plus_vigil,5,20260621,True
True,3,1,P028,P3_vigil_plus_phrase,5,20260621,True
True,3,1,P028,P3_vigil_plus_phrase,5,20260621,True
True,3,1,P028,P3_vigil_plus_phrase,5,20260621,True
True,3,1,P028,P3_vigil_plus_phrase,5,20260621,True
True,3,1,P028,P3_vigil_plus_phrase,5,20260621,True
False,3,0,P028,P4_negative,5,20260621,False
False,3,0,P028,P4_negative,5,20260621,False
False,3,0,P028,P4_negative,5,20260621,False
False,3,0,P028,P4_negative,5,20260621,False
False,3,0,P028,P4_negative,5,20260621,False
False,3,0,P028,P4_negative,5,20260621,False
False,3,0,P028,P4_negative,5,20260621,False
False,3,0,P028,P4_negative,5,20260621,False
False,3,0,P028,P4_negative,5,20260621,False
False,3,0,P028,P4_negative,5,20260621,False
False,3,0,P028,P4_negative,5,20260621,False
False,3,0,P028,P4_negative,5,20260621,False
False,3,0,P028,P4_negative,5,20260621,False
False,3,0,P028,P4_negative,5,20260621,False
False,3,0,P028,P4_negative,5,20260621,False
False,3,1,P031,P1_vigil_only,5,20260621,False
True,3,1,P031,P2_phrase_plus_vigil,5,20260621,True
False,3,1,P031,P2_phrase_plus_vigil,5,20260621,False
True,3,1,P031,P2_phrase_plus_vigil,5,20260621,True
True,3,1,P031,P2_phrase_plus_vigil,5,20260621,True
True,3,1,P031,P3_vigil_plus_phrase,5,20260621,True
False,3,0,P031,P4_negative,5,20260621,False
False,3,0,P031,P4_negative,5,20260621,False
False,3,0,P031,P4_negative,5,20260621,False
False,3,0,P031,P4_negative,5,20260621,False
False,3,0,P031,P4_negative,5,20260621,False
False,3,0,P031,P4_negative,5,20260621,False
False,3,0,P031,P4_negative,5,20260621,False
False,3,0,P031,P4_negative,5,20260621,False
False,3,0,P031,P4_negative,5,20260621,False
False,3,0,P031,P4_negative,5,20260621,False
False,3,0,P031,P4_negative,5,20260621,False
False,3,0,P031,P4_negative,5,20260621,False
False,3,0,P031,P4_negative,5,20260621,False
False,3,0,P031,P4_negative,5,20260621,False
False,3,0,P031,P4_negative,5,20260621,False
False,3,1,P018,P1_vigil_only,5,20260621,False
True,3,1,P018,P1_vigil_only,5,20260621,True
True,3,1,P018,P1_vigil_only,5,20260621,True
True,3,1,P018,P1_vigil_only,5,20260621,True
False,3,1,P018,P1_vigil_only,5,20260621,False
True,3,1,P018,P1_vigil_only,5,20260621,True
True,3,1,P018,P1_vigil_only,5,20260621,True
True,3,1,P018,P1_vigil_only,5,20260621,True
True,3,1,P018,P2_phrase_plus_vigil,5,20260621,True
True,3,1,P018,P2_phrase_plus_vigil,5,20260621,True
True,3,1,P018,P2_phrase_plus_vigil,5,20260621,True
True,3,1,P018,P2_phrase_plus_vigil,5,20260621,True
True,3,1,P018,P2_phrase_plus_vigil,5,20260621,True
True,3,1,P018,P2_phrase_plus_vigil,5,20260621,True
True,3,1,P018,P2_phrase_plus_vigil,5,20260621,True
True,3,1,P018,P2_phrase_plus_vigil,5,20260621,True
True,3,1,P018,P2_phrase_plus_vigil,5,20260621,True
True,3,1,P018,P2_phrase_plus_vigil,5,20260621,True
True,3,1,P018,P2_phrase_plus_vigil,5,20260621,True
True,3,1,P018,P2_phrase_plus_vigil,5,20260621,True
True,3,1,P018,P2_phrase_plus_vigil,5,20260621,True
True,3,1,P018,P2_phrase_plus_vigil,5,20260621,True
True,3,1,P018,P2_phrase_plus_vigil,5,20260621,True
True,3,1,P018,P2_phrase_plus_vigil,5,20260621,True
True,3,1,P018,P2_phrase_plus_vigil,5,20260621,True
True,3,1,P018,P2_phrase_plus_vigil,5,20260621,True
True,3,1,P018,P3_vigil_plus_phrase,5,20260621,True
True,3,1,P018,P3_vigil_plus_phrase,5,20260621,True
True,3,1,P018,P3_vigil_plus_phrase,5,20260621,True
True,3,1,P018,P3_vigil_plus_phrase,5,20260621,True
True,3,1,P018,P3_vigil_plus_phrase,5,20260621,True
False,3,0,P018,P4_negative,5,20260621,False
False,3,0,P018,P4_negative,5,20260621,False
False,3,0,P018,P4_negative,5,20260621,False
False,3,0,P018,P4_negative,5,20260621,False
False,3,0,P018,P4_negative,5,20260621,False
False,3,0,P018,P4_negative,5,20260621,False
False,3,0,P018,P4_negative,5,20260621,False
False,3,0,P018,P4_negative,5,20260621,False
False,3,0,P018,P4_negative,5,20260621,False
False,3,0,P018,P4_negative,5,20260621,False
False,3,0,P018,P4_negative,5,20260621,False
False,3,0,P018,P4_negative,5,20260621,False
False,3,0,P018,P4_negative,5,20260621,False
False,3,0,P018,P4_negative,5,20260621,False
False,3,0,P018,P4_negative,5,20260621,False
False,3,0,P018,P4_negative,5,20260621,False
False,3,0,P018,P4_negative,5,20260621,False
False,3,0,P018,P4_negative,5,20260621,False
True,3,1,P037,P1_vigil_only,5,20260621,True
True,3,1,P037,P1_vigil_only,5,20260621,True
False,3,1,P037,P1_vigil_only,5,20260621,False
True,3,1,P037,P1_vigil_only,5,20260621,True
False,3,1,P037,P1_vigil_only,5,20260621,False
True,3,1,P037,P2_phrase_plus_vigil,5,20260621,True
True,3,1,P037,P2_phrase_plus_vigil,5,20260621,True
True,3,1,P037,P2_phrase_plus_vigil,5,20260621,True
True,3,1,P037,P2_phrase_plus_vigil,5,20260621,True
True,3,1,P037,P2_phrase_plus_vigil,5,20260621,True
True,3,1,P037,P2_phrase_plus_vigil,5,20260621,True
True,3,1,P037,P2_phrase_plus_vigil,5,20260621,True
True,3,1,P037,P2_phrase_plus_vigil,5,20260621,True
True,3,1,P037,P2_phrase_plus_vigil,5,20260621,True
True,3,1,P037,P2_phrase_plus_vigil,5,20260621,True
True,3,1,P037,P2_phrase_plus_vigil,5,20260621,True
True,3,1,P037,P2_phrase_plus_vigil,5,20260621,True
True,3,1,P037,P2_phrase_plus_vigil,5,20260621,True
True,3,1,P037,P2_phrase_plus_vigil,5,20260621,True
True,3,1,P037,P2_phrase_plus_vigil,5,20260621,True
True,3,1,P037,P2_phrase_plus_vigil,5,20260621,True
True,3,1,P037,P3_vigil_plus_phrase,5,20260621,True
True,3,1,P037,P3_vigil_plus_phrase,5,20260621,True
True,3,1,P037,P3_vigil_plus_phrase,5,20260621,True
True,3,1,P037,P3_vigil_plus_phrase,5,20260621,True
True,3,1,P037,P3_vigil_plus_phrase,5,20260621,True
True,3,1,P037,P3_vigil_plus_phrase,5,20260621,True
True,3,1,P037,P3_vigil_plus_phrase,5,20260621,True
True,3,1,P037,P3_vigil_plus_phrase,5,20260621,True
True,3,1,P037,P3_vigil_plus_phrase,5,20260621,True
True,3,1,P037,P3_vigil_plus_phrase,5,20260621,True
True,3,1,P037,P3_vigil_plus_phrase,5,20260621,True
False,3,0,P037,P4_negative,5,20260621,False
False,3,0,P037,P4_negative,5,20260621,False
False,3,0,P037,P4_negative,5,20260621,False
False,3,0,P037,P4_negative,5,20260621,False
False,3,0,P037,P4_negative,5,20260621,False
False,3,0,P037,P4_negative,5,20260621,False
False,3,0,P037,P4_negative,5,20260621,False
False,3,0,P037,P4_negative,5,20260621,False
False,3,0,P037,P4_negative,5,20260621,False
False,3,0,P037,P4_negative,5,20260621,False
False,3,0,P037,P4_negative,5,20260621,False
False,3,0,P037,P4_negative,5,20260621,False
False,3,0,P037,P4_negative,5,20260621,False
False,3,0,P037,P4_negative,5,20260621,False
False,3,0,P037,P4_negative,5,20260621,False
False,3,0,P037,P4_negative,5,20260621,False
False,3,0,P037,P4_negative,5,20260621,False
False,3,0,P037,P4_negative,5,20260621,False
False,3,0,P037,P4_negative,5,20260621,False
False,3,0,P037,P4_negative,5,20260621,False
False,3,0,P037,P4_negative,5,20260621,False
False,3,0,P037,P4_negative,5,20260621,False
False,3,0,P037,P4_negative,5,20260621,False
False,3,0,P037,P4_negative,5,20260621,False
False,3,0,P037,P4_negative,5,20260621,False
False,3,0,P037,P4_negative,5,20260621,False
False,3,0,P037,P4_negative,5,20260621,False
False,3,0,P037,P4_negative,5,20260621,False
False,3,0,P037,P4_negative,5,20260621,False
False,3,0,P037,P4_negative,5,20260621,False
False,3,0,P037,P4_negative,5,20260621,False
False,3,0,P037,P4_negative,5,20260621,False
False,3,0,P037,P4_negative,5,20260621,False
False,3,0,P037,P4_negative,5,20260621,False
False,3,0,P037,P4_negative,5,20260621,False
False,3,0,P037,P4_negative,5,20260621,False
False,3,0,P037,P4_negative,5,20260621,False
False,3,0,P037,P4_negative,5,20260621,False
False,3,0,P037,P4_negative,5,20260621,False
False,3,0,P037,P4_negative,5,20260621,False
False,3,0,P037,P4_negative,5,20260621,False
False,3,0,P037,P4_negative,5,20260621,False
False,3,0,P037,P4_negative,5,20260621,False
False,3,0,P037,P4_negative,5,20260621,False
False,3,0,P037,P4_negative,5,20260621,False
False,3,0,P037,P4_negative,5,20260621,False
False,3,0,P037,P4_negative,5,20260621,False
False,3,0,P037,P4_negative,5,20260621,False
False,3,0,P037,P4_negative,5,20260621,False
False,3,0,P037,P4_negative,5,20260621,False
False,3,0,P037,P4_negative,5,20260621,False
False,3,0,P037,P4_negative,5,20260621,False
False,3,0,P037,P4_negative,5,20260621,False
False,3,0,P037,P4_negative,5,20260621,False
False,3,0,P037,P4_negative,5,20260621,False
False,3,0,P037,P4_negative,5,20260621,False
False,3,0,P037,P4_negative,5,20260621,False
True,3,1,P010,P1_vigil_only,5,20260621,True
True,3,1,P010,P1_vigil_only,5,20260621,True
False,3,1,P010,P1_vigil_only,5,20260621,False
True,3,1,P010,P2_phrase_plus_vigil,5,20260621,True
True,3,1,P010,P2_phrase_plus_vigil,5,20260621,True
True,3,1,P010,P2_phrase_plus_vigil,5,20260621,True
True,3,1,P010,P2_phrase_plus_vigil,5,20260621,True
True,3,1,P010,P2_phrase_plus_vigil,5,20260621,True
True,3,1,P010,P2_phrase_plus_vigil,5,20260621,True
True,3,1,P010,P2_phrase_plus_vigil,5,20260621,True
True,3,1,P010,P3_vigil_plus_phrase,5,20260621,True
True,3,1,P010,P3_vigil_plus_phrase,5,20260621,True
True,3,1,P010,P3_vigil_plus_phrase,5,20260621,True
True,3,1,P010,P3_vigil_plus_phrase,5,20260621,True
False,3,0,P010,P4_negative,5,20260621,False
False,3,0,P010,P4_negative,5,20260621,False
False,3,0,P010,P4_negative,5,20260621,False
False,3,0,P010,P4_negative,5,20260621,False
False,3,0,P010,P4_negative,5,20260621,False
False,3,0,P010,P4_negative,5,20260621,False
False,3,0,P010,P4_negative,5,20260621,False
False,3,0,P010,P4_negative,5,20260621,False
False,3,0,P010,P4_negative,5,20260621,False
False,3,0,P010,P4_negative,5,20260621,False
False,3,0,P010,P4_negative,5,20260621,False
False,3,0,P010,P4_negative,5,20260621,False
False,3,0,P010,P4_negative,5,20260621,False
False,3,0,P010,P4_negative,5,20260621,False
False,3,0,P010,P4_negative,5,20260621,False
False,3,0,P010,P4_negative,5,20260621,False
False,3,0,P010,P4_negative,5,20260621,False
True,3,1,P032,P1_vigil_only,3,20260622,True
True,3,1,P032,P1_vigil_only,3,20260622,True
True,3,1,P032,P2_phrase_plus_vigil,3,20260622,True
True,3,1,P032,P2_phrase_plus_vigil,3,20260622,True
True,3,1,P032,P3_vigil_plus_phrase,3,20260622,True
False,3,0,P032,P4_negative,3,20260622,False
False,3,0,P032,P4_negative,3,20260622,False
True,3,1,P028,P1_vigil_only,3,20260622,True
True,3,1,P028,P1_vigil_only,3,20260622,True
True,3,1,P028,P2_phrase_plus_vigil,3,20260622,True
True,3,1,P028,P2_phrase_plus_vigil,3,20260622,True
True,3,1,P028,P2_phrase_plus_vigil,3,20260622,True
False,3,1,P028,P2_phrase_plus_vigil,3,20260622,False
True,3,1,P028,P2_phrase_plus_vigil,3,20260622,True
True,3,1,P028,P2_phrase_plus_vigil,3,20260622,True
True,3,1,P028,P3_vigil_plus_phrase,3,20260622,True
True,3,1,P028,P3_vigil_plus_phrase,3,20260622,True
True,3,1,P028,P3_vigil_plus_phrase,3,20260622,True
True,3,1,P028,P3_vigil_plus_phrase,3,20260622,True
True,3,1,P028,P3_vigil_plus_phrase,3,20260622,True
False,3,0,P028,P4_negative,3,20260622,False
False,3,0,P028,P4_negative,3,20260622,False
False,3,0,P028,P4_negative,3,20260622,False
False,3,0,P028,P4_negative,3,20260622,False
False,3,0,P028,P4_negative,3,20260622,False
False,3,0,P028,P4_negative,3,20260622,False
False,3,0,P028,P4_negative,3,20260622,False
False,3,0,P028,P4_negative,3,20260622,False
False,3,0,P028,P4_negative,3,20260622,False
False,3,0,P028,P4_negative,3,20260622,False
False,3,0,P028,P4_negative,3,20260622,False
False,3,0,P028,P4_negative,3,20260622,False
False,3,0,P028,P4_negative,3,20260622,False
False,3,0,P028,P4_negative,3,20260622,False
False,3,0,P028,P4_negative,3,20260622,False
False,3,1,P031,P1_vigil_only,3,20260622,False
True,3,1,P031,P2_phrase_plus_vigil,3,20260622,True
True,3,1,P031,P2_phrase_plus_vigil,3,20260622,True
True,3,1,P031,P2_phrase_plus_vigil,3,20260622,True
True,3,1,P031,P2_phrase_plus_vigil,3,20260622,True
True,3,1,P031,P3_vigil_plus_phrase,3,20260622,True
False,3,1,P031,P3_vigil_plus_phrase,3,20260622,False
True,3,1,P031,P3_vigil_plus_phrase,3,20260622,True
False,3,0,P031,P4_negative,3,20260622,False
False,3,0,P031,P4_negative,3,20260622,False
False,3,0,P031,P4_negative,3,20260622,False
False,3,0,P031,P4_negative,3,20260622,False
False,3,0,P031,P4_negative,3,20260622,False
False,3,0,P031,P4_negative,3,20260622,False
False,3,0,P031,P4_negative,3,20260622,False
False,3,0,P031,P4_negative,3,20260622,False
False,3,0,P031,P4_negative,3,20260622,False
False,3,0,P031,P4_negative,3,20260622,False
False,3,0,P031,P4_negative,3,20260622,False
False,3,0,P031,P4_negative,3,20260622,False
False,3,0,P031,P4_negative,3,20260622,False
False,3,0,P031,P4_negative,3,20260622,False
False,3,0,P031,P4_negative,3,20260622,False
False,3,1,P018,P1_vigil_only,3,20260622,False
True,3,1,P018,P1_vigil_only,3,20260622,True
True,3,1,P018,P1_vigil_only,3,20260622,True
True,3,1,P018,P1_vigil_only,3,20260622,True
False,3,1,P018,P1_vigil_only,3,20260622,False
True,3,1,P018,P1_vigil_only,3,20260622,True
True,3,1,P018,P1_vigil_only,3,20260622,True
True,3,1,P018,P2_phrase_plus_vigil,3,20260622,True
True,3,1,P018,P2_phrase_plus_vigil,3,20260622,True
True,3,1,P018,P2_phrase_plus_vigil,3,20260622,True
True,3,1,P018,P2_phrase_plus_vigil,3,20260622,True
True,3,1,P018,P2_phrase_plus_vigil,3,20260622,True
True,3,1,P018,P2_phrase_plus_vigil,3,20260622,True
True,3,1,P018,P2_phrase_plus_vigil,3,20260622,True
True,3,1,P018,P2_phrase_plus_vigil,3,20260622,True
True,3,1,P018,P2_phrase_plus_vigil,3,20260622,True
True,3,1,P018,P2_phrase_plus_vigil,3,20260622,True
True,3,1,P018,P2_phrase_plus_vigil,3,20260622,True
True,3,1,P018,P2_phrase_plus_vigil,3,20260622,True
True,3,1,P018,P2_phrase_plus_vigil,3,20260622,True
True,3,1,P018,P2_phrase_plus_vigil,3,20260622,True
True,3,1,P018,P2_phrase_plus_vigil,3,20260622,True
True,3,1,P018,P2_phrase_plus_vigil,3,20260622,True
True,3,1,P018,P2_phrase_plus_vigil,3,20260622,True
True,3,1,P018,P2_phrase_plus_vigil,3,20260622,True
True,3,1,P018,P2_phrase_plus_vigil,3,20260622,True
True,3,1,P018,P3_vigil_plus_phrase,3,20260622,True
True,3,1,P018,P3_vigil_plus_phrase,3,20260622,True
True,3,1,P018,P3_vigil_plus_phrase,3,20260622,True
True,3,1,P018,P3_vigil_plus_phrase,3,20260622,True
True,3,1,P018,P3_vigil_plus_phrase,3,20260622,True
True,3,1,P018,P3_vigil_plus_phrase,3,20260622,True
True,3,1,P018,P3_vigil_plus_phrase,3,20260622,True
False,3,0,P018,P4_negative,3,20260622,False
False,3,0,P018,P4_negative,3,20260622,False
False,3,0,P018,P4_negative,3,20260622,False
False,3,0,P018,P4_negative,3,20260622,False
False,3,0,P018,P4_negative,3,20260622,False
False,3,0,P018,P4_negative,3,20260622,False
False,3,0,P018,P4_negative,3,20260622,False
False,3,0,P018,P4_negative,3,20260622,False
False,3,0,P018,P4_negative,3,20260622,False
False,3,0,P018,P4_negative,3,20260622,False
False,3,0,P018,P4_negative,3,20260622,False
False,3,0,P018,P4_negative,3,20260622,False
False,3,0,P018,P4_negative,3,20260622,False
False,3,0,P018,P4_negative,3,20260622,False
False,3,0,P018,P4_negative,3,20260622,False
False,3,0,P018,P4_negative,3,20260622,False
False,3,0,P018,P4_negative,3,20260622,False
False,3,0,P018,P4_negative,3,20260622,False
True,3,1,P037,P1_vigil_only,3,20260622,True
True,3,1,P037,P1_vigil_only,3,20260622,True
False,3,1,P037,P1_vigil_only,3,20260622,False
True,3,1,P037,P1_vigil_only,3,20260622,True
False,3,1,P037,P1_vigil_only,3,20260622,False
True,3,1,P037,P2_phrase_plus_vigil,3,20260622,True
True,3,1,P037,P2_phrase_plus_vigil,3,20260622,True
True,3,1,P037,P2_phrase_plus_vigil,3,20260622,True
True,3,1,P037,P2_phrase_plus_vigil,3,20260622,True
True,3,1,P037,P2_phrase_plus_vigil,3,20260622,True
True,3,1,P037,P2_phrase_plus_vigil,3,20260622,True
True,3,1,P037,P2_phrase_plus_vigil,3,20260622,True
True,3,1,P037,P2_phrase_plus_vigil,3,20260622,True
True,3,1,P037,P2_phrase_plus_vigil,3,20260622,True
True,3,1,P037,P2_phrase_plus_vigil,3,20260622,True
True,3,1,P037,P2_phrase_plus_vigil,3,20260622,True
True,3,1,P037,P2_phrase_plus_vigil,3,20260622,True
True,3,1,P037,P2_phrase_plus_vigil,3,20260622,True
True,3,1,P037,P2_phrase_plus_vigil,3,20260622,True
True,3,1,P037,P2_phrase_plus_vigil,3,20260622,True
True,3,1,P037,P3_vigil_plus_phrase,3,20260622,True
True,3,1,P037,P3_vigil_plus_phrase,3,20260622,True
True,3,1,P037,P3_vigil_plus_phrase,3,20260622,True
True,3,1,P037,P3_vigil_plus_phrase,3,20260622,True
True,3,1,P037,P3_vigil_plus_phrase,3,20260622,True
True,3,1,P037,P3_vigil_plus_phrase,3,20260622,True
True,3,1,P037,P3_vigil_plus_phrase,3,20260622,True
True,3,1,P037,P3_vigil_plus_phrase,3,20260622,True
True,3,1,P037,P3_vigil_plus_phrase,3,20260622,True
True,3,1,P037,P3_vigil_plus_phrase,3,20260622,True
True,3,1,P037,P3_vigil_plus_phrase,3,20260622,True
True,3,1,P037,P3_vigil_plus_phrase,3,20260622,True
False,3,1,P037,P3_vigil_plus_phrase,3,20260622,False
True,3,1,P037,P3_vigil_plus_phrase,3,20260622,True
False,3,0,P037,P4_negative,3,20260622,False
False,3,0,P037,P4_negative,3,20260622,False
False,3,0,P037,P4_negative,3,20260622,False
False,3,0,P037,P4_negative,3,20260622,False
False,3,0,P037,P4_negative,3,20260622,False
False,3,0,P037,P4_negative,3,20260622,False
False,3,0,P037,P4_negative,3,20260622,False
False,3,0,P037,P4_negative,3,20260622,False
False,3,0,P037,P4_negative,3,20260622,False
False,3,0,P037,P4_negative,3,20260622,False
False,3,0,P037,P4_negative,3,20260622,False
False,3,0,P037,P4_negative,3,20260622,False
False,3,0,P037,P4_negative,3,20260622,False
False,3,0,P037,P4_negative,3,20260622,False
False,3,0,P037,P4_negative,3,20260622,False
False,3,0,P037,P4_negative,3,20260622,False
False,3,0,P037,P4_negative,3,20260622,False
False,3,0,P037,P4_negative,3,20260622,False
False,3,0,P037,P4_negative,3,20260622,False
False,3,0,P037,P4_negative,3,20260622,False
False,3,0,P037,P4_negative,3,20260622,False
False,3,0,P037,P4_negative,3,20260622,False
False,3,0,P037,P4_negative,3,20260622,False
False,3,0,P037,P4_negative,3,20260622,False
False,3,0,P037,P4_negative,3,20260622,False
False,3,0,P037,P4_negative,3,20260622,False
False,3,0,P037,P4_negative,3,20260622,False
False,3,0,P037,P4_negative,3,20260622,False
False,3,0,P037,P4_negative,3,20260622,False
False,3,0,P037,P4_negative,3,20260622,False
False,3,0,P037,P4_negative,3,20260622,False
False,3,0,P037,P4_negative,3,20260622,False
False,3,0,P037,P4_negative,3,20260622,False
False,3,0,P037,P4_negative,3,20260622,False
False,3,0,P037,P4_negative,3,20260622,False
False,3,0,P037,P4_negative,3,20260622,False
False,3,0,P037,P4_negative,3,20260622,False
False,3,0,P037,P4_negative,3,20260622,False
False,3,0,P037,P4_negative,3,20260622,False
False,3,0,P037,P4_negative,3,20260622,False
False,3,0,P037,P4_negative,3,20260622,False
False,3,0,P037,P4_negative,3,20260622,False
False,3,0,P037,P4_negative,3,20260622,False
False,3,0,P037,P4_negative,3,20260622,False
False,3,0,P037,P4_negative,3,20260622,False
False,3,0,P037,P4_negative,3,20260622,False
False,3,0,P037,P4_negative,3,20260622,False
False,3,0,P037,P4_negative,3,20260622,False
False,3,0,P037,P4_negative,3,20260622,False
False,3,0,P037,P4_negative,3,20260622,False
False,3,0,P037,P4_negative,3,20260622,False
False,3,0,P037,P4_negative,3,20260622,False
False,3,0,P037,P4_negative,3,20260622,False
False,3,0,P037,P4_negative,3,20260622,False
False,3,0,P037,P4_negative,3,20260622,False
False,3,0,P037,P4_negative,3,20260622,False
False,3,0,P037,P4_negative,3,20260622,False
True,3,1,P010,P1_vigil_only,3,20260622,True
True,3,1,P010,P1_vigil_only,3,20260622,True
False,3,1,P010,P1_vigil_only,3,20260622,False
True,3,1,P010,P2_phrase_plus_vigil,3,20260622,True
True,3,1,P010,P2_phrase_plus_vigil,3,20260622,True
True,3,1,P010,P2_phrase_plus_vigil,3,20260622,True
True,3,1,P010,P2_phrase_plus_vigil,3,20260622,True
True,3,1,P010,P2_phrase_plus_vigil,3,20260622,True
True,3,1,P010,P2_phrase_plus_vigil,3,20260622,True
True,3,1,P010,P2_phrase_plus_vigil,3,20260622,True
True,3,1,P010,P2_phrase_plus_vigil,3,20260622,True
True,3,1,P010,P3_vigil_plus_phrase,3,20260622,True
True,3,1,P010,P3_vigil_plus_phrase,3,20260622,True
True,3,1,P010,P3_vigil_plus_phrase,3,20260622,True
True,3,1,P010,P3_vigil_plus_phrase,3,20260622,True
True,3,1,P010,P3_vigil_plus_phrase,3,20260622,True
False,3,0,P010,P4_negative,3,20260622,False
False,3,0,P010,P4_negative,3,20260622,False
False,3,0,P010,P4_negative,3,20260622,False
False,3,0,P010,P4_negative,3,20260622,False
False,3,0,P010,P4_negative,3,20260622,False
False,3,0,P010,P4_negative,3,20260622,False
False,3,0,P010,P4_negative,3,20260622,False
False,3,0,P010,P4_negative,3,20260622,False
False,3,0,P010,P4_negative,3,20260622,False
False,3,0,P010,P4_negative,3,20260622,False
False,3,0,P010,P4_negative,3,20260622,False
False,3,0,P010,P4_negative,3,20260622,False
False,3,0,P010,P4_negative,3,20260622,False
False,3,0,P010,P4_negative,3,20260622,False
False,3,0,P010,P4_negative,3,20260622,False
False,3,0,P010,P4_negative,3,20260622,False
False,3,0,P010,P4_negative,3,20260622,False
True,3,1,P032,P1_vigil_only,5,20260622,True
True,3,1,P032,P1_vigil_only,5,20260622,True
True,3,1,P032,P2_phrase_plus_vigil,5,20260622,True
False,3,0,P032,P4_negative,5,20260622,False
False,3,0,P032,P4_negative,5,20260622,False
True,3,1,P028,P1_vigil_only,5,20260622,True
True,3,1,P028,P1_vigil_only,5,20260622,True
True,3,1,P028,P2_phrase_plus_vigil,5,20260622,True
True,3,1,P028,P2_phrase_plus_vigil,5,20260622,True
False,3,1,P028,P2_phrase_plus_vigil,5,20260622,False
True,3,1,P028,P2_phrase_plus_vigil,5,20260622,True
True,3,1,P028,P3_vigil_plus_phrase,5,20260622,True
True,3,1,P028,P3_vigil_plus_phrase,5,20260622,True
True,3,1,P028,P3_vigil_plus_phrase,5,20260622,True
True,3,1,P028,P3_vigil_plus_phrase,5,20260622,True
True,3,1,P028,P3_vigil_plus_phrase,5,20260622,True
False,3,0,P028,P4_negative,5,20260622,False
False,3,0,P028,P4_negative,5,20260622,False
False,3,0,P028,P4_negative,5,20260622,False
False,3,0,P028,P4_negative,5,20260622,False
False,3,0,P028,P4_negative,5,20260622,False
False,3,0,P028,P4_negative,5,20260622,False
False,3,0,P028,P4_negative,5,20260622,False
False,3,0,P028,P4_negative,5,20260622,False
False,3,0,P028,P4_negative,5,20260622,False
False,3,0,P028,P4_negative,5,20260622,False
False,3,0,P028,P4_negative,5,20260622,False
False,3,0,P028,P4_negative,5,20260622,False
False,3,0,P028,P4_negative,5,20260622,False
False,3,0,P028,P4_negative,5,20260622,False
False,3,0,P028,P4_negative,5,20260622,False
False,3,1,P031,P1_vigil_only,5,20260622,False
True,3,1,P031,P2_phrase_plus_vigil,5,20260622,True
True,3,1,P031,P2_phrase_plus_vigil,5,20260622,True
True,3,1,P031,P2_phrase_plus_vigil,5,20260622,True
False,3,1,P031,P3_vigil_plus_phrase,5,20260622,False
True,3,1,P031,P3_vigil_plus_phrase,5,20260622,True
False,3,0,P031,P4_negative,5,20260622,False
False,3,0,P031,P4_negative,5,20260622,False
False,3,0,P031,P4_negative,5,20260622,False
False,3,0,P031,P4_negative,5,20260622,False
False,3,0,P031,P4_negative,5,20260622,False
False,3,0,P031,P4_negative,5,20260622,False
False,3,0,P031,P4_negative,5,20260622,False
False,3,0,P031,P4_negative,5,20260622,False
False,3,0,P031,P4_negative,5,20260622,False
False,3,0,P031,P4_negative,5,20260622,False
False,3,0,P031,P4_negative,5,20260622,False
False,3,0,P031,P4_negative,5,20260622,False
False,3,0,P031,P4_negative,5,20260622,False
False,3,0,P031,P4_negative,5,20260622,False
False,3,0,P031,P4_negative,5,20260622,False
False,3,1,P018,P1_vigil_only,5,20260622,False
True,3,1,P018,P1_vigil_only,5,20260622,True
True,3,1,P018,P1_vigil_only,5,20260622,True
True,3,1,P018,P1_vigil_only,5,20260622,True
False,3,1,P018,P1_vigil_only,5,20260622,False
True,3,1,P018,P1_vigil_only,5,20260622,True
True,3,1,P018,P1_vigil_only,5,20260622,True
True,3,1,P018,P2_phrase_plus_vigil,5,20260622,True
True,3,1,P018,P2_phrase_plus_vigil,5,20260622,True
True,3,1,P018,P2_phrase_plus_vigil,5,20260622,True
True,3,1,P018,P2_phrase_plus_vigil,5,20260622,True
True,3,1,P018,P2_phrase_plus_vigil,5,20260622,True
True,3,1,P018,P2_phrase_plus_vigil,5,20260622,True
True,3,1,P018,P2_phrase_plus_vigil,5,20260622,True
True,3,1,P018,P2_phrase_plus_vigil,5,20260622,True
True,3,1,P018,P2_phrase_plus_vigil,5,20260622,True
True,3,1,P018,P2_phrase_plus_vigil,5,20260622,True
True,3,1,P018,P2_phrase_plus_vigil,5,20260622,True
True,3,1,P018,P2_phrase_plus_vigil,5,20260622,True
True,3,1,P018,P2_phrase_plus_vigil,5,20260622,True
True,3,1,P018,P2_phrase_plus_vigil,5,20260622,True
True,3,1,P018,P2_phrase_plus_vigil,5,20260622,True
True,3,1,P018,P2_phrase_plus_vigil,5,20260622,True
True,3,1,P018,P2_phrase_plus_vigil,5,20260622,True
True,3,1,P018,P3_vigil_plus_phrase,5,20260622,True
True,3,1,P018,P3_vigil_plus_phrase,5,20260622,True
True,3,1,P018,P3_vigil_plus_phrase,5,20260622,True
True,3,1,P018,P3_vigil_plus_phrase,5,20260622,True
True,3,1,P018,P3_vigil_plus_phrase,5,20260622,True
True,3,1,P018,P3_vigil_plus_phrase,5,20260622,True
True,3,1,P018,P3_vigil_plus_phrase,5,20260622,True
False,3,0,P018,P4_negative,5,20260622,False
False,3,0,P018,P4_negative,5,20260622,False
False,3,0,P018,P4_negative,5,20260622,False
False,3,0,P018,P4_negative,5,20260622,False
False,3,0,P018,P4_negative,5,20260622,False
False,3,0,P018,P4_negative,5,20260622,False
False,3,0,P018,P4_negative,5,20260622,False
False,3,0,P018,P4_negative,5,20260622,False
False,3,0,P018,P4_negative,5,20260622,False
False,3,0,P018,P4_negative,5,20260622,False
False,3,0,P018,P4_negative,5,20260622,False
False,3,0,P018,P4_negative,5,20260622,False
False,3,0,P018,P4_negative,5,20260622,False
False,3,0,P018,P4_negative,5,20260622,False
False,3,0,P018,P4_negative,5,20260622,False
False,3,0,P018,P4_negative,5,20260622,False
False,3,0,P018,P4_negative,5,20260622,False
False,3,0,P018,P4_negative,5,20260622,False
True,3,1,P037,P1_vigil_only,5,20260622,True
True,3,1,P037,P1_vigil_only,5,20260622,True
False,3,1,P037,P1_vigil_only,5,20260622,False
True,3,1,P037,P1_vigil_only,5,20260622,True
False,3,1,P037,P1_vigil_only,5,20260622,False
True,3,1,P037,P2_phrase_plus_vigil,5,20260622,True
True,3,1,P037,P2_phrase_plus_vigil,5,20260622,True
True,3,1,P037,P2_phrase_plus_vigil,5,20260622,True
True,3,1,P037,P2_phrase_plus_vigil,5,20260622,True
True,3,1,P037,P2_phrase_plus_vigil,5,20260622,True
True,3,1,P037,P2_phrase_plus_vigil,5,20260622,True
True,3,1,P037,P2_phrase_plus_vigil,5,20260622,True
True,3,1,P037,P2_phrase_plus_vigil,5,20260622,True
True,3,1,P037,P2_phrase_plus_vigil,5,20260622,True
True,3,1,P037,P2_phrase_plus_vigil,5,20260622,True
True,3,1,P037,P2_phrase_plus_vigil,5,20260622,True
True,3,1,P037,P2_phrase_plus_vigil,5,20260622,True
True,3,1,P037,P2_phrase_plus_vigil,5,20260622,True
True,3,1,P037,P2_phrase_plus_vigil,5,20260622,True
True,3,1,P037,P3_vigil_plus_phrase,5,20260622,True
True,3,1,P037,P3_vigil_plus_phrase,5,20260622,True
True,3,1,P037,P3_vigil_plus_phrase,5,20260622,True
True,3,1,P037,P3_vigil_plus_phrase,5,20260622,True
True,3,1,P037,P3_vigil_plus_phrase,5,20260622,True
True,3,1,P037,P3_vigil_plus_phrase,5,20260622,True
True,3,1,P037,P3_vigil_plus_phrase,5,20260622,True
True,3,1,P037,P3_vigil_plus_phrase,5,20260622,True
True,3,1,P037,P3_vigil_plus_phrase,5,20260622,True
True,3,1,P037,P3_vigil_plus_phrase,5,20260622,True
True,3,1,P037,P3_vigil_plus_phrase,5,20260622,True
False,3,1,P037,P3_vigil_plus_phrase,5,20260622,False
True,3,1,P037,P3_vigil_plus_phrase,5,20260622,True
False,3,0,P037,P4_negative,5,20260622,False
False,3,0,P037,P4_negative,5,20260622,False
False,3,0,P037,P4_negative,5,20260622,False
False,3,0,P037,P4_negative,5,20260622,False
False,3,0,P037,P4_negative,5,20260622,False
False,3,0,P037,P4_negative,5,20260622,False
False,3,0,P037,P4_negative,5,20260622,False
False,3,0,P037,P4_negative,5,20260622,False
False,3,0,P037,P4_negative,5,20260622,False
False,3,0,P037,P4_negative,5,20260622,False
False,3,0,P037,P4_negative,5,20260622,False
False,3,0,P037,P4_negative,5,20260622,False
False,3,0,P037,P4_negative,5,20260622,False
False,3,0,P037,P4_negative,5,20260622,False
False,3,0,P037,P4_negative,5,20260622,False
False,3,0,P037,P4_negative,5,20260622,False
False,3,0,P037,P4_negative,5,20260622,False
False,3,0,P037,P4_negative,5,20260622,False
False,3,0,P037,P4_negative,5,20260622,False
False,3,0,P037,P4_negative,5,20260622,False
False,3,0,P037,P4_negative,5,20260622,False
False,3,0,P037,P4_negative,5,20260622,False
False,3,0,P037,P4_negative,5,20260622,False
False,3,0,P037,P4_negative,5,20260622,False
False,3,0,P037,P4_negative,5,20260622,False
False,3,0,P037,P4_negative,5,20260622,False
False,3,0,P037,P4_negative,5,20260622,False
False,3,0,P037,P4_negative,5,20260622,False
False,3,0,P037,P4_negative,5,20260622,False
False,3,0,P037,P4_negative,5,20260622,False
False,3,0,P037,P4_negative,5,20260622,False
False,3,0,P037,P4_negative,5,20260622,False
False,3,0,P037,P4_negative,5,20260622,False
False,3,0,P037,P4_negative,5,20260622,False
False,3,0,P037,P4_negative,5,20260622,False
False,3,0,P037,P4_negative,5,20260622,False
False,3,0,P037,P4_negative,5,20260622,False
False,3,0,P037,P4_negative,5,20260622,False
False,3,0,P037,P4_negative,5,20260622,False
False,3,0,P037,P4_negative,5,20260622,False
False,3,0,P037,P4_negative,5,20260622,False
False,3,0,P037,P4_negative,5,20260622,False
False,3,0,P037,P4_negative,5,20260622,False
False,3,0,P037,P4_negative,5,20260622,False
False,3,0,P037,P4_negative,5,20260622,False
False,3,0,P037,P4_negative,5,20260622,False
False,3,0,P037,P4_negative,5,20260622,False
False,3,0,P037,P4_negative,5,20260622,False
False,3,0,P037,P4_negative,5,20260622,False
False,3,0,P037,P4_negative,5,20260622,False
False,3,0,P037,P4_negative,5,20260622,False
False,3,0,P037,P4_negative,5,20260622,False
False,3,0,P037,P4_negative,5,20260622,False
False,3,0,P037,P4_negative,5,20260622,False
False,3,0,P037,P4_negative,5,20260622,False
False,3,0,P037,P4_negative,5,20260622,False
False,3,0,P037,P4_negative,5,20260622,False
True,3,1,P010,P1_vigil_only,5,20260622,True
True,3,1,P010,P1_vigil_only,5,20260622,True
False,3,1,P010,P1_vigil_only,5,20260622,False
True,3,1,P010,P2_phrase_plus_vigil,5,20260622,True
True,3,1,P010,P2_phrase_plus_vigil,5,20260622,True
True,3,1,P010,P2_phrase_plus_vigil,5,20260622,True
True,3,1,P010,P2_phrase_plus_vigil,5,20260622,True
True,3,1,P010,P2_phrase_plus_vigil,5,20260622,True
True,3,1,P010,P2_phrase_plus_vigil,5,20260622,True
True,3,1,P010,P3_vigil_plus_phrase,5,20260622,True
True,3,1,P010,P3_vigil_plus_phrase,5,20260622,True
True,3,1,P010,P3_vigil_plus_phrase,5,20260622,True
True,3,1,P010,P3_vigil_plus_phrase,5,20260622,True
True,3,1,P010,P3_vigil_plus_phrase,5,20260622,True
False,3,0,P010,P4_negative,5,20260622,False
False,3,0,P010,P4_negative,5,20260622,False
False,3,0,P010,P4_negative,5,20260622,False
False,3,0,P010,P4_negative,5,20260622,False
False,3,0,P010,P4_negative,5,20260622,False
False,3,0,P010,P4_negative,5,20260622,False
False,3,0,P010,P4_negative,5,20260622,False
False,3,0,P010,P4_negative,5,20260622,False
False,3,0,P010,P4_negative,5,20260622,False
False,3,0,P010,P4_negative,5,20260622,False
False,3,0,P010,P4_negative,5,20260622,False
False,3,0,P010,P4_negative,5,20260622,False
False,3,0,P010,P4_negative,5,20260622,False
False,3,0,P010,P4_negative,5,20260622,False
False,3,0,P010,P4_negative,5,20260622,False
False,3,0,P010,P4_negative,5,20260622,False
False,3,0,P010,P4_negative,5,20260622,False
True,3,1,P032,P1_vigil_only,3,20260623,True
True,3,1,P032,P1_vigil_only,3,20260623,True
True,3,1,P032,P2_phrase_plus_vigil,3,20260623,True
True,3,1,P032,P3_vigil_plus_phrase,3,20260623,True
True,3,1,P032,P3_vigil_plus_phrase,3,20260623,True
False,3,0,P032,P4_negative,3,20260623,False
False,3,0,P032,P4_negative,3,20260623,False
True,3,1,P028,P1_vigil_only,3,20260623,True
True,3,1,P028,P2_phrase_plus_vigil,3,20260623,True
True,3,1,P028,P2_phrase_plus_vigil,3,20260623,True
True,3,1,P028,P2_phrase_plus_vigil,3,20260623,True
True,3,1,P028,P2_phrase_plus_vigil,3,20260623,True
False,3,1,P028,P2_phrase_plus_vigil,3,20260623,False
True,3,1,P028,P2_phrase_plus_vigil,3,20260623,True
True,3,1,P028,P2_phrase_plus_vigil,3,20260623,True
True,3,1,P028,P3_vigil_plus_phrase,3,20260623,True
True,3,1,P028,P3_vigil_plus_phrase,3,20260623,True
True,3,1,P028,P3_vigil_plus_phrase,3,20260623,True
True,3,1,P028,P3_vigil_plus_phrase,3,20260623,True
True,3,1,P028,P3_vigil_plus_phrase,3,20260623,True
False,3,0,P028,P4_negative,3,20260623,False
False,3,0,P028,P4_negative,3,20260623,False
False,3,0,P028,P4_negative,3,20260623,False
False,3,0,P028,P4_negative,3,20260623,False
False,3,0,P028,P4_negative,3,20260623,False
False,3,0,P028,P4_negative,3,20260623,False
False,3,0,P028,P4_negative,3,20260623,False
False,3,0,P028,P4_negative,3,20260623,False
False,3,0,P028,P4_negative,3,20260623,False
False,3,0,P028,P4_negative,3,20260623,False
False,3,0,P028,P4_negative,3,20260623,False
False,3,0,P028,P4_negative,3,20260623,False
False,3,0,P028,P4_negative,3,20260623,False
False,3,0,P028,P4_negative,3,20260623,False
False,3,0,P028,P4_negative,3,20260623,False
True,3,1,P031,P2_phrase_plus_vigil,3,20260623,True
False,3,1,P031,P2_phrase_plus_vigil,3,20260623,False
True,3,1,P031,P2_phrase_plus_vigil,3,20260623,True
True,3,1,P031,P2_phrase_plus_vigil,3,20260623,True
True,3,1,P031,P3_vigil_plus_phrase,3,20260623,True
True,3,1,P031,P3_vigil_plus_phrase,3,20260623,True
False,3,1,P031,P3_vigil_plus_phrase,3,20260623,False
True,3,1,P031,P3_vigil_plus_phrase,3,20260623,True
False,3,0,P031,P4_negative,3,20260623,False
False,3,0,P031,P4_negative,3,20260623,False
False,3,0,P031,P4_negative,3,20260623,False
False,3,0,P031,P4_negative,3,20260623,False
False,3,0,P031,P4_negative,3,20260623,False
False,3,0,P031,P4_negative,3,20260623,False
False,3,0,P031,P4_negative,3,20260623,False
False,3,0,P031,P4_negative,3,20260623,False
False,3,0,P031,P4_negative,3,20260623,False
False,3,0,P031,P4_negative,3,20260623,False
False,3,0,P031,P4_negative,3,20260623,False
False,3,0,P031,P4_negative,3,20260623,False
False,3,0,P031,P4_negative,3,20260623,False
False,3,0,P031,P4_negative,3,20260623,False
False,3,0,P031,P4_negative,3,20260623,False
False,3,1,P018,P1_vigil_only,3,20260623,False
True,3,1,P018,P1_vigil_only,3,20260623,True
True,3,1,P018,P1_vigil_only,3,20260623,True
False,3,1,P018,P1_vigil_only,3,20260623,False
True,3,1,P018,P1_vigil_only,3,20260623,True
True,3,1,P018,P1_vigil_only,3,20260623,True
True,3,1,P018,P1_vigil_only,3,20260623,True
True,3,1,P018,P2_phrase_plus_vigil,3,20260623,True
True,3,1,P018,P2_phrase_plus_vigil,3,20260623,True
True,3,1,P018,P2_phrase_plus_vigil,3,20260623,True
True,3,1,P018,P2_phrase_plus_vigil,3,20260623,True
True,3,1,P018,P2_phrase_plus_vigil,3,20260623,True
True,3,1,P018,P2_phrase_plus_vigil,3,20260623,True
True,3,1,P018,P2_phrase_plus_vigil,3,20260623,True
True,3,1,P018,P2_phrase_plus_vigil,3,20260623,True
True,3,1,P018,P2_phrase_plus_vigil,3,20260623,True
True,3,1,P018,P2_phrase_plus_vigil,3,20260623,True
True,3,1,P018,P2_phrase_plus_vigil,3,20260623,True
True,3,1,P018,P2_phrase_plus_vigil,3,20260623,True
True,3,1,P018,P2_phrase_plus_vigil,3,20260623,True
True,3,1,P018,P2_phrase_plus_vigil,3,20260623,True
True,3,1,P018,P2_phrase_plus_vigil,3,20260623,True
True,3,1,P018,P2_phrase_plus_vigil,3,20260623,True
True,3,1,P018,P2_phrase_plus_vigil,3,20260623,True
True,3,1,P018,P2_phrase_plus_vigil,3,20260623,True
True,3,1,P018,P3_vigil_plus_phrase,3,20260623,True
True,3,1,P018,P3_vigil_plus_phrase,3,20260623,True
True,3,1,P018,P3_vigil_plus_phrase,3,20260623,True
True,3,1,P018,P3_vigil_plus_phrase,3,20260623,True
True,3,1,P018,P3_vigil_plus_phrase,3,20260623,True
True,3,1,P018,P3_vigil_plus_phrase,3,20260623,True
True,3,1,P018,P3_vigil_plus_phrase,3,20260623,True
True,3,1,P018,P3_vigil_plus_phrase,3,20260623,True
False,3,0,P018,P4_negative,3,20260623,False
False,3,0,P018,P4_negative,3,20260623,False
False,3,0,P018,P4_negative,3,20260623,False
False,3,0,P018,P4_negative,3,20260623,False
False,3,0,P018,P4_negative,3,20260623,False
False,3,0,P018,P4_negative,3,20260623,False
False,3,0,P018,P4_negative,3,20260623,False
False,3,0,P018,P4_negative,3,20260623,False
False,3,0,P018,P4_negative,3,20260623,False
False,3,0,P018,P4_negative,3,20260623,False
False,3,0,P018,P4_negative,3,20260623,False
False,3,0,P018,P4_negative,3,20260623,False
False,3,0,P018,P4_negative,3,20260623,False
False,3,0,P018,P4_negative,3,20260623,False
False,3,0,P018,P4_negative,3,20260623,False
False,3,0,P018,P4_negative,3,20260623,False
False,3,0,P018,P4_negative,3,20260623,False
False,3,0,P018,P4_negative,3,20260623,False
True,3,1,P037,P1_vigil_only,3,20260623,True
False,3,1,P037,P1_vigil_only,3,20260623,False
True,3,1,P037,P1_vigil_only,3,20260623,True
False,3,1,P037,P1_vigil_only,3,20260623,False
True,3,1,P037,P2_phrase_plus_vigil,3,20260623,True
True,3,1,P037,P2_phrase_plus_vigil,3,20260623,True
True,3,1,P037,P2_phrase_plus_vigil,3,20260623,True
True,3,1,P037,P2_phrase_plus_vigil,3,20260623,True
True,3,1,P037,P2_phrase_plus_vigil,3,20260623,True
True,3,1,P037,P2_phrase_plus_vigil,3,20260623,True
True,3,1,P037,P2_phrase_plus_vigil,3,20260623,True
True,3,1,P037,P2_phrase_plus_vigil,3,20260623,True
True,3,1,P037,P2_phrase_plus_vigil,3,20260623,True
True,3,1,P037,P2_phrase_plus_vigil,3,20260623,True
True,3,1,P037,P2_phrase_plus_vigil,3,20260623,True
True,3,1,P037,P2_phrase_plus_vigil,3,20260623,True
True,3,1,P037,P2_phrase_plus_vigil,3,20260623,True
True,3,1,P037,P2_phrase_plus_vigil,3,20260623,True
True,3,1,P037,P2_phrase_plus_vigil,3,20260623,True
True,3,1,P037,P2_phrase_plus_vigil,3,20260623,True
True,3,1,P037,P3_vigil_plus_phrase,3,20260623,True
True,3,1,P037,P3_vigil_plus_phrase,3,20260623,True
True,3,1,P037,P3_vigil_plus_phrase,3,20260623,True
True,3,1,P037,P3_vigil_plus_phrase,3,20260623,True
True,3,1,P037,P3_vigil_plus_phrase,3,20260623,True
True,3,1,P037,P3_vigil_plus_phrase,3,20260623,True
True,3,1,P037,P3_vigil_plus_phrase,3,20260623,True
True,3,1,P037,P3_vigil_plus_phrase,3,20260623,True
True,3,1,P037,P3_vigil_plus_phrase,3,20260623,True
True,3,1,P037,P3_vigil_plus_phrase,3,20260623,True
True,3,1,P037,P3_vigil_plus_phrase,3,20260623,True
True,3,1,P037,P3_vigil_plus_phrase,3,20260623,True
False,3,1,P037,P3_vigil_plus_phrase,3,20260623,False
True,3,1,P037,P3_vigil_plus_phrase,3,20260623,True
False,3,0,P037,P4_negative,3,20260623,False
False,3,0,P037,P4_negative,3,20260623,False
False,3,0,P037,P4_negative,3,20260623,False
False,3,0,P037,P4_negative,3,20260623,False
False,3,0,P037,P4_negative,3,20260623,False
False,3,0,P037,P4_negative,3,20260623,False
False,3,0,P037,P4_negative,3,20260623,False
False,3,0,P037,P4_negative,3,20260623,False
False,3,0,P037,P4_negative,3,20260623,False
False,3,0,P037,P4_negative,3,20260623,False
False,3,0,P037,P4_negative,3,20260623,False
False,3,0,P037,P4_negative,3,20260623,False
False,3,0,P037,P4_negative,3,20260623,False
False,3,0,P037,P4_negative,3,20260623,False
False,3,0,P037,P4_negative,3,20260623,False
False,3,0,P037,P4_negative,3,20260623,False
False,3,0,P037,P4_negative,3,20260623,False
False,3,0,P037,P4_negative,3,20260623,False
False,3,0,P037,P4_negative,3,20260623,False
False,3,0,P037,P4_negative,3,20260623,False
False,3,0,P037,P4_negative,3,20260623,False
False,3,0,P037,P4_negative,3,20260623,False
False,3,0,P037,P4_negative,3,20260623,False
False,3,0,P037,P4_negative,3,20260623,False
False,3,0,P037,P4_negative,3,20260623,False
False,3,0,P037,P4_negative,3,20260623,False
False,3,0,P037,P4_negative,3,20260623,False
False,3,0,P037,P4_negative,3,20260623,False
False,3,0,P037,P4_negative,3,20260623,False
False,3,0,P037,P4_negative,3,20260623,False
False,3,0,P037,P4_negative,3,20260623,False
False,3,0,P037,P4_negative,3,20260623,False
False,3,0,P037,P4_negative,3,20260623,False
False,3,0,P037,P4_negative,3,20260623,False
False,3,0,P037,P4_negative,3,20260623,False
False,3,0,P037,P4_negative,3,20260623,False
False,3,0,P037,P4_negative,3,20260623,False
False,3,0,P037,P4_negative,3,20260623,False
False,3,0,P037,P4_negative,3,20260623,False
False,3,0,P037,P4_negative,3,20260623,False
False,3,0,P037,P4_negative,3,20260623,False
False,3,0,P037,P4_negative,3,20260623,False
False,3,0,P037,P4_negative,3,20260623,False
False,3,0,P037,P4_negative,3,20260623,False
False,3,0,P037,P4_negative,3,20260623,False
False,3,0,P037,P4_negative,3,20260623,False
False,3,0,P037,P4_negative,3,20260623,False
False,3,0,P037,P4_negative,3,20260623,False
False,3,0,P037,P4_negative,3,20260623,False
False,3,0,P037,P4_negative,3,20260623,False
False,3,0,P037,P4_negative,3,20260623,False
False,3,0,P037,P4_negative,3,20260623,False
False,3,0,P037,P4_negative,3,20260623,False
False,3,0,P037,P4_negative,3,20260623,False
False,3,0,P037,P4_negative,3,20260623,False
False,3,0,P037,P4_negative,3,20260623,False
False,3,0,P037,P4_negative,3,20260623,False
True,3,1,P010,P1_vigil_only,3,20260623,True
False,3,1,P010,P1_vigil_only,3,20260623,False
True,3,1,P010,P2_phrase_plus_vigil,3,20260623,True
True,3,1,P010,P2_phrase_plus_vigil,3,20260623,True
True,3,1,P010,P2_phrase_plus_vigil,3,20260623,True
True,3,1,P010,P2_phrase_plus_vigil,3,20260623,True
True,3,1,P010,P2_phrase_plus_vigil,3,20260623,True
True,3,1,P010,P2_phrase_plus_vigil,3,20260623,True
True,3,1,P010,P2_phrase_plus_vigil,3,20260623,True
True,3,1,P010,P2_phrase_plus_vigil,3,20260623,True
True,3,1,P010,P3_vigil_plus_phrase,3,20260623,True
True,3,1,P010,P3_vigil_plus_phrase,3,20260623,True
True,3,1,P010,P3_vigil_plus_phrase,3,20260623,True
True,3,1,P010,P3_vigil_plus_phrase,3,20260623,True
True,3,1,P010,P3_vigil_plus_phrase,3,20260623,True
True,3,1,P010,P3_vigil_plus_phrase,3,20260623,True
False,3,0,P010,P4_negative,3,20260623,False
False,3,0,P010,P4_negative,3,20260623,False
False,3,0,P010,P4_negative,3,20260623,False
False,3,0,P010,P4_negative,3,20260623,False
False,3,0,P010,P4_negative,3,20260623,False
False,3,0,P010,P4_negative,3,20260623,False
False,3,0,P010,P4_negative,3,20260623,False
False,3,0,P010,P4_negative,3,20260623,False
False,3,0,P010,P4_negative,3,20260623,False
False,3,0,P010,P4_negative,3,20260623,False
False,3,0,P010,P4_negative,3,20260623,False
False,3,0,P010,P4_negative,3,20260623,False
False,3,0,P010,P4_negative,3,20260623,False
False,3,0,P010,P4_negative,3,20260623,False
False,3,0,P010,P4_negative,3,20260623,False
False,3,0,P010,P4_negative,3,20260623,False
False,3,0,P010,P4_negative,3,20260623,False
True,3,1,P032,P1_vigil_only,5,20260623,True
True,3,1,P032,P1_vigil_only,5,20260623,True
True,3,1,P032,P3_vigil_plus_phrase,5,20260623,True
False,3,0,P032,P4_negative,5,20260623,False
False,3,0,P032,P4_negative,5,20260623,False
True,3,1,P028,P1_vigil_only,5,20260623,True
True,3,1,P028,P2_phrase_plus_vigil,5,20260623,True
True,3,1,P028,P2_phrase_plus_vigil,5,20260623,True
True,3,1,P028,P2_phrase_plus_vigil,5,20260623,True
True,3,1,P028,P2_phrase_plus_vigil,5,20260623,True
True,3,1,P028,P2_phrase_plus_vigil,5,20260623,True
True,3,1,P028,P2_phrase_plus_vigil,5,20260623,True
True,3,1,P028,P3_vigil_plus_phrase,5,20260623,True
True,3,1,P028,P3_vigil_plus_phrase,5,20260623,True
True,3,1,P028,P3_vigil_plus_phrase,5,20260623,True
True,3,1,P028,P3_vigil_plus_phrase,5,20260623,True
False,3,0,P028,P4_negative,5,20260623,False
False,3,0,P028,P4_negative,5,20260623,False
False,3,0,P028,P4_negative,5,20260623,False
False,3,0,P028,P4_negative,5,20260623,False
False,3,0,P028,P4_negative,5,20260623,False
False,3,0,P028,P4_negative,5,20260623,False
False,3,0,P028,P4_negative,5,20260623,False
False,3,0,P028,P4_negative,5,20260623,False
False,3,0,P028,P4_negative,5,20260623,False
False,3,0,P028,P4_negative,5,20260623,False
False,3,0,P028,P4_negative,5,20260623,False
False,3,0,P028,P4_negative,5,20260623,False
False,3,0,P028,P4_negative,5,20260623,False
False,3,0,P028,P4_negative,5,20260623,False
False,3,0,P028,P4_negative,5,20260623,False
True,3,1,P031,P2_phrase_plus_vigil,5,20260623,True
False,3,1,P031,P2_phrase_plus_vigil,5,20260623,False
True,3,1,P031,P2_phrase_plus_vigil,5,20260623,True
True,3,1,P031,P3_vigil_plus_phrase,5,20260623,True
True,3,1,P031,P3_vigil_plus_phrase,5,20260623,True
True,3,1,P031,P3_vigil_plus_phrase,5,20260623,True
False,3,0,P031,P4_negative,5,20260623,False
False,3,0,P031,P4_negative,5,20260623,False
False,3,0,P031,P4_negative,5,20260623,False
False,3,0,P031,P4_negative,5,20260623,False
False,3,0,P031,P4_negative,5,20260623,False
False,3,0,P031,P4_negative,5,20260623,False
False,3,0,P031,P4_negative,5,20260623,False
False,3,0,P031,P4_negative,5,20260623,False
False,3,0,P031,P4_negative,5,20260623,False
False,3,0,P031,P4_negative,5,20260623,False
False,3,0,P031,P4_negative,5,20260623,False
False,3,0,P031,P4_negative,5,20260623,False
False,3,0,P031,P4_negative,5,20260623,False
False,3,0,P031,P4_negative,5,20260623,False
False,3,0,P031,P4_negative,5,20260623,False
True,3,1,P018,P1_vigil_only,5,20260623,True
True,3,1,P018,P1_vigil_only,5,20260623,True
False,3,1,P018,P1_vigil_only,5,20260623,False
True,3,1,P018,P1_vigil_only,5,20260623,True
True,3,1,P018,P1_vigil_only,5,20260623,True
True,3,1,P018,P1_vigil_only,5,20260623,True
True,3,1,P018,P2_phrase_plus_vigil,5,20260623,True
True,3,1,P018,P2_phrase_plus_vigil,5,20260623,True
True,3,1,P018,P2_phrase_plus_vigil,5,20260623,True
True,3,1,P018,P2_phrase_plus_vigil,5,20260623,True
True,3,1,P018,P2_phrase_plus_vigil,5,20260623,True
True,3,1,P018,P2_phrase_plus_vigil,5,20260623,True
True,3,1,P018,P2_phrase_plus_vigil,5,20260623,True
True,3,1,P018,P2_phrase_plus_vigil,5,20260623,True
True,3,1,P018,P2_phrase_plus_vigil,5,20260623,True
True,3,1,P018,P2_phrase_plus_vigil,5,20260623,True
True,3,1,P018,P2_phrase_plus_vigil,5,20260623,True
True,3,1,P018,P2_phrase_plus_vigil,5,20260623,True
True,3,1,P018,P2_phrase_plus_vigil,5,20260623,True
True,3,1,P018,P2_phrase_plus_vigil,5,20260623,True
True,3,1,P018,P2_phrase_plus_vigil,5,20260623,True
True,3,1,P018,P2_phrase_plus_vigil,5,20260623,True
True,3,1,P018,P2_phrase_plus_vigil,5,20260623,True
True,3,1,P018,P3_vigil_plus_phrase,5,20260623,True
True,3,1,P018,P3_vigil_plus_phrase,5,20260623,True
True,3,1,P018,P3_vigil_plus_phrase,5,20260623,True
True,3,1,P018,P3_vigil_plus_phrase,5,20260623,True
True,3,1,P018,P3_vigil_plus_phrase,5,20260623,True
True,3,1,P018,P3_vigil_plus_phrase,5,20260623,True
True,3,1,P018,P3_vigil_plus_phrase,5,20260623,True
True,3,1,P018,P3_vigil_plus_phrase,5,20260623,True
False,3,0,P018,P4_negative,5,20260623,False
False,3,0,P018,P4_negative,5,20260623,False
False,3,0,P018,P4_negative,5,20260623,False
False,3,0,P018,P4_negative,5,20260623,False
False,3,0,P018,P4_negative,5,20260623,False
False,3,0,P018,P4_negative,5,20260623,False
False,3,0,P018,P4_negative,5,20260623,False
False,3,0,P018,P4_negative,5,20260623,False
False,3,0,P018,P4_negative,5,20260623,False
False,3,0,P018,P4_negative,5,20260623,False
False,3,0,P018,P4_negative,5,20260623,False
False,3,0,P018,P4_negative,5,20260623,False
False,3,0,P018,P4_negative,5,20260623,False
False,3,0,P018,P4_negative,5,20260623,False
False,3,0,P018,P4_negative,5,20260623,False
False,3,0,P018,P4_negative,5,20260623,False
False,3,0,P018,P4_negative,5,20260623,False
False,3,0,P018,P4_negative,5,20260623,False
False,3,1,P037,P1_vigil_only,5,20260623,False
True,3,1,P037,P1_vigil_only,5,20260623,True
False,3,1,P037,P1_vigil_only,5,20260623,False
True,3,1,P037,P2_phrase_plus_vigil,5,20260623,True
True,3,1,P037,P2_phrase_plus_vigil,5,20260623,True
True,3,1,P037,P2_phrase_plus_vigil,5,20260623,True
True,3,1,P037,P2_phrase_plus_vigil,5,20260623,True
True,3,1,P037,P2_phrase_plus_vigil,5,20260623,True
True,3,1,P037,P2_phrase_plus_vigil,5,20260623,True
True,3,1,P037,P2_phrase_plus_vigil,5,20260623,True
True,3,1,P037,P2_phrase_plus_vigil,5,20260623,True
True,3,1,P037,P2_phrase_plus_vigil,5,20260623,True
True,3,1,P037,P2_phrase_plus_vigil,5,20260623,True
True,3,1,P037,P2_phrase_plus_vigil,5,20260623,True
True,3,1,P037,P2_phrase_plus_vigil,5,20260623,True
True,3,1,P037,P2_phrase_plus_vigil,5,20260623,True
True,3,1,P037,P2_phrase_plus_vigil,5,20260623,True
True,3,1,P037,P2_phrase_plus_vigil,5,20260623,True
True,3,1,P037,P2_phrase_plus_vigil,5,20260623,True
True,3,1,P037,P3_vigil_plus_phrase,5,20260623,True
True,3,1,P037,P3_vigil_plus_phrase,5,20260623,True
True,3,1,P037,P3_vigil_plus_phrase,5,20260623,True
True,3,1,P037,P3_vigil_plus_phrase,5,20260623,True
True,3,1,P037,P3_vigil_plus_phrase,5,20260623,True
True,3,1,P037,P3_vigil_plus_phrase,5,20260623,True
True,3,1,P037,P3_vigil_plus_phrase,5,20260623,True
True,3,1,P037,P3_vigil_plus_phrase,5,20260623,True
True,3,1,P037,P3_vigil_plus_phrase,5,20260623,True
True,3,1,P037,P3_vigil_plus_phrase,5,20260623,True
True,3,1,P037,P3_vigil_plus_phrase,5,20260623,True
False,3,1,P037,P3_vigil_plus_phrase,5,20260623,False
True,3,1,P037,P3_vigil_plus_phrase,5,20260623,True
False,3,0,P037,P4_negative,5,20260623,False
False,3,0,P037,P4_negative,5,20260623,False
False,3,0,P037,P4_negative,5,20260623,False
False,3,0,P037,P4_negative,5,20260623,False
False,3,0,P037,P4_negative,5,20260623,False
False,3,0,P037,P4_negative,5,20260623,False
False,3,0,P037,P4_negative,5,20260623,False
False,3,0,P037,P4_negative,5,20260623,False
False,3,0,P037,P4_negative,5,20260623,False
False,3,0,P037,P4_negative,5,20260623,False
False,3,0,P037,P4_negative,5,20260623,False
False,3,0,P037,P4_negative,5,20260623,False
False,3,0,P037,P4_negative,5,20260623,False
False,3,0,P037,P4_negative,5,20260623,False
False,3,0,P037,P4_negative,5,20260623,False
False,3,0,P037,P4_negative,5,20260623,False
False,3,0,P037,P4_negative,5,20260623,False
False,3,0,P037,P4_negative,5,20260623,False
False,3,0,P037,P4_negative,5,20260623,False
False,3,0,P037,P4_negative,5,20260623,False
False,3,0,P037,P4_negative,5,20260623,False
False,3,0,P037,P4_negative,5,20260623,False
False,3,0,P037,P4_negative,5,20260623,False
False,3,0,P037,P4_negative,5,20260623,False
False,3,0,P037,P4_negative,5,20260623,False
False,3,0,P037,P4_negative,5,20260623,False
False,3,0,P037,P4_negative,5,20260623,False
False,3,0,P037,P4_negative,5,20260623,False
False,3,0,P037,P4_negative,5,20260623,False
False,3,0,P037,P4_negative,5,20260623,False
False,3,0,P037,P4_negative,5,20260623,False
False,3,0,P037,P4_negative,5,20260623,False
False,3,0,P037,P4_negative,5,20260623,False
False,3,0,P037,P4_negative,5,20260623,False
False,3,0,P037,P4_negative,5,20260623,False
False,3,0,P037,P4_negative,5,20260623,False
False,3,0,P037,P4_negative,5,20260623,False
False,3,0,P037,P4_negative,5,20260623,False
False,3,0,P037,P4_negative,5,20260623,False
False,3,0,P037,P4_negative,5,20260623,False
False,3,0,P037,P4_negative,5,20260623,False
False,3,0,P037,P4_negative,5,20260623,False
False,3,0,P037,P4_negative,5,20260623,False
False,3,0,P037,P4_negative,5,20260623,False
False,3,0,P037,P4_negative,5,20260623,False
False,3,0,P037,P4_negative,5,20260623,False
False,3,0,P037,P4_negative,5,20260623,False
False,3,0,P037,P4_negative,5,20260623,False
False,3,0,P037,P4_negative,5,20260623,False
False,3,0,P037,P4_negative,5,20260623,False
False,3,0,P037,P4_negative,5,20260623,False
False,3,0,P037,P4_negative,5,20260623,False
False,3,0,P037,P4_negative,5,20260623,False
False,3,0,P037,P4_negative,5,20260623,False
False,3,0,P037,P4_negative,5,20260623,False
False,3,0,P037,P4_negative,5,20260623,False
False,3,0,P037,P4_negative,5,20260623,False
True,3,1,P010,P1_vigil_only,5,20260623,True
False,3,1,P010,P1_vigil_only,5,20260623,False
True,3,1,P010,P2_phrase_plus_vigil,5,20260623,True
True,3,1,P010,P2_phrase_plus_vigil,5,20260623,True
True,3,1,P010,P2_phrase_plus_vigil,5,20260623,True
True,3,1,P010,P2_phrase_plus_vigil,5,20260623,True
True,3,1,P010,P2_phrase_plus_vigil,5,20260623,True
True,3,1,P010,P2_phrase_plus_vigil,5,20260623,True
True,3,1,P010,P2_phrase_plus_vigil,5,20260623,True
True,3,1,P010,P3_vigil_plus_phrase,5,20260623,True
True,3,1,P010,P3_vigil_plus_phrase,5,20260623,True
True,3,1,P010,P3_vigil_plus_phrase,5,20260623,True
True,3,1,P010,P3_vigil_plus_phrase,5,20260623,True
True,3,1,P010,P3_vigil_plus_phrase,5,20260623,True
False,3,0,P010,P4_negative,5,20260623,False
False,3,0,P010,P4_negative,5,20260623,False
False,3,0,P010,P4_negative,5,20260623,False
False,3,0,P010,P4_negative,5,20260623,False
False,3,0,P010,P4_negative,5,20260623,False
False,3,0,P010,P4_negative,5,20260623,False
False,3,0,P010,P4_negative,5,20260623,False
False,3,0,P010,P4_negative,5,20260623,False
False,3,0,P010,P4_negative,5,20260623,False
False,3,0,P010,P4_negative,5,20260623,False
False,3,0,P010,P4_negative,5,20260623,False
False,3,0,P010,P4_negative,5,20260623,False
False,3,0,P010,P4_negative,5,20260623,False
False,3,0,P010,P4_negative,5,20260623,False
False,3,0,P010,P4_negative,5,20260623,False
False,3,0,P010,P4_negative,5,20260623,False
False,3,0,P010,P4_negative,5,20260623,False
True,3,1,P032,P1_vigil_only,3,20260624,True
True,3,1,P032,P2_phrase_plus_vigil,3,20260624,True
True,3,1,P032,P2_phrase_plus_vigil,3,20260624,True
True,3,1,P032,P2_phrase_plus_vigil,3,20260624,True
True,3,1,P032,P3_vigil_plus_phrase,3,20260624,True
False,3,0,P032,P4_negative,3,20260624,False
False,3,0,P032,P4_negative,3,20260624,False
True,3,1,P028,P1_vigil_only,3,20260624,True
True,3,1,P028,P1_vigil_only,3,20260624,True
True,3,1,P028,P2_phrase_plus_vigil,3,20260624,True
True,3,1,P028,P2_phrase_plus_vigil,3,20260624,True
True,3,1,P028,P2_phrase_plus_vigil,3,20260624,True
False,3,1,P028,P2_phrase_plus_vigil,3,20260624,False
True,3,1,P028,P2_phrase_plus_vigil,3,20260624,True
True,3,1,P028,P2_phrase_plus_vigil,3,20260624,True
True,3,1,P028,P3_vigil_plus_phrase,3,20260624,True
True,3,1,P028,P3_vigil_plus_phrase,3,20260624,True
True,3,1,P028,P3_vigil_plus_phrase,3,20260624,True
True,3,1,P028,P3_vigil_plus_phrase,3,20260624,True
True,3,1,P028,P3_vigil_plus_phrase,3,20260624,True
False,3,0,P028,P4_negative,3,20260624,False
False,3,0,P028,P4_negative,3,20260624,False
False,3,0,P028,P4_negative,3,20260624,False
False,3,0,P028,P4_negative,3,20260624,False
False,3,0,P028,P4_negative,3,20260624,False
False,3,0,P028,P4_negative,3,20260624,False
False,3,0,P028,P4_negative,3,20260624,False
False,3,0,P028,P4_negative,3,20260624,False
False,3,0,P028,P4_negative,3,20260624,False
False,3,0,P028,P4_negative,3,20260624,False
False,3,0,P028,P4_negative,3,20260624,False
False,3,0,P028,P4_negative,3,20260624,False
False,3,0,P028,P4_negative,3,20260624,False
False,3,0,P028,P4_negative,3,20260624,False
False,3,0,P028,P4_negative,3,20260624,False
False,3,1,P031,P1_vigil_only,3,20260624,False
True,3,1,P031,P2_phrase_plus_vigil,3,20260624,True
False,3,1,P031,P2_phrase_plus_vigil,3,20260624,False
True,3,1,P031,P2_phrase_plus_vigil,3,20260624,True
True,3,1,P031,P2_phrase_plus_vigil,3,20260624,True
True,3,1,P031,P3_vigil_plus_phrase,3,20260624,True
False,3,1,P031,P3_vigil_plus_phrase,3,20260624,False
True,3,1,P031,P3_vigil_plus_phrase,3,20260624,True
False,3,0,P031,P4_negative,3,20260624,False
False,3,0,P031,P4_negative,3,20260624,False
False,3,0,P031,P4_negative,3,20260624,False
False,3,0,P031,P4_negative,3,20260624,False
False,3,0,P031,P4_negative,3,20260624,False
False,3,0,P031,P4_negative,3,20260624,False
False,3,0,P031,P4_negative,3,20260624,False
False,3,0,P031,P4_negative,3,20260624,False
False,3,0,P031,P4_negative,3,20260624,False
False,3,0,P031,P4_negative,3,20260624,False
False,3,0,P031,P4_negative,3,20260624,False
False,3,0,P031,P4_negative,3,20260624,False
False,3,0,P031,P4_negative,3,20260624,False
False,3,0,P031,P4_negative,3,20260624,False
False,3,0,P031,P4_negative,3,20260624,False
False,3,1,P018,P1_vigil_only,3,20260624,False
True,3,1,P018,P1_vigil_only,3,20260624,True
True,3,1,P018,P1_vigil_only,3,20260624,True
True,3,1,P018,P1_vigil_only,3,20260624,True
False,3,1,P018,P1_vigil_only,3,20260624,False
True,3,1,P018,P1_vigil_only,3,20260624,True
True,3,1,P018,P1_vigil_only,3,20260624,True
True,3,1,P018,P1_vigil_only,3,20260624,True
True,3,1,P018,P2_phrase_plus_vigil,3,20260624,True
True,3,1,P018,P2_phrase_plus_vigil,3,20260624,True
True,3,1,P018,P2_phrase_plus_vigil,3,20260624,True
True,3,1,P018,P2_phrase_plus_vigil,3,20260624,True
True,3,1,P018,P2_phrase_plus_vigil,3,20260624,True
True,3,1,P018,P2_phrase_plus_vigil,3,20260624,True
True,3,1,P018,P2_phrase_plus_vigil,3,20260624,True
True,3,1,P018,P2_phrase_plus_vigil,3,20260624,True
True,3,1,P018,P2_phrase_plus_vigil,3,20260624,True
True,3,1,P018,P2_phrase_plus_vigil,3,20260624,True
True,3,1,P018,P2_phrase_plus_vigil,3,20260624,True
True,3,1,P018,P2_phrase_plus_vigil,3,20260624,True
True,3,1,P018,P2_phrase_plus_vigil,3,20260624,True
True,3,1,P018,P2_phrase_plus_vigil,3,20260624,True
True,3,1,P018,P2_phrase_plus_vigil,3,20260624,True
True,3,1,P018,P2_phrase_plus_vigil,3,20260624,True
True,3,1,P018,P2_phrase_plus_vigil,3,20260624,True
True,3,1,P018,P2_phrase_plus_vigil,3,20260624,True
True,3,1,P018,P3_vigil_plus_phrase,3,20260624,True
True,3,1,P018,P3_vigil_plus_phrase,3,20260624,True
True,3,1,P018,P3_vigil_plus_phrase,3,20260624,True
True,3,1,P018,P3_vigil_plus_phrase,3,20260624,True
True,3,1,P018,P3_vigil_plus_phrase,3,20260624,True
True,3,1,P018,P3_vigil_plus_phrase,3,20260624,True
True,3,1,P018,P3_vigil_plus_phrase,3,20260624,True
False,3,0,P018,P4_negative,3,20260624,False
False,3,0,P018,P4_negative,3,20260624,False
False,3,0,P018,P4_negative,3,20260624,False
False,3,0,P018,P4_negative,3,20260624,False
False,3,0,P018,P4_negative,3,20260624,False
False,3,0,P018,P4_negative,3,20260624,False
False,3,0,P018,P4_negative,3,20260624,False
False,3,0,P018,P4_negative,3,20260624,False
False,3,0,P018,P4_negative,3,20260624,False
False,3,0,P018,P4_negative,3,20260624,False
False,3,0,P018,P4_negative,3,20260624,False
False,3,0,P018,P4_negative,3,20260624,False
False,3,0,P018,P4_negative,3,20260624,False
False,3,0,P018,P4_negative,3,20260624,False
False,3,0,P018,P4_negative,3,20260624,False
False,3,0,P018,P4_negative,3,20260624,False
False,3,0,P018,P4_negative,3,20260624,False
False,3,0,P018,P4_negative,3,20260624,False
True,3,1,P037,P1_vigil_only,3,20260624,True
True,3,1,P037,P1_vigil_only,3,20260624,True
False,3,1,P037,P1_vigil_only,3,20260624,False
True,3,1,P037,P1_vigil_only,3,20260624,True
False,3,1,P037,P1_vigil_only,3,20260624,False
True,3,1,P037,P2_phrase_plus_vigil,3,20260624,True
True,3,1,P037,P2_phrase_plus_vigil,3,20260624,True
True,3,1,P037,P2_phrase_plus_vigil,3,20260624,True
True,3,1,P037,P2_phrase_plus_vigil,3,20260624,True
True,3,1,P037,P2_phrase_plus_vigil,3,20260624,True
True,3,1,P037,P2_phrase_plus_vigil,3,20260624,True
True,3,1,P037,P2_phrase_plus_vigil,3,20260624,True
True,3,1,P037,P2_phrase_plus_vigil,3,20260624,True
True,3,1,P037,P2_phrase_plus_vigil,3,20260624,True
True,3,1,P037,P2_phrase_plus_vigil,3,20260624,True
True,3,1,P037,P2_phrase_plus_vigil,3,20260624,True
True,3,1,P037,P2_phrase_plus_vigil,3,20260624,True
True,3,1,P037,P2_phrase_plus_vigil,3,20260624,True
True,3,1,P037,P2_phrase_plus_vigil,3,20260624,True
True,3,1,P037,P2_phrase_plus_vigil,3,20260624,True
True,3,1,P037,P2_phrase_plus_vigil,3,20260624,True
True,3,1,P037,P3_vigil_plus_phrase,3,20260624,True
True,3,1,P037,P3_vigil_plus_phrase,3,20260624,True
True,3,1,P037,P3_vigil_plus_phrase,3,20260624,True
True,3,1,P037,P3_vigil_plus_phrase,3,20260624,True
True,3,1,P037,P3_vigil_plus_phrase,3,20260624,True
True,3,1,P037,P3_vigil_plus_phrase,3,20260624,True
True,3,1,P037,P3_vigil_plus_phrase,3,20260624,True
True,3,1,P037,P3_vigil_plus_phrase,3,20260624,True
True,3,1,P037,P3_vigil_plus_phrase,3,20260624,True
True,3,1,P037,P3_vigil_plus_phrase,3,20260624,True
True,3,1,P037,P3_vigil_plus_phrase,3,20260624,True
False,3,1,P037,P3_vigil_plus_phrase,3,20260624,False
True,3,1,P037,P3_vigil_plus_phrase,3,20260624,True
False,3,0,P037,P4_negative,3,20260624,False
False,3,0,P037,P4_negative,3,20260624,False
False,3,0,P037,P4_negative,3,20260624,False
False,3,0,P037,P4_negative,3,20260624,False
False,3,0,P037,P4_negative,3,20260624,False
False,3,0,P037,P4_negative,3,20260624,False
False,3,0,P037,P4_negative,3,20260624,False
False,3,0,P037,P4_negative,3,20260624,False
False,3,0,P037,P4_negative,3,20260624,False
False,3,0,P037,P4_negative,3,20260624,False
False,3,0,P037,P4_negative,3,20260624,False
False,3,0,P037,P4_negative,3,20260624,False
False,3,0,P037,P4_negative,3,20260624,False
False,3,0,P037,P4_negative,3,20260624,False
False,3,0,P037,P4_negative,3,20260624,False
False,3,0,P037,P4_negative,3,20260624,False
False,3,0,P037,P4_negative,3,20260624,False
False,3,0,P037,P4_negative,3,20260624,False
False,3,0,P037,P4_negative,3,20260624,False
False,3,0,P037,P4_negative,3,20260624,False
False,3,0,P037,P4_negative,3,20260624,False
False,3,0,P037,P4_negative,3,20260624,False
False,3,0,P037,P4_negative,3,20260624,False
False,3,0,P037,P4_negative,3,20260624,False
False,3,0,P037,P4_negative,3,20260624,False
False,3,0,P037,P4_negative,3,20260624,False
False,3,0,P037,P4_negative,3,20260624,False
False,3,0,P037,P4_negative,3,20260624,False
False,3,0,P037,P4_negative,3,20260624,False
False,3,0,P037,P4_negative,3,20260624,False
False,3,0,P037,P4_negative,3,20260624,False
False,3,0,P037,P4_negative,3,20260624,False
False,3,0,P037,P4_negative,3,20260624,False
False,3,0,P037,P4_negative,3,20260624,False
False,3,0,P037,P4_negative,3,20260624,False
False,3,0,P037,P4_negative,3,20260624,False
False,3,0,P037,P4_negative,3,20260624,False
False,3,0,P037,P4_negative,3,20260624,False
False,3,0,P037,P4_negative,3,20260624,False
False,3,0,P037,P4_negative,3,20260624,False
False,3,0,P037,P4_negative,3,20260624,False
False,3,0,P037,P4_negative,3,20260624,False
False,3,0,P037,P4_negative,3,20260624,False
False,3,0,P037,P4_negative,3,20260624,False
False,3,0,P037,P4_negative,3,20260624,False
False,3,0,P037,P4_negative,3,20260624,False
False,3,0,P037,P4_negative,3,20260624,False
False,3,0,P037,P4_negative,3,20260624,False
False,3,0,P037,P4_negative,3,20260624,False
False,3,0,P037,P4_negative,3,20260624,False
False,3,0,P037,P4_negative,3,20260624,False
False,3,0,P037,P4_negative,3,20260624,False
False,3,0,P037,P4_negative,3,20260624,False
False,3,0,P037,P4_negative,3,20260624,False
False,3,0,P037,P4_negative,3,20260624,False
False,3,0,P037,P4_negative,3,20260624,False
False,3,0,P037,P4_negative,3,20260624,False
True,3,1,P010,P1_vigil_only,3,20260624,True
True,3,1,P010,P1_vigil_only,3,20260624,True
False,3,1,P010,P1_vigil_only,3,20260624,False
True,3,1,P010,P2_phrase_plus_vigil,3,20260624,True
True,3,1,P010,P2_phrase_plus_vigil,3,20260624,True
True,3,1,P010,P2_phrase_plus_vigil,3,20260624,True
True,3,1,P010,P2_phrase_plus_vigil,3,20260624,True
True,3,1,P010,P2_phrase_plus_vigil,3,20260624,True
True,3,1,P010,P2_phrase_plus_vigil,3,20260624,True
True,3,1,P010,P2_phrase_plus_vigil,3,20260624,True
True,3,1,P010,P2_phrase_plus_vigil,3,20260624,True
True,3,1,P010,P3_vigil_plus_phrase,3,20260624,True
True,3,1,P010,P3_vigil_plus_phrase,3,20260624,True
True,3,1,P010,P3_vigil_plus_phrase,3,20260624,True
True,3,1,P010,P3_vigil_plus_phrase,3,20260624,True
True,3,1,P010,P3_vigil_plus_phrase,3,20260624,True
False,3,0,P010,P4_negative,3,20260624,False
False,3,0,P010,P4_negative,3,20260624,False
False,3,0,P010,P4_negative,3,20260624,False
False,3,0,P010,P4_negative,3,20260624,False
False,3,0,P010,P4_negative,3,20260624,False
False,3,0,P010,P4_negative,3,20260624,False
False,3,0,P010,P4_negative,3,20260624,False
False,3,0,P010,P4_negative,3,20260624,False
False,3,0,P010,P4_negative,3,20260624,False
False,3,0,P010,P4_negative,3,20260624,False
False,3,0,P010,P4_negative,3,20260624,False
False,3,0,P010,P4_negative,3,20260624,False
False,3,0,P010,P4_negative,3,20260624,False
False,3,0,P010,P4_negative,3,20260624,False
False,3,0,P010,P4_negative,3,20260624,False
False,3,0,P010,P4_negative,3,20260624,False
False,3,0,P010,P4_negative,3,20260624,False
True,3,1,P032,P2_phrase_plus_vigil,5,20260624,True
True,3,1,P032,P2_phrase_plus_vigil,5,20260624,True
True,3,1,P032,P3_vigil_plus_phrase,5,20260624,True
False,3,0,P032,P4_negative,5,20260624,False
False,3,0,P032,P4_negative,5,20260624,False
True,3,1,P028,P1_vigil_only,5,20260624,True
True,3,1,P028,P2_phrase_plus_vigil,5,20260624,True
True,3,1,P028,P2_phrase_plus_vigil,5,20260624,True
False,3,1,P028,P2_phrase_plus_vigil,5,20260624,False
True,3,1,P028,P2_phrase_plus_vigil,5,20260624,True
True,3,1,P028,P2_phrase_plus_vigil,5,20260624,True
True,3,1,P028,P3_vigil_plus_phrase,5,20260624,True
True,3,1,P028,P3_vigil_plus_phrase,5,20260624,True
True,3,1,P028,P3_vigil_plus_phrase,5,20260624,True
True,3,1,P028,P3_vigil_plus_phrase,5,20260624,True
True,3,1,P028,P3_vigil_plus_phrase,5,20260624,True
False,3,0,P028,P4_negative,5,20260624,False
False,3,0,P028,P4_negative,5,20260624,False
False,3,0,P028,P4_negative,5,20260624,False
False,3,0,P028,P4_negative,5,20260624,False
False,3,0,P028,P4_negative,5,20260624,False
False,3,0,P028,P4_negative,5,20260624,False
False,3,0,P028,P4_negative,5,20260624,False
False,3,0,P028,P4_negative,5,20260624,False
False,3,0,P028,P4_negative,5,20260624,False
False,3,0,P028,P4_negative,5,20260624,False
False,3,0,P028,P4_negative,5,20260624,False
False,3,0,P028,P4_negative,5,20260624,False
False,3,0,P028,P4_negative,5,20260624,False
False,3,0,P028,P4_negative,5,20260624,False
False,3,0,P028,P4_negative,5,20260624,False
False,3,1,P031,P1_vigil_only,5,20260624,False
True,3,1,P031,P2_phrase_plus_vigil,5,20260624,True
True,3,1,P031,P2_phrase_plus_vigil,5,20260624,True
True,3,1,P031,P2_phrase_plus_vigil,5,20260624,True
True,3,1,P031,P3_vigil_plus_phrase,5,20260624,True
True,3,1,P031,P3_vigil_plus_phrase,5,20260624,True
False,3,0,P031,P4_negative,5,20260624,False
False,3,0,P031,P4_negative,5,20260624,False
False,3,0,P031,P4_negative,5,20260624,False
False,3,0,P031,P4_negative,5,20260624,False
False,3,0,P031,P4_negative,5,20260624,False
False,3,0,P031,P4_negative,5,20260624,False
False,3,0,P031,P4_negative,5,20260624,False
False,3,0,P031,P4_negative,5,20260624,False
False,3,0,P031,P4_negative,5,20260624,False
False,3,0,P031,P4_negative,5,20260624,False
False,3,0,P031,P4_negative,5,20260624,False
False,3,0,P031,P4_negative,5,20260624,False
False,3,0,P031,P4_negative,5,20260624,False
False,3,0,P031,P4_negative,5,20260624,False
False,3,0,P031,P4_negative,5,20260624,False
False,3,1,P018,P1_vigil_only,5,20260624,False
True,3,1,P018,P1_vigil_only,5,20260624,True
True,3,1,P018,P1_vigil_only,5,20260624,True
False,3,1,P018,P1_vigil_only,5,20260624,False
True,3,1,P018,P1_vigil_only,5,20260624,True
True,3,1,P018,P1_vigil_only,5,20260624,True
True,3,1,P018,P1_vigil_only,5,20260624,True
True,3,1,P018,P2_phrase_plus_vigil,5,20260624,True
True,3,1,P018,P2_phrase_plus_vigil,5,20260624,True
True,3,1,P018,P2_phrase_plus_vigil,5,20260624,True
True,3,1,P018,P2_phrase_plus_vigil,5,20260624,True
True,3,1,P018,P2_phrase_plus_vigil,5,20260624,True
True,3,1,P018,P2_phrase_plus_vigil,5,20260624,True
True,3,1,P018,P2_phrase_plus_vigil,5,20260624,True
True,3,1,P018,P2_phrase_plus_vigil,5,20260624,True
True,3,1,P018,P2_phrase_plus_vigil,5,20260624,True
True,3,1,P018,P2_phrase_plus_vigil,5,20260624,True
True,3,1,P018,P2_phrase_plus_vigil,5,20260624,True
True,3,1,P018,P2_phrase_plus_vigil,5,20260624,True
True,3,1,P018,P2_phrase_plus_vigil,5,20260624,True
True,3,1,P018,P2_phrase_plus_vigil,5,20260624,True
True,3,1,P018,P2_phrase_plus_vigil,5,20260624,True
True,3,1,P018,P2_phrase_plus_vigil,5,20260624,True
True,3,1,P018,P2_phrase_plus_vigil,5,20260624,True
True,3,1,P018,P3_vigil_plus_phrase,5,20260624,True
True,3,1,P018,P3_vigil_plus_phrase,5,20260624,True
True,3,1,P018,P3_vigil_plus_phrase,5,20260624,True
True,3,1,P018,P3_vigil_plus_phrase,5,20260624,True
True,3,1,P018,P3_vigil_plus_phrase,5,20260624,True
True,3,1,P018,P3_vigil_plus_phrase,5,20260624,True
True,3,1,P018,P3_vigil_plus_phrase,5,20260624,True
False,3,0,P018,P4_negative,5,20260624,False
False,3,0,P018,P4_negative,5,20260624,False
False,3,0,P018,P4_negative,5,20260624,False
False,3,0,P018,P4_negative,5,20260624,False
False,3,0,P018,P4_negative,5,20260624,False
False,3,0,P018,P4_negative,5,20260624,False
False,3,0,P018,P4_negative,5,20260624,False
False,3,0,P018,P4_negative,5,20260624,False
False,3,0,P018,P4_negative,5,20260624,False
False,3,0,P018,P4_negative,5,20260624,False
False,3,0,P018,P4_negative,5,20260624,False
False,3,0,P018,P4_negative,5,20260624,False
False,3,0,P018,P4_negative,5,20260624,False
False,3,0,P018,P4_negative,5,20260624,False
False,3,0,P018,P4_negative,5,20260624,False
False,3,0,P018,P4_negative,5,20260624,False
False,3,0,P018,P4_negative,5,20260624,False
False,3,0,P018,P4_negative,5,20260624,False
True,3,1,P037,P1_vigil_only,5,20260624,True
True,3,1,P037,P1_vigil_only,5,20260624,True
True,3,1,P037,P1_vigil_only,5,20260624,True
False,3,1,P037,P1_vigil_only,5,20260624,False
True,3,1,P037,P2_phrase_plus_vigil,5,20260624,True
True,3,1,P037,P2_phrase_plus_vigil,5,20260624,True
True,3,1,P037,P2_phrase_plus_vigil,5,20260624,True
True,3,1,P037,P2_phrase_plus_vigil,5,20260624,True
True,3,1,P037,P2_phrase_plus_vigil,5,20260624,True
True,3,1,P037,P2_phrase_plus_vigil,5,20260624,True
True,3,1,P037,P2_phrase_plus_vigil,5,20260624,True
True,3,1,P037,P2_phrase_plus_vigil,5,20260624,True
True,3,1,P037,P2_phrase_plus_vigil,5,20260624,True
True,3,1,P037,P2_phrase_plus_vigil,5,20260624,True
True,3,1,P037,P2_phrase_plus_vigil,5,20260624,True
True,3,1,P037,P2_phrase_plus_vigil,5,20260624,True
True,3,1,P037,P2_phrase_plus_vigil,5,20260624,True
True,3,1,P037,P2_phrase_plus_vigil,5,20260624,True
True,3,1,P037,P2_phrase_plus_vigil,5,20260624,True
True,3,1,P037,P3_vigil_plus_phrase,5,20260624,True
True,3,1,P037,P3_vigil_plus_phrase,5,20260624,True
True,3,1,P037,P3_vigil_plus_phrase,5,20260624,True
True,3,1,P037,P3_vigil_plus_phrase,5,20260624,True
True,3,1,P037,P3_vigil_plus_phrase,5,20260624,True
True,3,1,P037,P3_vigil_plus_phrase,5,20260624,True
True,3,1,P037,P3_vigil_plus_phrase,5,20260624,True
True,3,1,P037,P3_vigil_plus_phrase,5,20260624,True
True,3,1,P037,P3_vigil_plus_phrase,5,20260624,True
True,3,1,P037,P3_vigil_plus_phrase,5,20260624,True
True,3,1,P037,P3_vigil_plus_phrase,5,20260624,True
False,3,1,P037,P3_vigil_plus_phrase,5,20260624,False
True,3,1,P037,P3_vigil_plus_phrase,5,20260624,True
False,3,0,P037,P4_negative,5,20260624,False
False,3,0,P037,P4_negative,5,20260624,False
False,3,0,P037,P4_negative,5,20260624,False
False,3,0,P037,P4_negative,5,20260624,False
False,3,0,P037,P4_negative,5,20260624,False
False,3,0,P037,P4_negative,5,20260624,False
False,3,0,P037,P4_negative,5,20260624,False
False,3,0,P037,P4_negative,5,20260624,False
False,3,0,P037,P4_negative,5,20260624,False
False,3,0,P037,P4_negative,5,20260624,False
False,3,0,P037,P4_negative,5,20260624,False
False,3,0,P037,P4_negative,5,20260624,False
False,3,0,P037,P4_negative,5,20260624,False
False,3,0,P037,P4_negative,5,20260624,False
False,3,0,P037,P4_negative,5,20260624,False
False,3,0,P037,P4_negative,5,20260624,False
False,3,0,P037,P4_negative,5,20260624,False
False,3,0,P037,P4_negative,5,20260624,False
False,3,0,P037,P4_negative,5,20260624,False
False,3,0,P037,P4_negative,5,20260624,False
False,3,0,P037,P4_negative,5,20260624,False
False,3,0,P037,P4_negative,5,20260624,False
False,3,0,P037,P4_negative,5,20260624,False
False,3,0,P037,P4_negative,5,20260624,False
False,3,0,P037,P4_negative,5,20260624,False
False,3,0,P037,P4_negative,5,20260624,False
False,3,0,P037,P4_negative,5,20260624,False
False,3,0,P037,P4_negative,5,20260624,False
False,3,0,P037,P4_negative,5,20260624,False
False,3,0,P037,P4_negative,5,20260624,False
False,3,0,P037,P4_negative,5,20260624,False
False,3,0,P037,P4_negative,5,20260624,False
False,3,0,P037,P4_negative,5,20260624,False
False,3,0,P037,P4_negative,5,20260624,False
False,3,0,P037,P4_negative,5,20260624,False
False,3,0,P037,P4_negative,5,20260624,False
False,3,0,P037,P4_negative,5,20260624,False
False,3,0,P037,P4_negative,5,20260624,False
False,3,0,P037,P4_negative,5,20260624,False
False,3,0,P037,P4_negative,5,20260624,False
False,3,0,P037,P4_negative,5,20260624,False
False,3,0,P037,P4_negative,5,20260624,False
False,3,0,P037,P4_negative,5,20260624,False
False,3,0,P037,P4_negative,5,20260624,False
False,3,0,P037,P4_negative,5,20260624,False
False,3,0,P037,P4_negative,5,20260624,False
False,3,0,P037,P4_negative,5,20260624,False
False,3,0,P037,P4_negative,5,20260624,False
False,3,0,P037,P4_negative,5,20260624,False
False,3,0,P037,P4_negative,5,20260624,False
False,3,0,P037,P4_negative,5,20260624,False
False,3,0,P037,P4_negative,5,20260624,False
False,3,0,P037,P4_negative,5,20260624,False
False,3,0,P037,P4_negative,5,20260624,False
False,3,0,P037,P4_negative,5,20260624,False
False,3,0,P037,P4_negative,5,20260624,False
False,3,0,P037,P4_negative,5,20260624,False
True,3,1,P010,P1_vigil_only,5,20260624,True
True,3,1,P010,P1_vigil_only,5,20260624,True
False,3,1,P010,P1_vigil_only,5,20260624,False
True,3,1,P010,P2_phrase_plus_vigil,5,20260624,True
True,3,1,P010,P2_phrase_plus_vigil,5,20260624,True
True,3,1,P010,P2_phrase_plus_vigil,5,20260624,True
True,3,1,P010,P2_phrase_plus_vigil,5,20260624,True
True,3,1,P010,P2_phrase_plus_vigil,5,20260624,True
True,3,1,P010,P2_phrase_plus_vigil,5,20260624,True
True,3,1,P010,P2_phrase_plus_vigil,5,20260624,True
True,3,1,P010,P3_vigil_plus_phrase,5,20260624,True
True,3,1,P010,P3_vigil_plus_phrase,5,20260624,True
True,3,1,P010,P3_vigil_plus_phrase,5,20260624,True
True,3,1,P010,P3_vigil_plus_phrase,5,20260624,True
False,3,0,P010,P4_negative,5,20260624,False
False,3,0,P010,P4_negative,5,20260624,False
False,3,0,P010,P4_negative,5,20260624,False
False,3,0,P010,P4_negative,5,20260624,False
False,3,0,P010,P4_negative,5,20260624,False
False,3,0,P010,P4_negative,5,20260624,False
False,3,0,P010,P4_negative,5,20260624,False
False,3,0,P010,P4_negative,5,20260624,False
False,3,0,P010,P4_negative,5,20260624,False
False,3,0,P010,P4_negative,5,20260624,False
False,3,0,P010,P4_negative,5,20260624,False
False,3,0,P010,P4_negative,5,20260624,False
False,3,0,P010,P4_negative,5,20260624,False
False,3,0,P010,P4_negative,5,20260624,False
False,3,0,P010,P4_negative,5,20260624,False
False,3,0,P010,P4_negative,5,20260624,False
False,3,0,P010,P4_negative,5,20260624,False
True,4,1,P025,P1_vigil_only,3,20260620,True
False,4,1,P025,P1_vigil_only,3,20260620,False
False,4,1,P025,P2_phrase_plus_vigil,3,20260620,False
True,4,1,P025,P2_phrase_plus_vigil,3,20260620,True
True,4,1,P025,P2_phrase_plus_vigil,3,20260620,True
True,4,1,P025,P2_phrase_plus_vigil,3,20260620,True
True,4,1,P025,P2_phrase_plus_vigil,3,20260620,True
True,4,1,P025,P2_phrase_plus_vigil,3,20260620,True
True,4,1,P025,P2_phrase_plus_vigil,3,20260620,True
True,4,1,P025,P2_phrase_plus_vigil,3,20260620,True
True,4,1,P025,P2_phrase_plus_vigil,3,20260620,True
False,4,1,P025,P2_phrase_plus_vigil,3,20260620,False
True,4,1,P025,P3_vigil_plus_phrase,3,20260620,True
True,4,1,P025,P3_vigil_plus_phrase,3,20260620,True
True,4,1,P025,P3_vigil_plus_phrase,3,20260620,True
True,4,1,P025,P3_vigil_plus_phrase,3,20260620,True
True,4,1,P025,P3_vigil_plus_phrase,3,20260620,True
False,4,1,P025,P3_vigil_plus_phrase,3,20260620,False
False,4,1,P025,P3_vigil_plus_phrase,3,20260620,False
False,4,0,P025,P4_negative,3,20260620,False
False,4,0,P025,P4_negative,3,20260620,False
False,4,0,P025,P4_negative,3,20260620,False
False,4,0,P025,P4_negative,3,20260620,False
False,4,0,P025,P4_negative,3,20260620,False
False,4,0,P025,P4_negative,3,20260620,False
False,4,0,P025,P4_negative,3,20260620,False
False,4,0,P025,P4_negative,3,20260620,False
False,4,0,P025,P4_negative,3,20260620,False
False,4,0,P025,P4_negative,3,20260620,False
False,4,0,P025,P4_negative,3,20260620,False
False,4,0,P025,P4_negative,3,20260620,False
False,4,0,P025,P4_negative,3,20260620,False
False,4,0,P025,P4_negative,3,20260620,False
False,4,0,P025,P4_negative,3,20260620,False
False,4,1,P024,P1_vigil_only,3,20260620,False
True,4,1,P024,P1_vigil_only,3,20260620,True
True,4,1,P024,P2_phrase_plus_vigil,3,20260620,True
True,4,1,P024,P2_phrase_plus_vigil,3,20260620,True
True,4,1,P024,P2_phrase_plus_vigil,3,20260620,True
True,4,1,P024,P2_phrase_plus_vigil,3,20260620,True
True,4,1,P024,P2_phrase_plus_vigil,3,20260620,True
True,4,1,P024,P3_vigil_plus_phrase,3,20260620,True
True,4,1,P024,P3_vigil_plus_phrase,3,20260620,True
False,4,0,P024,P4_negative,3,20260620,False
False,4,0,P024,P4_negative,3,20260620,False
False,4,0,P024,P4_negative,3,20260620,False
True,4,1,P009,P1_vigil_only,3,20260620,True
True,4,1,P009,P1_vigil_only,3,20260620,True
True,4,1,P009,P1_vigil_only,3,20260620,True
True,4,1,P009,P1_vigil_only,3,20260620,True
True,4,1,P009,P2_phrase_plus_vigil,3,20260620,True
True,4,1,P009,P2_phrase_plus_vigil,3,20260620,True
True,4,1,P009,P2_phrase_plus_vigil,3,20260620,True
True,4,1,P009,P2_phrase_plus_vigil,3,20260620,True
True,4,1,P009,P2_phrase_plus_vigil,3,20260620,True
True,4,1,P009,P2_phrase_plus_vigil,3,20260620,True
True,4,1,P009,P2_phrase_plus_vigil,3,20260620,True
True,4,1,P009,P3_vigil_plus_phrase,3,20260620,True
True,4,1,P009,P3_vigil_plus_phrase,3,20260620,True
True,4,1,P009,P3_vigil_plus_phrase,3,20260620,True
False,4,0,P009,P4_negative,3,20260620,False
False,4,0,P009,P4_negative,3,20260620,False
False,4,0,P009,P4_negative,3,20260620,False
False,4,0,P009,P4_negative,3,20260620,False
False,4,0,P009,P4_negative,3,20260620,False
False,4,0,P009,P4_negative,3,20260620,False
False,4,0,P009,P4_negative,3,20260620,False
False,4,0,P009,P4_negative,3,20260620,False
False,4,0,P009,P4_negative,3,20260620,False
False,4,0,P009,P4_negative,3,20260620,False
False,4,0,P009,P4_negative,3,20260620,False
False,4,0,P009,P4_negative,3,20260620,False
False,4,0,P009,P4_negative,3,20260620,False
False,4,0,P009,P4_negative,3,20260620,False
False,4,0,P009,P4_negative,3,20260620,False
True,4,1,P013,P1_vigil_only,3,20260620,True
True,4,1,P013,P1_vigil_only,3,20260620,True
True,4,1,P013,P2_phrase_plus_vigil,3,20260620,True
True,4,1,P013,P2_phrase_plus_vigil,3,20260620,True
True,4,1,P013,P2_phrase_plus_vigil,3,20260620,True
True,4,1,P013,P2_phrase_plus_vigil,3,20260620,True
True,4,1,P013,P2_phrase_plus_vigil,3,20260620,True
True,4,1,P013,P3_vigil_plus_phrase,3,20260620,True
True,4,1,P013,P3_vigil_plus_phrase,3,20260620,True
True,4,0,P013,P4_negative,3,20260620,True
True,4,0,P013,P4_negative,3,20260620,True
False,4,0,P013,P4_negative,3,20260620,False
False,4,0,P013,P4_negative,3,20260620,False
False,4,0,P013,P4_negative,3,20260620,False
False,4,0,P013,P4_negative,3,20260620,False
False,4,0,P013,P4_negative,3,20260620,False
False,4,0,P013,P4_negative,3,20260620,False
False,4,0,P013,P4_negative,3,20260620,False
False,4,0,P013,P4_negative,3,20260620,False
False,4,0,P013,P4_negative,3,20260620,False
False,4,0,P013,P4_negative,3,20260620,False
False,4,0,P013,P4_negative,3,20260620,False
False,4,0,P013,P4_negative,3,20260620,False
False,4,0,P013,P4_negative,3,20260620,False
True,4,1,P019,P1_vigil_only,3,20260620,True
True,4,1,P019,P1_vigil_only,3,20260620,True
True,4,1,P019,P1_vigil_only,3,20260620,True
True,4,1,P019,P1_vigil_only,3,20260620,True
True,4,1,P019,P1_vigil_only,3,20260620,True
True,4,1,P019,P2_phrase_plus_vigil,3,20260620,True
True,4,1,P019,P2_phrase_plus_vigil,3,20260620,True
True,4,1,P019,P2_phrase_plus_vigil,3,20260620,True
True,4,1,P019,P2_phrase_plus_vigil,3,20260620,True
True,4,1,P019,P2_phrase_plus_vigil,3,20260620,True
True,4,1,P019,P2_phrase_plus_vigil,3,20260620,True
True,4,1,P019,P2_phrase_plus_vigil,3,20260620,True
True,4,1,P019,P2_phrase_plus_vigil,3,20260620,True
True,4,1,P019,P2_phrase_plus_vigil,3,20260620,True
True,4,1,P019,P2_phrase_plus_vigil,3,20260620,True
True,4,1,P019,P2_phrase_plus_vigil,3,20260620,True
True,4,1,P019,P2_phrase_plus_vigil,3,20260620,True
True,4,1,P019,P2_phrase_plus_vigil,3,20260620,True
True,4,1,P019,P2_phrase_plus_vigil,3,20260620,True
True,4,1,P019,P2_phrase_plus_vigil,3,20260620,True
True,4,1,P019,P2_phrase_plus_vigil,3,20260620,True
True,4,1,P019,P2_phrase_plus_vigil,3,20260620,True
True,4,1,P019,P3_vigil_plus_phrase,3,20260620,True
True,4,1,P019,P3_vigil_plus_phrase,3,20260620,True
True,4,1,P019,P3_vigil_plus_phrase,3,20260620,True
True,4,1,P019,P3_vigil_plus_phrase,3,20260620,True
True,4,1,P019,P3_vigil_plus_phrase,3,20260620,True
True,4,1,P019,P3_vigil_plus_phrase,3,20260620,True
True,4,1,P019,P3_vigil_plus_phrase,3,20260620,True
True,4,1,P019,P3_vigil_plus_phrase,3,20260620,True
True,4,1,P019,P3_vigil_plus_phrase,3,20260620,True
True,4,1,P019,P3_vigil_plus_phrase,3,20260620,True
False,4,0,P019,P4_negative,3,20260620,False
False,4,0,P019,P4_negative,3,20260620,False
False,4,0,P019,P4_negative,3,20260620,False
False,4,0,P019,P4_negative,3,20260620,False
False,4,0,P019,P4_negative,3,20260620,False
False,4,0,P019,P4_negative,3,20260620,False
False,4,0,P019,P4_negative,3,20260620,False
False,4,0,P019,P4_negative,3,20260620,False
False,4,0,P019,P4_negative,3,20260620,False
False,4,0,P019,P4_negative,3,20260620,False
False,4,0,P019,P4_negative,3,20260620,False
False,4,0,P019,P4_negative,3,20260620,False
False,4,0,P019,P4_negative,3,20260620,False
False,4,0,P019,P4_negative,3,20260620,False
False,4,0,P019,P4_negative,3,20260620,False
False,4,0,P019,P4_negative,3,20260620,False
False,4,0,P019,P4_negative,3,20260620,False
False,4,0,P019,P4_negative,3,20260620,False
False,4,0,P019,P4_negative,3,20260620,False
False,4,0,P019,P4_negative,3,20260620,False
False,4,0,P019,P4_negative,3,20260620,False
False,4,0,P019,P4_negative,3,20260620,False
False,4,0,P019,P4_negative,3,20260620,False
False,4,0,P019,P4_negative,3,20260620,False
False,4,0,P019,P4_negative,3,20260620,False
False,4,0,P019,P4_negative,3,20260620,False
False,4,0,P019,P4_negative,3,20260620,False
False,4,0,P019,P4_negative,3,20260620,False
False,4,0,P019,P4_negative,3,20260620,False
False,4,0,P019,P4_negative,3,20260620,False
False,4,0,P019,P4_negative,3,20260620,False
False,4,0,P019,P4_negative,3,20260620,False
False,4,0,P019,P4_negative,3,20260620,False
False,4,0,P019,P4_negative,3,20260620,False
False,4,0,P019,P4_negative,3,20260620,False
False,4,0,P019,P4_negative,3,20260620,False
False,4,0,P019,P4_negative,3,20260620,False
False,4,0,P019,P4_negative,3,20260620,False
False,4,0,P019,P4_negative,3,20260620,False
False,4,0,P019,P4_negative,3,20260620,False
False,4,0,P019,P4_negative,3,20260620,False
False,4,0,P019,P4_negative,3,20260620,False
False,4,0,P019,P4_negative,3,20260620,False
False,4,0,P019,P4_negative,3,20260620,False
False,4,0,P019,P4_negative,3,20260620,False
True,4,1,P023,P1_vigil_only,3,20260620,True
True,4,1,P023,P1_vigil_only,3,20260620,True
False,4,1,P023,P1_vigil_only,3,20260620,False
True,4,1,P023,P2_phrase_plus_vigil,3,20260620,True
True,4,1,P023,P2_phrase_plus_vigil,3,20260620,True
True,4,1,P023,P2_phrase_plus_vigil,3,20260620,True
True,4,1,P023,P2_phrase_plus_vigil,3,20260620,True
True,4,1,P023,P3_vigil_plus_phrase,3,20260620,True
True,4,1,P023,P3_vigil_plus_phrase,3,20260620,True
False,4,0,P023,P4_negative,3,20260620,False
False,4,0,P023,P4_negative,3,20260620,False
False,4,0,P023,P4_negative,3,20260620,False
False,4,0,P023,P4_negative,3,20260620,False
False,4,0,P023,P4_negative,3,20260620,False
False,4,0,P023,P4_negative,3,20260620,False
True,4,1,P029,P1_vigil_only,3,20260620,True
True,4,1,P029,P1_vigil_only,3,20260620,True
True,4,1,P029,P1_vigil_only,3,20260620,True
True,4,1,P029,P1_vigil_only,3,20260620,True
True,4,1,P029,P1_vigil_only,3,20260620,True
True,4,1,P029,P1_vigil_only,3,20260620,True
True,4,1,P029,P1_vigil_only,3,20260620,True
True,4,1,P029,P1_vigil_only,3,20260620,True
True,4,1,P029,P1_vigil_only,3,20260620,True
True,4,1,P029,P1_vigil_only,3,20260620,True
True,4,1,P029,P2_phrase_plus_vigil,3,20260620,True
True,4,1,P029,P2_phrase_plus_vigil,3,20260620,True
True,4,1,P029,P2_phrase_plus_vigil,3,20260620,True
True,4,1,P029,P2_phrase_plus_vigil,3,20260620,True
True,4,1,P029,P2_phrase_plus_vigil,3,20260620,True
True,4,1,P029,P2_phrase_plus_vigil,3,20260620,True
True,4,1,P029,P2_phrase_plus_vigil,3,20260620,True
True,4,1,P029,P2_phrase_plus_vigil,3,20260620,True
True,4,1,P029,P2_phrase_plus_vigil,3,20260620,True
True,4,1,P029,P2_phrase_plus_vigil,3,20260620,True
True,4,1,P029,P3_vigil_plus_phrase,3,20260620,True
True,4,1,P029,P3_vigil_plus_phrase,3,20260620,True
True,4,1,P029,P3_vigil_plus_phrase,3,20260620,True
True,4,1,P029,P3_vigil_plus_phrase,3,20260620,True
True,4,1,P029,P3_vigil_plus_phrase,3,20260620,True
True,4,1,P029,P3_vigil_plus_phrase,3,20260620,True
True,4,1,P029,P3_vigil_plus_phrase,3,20260620,True
False,4,0,P029,P4_negative,3,20260620,False
False,4,0,P029,P4_negative,3,20260620,False
False,4,0,P029,P4_negative,3,20260620,False
False,4,0,P029,P4_negative,3,20260620,False
False,4,0,P029,P4_negative,3,20260620,False
False,4,0,P029,P4_negative,3,20260620,False
False,4,0,P029,P4_negative,3,20260620,False
False,4,0,P029,P4_negative,3,20260620,False
False,4,0,P029,P4_negative,3,20260620,False
False,4,0,P029,P4_negative,3,20260620,False
False,4,0,P029,P4_negative,3,20260620,False
False,4,0,P029,P4_negative,3,20260620,False
False,4,0,P029,P4_negative,3,20260620,False
False,4,0,P029,P4_negative,3,20260620,False
False,4,0,P029,P4_negative,3,20260620,False
False,4,0,P029,P4_negative,3,20260620,False
False,4,0,P029,P4_negative,3,20260620,False
False,4,0,P029,P4_negative,3,20260620,False
False,4,0,P029,P4_negative,3,20260620,False
False,4,0,P029,P4_negative,3,20260620,False
False,4,0,P029,P4_negative,3,20260620,False
False,4,0,P029,P4_negative,3,20260620,False
False,4,0,P029,P4_negative,3,20260620,False
False,4,0,P029,P4_negative,3,20260620,False
False,4,0,P029,P4_negative,3,20260620,False
False,4,0,P029,P4_negative,3,20260620,False
False,4,0,P029,P4_negative,3,20260620,False
False,4,0,P029,P4_negative,3,20260620,False
False,4,0,P029,P4_negative,3,20260620,False
False,4,0,P029,P4_negative,3,20260620,False
True,4,1,P025,P1_vigil_only,5,20260620,True
False,4,1,P025,P1_vigil_only,5,20260620,False
False,4,1,P025,P2_phrase_plus_vigil,5,20260620,False
True,4,1,P025,P2_phrase_plus_vigil,5,20260620,True
True,4,1,P025,P2_phrase_plus_vigil,5,20260620,True
True,4,1,P025,P2_phrase_plus_vigil,5,20260620,True
True,4,1,P025,P2_phrase_plus_vigil,5,20260620,True
True,4,1,P025,P2_phrase_plus_vigil,5,20260620,True
True,4,1,P025,P2_phrase_plus_vigil,5,20260620,True
True,4,1,P025,P2_phrase_plus_vigil,5,20260620,True
True,4,1,P025,P3_vigil_plus_phrase,5,20260620,True
True,4,1,P025,P3_vigil_plus_phrase,5,20260620,True
True,4,1,P025,P3_vigil_plus_phrase,5,20260620,True
True,4,1,P025,P3_vigil_plus_phrase,5,20260620,True
True,4,1,P025,P3_vigil_plus_phrase,5,20260620,True
False,4,1,P025,P3_vigil_plus_phrase,5,20260620,False
False,4,1,P025,P3_vigil_plus_phrase,5,20260620,False
False,4,0,P025,P4_negative,5,20260620,False
False,4,0,P025,P4_negative,5,20260620,False
False,4,0,P025,P4_negative,5,20260620,False
False,4,0,P025,P4_negative,5,20260620,False
False,4,0,P025,P4_negative,5,20260620,False
False,4,0,P025,P4_negative,5,20260620,False
False,4,0,P025,P4_negative,5,20260620,False
False,4,0,P025,P4_negative,5,20260620,False
False,4,0,P025,P4_negative,5,20260620,False
False,4,0,P025,P4_negative,5,20260620,False
False,4,0,P025,P4_negative,5,20260620,False
False,4,0,P025,P4_negative,5,20260620,False
False,4,0,P025,P4_negative,5,20260620,False
False,4,0,P025,P4_negative,5,20260620,False
False,4,0,P025,P4_negative,5,20260620,False
False,4,1,P024,P1_vigil_only,5,20260620,False
True,4,1,P024,P1_vigil_only,5,20260620,True
True,4,1,P024,P2_phrase_plus_vigil,5,20260620,True
True,4,1,P024,P2_phrase_plus_vigil,5,20260620,True
True,4,1,P024,P2_phrase_plus_vigil,5,20260620,True
True,4,1,P024,P3_vigil_plus_phrase,5,20260620,True
True,4,1,P024,P3_vigil_plus_phrase,5,20260620,True
False,4,0,P024,P4_negative,5,20260620,False
False,4,0,P024,P4_negative,5,20260620,False
False,4,0,P024,P4_negative,5,20260620,False
True,4,1,P009,P1_vigil_only,5,20260620,True
True,4,1,P009,P1_vigil_only,5,20260620,True
True,4,1,P009,P1_vigil_only,5,20260620,True
True,4,1,P009,P1_vigil_only,5,20260620,True
True,4,1,P009,P2_phrase_plus_vigil,5,20260620,True
True,4,1,P009,P2_phrase_plus_vigil,5,20260620,True
True,4,1,P009,P2_phrase_plus_vigil,5,20260620,True
True,4,1,P009,P2_phrase_plus_vigil,5,20260620,True
True,4,1,P009,P2_phrase_plus_vigil,5,20260620,True
True,4,1,P009,P3_vigil_plus_phrase,5,20260620,True
True,4,1,P009,P3_vigil_plus_phrase,5,20260620,True
True,4,1,P009,P3_vigil_plus_phrase,5,20260620,True
False,4,0,P009,P4_negative,5,20260620,False
False,4,0,P009,P4_negative,5,20260620,False
False,4,0,P009,P4_negative,5,20260620,False
False,4,0,P009,P4_negative,5,20260620,False
False,4,0,P009,P4_negative,5,20260620,False
False,4,0,P009,P4_negative,5,20260620,False
False,4,0,P009,P4_negative,5,20260620,False
False,4,0,P009,P4_negative,5,20260620,False
False,4,0,P009,P4_negative,5,20260620,False
False,4,0,P009,P4_negative,5,20260620,False
False,4,0,P009,P4_negative,5,20260620,False
False,4,0,P009,P4_negative,5,20260620,False
False,4,0,P009,P4_negative,5,20260620,False
False,4,0,P009,P4_negative,5,20260620,False
False,4,0,P009,P4_negative,5,20260620,False
True,4,1,P013,P1_vigil_only,5,20260620,True
True,4,1,P013,P1_vigil_only,5,20260620,True
True,4,1,P013,P2_phrase_plus_vigil,5,20260620,True
True,4,1,P013,P2_phrase_plus_vigil,5,20260620,True
True,4,1,P013,P2_phrase_plus_vigil,5,20260620,True
True,4,1,P013,P3_vigil_plus_phrase,5,20260620,True
True,4,1,P013,P3_vigil_plus_phrase,5,20260620,True
True,4,0,P013,P4_negative,5,20260620,True
True,4,0,P013,P4_negative,5,20260620,True
False,4,0,P013,P4_negative,5,20260620,False
False,4,0,P013,P4_negative,5,20260620,False
False,4,0,P013,P4_negative,5,20260620,False
False,4,0,P013,P4_negative,5,20260620,False
False,4,0,P013,P4_negative,5,20260620,False
False,4,0,P013,P4_negative,5,20260620,False
False,4,0,P013,P4_negative,5,20260620,False
False,4,0,P013,P4_negative,5,20260620,False
False,4,0,P013,P4_negative,5,20260620,False
False,4,0,P013,P4_negative,5,20260620,False
False,4,0,P013,P4_negative,5,20260620,False
False,4,0,P013,P4_negative,5,20260620,False
False,4,0,P013,P4_negative,5,20260620,False
True,4,1,P019,P1_vigil_only,5,20260620,True
True,4,1,P019,P1_vigil_only,5,20260620,True
True,4,1,P019,P1_vigil_only,5,20260620,True
True,4,1,P019,P1_vigil_only,5,20260620,True
True,4,1,P019,P1_vigil_only,5,20260620,True
True,4,1,P019,P2_phrase_plus_vigil,5,20260620,True
True,4,1,P019,P2_phrase_plus_vigil,5,20260620,True
True,4,1,P019,P2_phrase_plus_vigil,5,20260620,True
True,4,1,P019,P2_phrase_plus_vigil,5,20260620,True
True,4,1,P019,P2_phrase_plus_vigil,5,20260620,True
True,4,1,P019,P2_phrase_plus_vigil,5,20260620,True
True,4,1,P019,P2_phrase_plus_vigil,5,20260620,True
True,4,1,P019,P2_phrase_plus_vigil,5,20260620,True
True,4,1,P019,P2_phrase_plus_vigil,5,20260620,True
True,4,1,P019,P2_phrase_plus_vigil,5,20260620,True
True,4,1,P019,P2_phrase_plus_vigil,5,20260620,True
True,4,1,P019,P2_phrase_plus_vigil,5,20260620,True
True,4,1,P019,P2_phrase_plus_vigil,5,20260620,True
True,4,1,P019,P2_phrase_plus_vigil,5,20260620,True
True,4,1,P019,P2_phrase_plus_vigil,5,20260620,True
True,4,1,P019,P2_phrase_plus_vigil,5,20260620,True
True,4,1,P019,P3_vigil_plus_phrase,5,20260620,True
True,4,1,P019,P3_vigil_plus_phrase,5,20260620,True
True,4,1,P019,P3_vigil_plus_phrase,5,20260620,True
True,4,1,P019,P3_vigil_plus_phrase,5,20260620,True
True,4,1,P019,P3_vigil_plus_phrase,5,20260620,True
True,4,1,P019,P3_vigil_plus_phrase,5,20260620,True
True,4,1,P019,P3_vigil_plus_phrase,5,20260620,True
True,4,1,P019,P3_vigil_plus_phrase,5,20260620,True
True,4,1,P019,P3_vigil_plus_phrase,5,20260620,True
False,4,0,P019,P4_negative,5,20260620,False
False,4,0,P019,P4_negative,5,20260620,False
False,4,0,P019,P4_negative,5,20260620,False
False,4,0,P019,P4_negative,5,20260620,False
False,4,0,P019,P4_negative,5,20260620,False
False,4,0,P019,P4_negative,5,20260620,False
False,4,0,P019,P4_negative,5,20260620,False
False,4,0,P019,P4_negative,5,20260620,False
False,4,0,P019,P4_negative,5,20260620,False
False,4,0,P019,P4_negative,5,20260620,False
False,4,0,P019,P4_negative,5,20260620,False
False,4,0,P019,P4_negative,5,20260620,False
False,4,0,P019,P4_negative,5,20260620,False
False,4,0,P019,P4_negative,5,20260620,False
False,4,0,P019,P4_negative,5,20260620,False
False,4,0,P019,P4_negative,5,20260620,False
False,4,0,P019,P4_negative,5,20260620,False
False,4,0,P019,P4_negative,5,20260620,False
False,4,0,P019,P4_negative,5,20260620,False
False,4,0,P019,P4_negative,5,20260620,False
False,4,0,P019,P4_negative,5,20260620,False
False,4,0,P019,P4_negative,5,20260620,False
False,4,0,P019,P4_negative,5,20260620,False
False,4,0,P019,P4_negative,5,20260620,False
False,4,0,P019,P4_negative,5,20260620,False
False,4,0,P019,P4_negative,5,20260620,False
False,4,0,P019,P4_negative,5,20260620,False
False,4,0,P019,P4_negative,5,20260620,False
False,4,0,P019,P4_negative,5,20260620,False
False,4,0,P019,P4_negative,5,20260620,False
False,4,0,P019,P4_negative,5,20260620,False
False,4,0,P019,P4_negative,5,20260620,False
False,4,0,P019,P4_negative,5,20260620,False
False,4,0,P019,P4_negative,5,20260620,False
False,4,0,P019,P4_negative,5,20260620,False
False,4,0,P019,P4_negative,5,20260620,False
False,4,0,P019,P4_negative,5,20260620,False
False,4,0,P019,P4_negative,5,20260620,False
False,4,0,P019,P4_negative,5,20260620,False
False,4,0,P019,P4_negative,5,20260620,False
False,4,0,P019,P4_negative,5,20260620,False
False,4,0,P019,P4_negative,5,20260620,False
False,4,0,P019,P4_negative,5,20260620,False
False,4,0,P019,P4_negative,5,20260620,False
False,4,0,P019,P4_negative,5,20260620,False
True,4,1,P023,P1_vigil_only,5,20260620,True
True,4,1,P023,P1_vigil_only,5,20260620,True
True,4,1,P023,P2_phrase_plus_vigil,5,20260620,True
True,4,1,P023,P2_phrase_plus_vigil,5,20260620,True
True,4,1,P023,P2_phrase_plus_vigil,5,20260620,True
True,4,1,P023,P3_vigil_plus_phrase,5,20260620,True
True,4,1,P023,P3_vigil_plus_phrase,5,20260620,True
False,4,0,P023,P4_negative,5,20260620,False
False,4,0,P023,P4_negative,5,20260620,False
False,4,0,P023,P4_negative,5,20260620,False
False,4,0,P023,P4_negative,5,20260620,False
False,4,0,P023,P4_negative,5,20260620,False
False,4,0,P023,P4_negative,5,20260620,False
True,4,1,P029,P1_vigil_only,5,20260620,True
True,4,1,P029,P1_vigil_only,5,20260620,True
True,4,1,P029,P1_vigil_only,5,20260620,True
True,4,1,P029,P1_vigil_only,5,20260620,True
True,4,1,P029,P1_vigil_only,5,20260620,True
True,4,1,P029,P1_vigil_only,5,20260620,True
True,4,1,P029,P1_vigil_only,5,20260620,True
True,4,1,P029,P1_vigil_only,5,20260620,True
True,4,1,P029,P1_vigil_only,5,20260620,True
True,4,1,P029,P2_phrase_plus_vigil,5,20260620,True
True,4,1,P029,P2_phrase_plus_vigil,5,20260620,True
True,4,1,P029,P2_phrase_plus_vigil,5,20260620,True
True,4,1,P029,P2_phrase_plus_vigil,5,20260620,True
True,4,1,P029,P2_phrase_plus_vigil,5,20260620,True
True,4,1,P029,P2_phrase_plus_vigil,5,20260620,True
True,4,1,P029,P2_phrase_plus_vigil,5,20260620,True
True,4,1,P029,P2_phrase_plus_vigil,5,20260620,True
True,4,1,P029,P2_phrase_plus_vigil,5,20260620,True
True,4,1,P029,P3_vigil_plus_phrase,5,20260620,True
True,4,1,P029,P3_vigil_plus_phrase,5,20260620,True
True,4,1,P029,P3_vigil_plus_phrase,5,20260620,True
True,4,1,P029,P3_vigil_plus_phrase,5,20260620,True
True,4,1,P029,P3_vigil_plus_phrase,5,20260620,True
True,4,1,P029,P3_vigil_plus_phrase,5,20260620,True
True,4,1,P029,P3_vigil_plus_phrase,5,20260620,True
False,4,0,P029,P4_negative,5,20260620,False
False,4,0,P029,P4_negative,5,20260620,False
False,4,0,P029,P4_negative,5,20260620,False
False,4,0,P029,P4_negative,5,20260620,False
False,4,0,P029,P4_negative,5,20260620,False
False,4,0,P029,P4_negative,5,20260620,False
False,4,0,P029,P4_negative,5,20260620,False
False,4,0,P029,P4_negative,5,20260620,False
False,4,0,P029,P4_negative,5,20260620,False
False,4,0,P029,P4_negative,5,20260620,False
False,4,0,P029,P4_negative,5,20260620,False
False,4,0,P029,P4_negative,5,20260620,False
False,4,0,P029,P4_negative,5,20260620,False
False,4,0,P029,P4_negative,5,20260620,False
False,4,0,P029,P4_negative,5,20260620,False
False,4,0,P029,P4_negative,5,20260620,False
False,4,0,P029,P4_negative,5,20260620,False
False,4,0,P029,P4_negative,5,20260620,False
False,4,0,P029,P4_negative,5,20260620,False
False,4,0,P029,P4_negative,5,20260620,False
False,4,0,P029,P4_negative,5,20260620,False
False,4,0,P029,P4_negative,5,20260620,False
False,4,0,P029,P4_negative,5,20260620,False
False,4,0,P029,P4_negative,5,20260620,False
False,4,0,P029,P4_negative,5,20260620,False
False,4,0,P029,P4_negative,5,20260620,False
False,4,0,P029,P4_negative,5,20260620,False
False,4,0,P029,P4_negative,5,20260620,False
False,4,0,P029,P4_negative,5,20260620,False
False,4,0,P029,P4_negative,5,20260620,False
True,4,1,P025,P1_vigil_only,3,20260621,True
False,4,1,P025,P1_vigil_only,3,20260621,False
False,4,1,P025,P2_phrase_plus_vigil,3,20260621,False
True,4,1,P025,P2_phrase_plus_vigil,3,20260621,True
True,4,1,P025,P2_phrase_plus_vigil,3,20260621,True
True,4,1,P025,P2_phrase_plus_vigil,3,20260621,True
True,4,1,P025,P2_phrase_plus_vigil,3,20260621,True
True,4,1,P025,P2_phrase_plus_vigil,3,20260621,True
True,4,1,P025,P2_phrase_plus_vigil,3,20260621,True
True,4,1,P025,P2_phrase_plus_vigil,3,20260621,True
True,4,1,P025,P2_phrase_plus_vigil,3,20260621,True
False,4,1,P025,P2_phrase_plus_vigil,3,20260621,False
True,4,1,P025,P2_phrase_plus_vigil,3,20260621,True
True,4,1,P025,P3_vigil_plus_phrase,3,20260621,True
True,4,1,P025,P3_vigil_plus_phrase,3,20260621,True
True,4,1,P025,P3_vigil_plus_phrase,3,20260621,True
True,4,1,P025,P3_vigil_plus_phrase,3,20260621,True
False,4,1,P025,P3_vigil_plus_phrase,3,20260621,False
False,4,1,P025,P3_vigil_plus_phrase,3,20260621,False
False,4,0,P025,P4_negative,3,20260621,False
False,4,0,P025,P4_negative,3,20260621,False
False,4,0,P025,P4_negative,3,20260621,False
False,4,0,P025,P4_negative,3,20260621,False
False,4,0,P025,P4_negative,3,20260621,False
False,4,0,P025,P4_negative,3,20260621,False
False,4,0,P025,P4_negative,3,20260621,False
False,4,0,P025,P4_negative,3,20260621,False
False,4,0,P025,P4_negative,3,20260621,False
False,4,0,P025,P4_negative,3,20260621,False
False,4,0,P025,P4_negative,3,20260621,False
False,4,0,P025,P4_negative,3,20260621,False
False,4,0,P025,P4_negative,3,20260621,False
False,4,0,P025,P4_negative,3,20260621,False
False,4,0,P025,P4_negative,3,20260621,False
False,4,1,P024,P1_vigil_only,3,20260621,False
True,4,1,P024,P1_vigil_only,3,20260621,True
True,4,1,P024,P2_phrase_plus_vigil,3,20260621,True
True,4,1,P024,P2_phrase_plus_vigil,3,20260621,True
True,4,1,P024,P2_phrase_plus_vigil,3,20260621,True
True,4,1,P024,P2_phrase_plus_vigil,3,20260621,True
True,4,1,P024,P2_phrase_plus_vigil,3,20260621,True
True,4,1,P024,P3_vigil_plus_phrase,3,20260621,True
True,4,1,P024,P3_vigil_plus_phrase,3,20260621,True
False,4,0,P024,P4_negative,3,20260621,False
False,4,0,P024,P4_negative,3,20260621,False
False,4,0,P024,P4_negative,3,20260621,False
True,4,1,P009,P1_vigil_only,3,20260621,True
True,4,1,P009,P1_vigil_only,3,20260621,True
True,4,1,P009,P1_vigil_only,3,20260621,True
True,4,1,P009,P1_vigil_only,3,20260621,True
True,4,1,P009,P2_phrase_plus_vigil,3,20260621,True
True,4,1,P009,P2_phrase_plus_vigil,3,20260621,True
True,4,1,P009,P2_phrase_plus_vigil,3,20260621,True
True,4,1,P009,P2_phrase_plus_vigil,3,20260621,True
True,4,1,P009,P2_phrase_plus_vigil,3,20260621,True
True,4,1,P009,P2_phrase_plus_vigil,3,20260621,True
True,4,1,P009,P3_vigil_plus_phrase,3,20260621,True
True,4,1,P009,P3_vigil_plus_phrase,3,20260621,True
True,4,1,P009,P3_vigil_plus_phrase,3,20260621,True
True,4,1,P009,P3_vigil_plus_phrase,3,20260621,True
False,4,0,P009,P4_negative,3,20260621,False
False,4,0,P009,P4_negative,3,20260621,False
False,4,0,P009,P4_negative,3,20260621,False
False,4,0,P009,P4_negative,3,20260621,False
False,4,0,P009,P4_negative,3,20260621,False
False,4,0,P009,P4_negative,3,20260621,False
False,4,0,P009,P4_negative,3,20260621,False
False,4,0,P009,P4_negative,3,20260621,False
False,4,0,P009,P4_negative,3,20260621,False
False,4,0,P009,P4_negative,3,20260621,False
False,4,0,P009,P4_negative,3,20260621,False
False,4,0,P009,P4_negative,3,20260621,False
False,4,0,P009,P4_negative,3,20260621,False
False,4,0,P009,P4_negative,3,20260621,False
False,4,0,P009,P4_negative,3,20260621,False
True,4,1,P013,P1_vigil_only,3,20260621,True
True,4,1,P013,P1_vigil_only,3,20260621,True
True,4,1,P013,P2_phrase_plus_vigil,3,20260621,True
True,4,1,P013,P2_phrase_plus_vigil,3,20260621,True
True,4,1,P013,P2_phrase_plus_vigil,3,20260621,True
True,4,1,P013,P2_phrase_plus_vigil,3,20260621,True
True,4,1,P013,P2_phrase_plus_vigil,3,20260621,True
True,4,1,P013,P3_vigil_plus_phrase,3,20260621,True
True,4,1,P013,P3_vigil_plus_phrase,3,20260621,True
True,4,0,P013,P4_negative,3,20260621,True
True,4,0,P013,P4_negative,3,20260621,True
False,4,0,P013,P4_negative,3,20260621,False
False,4,0,P013,P4_negative,3,20260621,False
False,4,0,P013,P4_negative,3,20260621,False
False,4,0,P013,P4_negative,3,20260621,False
False,4,0,P013,P4_negative,3,20260621,False
False,4,0,P013,P4_negative,3,20260621,False
False,4,0,P013,P4_negative,3,20260621,False
False,4,0,P013,P4_negative,3,20260621,False
False,4,0,P013,P4_negative,3,20260621,False
False,4,0,P013,P4_negative,3,20260621,False
False,4,0,P013,P4_negative,3,20260621,False
False,4,0,P013,P4_negative,3,20260621,False
False,4,0,P013,P4_negative,3,20260621,False
True,4,1,P019,P1_vigil_only,3,20260621,True
True,4,1,P019,P1_vigil_only,3,20260621,True
True,4,1,P019,P1_vigil_only,3,20260621,True
True,4,1,P019,P1_vigil_only,3,20260621,True
True,4,1,P019,P1_vigil_only,3,20260621,True
True,4,1,P019,P2_phrase_plus_vigil,3,20260621,True
True,4,1,P019,P2_phrase_plus_vigil,3,20260621,True
True,4,1,P019,P2_phrase_plus_vigil,3,20260621,True
True,4,1,P019,P2_phrase_plus_vigil,3,20260621,True
True,4,1,P019,P2_phrase_plus_vigil,3,20260621,True
True,4,1,P019,P2_phrase_plus_vigil,3,20260621,True
True,4,1,P019,P2_phrase_plus_vigil,3,20260621,True
True,4,1,P019,P2_phrase_plus_vigil,3,20260621,True
True,4,1,P019,P2_phrase_plus_vigil,3,20260621,True
True,4,1,P019,P2_phrase_plus_vigil,3,20260621,True
True,4,1,P019,P2_phrase_plus_vigil,3,20260621,True
True,4,1,P019,P2_phrase_plus_vigil,3,20260621,True
True,4,1,P019,P2_phrase_plus_vigil,3,20260621,True
True,4,1,P019,P2_phrase_plus_vigil,3,20260621,True
True,4,1,P019,P2_phrase_plus_vigil,3,20260621,True
True,4,1,P019,P2_phrase_plus_vigil,3,20260621,True
True,4,1,P019,P2_phrase_plus_vigil,3,20260621,True
True,4,1,P019,P3_vigil_plus_phrase,3,20260621,True
True,4,1,P019,P3_vigil_plus_phrase,3,20260621,True
True,4,1,P019,P3_vigil_plus_phrase,3,20260621,True
True,4,1,P019,P3_vigil_plus_phrase,3,20260621,True
True,4,1,P019,P3_vigil_plus_phrase,3,20260621,True
True,4,1,P019,P3_vigil_plus_phrase,3,20260621,True
True,4,1,P019,P3_vigil_plus_phrase,3,20260621,True
True,4,1,P019,P3_vigil_plus_phrase,3,20260621,True
True,4,1,P019,P3_vigil_plus_phrase,3,20260621,True
True,4,1,P019,P3_vigil_plus_phrase,3,20260621,True
False,4,0,P019,P4_negative,3,20260621,False
False,4,0,P019,P4_negative,3,20260621,False
False,4,0,P019,P4_negative,3,20260621,False
False,4,0,P019,P4_negative,3,20260621,False
False,4,0,P019,P4_negative,3,20260621,False
False,4,0,P019,P4_negative,3,20260621,False
False,4,0,P019,P4_negative,3,20260621,False
False,4,0,P019,P4_negative,3,20260621,False
False,4,0,P019,P4_negative,3,20260621,False
False,4,0,P019,P4_negative,3,20260621,False
False,4,0,P019,P4_negative,3,20260621,False
False,4,0,P019,P4_negative,3,20260621,False
False,4,0,P019,P4_negative,3,20260621,False
False,4,0,P019,P4_negative,3,20260621,False
False,4,0,P019,P4_negative,3,20260621,False
False,4,0,P019,P4_negative,3,20260621,False
False,4,0,P019,P4_negative,3,20260621,False
False,4,0,P019,P4_negative,3,20260621,False
False,4,0,P019,P4_negative,3,20260621,False
False,4,0,P019,P4_negative,3,20260621,False
False,4,0,P019,P4_negative,3,20260621,False
False,4,0,P019,P4_negative,3,20260621,False
False,4,0,P019,P4_negative,3,20260621,False
False,4,0,P019,P4_negative,3,20260621,False
False,4,0,P019,P4_negative,3,20260621,False
False,4,0,P019,P4_negative,3,20260621,False
False,4,0,P019,P4_negative,3,20260621,False
False,4,0,P019,P4_negative,3,20260621,False
False,4,0,P019,P4_negative,3,20260621,False
False,4,0,P019,P4_negative,3,20260621,False
False,4,0,P019,P4_negative,3,20260621,False
False,4,0,P019,P4_negative,3,20260621,False
False,4,0,P019,P4_negative,3,20260621,False
False,4,0,P019,P4_negative,3,20260621,False
False,4,0,P019,P4_negative,3,20260621,False
False,4,0,P019,P4_negative,3,20260621,False
False,4,0,P019,P4_negative,3,20260621,False
False,4,0,P019,P4_negative,3,20260621,False
False,4,0,P019,P4_negative,3,20260621,False
False,4,0,P019,P4_negative,3,20260621,False
False,4,0,P019,P4_negative,3,20260621,False
False,4,0,P019,P4_negative,3,20260621,False
False,4,0,P019,P4_negative,3,20260621,False
False,4,0,P019,P4_negative,3,20260621,False
False,4,0,P019,P4_negative,3,20260621,False
True,4,1,P023,P1_vigil_only,3,20260621,True
True,4,1,P023,P1_vigil_only,3,20260621,True
False,4,1,P023,P1_vigil_only,3,20260621,False
True,4,1,P023,P2_phrase_plus_vigil,3,20260621,True
True,4,1,P023,P2_phrase_plus_vigil,3,20260621,True
True,4,1,P023,P2_phrase_plus_vigil,3,20260621,True
True,4,1,P023,P2_phrase_plus_vigil,3,20260621,True
True,4,1,P023,P3_vigil_plus_phrase,3,20260621,True
True,4,1,P023,P3_vigil_plus_phrase,3,20260621,True
False,4,0,P023,P4_negative,3,20260621,False
False,4,0,P023,P4_negative,3,20260621,False
False,4,0,P023,P4_negative,3,20260621,False
False,4,0,P023,P4_negative,3,20260621,False
False,4,0,P023,P4_negative,3,20260621,False
False,4,0,P023,P4_negative,3,20260621,False
True,4,1,P029,P1_vigil_only,3,20260621,True
True,4,1,P029,P1_vigil_only,3,20260621,True
True,4,1,P029,P1_vigil_only,3,20260621,True
True,4,1,P029,P1_vigil_only,3,20260621,True
True,4,1,P029,P1_vigil_only,3,20260621,True
True,4,1,P029,P1_vigil_only,3,20260621,True
True,4,1,P029,P1_vigil_only,3,20260621,True
True,4,1,P029,P1_vigil_only,3,20260621,True
True,4,1,P029,P1_vigil_only,3,20260621,True
True,4,1,P029,P1_vigil_only,3,20260621,True
True,4,1,P029,P2_phrase_plus_vigil,3,20260621,True
True,4,1,P029,P2_phrase_plus_vigil,3,20260621,True
True,4,1,P029,P2_phrase_plus_vigil,3,20260621,True
True,4,1,P029,P2_phrase_plus_vigil,3,20260621,True
True,4,1,P029,P2_phrase_plus_vigil,3,20260621,True
True,4,1,P029,P2_phrase_plus_vigil,3,20260621,True
True,4,1,P029,P2_phrase_plus_vigil,3,20260621,True
True,4,1,P029,P2_phrase_plus_vigil,3,20260621,True
True,4,1,P029,P2_phrase_plus_vigil,3,20260621,True
True,4,1,P029,P2_phrase_plus_vigil,3,20260621,True
True,4,1,P029,P3_vigil_plus_phrase,3,20260621,True
True,4,1,P029,P3_vigil_plus_phrase,3,20260621,True
True,4,1,P029,P3_vigil_plus_phrase,3,20260621,True
True,4,1,P029,P3_vigil_plus_phrase,3,20260621,True
True,4,1,P029,P3_vigil_plus_phrase,3,20260621,True
True,4,1,P029,P3_vigil_plus_phrase,3,20260621,True
True,4,1,P029,P3_vigil_plus_phrase,3,20260621,True
False,4,0,P029,P4_negative,3,20260621,False
False,4,0,P029,P4_negative,3,20260621,False
False,4,0,P029,P4_negative,3,20260621,False
False,4,0,P029,P4_negative,3,20260621,False
False,4,0,P029,P4_negative,3,20260621,False
False,4,0,P029,P4_negative,3,20260621,False
False,4,0,P029,P4_negative,3,20260621,False
False,4,0,P029,P4_negative,3,20260621,False
False,4,0,P029,P4_negative,3,20260621,False
False,4,0,P029,P4_negative,3,20260621,False
False,4,0,P029,P4_negative,3,20260621,False
False,4,0,P029,P4_negative,3,20260621,False
False,4,0,P029,P4_negative,3,20260621,False
False,4,0,P029,P4_negative,3,20260621,False
False,4,0,P029,P4_negative,3,20260621,False
False,4,0,P029,P4_negative,3,20260621,False
False,4,0,P029,P4_negative,3,20260621,False
False,4,0,P029,P4_negative,3,20260621,False
False,4,0,P029,P4_negative,3,20260621,False
False,4,0,P029,P4_negative,3,20260621,False
False,4,0,P029,P4_negative,3,20260621,False
False,4,0,P029,P4_negative,3,20260621,False
False,4,0,P029,P4_negative,3,20260621,False
False,4,0,P029,P4_negative,3,20260621,False
False,4,0,P029,P4_negative,3,20260621,False
False,4,0,P029,P4_negative,3,20260621,False
False,4,0,P029,P4_negative,3,20260621,False
False,4,0,P029,P4_negative,3,20260621,False
False,4,0,P029,P4_negative,3,20260621,False
False,4,0,P029,P4_negative,3,20260621,False
True,4,1,P025,P1_vigil_only,5,20260621,True
False,4,1,P025,P1_vigil_only,5,20260621,False
False,4,1,P025,P2_phrase_plus_vigil,5,20260621,False
True,4,1,P025,P2_phrase_plus_vigil,5,20260621,True
True,4,1,P025,P2_phrase_plus_vigil,5,20260621,True
True,4,1,P025,P2_phrase_plus_vigil,5,20260621,True
True,4,1,P025,P2_phrase_plus_vigil,5,20260621,True
True,4,1,P025,P2_phrase_plus_vigil,5,20260621,True
True,4,1,P025,P2_phrase_plus_vigil,5,20260621,True
True,4,1,P025,P2_phrase_plus_vigil,5,20260621,True
False,4,1,P025,P2_phrase_plus_vigil,5,20260621,False
True,4,1,P025,P2_phrase_plus_vigil,5,20260621,True
True,4,1,P025,P3_vigil_plus_phrase,5,20260621,True
True,4,1,P025,P3_vigil_plus_phrase,5,20260621,True
True,4,1,P025,P3_vigil_plus_phrase,5,20260621,True
False,4,1,P025,P3_vigil_plus_phrase,5,20260621,False
False,4,1,P025,P3_vigil_plus_phrase,5,20260621,False
False,4,0,P025,P4_negative,5,20260621,False
False,4,0,P025,P4_negative,5,20260621,False
False,4,0,P025,P4_negative,5,20260621,False
False,4,0,P025,P4_negative,5,20260621,False
False,4,0,P025,P4_negative,5,20260621,False
False,4,0,P025,P4_negative,5,20260621,False
False,4,0,P025,P4_negative,5,20260621,False
False,4,0,P025,P4_negative,5,20260621,False
False,4,0,P025,P4_negative,5,20260621,False
False,4,0,P025,P4_negative,5,20260621,False
False,4,0,P025,P4_negative,5,20260621,False
False,4,0,P025,P4_negative,5,20260621,False
False,4,0,P025,P4_negative,5,20260621,False
False,4,0,P025,P4_negative,5,20260621,False
False,4,0,P025,P4_negative,5,20260621,False
False,4,1,P024,P1_vigil_only,5,20260621,False
True,4,1,P024,P1_vigil_only,5,20260621,True
True,4,1,P024,P2_phrase_plus_vigil,5,20260621,True
True,4,1,P024,P2_phrase_plus_vigil,5,20260621,True
True,4,1,P024,P2_phrase_plus_vigil,5,20260621,True
True,4,1,P024,P2_phrase_plus_vigil,5,20260621,True
True,4,1,P024,P3_vigil_plus_phrase,5,20260621,True
False,4,0,P024,P4_negative,5,20260621,False
False,4,0,P024,P4_negative,5,20260621,False
False,4,0,P024,P4_negative,5,20260621,False
True,4,1,P009,P1_vigil_only,5,20260621,True
True,4,1,P009,P1_vigil_only,5,20260621,True
True,4,1,P009,P1_vigil_only,5,20260621,True
True,4,1,P009,P1_vigil_only,5,20260621,True
True,4,1,P009,P2_phrase_plus_vigil,5,20260621,True
True,4,1,P009,P2_phrase_plus_vigil,5,20260621,True
True,4,1,P009,P2_phrase_plus_vigil,5,20260621,True
True,4,1,P009,P2_phrase_plus_vigil,5,20260621,True
True,4,1,P009,P2_phrase_plus_vigil,5,20260621,True
True,4,1,P009,P3_vigil_plus_phrase,5,20260621,True
True,4,1,P009,P3_vigil_plus_phrase,5,20260621,True
True,4,1,P009,P3_vigil_plus_phrase,5,20260621,True
False,4,0,P009,P4_negative,5,20260621,False
False,4,0,P009,P4_negative,5,20260621,False
False,4,0,P009,P4_negative,5,20260621,False
False,4,0,P009,P4_negative,5,20260621,False
False,4,0,P009,P4_negative,5,20260621,False
False,4,0,P009,P4_negative,5,20260621,False
False,4,0,P009,P4_negative,5,20260621,False
False,4,0,P009,P4_negative,5,20260621,False
False,4,0,P009,P4_negative,5,20260621,False
False,4,0,P009,P4_negative,5,20260621,False
False,4,0,P009,P4_negative,5,20260621,False
False,4,0,P009,P4_negative,5,20260621,False
False,4,0,P009,P4_negative,5,20260621,False
False,4,0,P009,P4_negative,5,20260621,False
False,4,0,P009,P4_negative,5,20260621,False
True,4,1,P013,P1_vigil_only,5,20260621,True
True,4,1,P013,P1_vigil_only,5,20260621,True
True,4,1,P013,P2_phrase_plus_vigil,5,20260621,True
True,4,1,P013,P2_phrase_plus_vigil,5,20260621,True
True,4,1,P013,P2_phrase_plus_vigil,5,20260621,True
True,4,1,P013,P2_phrase_plus_vigil,5,20260621,True
True,4,1,P013,P3_vigil_plus_phrase,5,20260621,True
True,4,0,P013,P4_negative,5,20260621,True
True,4,0,P013,P4_negative,5,20260621,True
False,4,0,P013,P4_negative,5,20260621,False
False,4,0,P013,P4_negative,5,20260621,False
False,4,0,P013,P4_negative,5,20260621,False
False,4,0,P013,P4_negative,5,20260621,False
False,4,0,P013,P4_negative,5,20260621,False
False,4,0,P013,P4_negative,5,20260621,False
False,4,0,P013,P4_negative,5,20260621,False
False,4,0,P013,P4_negative,5,20260621,False
False,4,0,P013,P4_negative,5,20260621,False
False,4,0,P013,P4_negative,5,20260621,False
False,4,0,P013,P4_negative,5,20260621,False
False,4,0,P013,P4_negative,5,20260621,False
False,4,0,P013,P4_negative,5,20260621,False
True,4,1,P019,P1_vigil_only,5,20260621,True
True,4,1,P019,P1_vigil_only,5,20260621,True
True,4,1,P019,P1_vigil_only,5,20260621,True
True,4,1,P019,P1_vigil_only,5,20260621,True
True,4,1,P019,P1_vigil_only,5,20260621,True
True,4,1,P019,P2_phrase_plus_vigil,5,20260621,True
True,4,1,P019,P2_phrase_plus_vigil,5,20260621,True
True,4,1,P019,P2_phrase_plus_vigil,5,20260621,True
True,4,1,P019,P2_phrase_plus_vigil,5,20260621,True
True,4,1,P019,P2_phrase_plus_vigil,5,20260621,True
True,4,1,P019,P2_phrase_plus_vigil,5,20260621,True
True,4,1,P019,P2_phrase_plus_vigil,5,20260621,True
True,4,1,P019,P2_phrase_plus_vigil,5,20260621,True
True,4,1,P019,P2_phrase_plus_vigil,5,20260621,True
True,4,1,P019,P2_phrase_plus_vigil,5,20260621,True
True,4,1,P019,P2_phrase_plus_vigil,5,20260621,True
True,4,1,P019,P2_phrase_plus_vigil,5,20260621,True
True,4,1,P019,P2_phrase_plus_vigil,5,20260621,True
True,4,1,P019,P2_phrase_plus_vigil,5,20260621,True
True,4,1,P019,P2_phrase_plus_vigil,5,20260621,True
True,4,1,P019,P2_phrase_plus_vigil,5,20260621,True
True,4,1,P019,P3_vigil_plus_phrase,5,20260621,True
True,4,1,P019,P3_vigil_plus_phrase,5,20260621,True
True,4,1,P019,P3_vigil_plus_phrase,5,20260621,True
True,4,1,P019,P3_vigil_plus_phrase,5,20260621,True
True,4,1,P019,P3_vigil_plus_phrase,5,20260621,True
True,4,1,P019,P3_vigil_plus_phrase,5,20260621,True
True,4,1,P019,P3_vigil_plus_phrase,5,20260621,True
True,4,1,P019,P3_vigil_plus_phrase,5,20260621,True
True,4,1,P019,P3_vigil_plus_phrase,5,20260621,True
False,4,0,P019,P4_negative,5,20260621,False
False,4,0,P019,P4_negative,5,20260621,False
False,4,0,P019,P4_negative,5,20260621,False
False,4,0,P019,P4_negative,5,20260621,False
False,4,0,P019,P4_negative,5,20260621,False
False,4,0,P019,P4_negative,5,20260621,False
False,4,0,P019,P4_negative,5,20260621,False
False,4,0,P019,P4_negative,5,20260621,False
False,4,0,P019,P4_negative,5,20260621,False
False,4,0,P019,P4_negative,5,20260621,False
False,4,0,P019,P4_negative,5,20260621,False
False,4,0,P019,P4_negative,5,20260621,False
False,4,0,P019,P4_negative,5,20260621,False
False,4,0,P019,P4_negative,5,20260621,False
False,4,0,P019,P4_negative,5,20260621,False
False,4,0,P019,P4_negative,5,20260621,False
False,4,0,P019,P4_negative,5,20260621,False
False,4,0,P019,P4_negative,5,20260621,False
False,4,0,P019,P4_negative,5,20260621,False
False,4,0,P019,P4_negative,5,20260621,False
False,4,0,P019,P4_negative,5,20260621,False
False,4,0,P019,P4_negative,5,20260621,False
False,4,0,P019,P4_negative,5,20260621,False
False,4,0,P019,P4_negative,5,20260621,False
False,4,0,P019,P4_negative,5,20260621,False
False,4,0,P019,P4_negative,5,20260621,False
False,4,0,P019,P4_negative,5,20260621,False
False,4,0,P019,P4_negative,5,20260621,False
False,4,0,P019,P4_negative,5,20260621,False
False,4,0,P019,P4_negative,5,20260621,False
False,4,0,P019,P4_negative,5,20260621,False
False,4,0,P019,P4_negative,5,20260621,False
False,4,0,P019,P4_negative,5,20260621,False
False,4,0,P019,P4_negative,5,20260621,False
False,4,0,P019,P4_negative,5,20260621,False
False,4,0,P019,P4_negative,5,20260621,False
False,4,0,P019,P4_negative,5,20260621,False
False,4,0,P019,P4_negative,5,20260621,False
False,4,0,P019,P4_negative,5,20260621,False
False,4,0,P019,P4_negative,5,20260621,False
False,4,0,P019,P4_negative,5,20260621,False
False,4,0,P019,P4_negative,5,20260621,False
False,4,0,P019,P4_negative,5,20260621,False
False,4,0,P019,P4_negative,5,20260621,False
False,4,0,P019,P4_negative,5,20260621,False
True,4,1,P023,P1_vigil_only,5,20260621,True
True,4,1,P023,P1_vigil_only,5,20260621,True
False,4,1,P023,P1_vigil_only,5,20260621,False
True,4,1,P023,P2_phrase_plus_vigil,5,20260621,True
True,4,1,P023,P2_phrase_plus_vigil,5,20260621,True
True,4,1,P023,P2_phrase_plus_vigil,5,20260621,True
True,4,1,P023,P3_vigil_plus_phrase,5,20260621,True
False,4,0,P023,P4_negative,5,20260621,False
False,4,0,P023,P4_negative,5,20260621,False
False,4,0,P023,P4_negative,5,20260621,False
False,4,0,P023,P4_negative,5,20260621,False
False,4,0,P023,P4_negative,5,20260621,False
False,4,0,P023,P4_negative,5,20260621,False
True,4,1,P029,P1_vigil_only,5,20260621,True
True,4,1,P029,P1_vigil_only,5,20260621,True
True,4,1,P029,P1_vigil_only,5,20260621,True
True,4,1,P029,P1_vigil_only,5,20260621,True
True,4,1,P029,P1_vigil_only,5,20260621,True
True,4,1,P029,P1_vigil_only,5,20260621,True
True,4,1,P029,P1_vigil_only,5,20260621,True
True,4,1,P029,P1_vigil_only,5,20260621,True
True,4,1,P029,P1_vigil_only,5,20260621,True
True,4,1,P029,P1_vigil_only,5,20260621,True
True,4,1,P029,P2_phrase_plus_vigil,5,20260621,True
True,4,1,P029,P2_phrase_plus_vigil,5,20260621,True
True,4,1,P029,P2_phrase_plus_vigil,5,20260621,True
True,4,1,P029,P2_phrase_plus_vigil,5,20260621,True
True,4,1,P029,P2_phrase_plus_vigil,5,20260621,True
True,4,1,P029,P2_phrase_plus_vigil,5,20260621,True
True,4,1,P029,P2_phrase_plus_vigil,5,20260621,True
True,4,1,P029,P2_phrase_plus_vigil,5,20260621,True
True,4,1,P029,P3_vigil_plus_phrase,5,20260621,True
True,4,1,P029,P3_vigil_plus_phrase,5,20260621,True
True,4,1,P029,P3_vigil_plus_phrase,5,20260621,True
True,4,1,P029,P3_vigil_plus_phrase,5,20260621,True
True,4,1,P029,P3_vigil_plus_phrase,5,20260621,True
True,4,1,P029,P3_vigil_plus_phrase,5,20260621,True
True,4,1,P029,P3_vigil_plus_phrase,5,20260621,True
False,4,0,P029,P4_negative,5,20260621,False
False,4,0,P029,P4_negative,5,20260621,False
False,4,0,P029,P4_negative,5,20260621,False
False,4,0,P029,P4_negative,5,20260621,False
False,4,0,P029,P4_negative,5,20260621,False
False,4,0,P029,P4_negative,5,20260621,False
False,4,0,P029,P4_negative,5,20260621,False
False,4,0,P029,P4_negative,5,20260621,False
False,4,0,P029,P4_negative,5,20260621,False
False,4,0,P029,P4_negative,5,20260621,False
False,4,0,P029,P4_negative,5,20260621,False
False,4,0,P029,P4_negative,5,20260621,False
False,4,0,P029,P4_negative,5,20260621,False
False,4,0,P029,P4_negative,5,20260621,False
False,4,0,P029,P4_negative,5,20260621,False
False,4,0,P029,P4_negative,5,20260621,False
False,4,0,P029,P4_negative,5,20260621,False
False,4,0,P029,P4_negative,5,20260621,False
False,4,0,P029,P4_negative,5,20260621,False
False,4,0,P029,P4_negative,5,20260621,False
False,4,0,P029,P4_negative,5,20260621,False
False,4,0,P029,P4_negative,5,20260621,False
False,4,0,P029,P4_negative,5,20260621,False
False,4,0,P029,P4_negative,5,20260621,False
False,4,0,P029,P4_negative,5,20260621,False
False,4,0,P029,P4_negative,5,20260621,False
False,4,0,P029,P4_negative,5,20260621,False
False,4,0,P029,P4_negative,5,20260621,False
False,4,0,P029,P4_negative,5,20260621,False
False,4,0,P029,P4_negative,5,20260621,False
True,4,1,P025,P1_vigil_only,3,20260622,True
False,4,1,P025,P1_vigil_only,3,20260622,False
False,4,1,P025,P2_phrase_plus_vigil,3,20260622,False
True,4,1,P025,P2_phrase_plus_vigil,3,20260622,True
True,4,1,P025,P2_phrase_plus_vigil,3,20260622,True
True,4,1,P025,P2_phrase_plus_vigil,3,20260622,True
True,4,1,P025,P2_phrase_plus_vigil,3,20260622,True
True,4,1,P025,P2_phrase_plus_vigil,3,20260622,True
True,4,1,P025,P2_phrase_plus_vigil,3,20260622,True
True,4,1,P025,P2_phrase_plus_vigil,3,20260622,True
False,4,1,P025,P2_phrase_plus_vigil,3,20260622,False
True,4,1,P025,P2_phrase_plus_vigil,3,20260622,True
True,4,1,P025,P3_vigil_plus_phrase,3,20260622,True
True,4,1,P025,P3_vigil_plus_phrase,3,20260622,True
True,4,1,P025,P3_vigil_plus_phrase,3,20260622,True
True,4,1,P025,P3_vigil_plus_phrase,3,20260622,True
True,4,1,P025,P3_vigil_plus_phrase,3,20260622,True
True,4,1,P025,P3_vigil_plus_phrase,3,20260622,True
False,4,1,P025,P3_vigil_plus_phrase,3,20260622,False
False,4,0,P025,P4_negative,3,20260622,False
False,4,0,P025,P4_negative,3,20260622,False
False,4,0,P025,P4_negative,3,20260622,False
False,4,0,P025,P4_negative,3,20260622,False
False,4,0,P025,P4_negative,3,20260622,False
False,4,0,P025,P4_negative,3,20260622,False
False,4,0,P025,P4_negative,3,20260622,False
False,4,0,P025,P4_negative,3,20260622,False
False,4,0,P025,P4_negative,3,20260622,False
False,4,0,P025,P4_negative,3,20260622,False
False,4,0,P025,P4_negative,3,20260622,False
False,4,0,P025,P4_negative,3,20260622,False
False,4,0,P025,P4_negative,3,20260622,False
False,4,0,P025,P4_negative,3,20260622,False
False,4,0,P025,P4_negative,3,20260622,False
False,4,1,P024,P1_vigil_only,3,20260622,False
True,4,1,P024,P2_phrase_plus_vigil,3,20260622,True
True,4,1,P024,P2_phrase_plus_vigil,3,20260622,True
True,4,1,P024,P2_phrase_plus_vigil,3,20260622,True
True,4,1,P024,P2_phrase_plus_vigil,3,20260622,True
True,4,1,P024,P2_phrase_plus_vigil,3,20260622,True
True,4,1,P024,P3_vigil_plus_phrase,3,20260622,True
True,4,1,P024,P3_vigil_plus_phrase,3,20260622,True
True,4,1,P024,P3_vigil_plus_phrase,3,20260622,True
False,4,0,P024,P4_negative,3,20260622,False
False,4,0,P024,P4_negative,3,20260622,False
False,4,0,P024,P4_negative,3,20260622,False
True,4,1,P009,P1_vigil_only,3,20260622,True
True,4,1,P009,P1_vigil_only,3,20260622,True
True,4,1,P009,P1_vigil_only,3,20260622,True
True,4,1,P009,P2_phrase_plus_vigil,3,20260622,True
True,4,1,P009,P2_phrase_plus_vigil,3,20260622,True
True,4,1,P009,P2_phrase_plus_vigil,3,20260622,True
True,4,1,P009,P2_phrase_plus_vigil,3,20260622,True
True,4,1,P009,P2_phrase_plus_vigil,3,20260622,True
True,4,1,P009,P2_phrase_plus_vigil,3,20260622,True
True,4,1,P009,P3_vigil_plus_phrase,3,20260622,True
True,4,1,P009,P3_vigil_plus_phrase,3,20260622,True
True,4,1,P009,P3_vigil_plus_phrase,3,20260622,True
True,4,1,P009,P3_vigil_plus_phrase,3,20260622,True
True,4,1,P009,P3_vigil_plus_phrase,3,20260622,True
False,4,0,P009,P4_negative,3,20260622,False
False,4,0,P009,P4_negative,3,20260622,False
False,4,0,P009,P4_negative,3,20260622,False
False,4,0,P009,P4_negative,3,20260622,False
False,4,0,P009,P4_negative,3,20260622,False
False,4,0,P009,P4_negative,3,20260622,False
False,4,0,P009,P4_negative,3,20260622,False
False,4,0,P009,P4_negative,3,20260622,False
False,4,0,P009,P4_negative,3,20260622,False
False,4,0,P009,P4_negative,3,20260622,False
False,4,0,P009,P4_negative,3,20260622,False
False,4,0,P009,P4_negative,3,20260622,False
False,4,0,P009,P4_negative,3,20260622,False
False,4,0,P009,P4_negative,3,20260622,False
False,4,0,P009,P4_negative,3,20260622,False
True,4,1,P013,P1_vigil_only,3,20260622,True
True,4,1,P013,P2_phrase_plus_vigil,3,20260622,True
True,4,1,P013,P2_phrase_plus_vigil,3,20260622,True
True,4,1,P013,P2_phrase_plus_vigil,3,20260622,True
True,4,1,P013,P2_phrase_plus_vigil,3,20260622,True
True,4,1,P013,P2_phrase_plus_vigil,3,20260622,True
True,4,1,P013,P3_vigil_plus_phrase,3,20260622,True
True,4,1,P013,P3_vigil_plus_phrase,3,20260622,True
True,4,1,P013,P3_vigil_plus_phrase,3,20260622,True
True,4,0,P013,P4_negative,3,20260622,True
True,4,0,P013,P4_negative,3,20260622,True
False,4,0,P013,P4_negative,3,20260622,False
False,4,0,P013,P4_negative,3,20260622,False
False,4,0,P013,P4_negative,3,20260622,False
False,4,0,P013,P4_negative,3,20260622,False
False,4,0,P013,P4_negative,3,20260622,False
False,4,0,P013,P4_negative,3,20260622,False
False,4,0,P013,P4_negative,3,20260622,False
False,4,0,P013,P4_negative,3,20260622,False
False,4,0,P013,P4_negative,3,20260622,False
False,4,0,P013,P4_negative,3,20260622,False
False,4,0,P013,P4_negative,3,20260622,False
False,4,0,P013,P4_negative,3,20260622,False
False,4,0,P013,P4_negative,3,20260622,False
True,4,1,P019,P1_vigil_only,3,20260622,True
True,4,1,P019,P1_vigil_only,3,20260622,True
True,4,1,P019,P1_vigil_only,3,20260622,True
True,4,1,P019,P1_vigil_only,3,20260622,True
True,4,1,P019,P1_vigil_only,3,20260622,True
True,4,1,P019,P2_phrase_plus_vigil,3,20260622,True
True,4,1,P019,P2_phrase_plus_vigil,3,20260622,True
True,4,1,P019,P2_phrase_plus_vigil,3,20260622,True
True,4,1,P019,P2_phrase_plus_vigil,3,20260622,True
True,4,1,P019,P2_phrase_plus_vigil,3,20260622,True
True,4,1,P019,P2_phrase_plus_vigil,3,20260622,True
True,4,1,P019,P2_phrase_plus_vigil,3,20260622,True
True,4,1,P019,P2_phrase_plus_vigil,3,20260622,True
True,4,1,P019,P2_phrase_plus_vigil,3,20260622,True
True,4,1,P019,P2_phrase_plus_vigil,3,20260622,True
True,4,1,P019,P2_phrase_plus_vigil,3,20260622,True
True,4,1,P019,P2_phrase_plus_vigil,3,20260622,True
True,4,1,P019,P2_phrase_plus_vigil,3,20260622,True
True,4,1,P019,P2_phrase_plus_vigil,3,20260622,True
True,4,1,P019,P2_phrase_plus_vigil,3,20260622,True
True,4,1,P019,P2_phrase_plus_vigil,3,20260622,True
True,4,1,P019,P3_vigil_plus_phrase,3,20260622,True
True,4,1,P019,P3_vigil_plus_phrase,3,20260622,True
True,4,1,P019,P3_vigil_plus_phrase,3,20260622,True
True,4,1,P019,P3_vigil_plus_phrase,3,20260622,True
True,4,1,P019,P3_vigil_plus_phrase,3,20260622,True
True,4,1,P019,P3_vigil_plus_phrase,3,20260622,True
True,4,1,P019,P3_vigil_plus_phrase,3,20260622,True
True,4,1,P019,P3_vigil_plus_phrase,3,20260622,True
True,4,1,P019,P3_vigil_plus_phrase,3,20260622,True
True,4,1,P019,P3_vigil_plus_phrase,3,20260622,True
True,4,1,P019,P3_vigil_plus_phrase,3,20260622,True
False,4,0,P019,P4_negative,3,20260622,False
False,4,0,P019,P4_negative,3,20260622,False
False,4,0,P019,P4_negative,3,20260622,False
False,4,0,P019,P4_negative,3,20260622,False
False,4,0,P019,P4_negative,3,20260622,False
False,4,0,P019,P4_negative,3,20260622,False
False,4,0,P019,P4_negative,3,20260622,False
False,4,0,P019,P4_negative,3,20260622,False
False,4,0,P019,P4_negative,3,20260622,False
False,4,0,P019,P4_negative,3,20260622,False
False,4,0,P019,P4_negative,3,20260622,False
False,4,0,P019,P4_negative,3,20260622,False
False,4,0,P019,P4_negative,3,20260622,False
False,4,0,P019,P4_negative,3,20260622,False
False,4,0,P019,P4_negative,3,20260622,False
False,4,0,P019,P4_negative,3,20260622,False
False,4,0,P019,P4_negative,3,20260622,False
False,4,0,P019,P4_negative,3,20260622,False
False,4,0,P019,P4_negative,3,20260622,False
False,4,0,P019,P4_negative,3,20260622,False
False,4,0,P019,P4_negative,3,20260622,False
False,4,0,P019,P4_negative,3,20260622,False
False,4,0,P019,P4_negative,3,20260622,False
False,4,0,P019,P4_negative,3,20260622,False
False,4,0,P019,P4_negative,3,20260622,False
False,4,0,P019,P4_negative,3,20260622,False
False,4,0,P019,P4_negative,3,20260622,False
False,4,0,P019,P4_negative,3,20260622,False
False,4,0,P019,P4_negative,3,20260622,False
False,4,0,P019,P4_negative,3,20260622,False
False,4,0,P019,P4_negative,3,20260622,False
False,4,0,P019,P4_negative,3,20260622,False
False,4,0,P019,P4_negative,3,20260622,False
False,4,0,P019,P4_negative,3,20260622,False
False,4,0,P019,P4_negative,3,20260622,False
False,4,0,P019,P4_negative,3,20260622,False
False,4,0,P019,P4_negative,3,20260622,False
False,4,0,P019,P4_negative,3,20260622,False
False,4,0,P019,P4_negative,3,20260622,False
False,4,0,P019,P4_negative,3,20260622,False
False,4,0,P019,P4_negative,3,20260622,False
False,4,0,P019,P4_negative,3,20260622,False
False,4,0,P019,P4_negative,3,20260622,False
False,4,0,P019,P4_negative,3,20260622,False
False,4,0,P019,P4_negative,3,20260622,False
True,4,1,P023,P1_vigil_only,3,20260622,True
True,4,1,P023,P2_phrase_plus_vigil,3,20260622,True
True,4,1,P023,P2_phrase_plus_vigil,3,20260622,True
True,4,1,P023,P2_phrase_plus_vigil,3,20260622,True
True,4,1,P023,P2_phrase_plus_vigil,3,20260622,True
True,4,1,P023,P2_phrase_plus_vigil,3,20260622,True
True,4,1,P023,P3_vigil_plus_phrase,3,20260622,True
True,4,1,P023,P3_vigil_plus_phrase,3,20260622,True
True,4,1,P023,P3_vigil_plus_phrase,3,20260622,True
False,4,0,P023,P4_negative,3,20260622,False
False,4,0,P023,P4_negative,3,20260622,False
False,4,0,P023,P4_negative,3,20260622,False
False,4,0,P023,P4_negative,3,20260622,False
False,4,0,P023,P4_negative,3,20260622,False
False,4,0,P023,P4_negative,3,20260622,False
True,4,1,P029,P1_vigil_only,3,20260622,True
True,4,1,P029,P1_vigil_only,3,20260622,True
True,4,1,P029,P1_vigil_only,3,20260622,True
True,4,1,P029,P1_vigil_only,3,20260622,True
True,4,1,P029,P1_vigil_only,3,20260622,True
True,4,1,P029,P1_vigil_only,3,20260622,True
True,4,1,P029,P1_vigil_only,3,20260622,True
True,4,1,P029,P1_vigil_only,3,20260622,True
True,4,1,P029,P1_vigil_only,3,20260622,True
True,4,1,P029,P2_phrase_plus_vigil,3,20260622,True
True,4,1,P029,P2_phrase_plus_vigil,3,20260622,True
True,4,1,P029,P2_phrase_plus_vigil,3,20260622,True
True,4,1,P029,P2_phrase_plus_vigil,3,20260622,True
True,4,1,P029,P2_phrase_plus_vigil,3,20260622,True
True,4,1,P029,P2_phrase_plus_vigil,3,20260622,True
True,4,1,P029,P2_phrase_plus_vigil,3,20260622,True
True,4,1,P029,P2_phrase_plus_vigil,3,20260622,True
True,4,1,P029,P2_phrase_plus_vigil,3,20260622,True
True,4,1,P029,P2_phrase_plus_vigil,3,20260622,True
True,4,1,P029,P2_phrase_plus_vigil,3,20260622,True
True,4,1,P029,P3_vigil_plus_phrase,3,20260622,True
True,4,1,P029,P3_vigil_plus_phrase,3,20260622,True
True,4,1,P029,P3_vigil_plus_phrase,3,20260622,True
True,4,1,P029,P3_vigil_plus_phrase,3,20260622,True
True,4,1,P029,P3_vigil_plus_phrase,3,20260622,True
True,4,1,P029,P3_vigil_plus_phrase,3,20260622,True
True,4,1,P029,P3_vigil_plus_phrase,3,20260622,True
False,4,0,P029,P4_negative,3,20260622,False
False,4,0,P029,P4_negative,3,20260622,False
False,4,0,P029,P4_negative,3,20260622,False
False,4,0,P029,P4_negative,3,20260622,False
False,4,0,P029,P4_negative,3,20260622,False
False,4,0,P029,P4_negative,3,20260622,False
False,4,0,P029,P4_negative,3,20260622,False
False,4,0,P029,P4_negative,3,20260622,False
False,4,0,P029,P4_negative,3,20260622,False
False,4,0,P029,P4_negative,3,20260622,False
False,4,0,P029,P4_negative,3,20260622,False
False,4,0,P029,P4_negative,3,20260622,False
False,4,0,P029,P4_negative,3,20260622,False
False,4,0,P029,P4_negative,3,20260622,False
False,4,0,P029,P4_negative,3,20260622,False
False,4,0,P029,P4_negative,3,20260622,False
False,4,0,P029,P4_negative,3,20260622,False
False,4,0,P029,P4_negative,3,20260622,False
False,4,0,P029,P4_negative,3,20260622,False
False,4,0,P029,P4_negative,3,20260622,False
False,4,0,P029,P4_negative,3,20260622,False
False,4,0,P029,P4_negative,3,20260622,False
False,4,0,P029,P4_negative,3,20260622,False
False,4,0,P029,P4_negative,3,20260622,False
False,4,0,P029,P4_negative,3,20260622,False
False,4,0,P029,P4_negative,3,20260622,False
False,4,0,P029,P4_negative,3,20260622,False
False,4,0,P029,P4_negative,3,20260622,False
False,4,0,P029,P4_negative,3,20260622,False
False,4,0,P029,P4_negative,3,20260622,False
True,4,1,P025,P1_vigil_only,5,20260622,True
False,4,1,P025,P1_vigil_only,5,20260622,False
False,4,1,P025,P2_phrase_plus_vigil,5,20260622,False
True,4,1,P025,P2_phrase_plus_vigil,5,20260622,True
True,4,1,P025,P2_phrase_plus_vigil,5,20260622,True
True,4,1,P025,P2_phrase_plus_vigil,5,20260622,True
True,4,1,P025,P2_phrase_plus_vigil,5,20260622,True
True,4,1,P025,P2_phrase_plus_vigil,5,20260622,True
True,4,1,P025,P2_phrase_plus_vigil,5,20260622,True
False,4,1,P025,P2_phrase_plus_vigil,5,20260622,False
True,4,1,P025,P2_phrase_plus_vigil,5,20260622,True
True,4,1,P025,P3_vigil_plus_phrase,5,20260622,True
True,4,1,P025,P3_vigil_plus_phrase,5,20260622,True
True,4,1,P025,P3_vigil_plus_phrase,5,20260622,True
True,4,1,P025,P3_vigil_plus_phrase,5,20260622,True
True,4,1,P025,P3_vigil_plus_phrase,5,20260622,True
False,4,1,P025,P3_vigil_plus_phrase,5,20260622,False
False,4,0,P025,P4_negative,5,20260622,False
False,4,0,P025,P4_negative,5,20260622,False
False,4,0,P025,P4_negative,5,20260622,False
False,4,0,P025,P4_negative,5,20260622,False
False,4,0,P025,P4_negative,5,20260622,False
False,4,0,P025,P4_negative,5,20260622,False
False,4,0,P025,P4_negative,5,20260622,False
False,4,0,P025,P4_negative,5,20260622,False
False,4,0,P025,P4_negative,5,20260622,False
False,4,0,P025,P4_negative,5,20260622,False
False,4,0,P025,P4_negative,5,20260622,False
False,4,0,P025,P4_negative,5,20260622,False
False,4,0,P025,P4_negative,5,20260622,False
False,4,0,P025,P4_negative,5,20260622,False
False,4,0,P025,P4_negative,5,20260622,False
False,4,1,P024,P1_vigil_only,5,20260622,False
True,4,1,P024,P2_phrase_plus_vigil,5,20260622,True
True,4,1,P024,P2_phrase_plus_vigil,5,20260622,True
True,4,1,P024,P2_phrase_plus_vigil,5,20260622,True
True,4,1,P024,P2_phrase_plus_vigil,5,20260622,True
True,4,1,P024,P3_vigil_plus_phrase,5,20260622,True
True,4,1,P024,P3_vigil_plus_phrase,5,20260622,True
False,4,0,P024,P4_negative,5,20260622,False
False,4,0,P024,P4_negative,5,20260622,False
False,4,0,P024,P4_negative,5,20260622,False
True,4,1,P009,P1_vigil_only,5,20260622,True
True,4,1,P009,P1_vigil_only,5,20260622,True
True,4,1,P009,P1_vigil_only,5,20260622,True
True,4,1,P009,P2_phrase_plus_vigil,5,20260622,True
True,4,1,P009,P2_phrase_plus_vigil,5,20260622,True
True,4,1,P009,P2_phrase_plus_vigil,5,20260622,True
True,4,1,P009,P2_phrase_plus_vigil,5,20260622,True
True,4,1,P009,P2_phrase_plus_vigil,5,20260622,True
True,4,1,P009,P3_vigil_plus_phrase,5,20260622,True
True,4,1,P009,P3_vigil_plus_phrase,5,20260622,True
True,4,1,P009,P3_vigil_plus_phrase,5,20260622,True
True,4,1,P009,P3_vigil_plus_phrase,5,20260622,True
False,4,0,P009,P4_negative,5,20260622,False
False,4,0,P009,P4_negative,5,20260622,False
False,4,0,P009,P4_negative,5,20260622,False
False,4,0,P009,P4_negative,5,20260622,False
False,4,0,P009,P4_negative,5,20260622,False
False,4,0,P009,P4_negative,5,20260622,False
False,4,0,P009,P4_negative,5,20260622,False
False,4,0,P009,P4_negative,5,20260622,False
False,4,0,P009,P4_negative,5,20260622,False
False,4,0,P009,P4_negative,5,20260622,False
False,4,0,P009,P4_negative,5,20260622,False
False,4,0,P009,P4_negative,5,20260622,False
False,4,0,P009,P4_negative,5,20260622,False
False,4,0,P009,P4_negative,5,20260622,False
False,4,0,P009,P4_negative,5,20260622,False
True,4,1,P013,P1_vigil_only,5,20260622,True
True,4,1,P013,P2_phrase_plus_vigil,5,20260622,True
True,4,1,P013,P2_phrase_plus_vigil,5,20260622,True
True,4,1,P013,P2_phrase_plus_vigil,5,20260622,True
True,4,1,P013,P2_phrase_plus_vigil,5,20260622,True
True,4,1,P013,P3_vigil_plus_phrase,5,20260622,True
True,4,1,P013,P3_vigil_plus_phrase,5,20260622,True
True,4,0,P013,P4_negative,5,20260622,True
True,4,0,P013,P4_negative,5,20260622,True
False,4,0,P013,P4_negative,5,20260622,False
False,4,0,P013,P4_negative,5,20260622,False
False,4,0,P013,P4_negative,5,20260622,False
False,4,0,P013,P4_negative,5,20260622,False
False,4,0,P013,P4_negative,5,20260622,False
False,4,0,P013,P4_negative,5,20260622,False
False,4,0,P013,P4_negative,5,20260622,False
False,4,0,P013,P4_negative,5,20260622,False
False,4,0,P013,P4_negative,5,20260622,False
False,4,0,P013,P4_negative,5,20260622,False
False,4,0,P013,P4_negative,5,20260622,False
False,4,0,P013,P4_negative,5,20260622,False
False,4,0,P013,P4_negative,5,20260622,False
True,4,1,P019,P1_vigil_only,5,20260622,True
True,4,1,P019,P1_vigil_only,5,20260622,True
True,4,1,P019,P1_vigil_only,5,20260622,True
True,4,1,P019,P1_vigil_only,5,20260622,True
True,4,1,P019,P1_vigil_only,5,20260622,True
True,4,1,P019,P2_phrase_plus_vigil,5,20260622,True
True,4,1,P019,P2_phrase_plus_vigil,5,20260622,True
True,4,1,P019,P2_phrase_plus_vigil,5,20260622,True
True,4,1,P019,P2_phrase_plus_vigil,5,20260622,True
True,4,1,P019,P2_phrase_plus_vigil,5,20260622,True
True,4,1,P019,P2_phrase_plus_vigil,5,20260622,True
True,4,1,P019,P2_phrase_plus_vigil,5,20260622,True
True,4,1,P019,P2_phrase_plus_vigil,5,20260622,True
True,4,1,P019,P2_phrase_plus_vigil,5,20260622,True
True,4,1,P019,P2_phrase_plus_vigil,5,20260622,True
True,4,1,P019,P2_phrase_plus_vigil,5,20260622,True
True,4,1,P019,P2_phrase_plus_vigil,5,20260622,True
True,4,1,P019,P2_phrase_plus_vigil,5,20260622,True
True,4,1,P019,P2_phrase_plus_vigil,5,20260622,True
True,4,1,P019,P2_phrase_plus_vigil,5,20260622,True
True,4,1,P019,P3_vigil_plus_phrase,5,20260622,True
True,4,1,P019,P3_vigil_plus_phrase,5,20260622,True
True,4,1,P019,P3_vigil_plus_phrase,5,20260622,True
True,4,1,P019,P3_vigil_plus_phrase,5,20260622,True
True,4,1,P019,P3_vigil_plus_phrase,5,20260622,True
True,4,1,P019,P3_vigil_plus_phrase,5,20260622,True
True,4,1,P019,P3_vigil_plus_phrase,5,20260622,True
True,4,1,P019,P3_vigil_plus_phrase,5,20260622,True
True,4,1,P019,P3_vigil_plus_phrase,5,20260622,True
True,4,1,P019,P3_vigil_plus_phrase,5,20260622,True
False,4,0,P019,P4_negative,5,20260622,False
False,4,0,P019,P4_negative,5,20260622,False
False,4,0,P019,P4_negative,5,20260622,False
False,4,0,P019,P4_negative,5,20260622,False
False,4,0,P019,P4_negative,5,20260622,False
False,4,0,P019,P4_negative,5,20260622,False
False,4,0,P019,P4_negative,5,20260622,False
False,4,0,P019,P4_negative,5,20260622,False
False,4,0,P019,P4_negative,5,20260622,False
False,4,0,P019,P4_negative,5,20260622,False
False,4,0,P019,P4_negative,5,20260622,False
False,4,0,P019,P4_negative,5,20260622,False
False,4,0,P019,P4_negative,5,20260622,False
False,4,0,P019,P4_negative,5,20260622,False
False,4,0,P019,P4_negative,5,20260622,False
False,4,0,P019,P4_negative,5,20260622,False
False,4,0,P019,P4_negative,5,20260622,False
False,4,0,P019,P4_negative,5,20260622,False
False,4,0,P019,P4_negative,5,20260622,False
False,4,0,P019,P4_negative,5,20260622,False
False,4,0,P019,P4_negative,5,20260622,False
False,4,0,P019,P4_negative,5,20260622,False
False,4,0,P019,P4_negative,5,20260622,False
False,4,0,P019,P4_negative,5,20260622,False
False,4,0,P019,P4_negative,5,20260622,False
False,4,0,P019,P4_negative,5,20260622,False
False,4,0,P019,P4_negative,5,20260622,False
False,4,0,P019,P4_negative,5,20260622,False
False,4,0,P019,P4_negative,5,20260622,False
False,4,0,P019,P4_negative,5,20260622,False
False,4,0,P019,P4_negative,5,20260622,False
False,4,0,P019,P4_negative,5,20260622,False
False,4,0,P019,P4_negative,5,20260622,False
False,4,0,P019,P4_negative,5,20260622,False
False,4,0,P019,P4_negative,5,20260622,False
False,4,0,P019,P4_negative,5,20260622,False
False,4,0,P019,P4_negative,5,20260622,False
False,4,0,P019,P4_negative,5,20260622,False
False,4,0,P019,P4_negative,5,20260622,False
False,4,0,P019,P4_negative,5,20260622,False
False,4,0,P019,P4_negative,5,20260622,False
False,4,0,P019,P4_negative,5,20260622,False
False,4,0,P019,P4_negative,5,20260622,False
False,4,0,P019,P4_negative,5,20260622,False
False,4,0,P019,P4_negative,5,20260622,False
True,4,1,P023,P1_vigil_only,5,20260622,True
True,4,1,P023,P2_phrase_plus_vigil,5,20260622,True
True,4,1,P023,P2_phrase_plus_vigil,5,20260622,True
True,4,1,P023,P2_phrase_plus_vigil,5,20260622,True
True,4,1,P023,P2_phrase_plus_vigil,5,20260622,True
True,4,1,P023,P3_vigil_plus_phrase,5,20260622,True
True,4,1,P023,P3_vigil_plus_phrase,5,20260622,True
False,4,0,P023,P4_negative,5,20260622,False
False,4,0,P023,P4_negative,5,20260622,False
False,4,0,P023,P4_negative,5,20260622,False
False,4,0,P023,P4_negative,5,20260622,False
False,4,0,P023,P4_negative,5,20260622,False
False,4,0,P023,P4_negative,5,20260622,False
True,4,1,P029,P1_vigil_only,5,20260622,True
True,4,1,P029,P1_vigil_only,5,20260622,True
True,4,1,P029,P1_vigil_only,5,20260622,True
True,4,1,P029,P1_vigil_only,5,20260622,True
True,4,1,P029,P1_vigil_only,5,20260622,True
True,4,1,P029,P1_vigil_only,5,20260622,True
True,4,1,P029,P1_vigil_only,5,20260622,True
True,4,1,P029,P1_vigil_only,5,20260622,True
True,4,1,P029,P2_phrase_plus_vigil,5,20260622,True
True,4,1,P029,P2_phrase_plus_vigil,5,20260622,True
True,4,1,P029,P2_phrase_plus_vigil,5,20260622,True
True,4,1,P029,P2_phrase_plus_vigil,5,20260622,True
True,4,1,P029,P2_phrase_plus_vigil,5,20260622,True
True,4,1,P029,P2_phrase_plus_vigil,5,20260622,True
True,4,1,P029,P2_phrase_plus_vigil,5,20260622,True
True,4,1,P029,P2_phrase_plus_vigil,5,20260622,True
True,4,1,P029,P2_phrase_plus_vigil,5,20260622,True
True,4,1,P029,P2_phrase_plus_vigil,5,20260622,True
True,4,1,P029,P3_vigil_plus_phrase,5,20260622,True
True,4,1,P029,P3_vigil_plus_phrase,5,20260622,True
True,4,1,P029,P3_vigil_plus_phrase,5,20260622,True
True,4,1,P029,P3_vigil_plus_phrase,5,20260622,True
True,4,1,P029,P3_vigil_plus_phrase,5,20260622,True
True,4,1,P029,P3_vigil_plus_phrase,5,20260622,True
True,4,1,P029,P3_vigil_plus_phrase,5,20260622,True
False,4,0,P029,P4_negative,5,20260622,False
False,4,0,P029,P4_negative,5,20260622,False
False,4,0,P029,P4_negative,5,20260622,False
False,4,0,P029,P4_negative,5,20260622,False
False,4,0,P029,P4_negative,5,20260622,False
False,4,0,P029,P4_negative,5,20260622,False
False,4,0,P029,P4_negative,5,20260622,False
False,4,0,P029,P4_negative,5,20260622,False
False,4,0,P029,P4_negative,5,20260622,False
False,4,0,P029,P4_negative,5,20260622,False
False,4,0,P029,P4_negative,5,20260622,False
False,4,0,P029,P4_negative,5,20260622,False
False,4,0,P029,P4_negative,5,20260622,False
False,4,0,P029,P4_negative,5,20260622,False
False,4,0,P029,P4_negative,5,20260622,False
False,4,0,P029,P4_negative,5,20260622,False
False,4,0,P029,P4_negative,5,20260622,False
False,4,0,P029,P4_negative,5,20260622,False
False,4,0,P029,P4_negative,5,20260622,False
False,4,0,P029,P4_negative,5,20260622,False
False,4,0,P029,P4_negative,5,20260622,False
False,4,0,P029,P4_negative,5,20260622,False
False,4,0,P029,P4_negative,5,20260622,False
False,4,0,P029,P4_negative,5,20260622,False
False,4,0,P029,P4_negative,5,20260622,False
False,4,0,P029,P4_negative,5,20260622,False
False,4,0,P029,P4_negative,5,20260622,False
False,4,0,P029,P4_negative,5,20260622,False
False,4,0,P029,P4_negative,5,20260622,False
False,4,0,P029,P4_negative,5,20260622,False
False,4,1,P025,P1_vigil_only,3,20260623,False
False,4,1,P025,P2_phrase_plus_vigil,3,20260623,False
True,4,1,P025,P2_phrase_plus_vigil,3,20260623,True
True,4,1,P025,P2_phrase_plus_vigil,3,20260623,True
True,4,1,P025,P2_phrase_plus_vigil,3,20260623,True
True,4,1,P025,P2_phrase_plus_vigil,3,20260623,True
True,4,1,P025,P2_phrase_plus_vigil,3,20260623,True
True,4,1,P025,P2_phrase_plus_vigil,3,20260623,True
True,4,1,P025,P2_phrase_plus_vigil,3,20260623,True
True,4,1,P025,P2_phrase_plus_vigil,3,20260623,True
False,4,1,P025,P2_phrase_plus_vigil,3,20260623,False
True,4,1,P025,P2_phrase_plus_vigil,3,20260623,True
True,4,1,P025,P3_vigil_plus_phrase,3,20260623,True
True,4,1,P025,P3_vigil_plus_phrase,3,20260623,True
True,4,1,P025,P3_vigil_plus_phrase,3,20260623,True
True,4,1,P025,P3_vigil_plus_phrase,3,20260623,True
True,4,1,P025,P3_vigil_plus_phrase,3,20260623,True
True,4,1,P025,P3_vigil_plus_phrase,3,20260623,True
False,4,1,P025,P3_vigil_plus_phrase,3,20260623,False
False,4,0,P025,P4_negative,3,20260623,False
False,4,0,P025,P4_negative,3,20260623,False
False,4,0,P025,P4_negative,3,20260623,False
False,4,0,P025,P4_negative,3,20260623,False
False,4,0,P025,P4_negative,3,20260623,False
False,4,0,P025,P4_negative,3,20260623,False
False,4,0,P025,P4_negative,3,20260623,False
False,4,0,P025,P4_negative,3,20260623,False
False,4,0,P025,P4_negative,3,20260623,False
False,4,0,P025,P4_negative,3,20260623,False
False,4,0,P025,P4_negative,3,20260623,False
False,4,0,P025,P4_negative,3,20260623,False
False,4,0,P025,P4_negative,3,20260623,False
False,4,0,P025,P4_negative,3,20260623,False
False,4,0,P025,P4_negative,3,20260623,False
True,4,1,P024,P1_vigil_only,3,20260623,True
True,4,1,P024,P2_phrase_plus_vigil,3,20260623,True
True,4,1,P024,P2_phrase_plus_vigil,3,20260623,True
True,4,1,P024,P2_phrase_plus_vigil,3,20260623,True
True,4,1,P024,P2_phrase_plus_vigil,3,20260623,True
True,4,1,P024,P2_phrase_plus_vigil,3,20260623,True
True,4,1,P024,P3_vigil_plus_phrase,3,20260623,True
True,4,1,P024,P3_vigil_plus_phrase,3,20260623,True
True,4,1,P024,P3_vigil_plus_phrase,3,20260623,True
False,4,0,P024,P4_negative,3,20260623,False
False,4,0,P024,P4_negative,3,20260623,False
False,4,0,P024,P4_negative,3,20260623,False
True,4,1,P009,P1_vigil_only,3,20260623,True
True,4,1,P009,P1_vigil_only,3,20260623,True
True,4,1,P009,P1_vigil_only,3,20260623,True
True,4,1,P009,P2_phrase_plus_vigil,3,20260623,True
True,4,1,P009,P2_phrase_plus_vigil,3,20260623,True
True,4,1,P009,P2_phrase_plus_vigil,3,20260623,True
True,4,1,P009,P2_phrase_plus_vigil,3,20260623,True
True,4,1,P009,P2_phrase_plus_vigil,3,20260623,True
True,4,1,P009,P2_phrase_plus_vigil,3,20260623,True
True,4,1,P009,P3_vigil_plus_phrase,3,20260623,True
True,4,1,P009,P3_vigil_plus_phrase,3,20260623,True
True,4,1,P009,P3_vigil_plus_phrase,3,20260623,True
True,4,1,P009,P3_vigil_plus_phrase,3,20260623,True
True,4,1,P009,P3_vigil_plus_phrase,3,20260623,True
False,4,0,P009,P4_negative,3,20260623,False
False,4,0,P009,P4_negative,3,20260623,False
False,4,0,P009,P4_negative,3,20260623,False
False,4,0,P009,P4_negative,3,20260623,False
False,4,0,P009,P4_negative,3,20260623,False
False,4,0,P009,P4_negative,3,20260623,False
False,4,0,P009,P4_negative,3,20260623,False
False,4,0,P009,P4_negative,3,20260623,False
False,4,0,P009,P4_negative,3,20260623,False
False,4,0,P009,P4_negative,3,20260623,False
False,4,0,P009,P4_negative,3,20260623,False
False,4,0,P009,P4_negative,3,20260623,False
False,4,0,P009,P4_negative,3,20260623,False
False,4,0,P009,P4_negative,3,20260623,False
False,4,0,P009,P4_negative,3,20260623,False
True,4,1,P013,P1_vigil_only,3,20260623,True
True,4,1,P013,P2_phrase_plus_vigil,3,20260623,True
True,4,1,P013,P2_phrase_plus_vigil,3,20260623,True
True,4,1,P013,P2_phrase_plus_vigil,3,20260623,True
True,4,1,P013,P2_phrase_plus_vigil,3,20260623,True
True,4,1,P013,P2_phrase_plus_vigil,3,20260623,True
True,4,1,P013,P3_vigil_plus_phrase,3,20260623,True
True,4,1,P013,P3_vigil_plus_phrase,3,20260623,True
True,4,1,P013,P3_vigil_plus_phrase,3,20260623,True
True,4,0,P013,P4_negative,3,20260623,True
True,4,0,P013,P4_negative,3,20260623,True
False,4,0,P013,P4_negative,3,20260623,False
False,4,0,P013,P4_negative,3,20260623,False
False,4,0,P013,P4_negative,3,20260623,False
False,4,0,P013,P4_negative,3,20260623,False
False,4,0,P013,P4_negative,3,20260623,False
False,4,0,P013,P4_negative,3,20260623,False
False,4,0,P013,P4_negative,3,20260623,False
False,4,0,P013,P4_negative,3,20260623,False
False,4,0,P013,P4_negative,3,20260623,False
False,4,0,P013,P4_negative,3,20260623,False
False,4,0,P013,P4_negative,3,20260623,False
False,4,0,P013,P4_negative,3,20260623,False
False,4,0,P013,P4_negative,3,20260623,False
True,4,1,P019,P1_vigil_only,3,20260623,True
True,4,1,P019,P1_vigil_only,3,20260623,True
True,4,1,P019,P1_vigil_only,3,20260623,True
True,4,1,P019,P1_vigil_only,3,20260623,True
True,4,1,P019,P2_phrase_plus_vigil,3,20260623,True
True,4,1,P019,P2_phrase_plus_vigil,3,20260623,True
True,4,1,P019,P2_phrase_plus_vigil,3,20260623,True
True,4,1,P019,P2_phrase_plus_vigil,3,20260623,True
True,4,1,P019,P2_phrase_plus_vigil,3,20260623,True
True,4,1,P019,P2_phrase_plus_vigil,3,20260623,True
True,4,1,P019,P2_phrase_plus_vigil,3,20260623,True
True,4,1,P019,P2_phrase_plus_vigil,3,20260623,True
True,4,1,P019,P2_phrase_plus_vigil,3,20260623,True
True,4,1,P019,P2_phrase_plus_vigil,3,20260623,True
True,4,1,P019,P2_phrase_plus_vigil,3,20260623,True
True,4,1,P019,P2_phrase_plus_vigil,3,20260623,True
True,4,1,P019,P2_phrase_plus_vigil,3,20260623,True
True,4,1,P019,P2_phrase_plus_vigil,3,20260623,True
True,4,1,P019,P2_phrase_plus_vigil,3,20260623,True
True,4,1,P019,P2_phrase_plus_vigil,3,20260623,True
True,4,1,P019,P2_phrase_plus_vigil,3,20260623,True
True,4,1,P019,P3_vigil_plus_phrase,3,20260623,True
True,4,1,P019,P3_vigil_plus_phrase,3,20260623,True
True,4,1,P019,P3_vigil_plus_phrase,3,20260623,True
True,4,1,P019,P3_vigil_plus_phrase,3,20260623,True
True,4,1,P019,P3_vigil_plus_phrase,3,20260623,True
True,4,1,P019,P3_vigil_plus_phrase,3,20260623,True
True,4,1,P019,P3_vigil_plus_phrase,3,20260623,True
True,4,1,P019,P3_vigil_plus_phrase,3,20260623,True
True,4,1,P019,P3_vigil_plus_phrase,3,20260623,True
True,4,1,P019,P3_vigil_plus_phrase,3,20260623,True
True,4,1,P019,P3_vigil_plus_phrase,3,20260623,True
False,4,0,P019,P4_negative,3,20260623,False
False,4,0,P019,P4_negative,3,20260623,False
False,4,0,P019,P4_negative,3,20260623,False
False,4,0,P019,P4_negative,3,20260623,False
False,4,0,P019,P4_negative,3,20260623,False
False,4,0,P019,P4_negative,3,20260623,False
False,4,0,P019,P4_negative,3,20260623,False
False,4,0,P019,P4_negative,3,20260623,False
False,4,0,P019,P4_negative,3,20260623,False
False,4,0,P019,P4_negative,3,20260623,False
False,4,0,P019,P4_negative,3,20260623,False
False,4,0,P019,P4_negative,3,20260623,False
False,4,0,P019,P4_negative,3,20260623,False
False,4,0,P019,P4_negative,3,20260623,False
False,4,0,P019,P4_negative,3,20260623,False
False,4,0,P019,P4_negative,3,20260623,False
False,4,0,P019,P4_negative,3,20260623,False
False,4,0,P019,P4_negative,3,20260623,False
False,4,0,P019,P4_negative,3,20260623,False
False,4,0,P019,P4_negative,3,20260623,False
False,4,0,P019,P4_negative,3,20260623,False
False,4,0,P019,P4_negative,3,20260623,False
False,4,0,P019,P4_negative,3,20260623,False
False,4,0,P019,P4_negative,3,20260623,False
False,4,0,P019,P4_negative,3,20260623,False
False,4,0,P019,P4_negative,3,20260623,False
False,4,0,P019,P4_negative,3,20260623,False
False,4,0,P019,P4_negative,3,20260623,False
False,4,0,P019,P4_negative,3,20260623,False
False,4,0,P019,P4_negative,3,20260623,False
False,4,0,P019,P4_negative,3,20260623,False
False,4,0,P019,P4_negative,3,20260623,False
False,4,0,P019,P4_negative,3,20260623,False
False,4,0,P019,P4_negative,3,20260623,False
False,4,0,P019,P4_negative,3,20260623,False
False,4,0,P019,P4_negative,3,20260623,False
False,4,0,P019,P4_negative,3,20260623,False
False,4,0,P019,P4_negative,3,20260623,False
False,4,0,P019,P4_negative,3,20260623,False
False,4,0,P019,P4_negative,3,20260623,False
False,4,0,P019,P4_negative,3,20260623,False
False,4,0,P019,P4_negative,3,20260623,False
False,4,0,P019,P4_negative,3,20260623,False
False,4,0,P019,P4_negative,3,20260623,False
False,4,0,P019,P4_negative,3,20260623,False
True,4,1,P023,P1_vigil_only,3,20260623,True
False,4,1,P023,P1_vigil_only,3,20260623,False
True,4,1,P023,P2_phrase_plus_vigil,3,20260623,True
True,4,1,P023,P2_phrase_plus_vigil,3,20260623,True
True,4,1,P023,P2_phrase_plus_vigil,3,20260623,True
True,4,1,P023,P2_phrase_plus_vigil,3,20260623,True
True,4,1,P023,P3_vigil_plus_phrase,3,20260623,True
True,4,1,P023,P3_vigil_plus_phrase,3,20260623,True
True,4,1,P023,P3_vigil_plus_phrase,3,20260623,True
False,4,0,P023,P4_negative,3,20260623,False
False,4,0,P023,P4_negative,3,20260623,False
False,4,0,P023,P4_negative,3,20260623,False
False,4,0,P023,P4_negative,3,20260623,False
False,4,0,P023,P4_negative,3,20260623,False
False,4,0,P023,P4_negative,3,20260623,False
True,4,1,P029,P1_vigil_only,3,20260623,True
True,4,1,P029,P1_vigil_only,3,20260623,True
True,4,1,P029,P1_vigil_only,3,20260623,True
True,4,1,P029,P1_vigil_only,3,20260623,True
True,4,1,P029,P1_vigil_only,3,20260623,True
True,4,1,P029,P1_vigil_only,3,20260623,True
True,4,1,P029,P1_vigil_only,3,20260623,True
True,4,1,P029,P1_vigil_only,3,20260623,True
True,4,1,P029,P1_vigil_only,3,20260623,True
True,4,1,P029,P2_phrase_plus_vigil,3,20260623,True
True,4,1,P029,P2_phrase_plus_vigil,3,20260623,True
True,4,1,P029,P2_phrase_plus_vigil,3,20260623,True
True,4,1,P029,P2_phrase_plus_vigil,3,20260623,True
True,4,1,P029,P2_phrase_plus_vigil,3,20260623,True
True,4,1,P029,P2_phrase_plus_vigil,3,20260623,True
True,4,1,P029,P2_phrase_plus_vigil,3,20260623,True
True,4,1,P029,P2_phrase_plus_vigil,3,20260623,True
True,4,1,P029,P2_phrase_plus_vigil,3,20260623,True
True,4,1,P029,P2_phrase_plus_vigil,3,20260623,True
True,4,1,P029,P2_phrase_plus_vigil,3,20260623,True
True,4,1,P029,P3_vigil_plus_phrase,3,20260623,True
True,4,1,P029,P3_vigil_plus_phrase,3,20260623,True
True,4,1,P029,P3_vigil_plus_phrase,3,20260623,True
True,4,1,P029,P3_vigil_plus_phrase,3,20260623,True
True,4,1,P029,P3_vigil_plus_phrase,3,20260623,True
True,4,1,P029,P3_vigil_plus_phrase,3,20260623,True
True,4,1,P029,P3_vigil_plus_phrase,3,20260623,True
False,4,0,P029,P4_negative,3,20260623,False
False,4,0,P029,P4_negative,3,20260623,False
False,4,0,P029,P4_negative,3,20260623,False
False,4,0,P029,P4_negative,3,20260623,False
False,4,0,P029,P4_negative,3,20260623,False
False,4,0,P029,P4_negative,3,20260623,False
False,4,0,P029,P4_negative,3,20260623,False
False,4,0,P029,P4_negative,3,20260623,False
False,4,0,P029,P4_negative,3,20260623,False
False,4,0,P029,P4_negative,3,20260623,False
False,4,0,P029,P4_negative,3,20260623,False
False,4,0,P029,P4_negative,3,20260623,False
False,4,0,P029,P4_negative,3,20260623,False
False,4,0,P029,P4_negative,3,20260623,False
False,4,0,P029,P4_negative,3,20260623,False
False,4,0,P029,P4_negative,3,20260623,False
False,4,0,P029,P4_negative,3,20260623,False
False,4,0,P029,P4_negative,3,20260623,False
False,4,0,P029,P4_negative,3,20260623,False
False,4,0,P029,P4_negative,3,20260623,False
False,4,0,P029,P4_negative,3,20260623,False
False,4,0,P029,P4_negative,3,20260623,False
False,4,0,P029,P4_negative,3,20260623,False
False,4,0,P029,P4_negative,3,20260623,False
False,4,0,P029,P4_negative,3,20260623,False
False,4,0,P029,P4_negative,3,20260623,False
False,4,0,P029,P4_negative,3,20260623,False
False,4,0,P029,P4_negative,3,20260623,False
False,4,0,P029,P4_negative,3,20260623,False
False,4,0,P029,P4_negative,3,20260623,False
False,4,1,P025,P2_phrase_plus_vigil,5,20260623,False
True,4,1,P025,P2_phrase_plus_vigil,5,20260623,True
True,4,1,P025,P2_phrase_plus_vigil,5,20260623,True
True,4,1,P025,P2_phrase_plus_vigil,5,20260623,True
True,4,1,P025,P2_phrase_plus_vigil,5,20260623,True
True,4,1,P025,P2_phrase_plus_vigil,5,20260623,True
True,4,1,P025,P2_phrase_plus_vigil,5,20260623,True
True,4,1,P025,P2_phrase_plus_vigil,5,20260623,True
True,4,1,P025,P2_phrase_plus_vigil,5,20260623,True
True,4,1,P025,P2_phrase_plus_vigil,5,20260623,True
True,4,1,P025,P3_vigil_plus_phrase,5,20260623,True
True,4,1,P025,P3_vigil_plus_phrase,5,20260623,True
True,4,1,P025,P3_vigil_plus_phrase,5,20260623,True
True,4,1,P025,P3_vigil_plus_phrase,5,20260623,True
True,4,1,P025,P3_vigil_plus_phrase,5,20260623,True
True,4,1,P025,P3_vigil_plus_phrase,5,20260623,True
False,4,1,P025,P3_vigil_plus_phrase,5,20260623,False
False,4,0,P025,P4_negative,5,20260623,False
False,4,0,P025,P4_negative,5,20260623,False
False,4,0,P025,P4_negative,5,20260623,False
False,4,0,P025,P4_negative,5,20260623,False
False,4,0,P025,P4_negative,5,20260623,False
False,4,0,P025,P4_negative,5,20260623,False
False,4,0,P025,P4_negative,5,20260623,False
False,4,0,P025,P4_negative,5,20260623,False
False,4,0,P025,P4_negative,5,20260623,False
False,4,0,P025,P4_negative,5,20260623,False
False,4,0,P025,P4_negative,5,20260623,False
False,4,0,P025,P4_negative,5,20260623,False
False,4,0,P025,P4_negative,5,20260623,False
False,4,0,P025,P4_negative,5,20260623,False
False,4,0,P025,P4_negative,5,20260623,False
True,4,1,P024,P1_vigil_only,5,20260623,True
True,4,1,P024,P2_phrase_plus_vigil,5,20260623,True
True,4,1,P024,P2_phrase_plus_vigil,5,20260623,True
True,4,1,P024,P2_phrase_plus_vigil,5,20260623,True
True,4,1,P024,P2_phrase_plus_vigil,5,20260623,True
True,4,1,P024,P3_vigil_plus_phrase,5,20260623,True
True,4,1,P024,P3_vigil_plus_phrase,5,20260623,True
False,4,0,P024,P4_negative,5,20260623,False
False,4,0,P024,P4_negative,5,20260623,False
False,4,0,P024,P4_negative,5,20260623,False
True,4,1,P009,P1_vigil_only,5,20260623,True
True,4,1,P009,P1_vigil_only,5,20260623,True
True,4,1,P009,P1_vigil_only,5,20260623,True
True,4,1,P009,P2_phrase_plus_vigil,5,20260623,True
True,4,1,P009,P2_phrase_plus_vigil,5,20260623,True
True,4,1,P009,P2_phrase_plus_vigil,5,20260623,True
True,4,1,P009,P2_phrase_plus_vigil,5,20260623,True
True,4,1,P009,P2_phrase_plus_vigil,5,20260623,True
True,4,1,P009,P2_phrase_plus_vigil,5,20260623,True
True,4,1,P009,P3_vigil_plus_phrase,5,20260623,True
True,4,1,P009,P3_vigil_plus_phrase,5,20260623,True
True,4,1,P009,P3_vigil_plus_phrase,5,20260623,True
False,4,0,P009,P4_negative,5,20260623,False
False,4,0,P009,P4_negative,5,20260623,False
False,4,0,P009,P4_negative,5,20260623,False
False,4,0,P009,P4_negative,5,20260623,False
False,4,0,P009,P4_negative,5,20260623,False
False,4,0,P009,P4_negative,5,20260623,False
False,4,0,P009,P4_negative,5,20260623,False
False,4,0,P009,P4_negative,5,20260623,False
False,4,0,P009,P4_negative,5,20260623,False
False,4,0,P009,P4_negative,5,20260623,False
False,4,0,P009,P4_negative,5,20260623,False
False,4,0,P009,P4_negative,5,20260623,False
False,4,0,P009,P4_negative,5,20260623,False
False,4,0,P009,P4_negative,5,20260623,False
False,4,0,P009,P4_negative,5,20260623,False
True,4,1,P013,P1_vigil_only,5,20260623,True
True,4,1,P013,P2_phrase_plus_vigil,5,20260623,True
True,4,1,P013,P2_phrase_plus_vigil,5,20260623,True
True,4,1,P013,P2_phrase_plus_vigil,5,20260623,True
True,4,1,P013,P2_phrase_plus_vigil,5,20260623,True
True,4,1,P013,P3_vigil_plus_phrase,5,20260623,True
True,4,1,P013,P3_vigil_plus_phrase,5,20260623,True
True,4,0,P013,P4_negative,5,20260623,True
True,4,0,P013,P4_negative,5,20260623,True
False,4,0,P013,P4_negative,5,20260623,False
False,4,0,P013,P4_negative,5,20260623,False
False,4,0,P013,P4_negative,5,20260623,False
False,4,0,P013,P4_negative,5,20260623,False
False,4,0,P013,P4_negative,5,20260623,False
False,4,0,P013,P4_negative,5,20260623,False
False,4,0,P013,P4_negative,5,20260623,False
False,4,0,P013,P4_negative,5,20260623,False
False,4,0,P013,P4_negative,5,20260623,False
False,4,0,P013,P4_negative,5,20260623,False
False,4,0,P013,P4_negative,5,20260623,False
False,4,0,P013,P4_negative,5,20260623,False
False,4,0,P013,P4_negative,5,20260623,False
True,4,1,P019,P1_vigil_only,5,20260623,True
True,4,1,P019,P1_vigil_only,5,20260623,True
True,4,1,P019,P1_vigil_only,5,20260623,True
True,4,1,P019,P2_phrase_plus_vigil,5,20260623,True
True,4,1,P019,P2_phrase_plus_vigil,5,20260623,True
True,4,1,P019,P2_phrase_plus_vigil,5,20260623,True
True,4,1,P019,P2_phrase_plus_vigil,5,20260623,True
True,4,1,P019,P2_phrase_plus_vigil,5,20260623,True
True,4,1,P019,P2_phrase_plus_vigil,5,20260623,True
True,4,1,P019,P2_phrase_plus_vigil,5,20260623,True
True,4,1,P019,P2_phrase_plus_vigil,5,20260623,True
True,4,1,P019,P2_phrase_plus_vigil,5,20260623,True
True,4,1,P019,P2_phrase_plus_vigil,5,20260623,True
True,4,1,P019,P2_phrase_plus_vigil,5,20260623,True
True,4,1,P019,P2_phrase_plus_vigil,5,20260623,True
True,4,1,P019,P2_phrase_plus_vigil,5,20260623,True
True,4,1,P019,P2_phrase_plus_vigil,5,20260623,True
True,4,1,P019,P2_phrase_plus_vigil,5,20260623,True
True,4,1,P019,P2_phrase_plus_vigil,5,20260623,True
True,4,1,P019,P2_phrase_plus_vigil,5,20260623,True
True,4,1,P019,P3_vigil_plus_phrase,5,20260623,True
True,4,1,P019,P3_vigil_plus_phrase,5,20260623,True
True,4,1,P019,P3_vigil_plus_phrase,5,20260623,True
True,4,1,P019,P3_vigil_plus_phrase,5,20260623,True
True,4,1,P019,P3_vigil_plus_phrase,5,20260623,True
True,4,1,P019,P3_vigil_plus_phrase,5,20260623,True
True,4,1,P019,P3_vigil_plus_phrase,5,20260623,True
True,4,1,P019,P3_vigil_plus_phrase,5,20260623,True
True,4,1,P019,P3_vigil_plus_phrase,5,20260623,True
True,4,1,P019,P3_vigil_plus_phrase,5,20260623,True
False,4,0,P019,P4_negative,5,20260623,False
False,4,0,P019,P4_negative,5,20260623,False
False,4,0,P019,P4_negative,5,20260623,False
False,4,0,P019,P4_negative,5,20260623,False
False,4,0,P019,P4_negative,5,20260623,False
False,4,0,P019,P4_negative,5,20260623,False
False,4,0,P019,P4_negative,5,20260623,False
False,4,0,P019,P4_negative,5,20260623,False
False,4,0,P019,P4_negative,5,20260623,False
False,4,0,P019,P4_negative,5,20260623,False
False,4,0,P019,P4_negative,5,20260623,False
False,4,0,P019,P4_negative,5,20260623,False
False,4,0,P019,P4_negative,5,20260623,False
False,4,0,P019,P4_negative,5,20260623,False
False,4,0,P019,P4_negative,5,20260623,False
False,4,0,P019,P4_negative,5,20260623,False
False,4,0,P019,P4_negative,5,20260623,False
False,4,0,P019,P4_negative,5,20260623,False
False,4,0,P019,P4_negative,5,20260623,False
False,4,0,P019,P4_negative,5,20260623,False
False,4,0,P019,P4_negative,5,20260623,False
False,4,0,P019,P4_negative,5,20260623,False
False,4,0,P019,P4_negative,5,20260623,False
False,4,0,P019,P4_negative,5,20260623,False
False,4,0,P019,P4_negative,5,20260623,False
False,4,0,P019,P4_negative,5,20260623,False
False,4,0,P019,P4_negative,5,20260623,False
False,4,0,P019,P4_negative,5,20260623,False
False,4,0,P019,P4_negative,5,20260623,False
False,4,0,P019,P4_negative,5,20260623,False
False,4,0,P019,P4_negative,5,20260623,False
False,4,0,P019,P4_negative,5,20260623,False
False,4,0,P019,P4_negative,5,20260623,False
False,4,0,P019,P4_negative,5,20260623,False
False,4,0,P019,P4_negative,5,20260623,False
False,4,0,P019,P4_negative,5,20260623,False
False,4,0,P019,P4_negative,5,20260623,False
False,4,0,P019,P4_negative,5,20260623,False
False,4,0,P019,P4_negative,5,20260623,False
False,4,0,P019,P4_negative,5,20260623,False
False,4,0,P019,P4_negative,5,20260623,False
False,4,0,P019,P4_negative,5,20260623,False
False,4,0,P019,P4_negative,5,20260623,False
False,4,0,P019,P4_negative,5,20260623,False
False,4,0,P019,P4_negative,5,20260623,False
True,4,1,P023,P1_vigil_only,5,20260623,True
False,4,1,P023,P1_vigil_only,5,20260623,False
True,4,1,P023,P2_phrase_plus_vigil,5,20260623,True
True,4,1,P023,P2_phrase_plus_vigil,5,20260623,True
True,4,1,P023,P2_phrase_plus_vigil,5,20260623,True
True,4,1,P023,P3_vigil_plus_phrase,5,20260623,True
True,4,1,P023,P3_vigil_plus_phrase,5,20260623,True
False,4,0,P023,P4_negative,5,20260623,False
False,4,0,P023,P4_negative,5,20260623,False
False,4,0,P023,P4_negative,5,20260623,False
False,4,0,P023,P4_negative,5,20260623,False
False,4,0,P023,P4_negative,5,20260623,False
False,4,0,P023,P4_negative,5,20260623,False
True,4,1,P029,P1_vigil_only,5,20260623,True
True,4,1,P029,P1_vigil_only,5,20260623,True
True,4,1,P029,P1_vigil_only,5,20260623,True
True,4,1,P029,P1_vigil_only,5,20260623,True
True,4,1,P029,P1_vigil_only,5,20260623,True
True,4,1,P029,P1_vigil_only,5,20260623,True
True,4,1,P029,P1_vigil_only,5,20260623,True
True,4,1,P029,P1_vigil_only,5,20260623,True
True,4,1,P029,P2_phrase_plus_vigil,5,20260623,True
True,4,1,P029,P2_phrase_plus_vigil,5,20260623,True
True,4,1,P029,P2_phrase_plus_vigil,5,20260623,True
True,4,1,P029,P2_phrase_plus_vigil,5,20260623,True
True,4,1,P029,P2_phrase_plus_vigil,5,20260623,True
True,4,1,P029,P2_phrase_plus_vigil,5,20260623,True
True,4,1,P029,P2_phrase_plus_vigil,5,20260623,True
True,4,1,P029,P2_phrase_plus_vigil,5,20260623,True
True,4,1,P029,P2_phrase_plus_vigil,5,20260623,True
True,4,1,P029,P2_phrase_plus_vigil,5,20260623,True
True,4,1,P029,P3_vigil_plus_phrase,5,20260623,True
True,4,1,P029,P3_vigil_plus_phrase,5,20260623,True
True,4,1,P029,P3_vigil_plus_phrase,5,20260623,True
True,4,1,P029,P3_vigil_plus_phrase,5,20260623,True
True,4,1,P029,P3_vigil_plus_phrase,5,20260623,True
True,4,1,P029,P3_vigil_plus_phrase,5,20260623,True
True,4,1,P029,P3_vigil_plus_phrase,5,20260623,True
False,4,0,P029,P4_negative,5,20260623,False
False,4,0,P029,P4_negative,5,20260623,False
False,4,0,P029,P4_negative,5,20260623,False
False,4,0,P029,P4_negative,5,20260623,False
False,4,0,P029,P4_negative,5,20260623,False
False,4,0,P029,P4_negative,5,20260623,False
False,4,0,P029,P4_negative,5,20260623,False
False,4,0,P029,P4_negative,5,20260623,False
False,4,0,P029,P4_negative,5,20260623,False
False,4,0,P029,P4_negative,5,20260623,False
False,4,0,P029,P4_negative,5,20260623,False
False,4,0,P029,P4_negative,5,20260623,False
False,4,0,P029,P4_negative,5,20260623,False
False,4,0,P029,P4_negative,5,20260623,False
False,4,0,P029,P4_negative,5,20260623,False
False,4,0,P029,P4_negative,5,20260623,False
False,4,0,P029,P4_negative,5,20260623,False
False,4,0,P029,P4_negative,5,20260623,False
False,4,0,P029,P4_negative,5,20260623,False
False,4,0,P029,P4_negative,5,20260623,False
False,4,0,P029,P4_negative,5,20260623,False
False,4,0,P029,P4_negative,5,20260623,False
False,4,0,P029,P4_negative,5,20260623,False
False,4,0,P029,P4_negative,5,20260623,False
False,4,0,P029,P4_negative,5,20260623,False
False,4,0,P029,P4_negative,5,20260623,False
False,4,0,P029,P4_negative,5,20260623,False
False,4,0,P029,P4_negative,5,20260623,False
False,4,0,P029,P4_negative,5,20260623,False
False,4,0,P029,P4_negative,5,20260623,False
True,4,1,P025,P1_vigil_only,3,20260624,True
False,4,1,P025,P1_vigil_only,3,20260624,False
False,4,1,P025,P2_phrase_plus_vigil,3,20260624,False
True,4,1,P025,P2_phrase_plus_vigil,3,20260624,True
True,4,1,P025,P2_phrase_plus_vigil,3,20260624,True
True,4,1,P025,P2_phrase_plus_vigil,3,20260624,True
True,4,1,P025,P2_phrase_plus_vigil,3,20260624,True
True,4,1,P025,P2_phrase_plus_vigil,3,20260624,True
True,4,1,P025,P2_phrase_plus_vigil,3,20260624,True
True,4,1,P025,P2_phrase_plus_vigil,3,20260624,True
True,4,1,P025,P2_phrase_plus_vigil,3,20260624,True
True,4,1,P025,P2_phrase_plus_vigil,3,20260624,True
True,4,1,P025,P3_vigil_plus_phrase,3,20260624,True
True,4,1,P025,P3_vigil_plus_phrase,3,20260624,True
True,4,1,P025,P3_vigil_plus_phrase,3,20260624,True
True,4,1,P025,P3_vigil_plus_phrase,3,20260624,True
True,4,1,P025,P3_vigil_plus_phrase,3,20260624,True
False,4,1,P025,P3_vigil_plus_phrase,3,20260624,False
False,4,1,P025,P3_vigil_plus_phrase,3,20260624,False
False,4,0,P025,P4_negative,3,20260624,False
False,4,0,P025,P4_negative,3,20260624,False
False,4,0,P025,P4_negative,3,20260624,False
False,4,0,P025,P4_negative,3,20260624,False
False,4,0,P025,P4_negative,3,20260624,False
False,4,0,P025,P4_negative,3,20260624,False
False,4,0,P025,P4_negative,3,20260624,False
False,4,0,P025,P4_negative,3,20260624,False
False,4,0,P025,P4_negative,3,20260624,False
False,4,0,P025,P4_negative,3,20260624,False
False,4,0,P025,P4_negative,3,20260624,False
False,4,0,P025,P4_negative,3,20260624,False
False,4,0,P025,P4_negative,3,20260624,False
False,4,0,P025,P4_negative,3,20260624,False
False,4,0,P025,P4_negative,3,20260624,False
False,4,1,P024,P1_vigil_only,3,20260624,False
True,4,1,P024,P1_vigil_only,3,20260624,True
True,4,1,P024,P2_phrase_plus_vigil,3,20260624,True
True,4,1,P024,P2_phrase_plus_vigil,3,20260624,True
True,4,1,P024,P2_phrase_plus_vigil,3,20260624,True
True,4,1,P024,P2_phrase_plus_vigil,3,20260624,True
True,4,1,P024,P3_vigil_plus_phrase,3,20260624,True
True,4,1,P024,P3_vigil_plus_phrase,3,20260624,True
True,4,1,P024,P3_vigil_plus_phrase,3,20260624,True
False,4,0,P024,P4_negative,3,20260624,False
False,4,0,P024,P4_negative,3,20260624,False
False,4,0,P024,P4_negative,3,20260624,False
True,4,1,P009,P1_vigil_only,3,20260624,True
True,4,1,P009,P1_vigil_only,3,20260624,True
True,4,1,P009,P1_vigil_only,3,20260624,True
True,4,1,P009,P1_vigil_only,3,20260624,True
True,4,1,P009,P2_phrase_plus_vigil,3,20260624,True
True,4,1,P009,P2_phrase_plus_vigil,3,20260624,True
True,4,1,P009,P2_phrase_plus_vigil,3,20260624,True
True,4,1,P009,P2_phrase_plus_vigil,3,20260624,True
True,4,1,P009,P2_phrase_plus_vigil,3,20260624,True
True,4,1,P009,P2_phrase_plus_vigil,3,20260624,True
True,4,1,P009,P2_phrase_plus_vigil,3,20260624,True
True,4,1,P009,P3_vigil_plus_phrase,3,20260624,True
True,4,1,P009,P3_vigil_plus_phrase,3,20260624,True
True,4,1,P009,P3_vigil_plus_phrase,3,20260624,True
False,4,0,P009,P4_negative,3,20260624,False
False,4,0,P009,P4_negative,3,20260624,False
False,4,0,P009,P4_negative,3,20260624,False
False,4,0,P009,P4_negative,3,20260624,False
False,4,0,P009,P4_negative,3,20260624,False
False,4,0,P009,P4_negative,3,20260624,False
False,4,0,P009,P4_negative,3,20260624,False
False,4,0,P009,P4_negative,3,20260624,False
False,4,0,P009,P4_negative,3,20260624,False
False,4,0,P009,P4_negative,3,20260624,False
False,4,0,P009,P4_negative,3,20260624,False
False,4,0,P009,P4_negative,3,20260624,False
False,4,0,P009,P4_negative,3,20260624,False
False,4,0,P009,P4_negative,3,20260624,False
False,4,0,P009,P4_negative,3,20260624,False
True,4,1,P013,P1_vigil_only,3,20260624,True
True,4,1,P013,P1_vigil_only,3,20260624,True
True,4,1,P013,P2_phrase_plus_vigil,3,20260624,True
True,4,1,P013,P2_phrase_plus_vigil,3,20260624,True
True,4,1,P013,P2_phrase_plus_vigil,3,20260624,True
True,4,1,P013,P2_phrase_plus_vigil,3,20260624,True
True,4,1,P013,P3_vigil_plus_phrase,3,20260624,True
True,4,1,P013,P3_vigil_plus_phrase,3,20260624,True
True,4,1,P013,P3_vigil_plus_phrase,3,20260624,True
True,4,0,P013,P4_negative,3,20260624,True
True,4,0,P013,P4_negative,3,20260624,True
False,4,0,P013,P4_negative,3,20260624,False
False,4,0,P013,P4_negative,3,20260624,False
False,4,0,P013,P4_negative,3,20260624,False
False,4,0,P013,P4_negative,3,20260624,False
False,4,0,P013,P4_negative,3,20260624,False
False,4,0,P013,P4_negative,3,20260624,False
False,4,0,P013,P4_negative,3,20260624,False
False,4,0,P013,P4_negative,3,20260624,False
False,4,0,P013,P4_negative,3,20260624,False
False,4,0,P013,P4_negative,3,20260624,False
False,4,0,P013,P4_negative,3,20260624,False
False,4,0,P013,P4_negative,3,20260624,False
False,4,0,P013,P4_negative,3,20260624,False
True,4,1,P019,P1_vigil_only,3,20260624,True
True,4,1,P019,P1_vigil_only,3,20260624,True
True,4,1,P019,P1_vigil_only,3,20260624,True
True,4,1,P019,P1_vigil_only,3,20260624,True
True,4,1,P019,P1_vigil_only,3,20260624,True
True,4,1,P019,P2_phrase_plus_vigil,3,20260624,True
True,4,1,P019,P2_phrase_plus_vigil,3,20260624,True
True,4,1,P019,P2_phrase_plus_vigil,3,20260624,True
True,4,1,P019,P2_phrase_plus_vigil,3,20260624,True
True,4,1,P019,P2_phrase_plus_vigil,3,20260624,True
True,4,1,P019,P2_phrase_plus_vigil,3,20260624,True
True,4,1,P019,P2_phrase_plus_vigil,3,20260624,True
True,4,1,P019,P2_phrase_plus_vigil,3,20260624,True
True,4,1,P019,P2_phrase_plus_vigil,3,20260624,True
True,4,1,P019,P2_phrase_plus_vigil,3,20260624,True
True,4,1,P019,P2_phrase_plus_vigil,3,20260624,True
True,4,1,P019,P2_phrase_plus_vigil,3,20260624,True
True,4,1,P019,P2_phrase_plus_vigil,3,20260624,True
True,4,1,P019,P2_phrase_plus_vigil,3,20260624,True
True,4,1,P019,P2_phrase_plus_vigil,3,20260624,True
True,4,1,P019,P2_phrase_plus_vigil,3,20260624,True
True,4,1,P019,P2_phrase_plus_vigil,3,20260624,True
True,4,1,P019,P3_vigil_plus_phrase,3,20260624,True
True,4,1,P019,P3_vigil_plus_phrase,3,20260624,True
True,4,1,P019,P3_vigil_plus_phrase,3,20260624,True
True,4,1,P019,P3_vigil_plus_phrase,3,20260624,True
True,4,1,P019,P3_vigil_plus_phrase,3,20260624,True
True,4,1,P019,P3_vigil_plus_phrase,3,20260624,True
True,4,1,P019,P3_vigil_plus_phrase,3,20260624,True
True,4,1,P019,P3_vigil_plus_phrase,3,20260624,True
True,4,1,P019,P3_vigil_plus_phrase,3,20260624,True
True,4,1,P019,P3_vigil_plus_phrase,3,20260624,True
False,4,0,P019,P4_negative,3,20260624,False
False,4,0,P019,P4_negative,3,20260624,False
False,4,0,P019,P4_negative,3,20260624,False
False,4,0,P019,P4_negative,3,20260624,False
False,4,0,P019,P4_negative,3,20260624,False
False,4,0,P019,P4_negative,3,20260624,False
False,4,0,P019,P4_negative,3,20260624,False
False,4,0,P019,P4_negative,3,20260624,False
False,4,0,P019,P4_negative,3,20260624,False
False,4,0,P019,P4_negative,3,20260624,False
False,4,0,P019,P4_negative,3,20260624,False
False,4,0,P019,P4_negative,3,20260624,False
False,4,0,P019,P4_negative,3,20260624,False
False,4,0,P019,P4_negative,3,20260624,False
False,4,0,P019,P4_negative,3,20260624,False
False,4,0,P019,P4_negative,3,20260624,False
False,4,0,P019,P4_negative,3,20260624,False
False,4,0,P019,P4_negative,3,20260624,False
False,4,0,P019,P4_negative,3,20260624,False
False,4,0,P019,P4_negative,3,20260624,False
False,4,0,P019,P4_negative,3,20260624,False
False,4,0,P019,P4_negative,3,20260624,False
False,4,0,P019,P4_negative,3,20260624,False
False,4,0,P019,P4_negative,3,20260624,False
False,4,0,P019,P4_negative,3,20260624,False
False,4,0,P019,P4_negative,3,20260624,False
False,4,0,P019,P4_negative,3,20260624,False
False,4,0,P019,P4_negative,3,20260624,False
False,4,0,P019,P4_negative,3,20260624,False
False,4,0,P019,P4_negative,3,20260624,False
False,4,0,P019,P4_negative,3,20260624,False
False,4,0,P019,P4_negative,3,20260624,False
False,4,0,P019,P4_negative,3,20260624,False
False,4,0,P019,P4_negative,3,20260624,False
False,4,0,P019,P4_negative,3,20260624,False
False,4,0,P019,P4_negative,3,20260624,False
False,4,0,P019,P4_negative,3,20260624,False
False,4,0,P019,P4_negative,3,20260624,False
False,4,0,P019,P4_negative,3,20260624,False
False,4,0,P019,P4_negative,3,20260624,False
False,4,0,P019,P4_negative,3,20260624,False
False,4,0,P019,P4_negative,3,20260624,False
False,4,0,P019,P4_negative,3,20260624,False
False,4,0,P019,P4_negative,3,20260624,False
False,4,0,P019,P4_negative,3,20260624,False
True,4,1,P023,P1_vigil_only,3,20260624,True
True,4,1,P023,P1_vigil_only,3,20260624,True
False,4,1,P023,P1_vigil_only,3,20260624,False
True,4,1,P023,P2_phrase_plus_vigil,3,20260624,True
True,4,1,P023,P2_phrase_plus_vigil,3,20260624,True
True,4,1,P023,P2_phrase_plus_vigil,3,20260624,True
True,4,1,P023,P3_vigil_plus_phrase,3,20260624,True
True,4,1,P023,P3_vigil_plus_phrase,3,20260624,True
True,4,1,P023,P3_vigil_plus_phrase,3,20260624,True
False,4,0,P023,P4_negative,3,20260624,False
False,4,0,P023,P4_negative,3,20260624,False
False,4,0,P023,P4_negative,3,20260624,False
False,4,0,P023,P4_negative,3,20260624,False
False,4,0,P023,P4_negative,3,20260624,False
False,4,0,P023,P4_negative,3,20260624,False
True,4,1,P029,P1_vigil_only,3,20260624,True
True,4,1,P029,P1_vigil_only,3,20260624,True
True,4,1,P029,P1_vigil_only,3,20260624,True
True,4,1,P029,P1_vigil_only,3,20260624,True
True,4,1,P029,P1_vigil_only,3,20260624,True
True,4,1,P029,P1_vigil_only,3,20260624,True
True,4,1,P029,P1_vigil_only,3,20260624,True
True,4,1,P029,P1_vigil_only,3,20260624,True
True,4,1,P029,P1_vigil_only,3,20260624,True
True,4,1,P029,P2_phrase_plus_vigil,3,20260624,True
True,4,1,P029,P2_phrase_plus_vigil,3,20260624,True
True,4,1,P029,P2_phrase_plus_vigil,3,20260624,True
True,4,1,P029,P2_phrase_plus_vigil,3,20260624,True
True,4,1,P029,P2_phrase_plus_vigil,3,20260624,True
True,4,1,P029,P2_phrase_plus_vigil,3,20260624,True
True,4,1,P029,P2_phrase_plus_vigil,3,20260624,True
True,4,1,P029,P2_phrase_plus_vigil,3,20260624,True
True,4,1,P029,P2_phrase_plus_vigil,3,20260624,True
True,4,1,P029,P2_phrase_plus_vigil,3,20260624,True
True,4,1,P029,P3_vigil_plus_phrase,3,20260624,True
True,4,1,P029,P3_vigil_plus_phrase,3,20260624,True
True,4,1,P029,P3_vigil_plus_phrase,3,20260624,True
True,4,1,P029,P3_vigil_plus_phrase,3,20260624,True
True,4,1,P029,P3_vigil_plus_phrase,3,20260624,True
True,4,1,P029,P3_vigil_plus_phrase,3,20260624,True
True,4,1,P029,P3_vigil_plus_phrase,3,20260624,True
True,4,1,P029,P3_vigil_plus_phrase,3,20260624,True
False,4,0,P029,P4_negative,3,20260624,False
False,4,0,P029,P4_negative,3,20260624,False
False,4,0,P029,P4_negative,3,20260624,False
False,4,0,P029,P4_negative,3,20260624,False
False,4,0,P029,P4_negative,3,20260624,False
False,4,0,P029,P4_negative,3,20260624,False
False,4,0,P029,P4_negative,3,20260624,False
False,4,0,P029,P4_negative,3,20260624,False
False,4,0,P029,P4_negative,3,20260624,False
False,4,0,P029,P4_negative,3,20260624,False
False,4,0,P029,P4_negative,3,20260624,False
False,4,0,P029,P4_negative,3,20260624,False
False,4,0,P029,P4_negative,3,20260624,False
False,4,0,P029,P4_negative,3,20260624,False
False,4,0,P029,P4_negative,3,20260624,False
False,4,0,P029,P4_negative,3,20260624,False
False,4,0,P029,P4_negative,3,20260624,False
False,4,0,P029,P4_negative,3,20260624,False
False,4,0,P029,P4_negative,3,20260624,False
False,4,0,P029,P4_negative,3,20260624,False
False,4,0,P029,P4_negative,3,20260624,False
False,4,0,P029,P4_negative,3,20260624,False
False,4,0,P029,P4_negative,3,20260624,False
False,4,0,P029,P4_negative,3,20260624,False
False,4,0,P029,P4_negative,3,20260624,False
False,4,0,P029,P4_negative,3,20260624,False
False,4,0,P029,P4_negative,3,20260624,False
False,4,0,P029,P4_negative,3,20260624,False
False,4,0,P029,P4_negative,3,20260624,False
False,4,0,P029,P4_negative,3,20260624,False
True,4,1,P025,P1_vigil_only,5,20260624,True
False,4,1,P025,P2_phrase_plus_vigil,5,20260624,False
True,4,1,P025,P2_phrase_plus_vigil,5,20260624,True
True,4,1,P025,P2_phrase_plus_vigil,5,20260624,True
True,4,1,P025,P2_phrase_plus_vigil,5,20260624,True
True,4,1,P025,P2_phrase_plus_vigil,5,20260624,True
True,4,1,P025,P2_phrase_plus_vigil,5,20260624,True
True,4,1,P025,P2_phrase_plus_vigil,5,20260624,True
True,4,1,P025,P2_phrase_plus_vigil,5,20260624,True
True,4,1,P025,P2_phrase_plus_vigil,5,20260624,True
True,4,1,P025,P3_vigil_plus_phrase,5,20260624,True
True,4,1,P025,P3_vigil_plus_phrase,5,20260624,True
True,4,1,P025,P3_vigil_plus_phrase,5,20260624,True
True,4,1,P025,P3_vigil_plus_phrase,5,20260624,True
True,4,1,P025,P3_vigil_plus_phrase,5,20260624,True
False,4,1,P025,P3_vigil_plus_phrase,5,20260624,False
False,4,1,P025,P3_vigil_plus_phrase,5,20260624,False
False,4,0,P025,P4_negative,5,20260624,False
False,4,0,P025,P4_negative,5,20260624,False
False,4,0,P025,P4_negative,5,20260624,False
False,4,0,P025,P4_negative,5,20260624,False
False,4,0,P025,P4_negative,5,20260624,False
False,4,0,P025,P4_negative,5,20260624,False
False,4,0,P025,P4_negative,5,20260624,False
False,4,0,P025,P4_negative,5,20260624,False
False,4,0,P025,P4_negative,5,20260624,False
False,4,0,P025,P4_negative,5,20260624,False
False,4,0,P025,P4_negative,5,20260624,False
False,4,0,P025,P4_negative,5,20260624,False
False,4,0,P025,P4_negative,5,20260624,False
False,4,0,P025,P4_negative,5,20260624,False
False,4,0,P025,P4_negative,5,20260624,False
True,4,1,P024,P1_vigil_only,5,20260624,True
True,4,1,P024,P2_phrase_plus_vigil,5,20260624,True
True,4,1,P024,P2_phrase_plus_vigil,5,20260624,True
True,4,1,P024,P2_phrase_plus_vigil,5,20260624,True
True,4,1,P024,P3_vigil_plus_phrase,5,20260624,True
True,4,1,P024,P3_vigil_plus_phrase,5,20260624,True
True,4,1,P024,P3_vigil_plus_phrase,5,20260624,True
False,4,0,P024,P4_negative,5,20260624,False
False,4,0,P024,P4_negative,5,20260624,False
False,4,0,P024,P4_negative,5,20260624,False
True,4,1,P009,P1_vigil_only,5,20260624,True
True,4,1,P009,P1_vigil_only,5,20260624,True
True,4,1,P009,P1_vigil_only,5,20260624,True
True,4,1,P009,P2_phrase_plus_vigil,5,20260624,True
True,4,1,P009,P2_phrase_plus_vigil,5,20260624,True
True,4,1,P009,P2_phrase_plus_vigil,5,20260624,True
True,4,1,P009,P2_phrase_plus_vigil,5,20260624,True
True,4,1,P009,P2_phrase_plus_vigil,5,20260624,True
True,4,1,P009,P2_phrase_plus_vigil,5,20260624,True
True,4,1,P009,P2_phrase_plus_vigil,5,20260624,True
True,4,1,P009,P3_vigil_plus_phrase,5,20260624,True
True,4,1,P009,P3_vigil_plus_phrase,5,20260624,True
False,4,0,P009,P4_negative,5,20260624,False
False,4,0,P009,P4_negative,5,20260624,False
False,4,0,P009,P4_negative,5,20260624,False
False,4,0,P009,P4_negative,5,20260624,False
False,4,0,P009,P4_negative,5,20260624,False
False,4,0,P009,P4_negative,5,20260624,False
False,4,0,P009,P4_negative,5,20260624,False
False,4,0,P009,P4_negative,5,20260624,False
False,4,0,P009,P4_negative,5,20260624,False
False,4,0,P009,P4_negative,5,20260624,False
False,4,0,P009,P4_negative,5,20260624,False
False,4,0,P009,P4_negative,5,20260624,False
False,4,0,P009,P4_negative,5,20260624,False
False,4,0,P009,P4_negative,5,20260624,False
False,4,0,P009,P4_negative,5,20260624,False
True,4,1,P013,P1_vigil_only,5,20260624,True
True,4,1,P013,P2_phrase_plus_vigil,5,20260624,True
True,4,1,P013,P2_phrase_plus_vigil,5,20260624,True
True,4,1,P013,P2_phrase_plus_vigil,5,20260624,True
True,4,1,P013,P3_vigil_plus_phrase,5,20260624,True
True,4,1,P013,P3_vigil_plus_phrase,5,20260624,True
True,4,1,P013,P3_vigil_plus_phrase,5,20260624,True
True,4,0,P013,P4_negative,5,20260624,True
True,4,0,P013,P4_negative,5,20260624,True
False,4,0,P013,P4_negative,5,20260624,False
False,4,0,P013,P4_negative,5,20260624,False
False,4,0,P013,P4_negative,5,20260624,False
False,4,0,P013,P4_negative,5,20260624,False
False,4,0,P013,P4_negative,5,20260624,False
False,4,0,P013,P4_negative,5,20260624,False
False,4,0,P013,P4_negative,5,20260624,False
False,4,0,P013,P4_negative,5,20260624,False
False,4,0,P013,P4_negative,5,20260624,False
False,4,0,P013,P4_negative,5,20260624,False
False,4,0,P013,P4_negative,5,20260624,False
False,4,0,P013,P4_negative,5,20260624,False
False,4,0,P013,P4_negative,5,20260624,False
True,4,1,P019,P1_vigil_only,5,20260624,True
True,4,1,P019,P1_vigil_only,5,20260624,True
True,4,1,P019,P1_vigil_only,5,20260624,True
True,4,1,P019,P1_vigil_only,5,20260624,True
True,4,1,P019,P2_phrase_plus_vigil,5,20260624,True
True,4,1,P019,P2_phrase_plus_vigil,5,20260624,True
True,4,1,P019,P2_phrase_plus_vigil,5,20260624,True
True,4,1,P019,P2_phrase_plus_vigil,5,20260624,True
True,4,1,P019,P2_phrase_plus_vigil,5,20260624,True
True,4,1,P019,P2_phrase_plus_vigil,5,20260624,True
True,4,1,P019,P2_phrase_plus_vigil,5,20260624,True
True,4,1,P019,P2_phrase_plus_vigil,5,20260624,True
True,4,1,P019,P2_phrase_plus_vigil,5,20260624,True
True,4,1,P019,P2_phrase_plus_vigil,5,20260624,True
True,4,1,P019,P2_phrase_plus_vigil,5,20260624,True
True,4,1,P019,P2_phrase_plus_vigil,5,20260624,True
True,4,1,P019,P2_phrase_plus_vigil,5,20260624,True
True,4,1,P019,P2_phrase_plus_vigil,5,20260624,True
True,4,1,P019,P2_phrase_plus_vigil,5,20260624,True
True,4,1,P019,P2_phrase_plus_vigil,5,20260624,True
True,4,1,P019,P3_vigil_plus_phrase,5,20260624,True
True,4,1,P019,P3_vigil_plus_phrase,5,20260624,True
True,4,1,P019,P3_vigil_plus_phrase,5,20260624,True
True,4,1,P019,P3_vigil_plus_phrase,5,20260624,True
True,4,1,P019,P3_vigil_plus_phrase,5,20260624,True
True,4,1,P019,P3_vigil_plus_phrase,5,20260624,True
True,4,1,P019,P3_vigil_plus_phrase,5,20260624,True
True,4,1,P019,P3_vigil_plus_phrase,5,20260624,True
True,4,1,P019,P3_vigil_plus_phrase,5,20260624,True
True,4,1,P019,P3_vigil_plus_phrase,5,20260624,True
False,4,0,P019,P4_negative,5,20260624,False
False,4,0,P019,P4_negative,5,20260624,False
False,4,0,P019,P4_negative,5,20260624,False
False,4,0,P019,P4_negative,5,20260624,False
False,4,0,P019,P4_negative,5,20260624,False
False,4,0,P019,P4_negative,5,20260624,False
False,4,0,P019,P4_negative,5,20260624,False
False,4,0,P019,P4_negative,5,20260624,False
False,4,0,P019,P4_negative,5,20260624,False
False,4,0,P019,P4_negative,5,20260624,False
False,4,0,P019,P4_negative,5,20260624,False
False,4,0,P019,P4_negative,5,20260624,False
False,4,0,P019,P4_negative,5,20260624,False
False,4,0,P019,P4_negative,5,20260624,False
False,4,0,P019,P4_negative,5,20260624,False
False,4,0,P019,P4_negative,5,20260624,False
False,4,0,P019,P4_negative,5,20260624,False
False,4,0,P019,P4_negative,5,20260624,False
False,4,0,P019,P4_negative,5,20260624,False
False,4,0,P019,P4_negative,5,20260624,False
False,4,0,P019,P4_negative,5,20260624,False
False,4,0,P019,P4_negative,5,20260624,False
False,4,0,P019,P4_negative,5,20260624,False
False,4,0,P019,P4_negative,5,20260624,False
False,4,0,P019,P4_negative,5,20260624,False
False,4,0,P019,P4_negative,5,20260624,False
False,4,0,P019,P4_negative,5,20260624,False
False,4,0,P019,P4_negative,5,20260624,False
False,4,0,P019,P4_negative,5,20260624,False
False,4,0,P019,P4_negative,5,20260624,False
False,4,0,P019,P4_negative,5,20260624,False
False,4,0,P019,P4_negative,5,20260624,False
False,4,0,P019,P4_negative,5,20260624,False
False,4,0,P019,P4_negative,5,20260624,False
False,4,0,P019,P4_negative,5,20260624,False
False,4,0,P019,P4_negative,5,20260624,False
False,4,0,P019,P4_negative,5,20260624,False
False,4,0,P019,P4_negative,5,20260624,False
False,4,0,P019,P4_negative,5,20260624,False
False,4,0,P019,P4_negative,5,20260624,False
False,4,0,P019,P4_negative,5,20260624,False
False,4,0,P019,P4_negative,5,20260624,False
False,4,0,P019,P4_negative,5,20260624,False
False,4,0,P019,P4_negative,5,20260624,False
False,4,0,P019,P4_negative,5,20260624,False
True,4,1,P023,P1_vigil_only,5,20260624,True
True,4,1,P023,P2_phrase_plus_vigil,5,20260624,True
True,4,1,P023,P2_phrase_plus_vigil,5,20260624,True
True,4,1,P023,P2_phrase_plus_vigil,5,20260624,True
True,4,1,P023,P3_vigil_plus_phrase,5,20260624,True
True,4,1,P023,P3_vigil_plus_phrase,5,20260624,True
True,4,1,P023,P3_vigil_plus_phrase,5,20260624,True
False,4,0,P023,P4_negative,5,20260624,False
False,4,0,P023,P4_negative,5,20260624,False
False,4,0,P023,P4_negative,5,20260624,False
False,4,0,P023,P4_negative,5,20260624,False
False,4,0,P023,P4_negative,5,20260624,False
False,4,0,P023,P4_negative,5,20260624,False
True,4,1,P029,P1_vigil_only,5,20260624,True
True,4,1,P029,P1_vigil_only,5,20260624,True
True,4,1,P029,P1_vigil_only,5,20260624,True
True,4,1,P029,P1_vigil_only,5,20260624,True
True,4,1,P029,P1_vigil_only,5,20260624,True
True,4,1,P029,P1_vigil_only,5,20260624,True
True,4,1,P029,P1_vigil_only,5,20260624,True
True,4,1,P029,P1_vigil_only,5,20260624,True
True,4,1,P029,P1_vigil_only,5,20260624,True
True,4,1,P029,P2_phrase_plus_vigil,5,20260624,True
True,4,1,P029,P2_phrase_plus_vigil,5,20260624,True
True,4,1,P029,P2_phrase_plus_vigil,5,20260624,True
True,4,1,P029,P2_phrase_plus_vigil,5,20260624,True
True,4,1,P029,P2_phrase_plus_vigil,5,20260624,True
True,4,1,P029,P2_phrase_plus_vigil,5,20260624,True
True,4,1,P029,P2_phrase_plus_vigil,5,20260624,True
True,4,1,P029,P2_phrase_plus_vigil,5,20260624,True
True,4,1,P029,P2_phrase_plus_vigil,5,20260624,True
True,4,1,P029,P2_phrase_plus_vigil,5,20260624,True
True,4,1,P029,P3_vigil_plus_phrase,5,20260624,True
True,4,1,P029,P3_vigil_plus_phrase,5,20260624,True
True,4,1,P029,P3_vigil_plus_phrase,5,20260624,True
True,4,1,P029,P3_vigil_plus_phrase,5,20260624,True
True,4,1,P029,P3_vigil_plus_phrase,5,20260624,True
True,4,1,P029,P3_vigil_plus_phrase,5,20260624,True
False,4,0,P029,P4_negative,5,20260624,False
False,4,0,P029,P4_negative,5,20260624,False
False,4,0,P029,P4_negative,5,20260624,False
False,4,0,P029,P4_negative,5,20260624,False
False,4,0,P029,P4_negative,5,20260624,False
False,4,0,P029,P4_negative,5,20260624,False
False,4,0,P029,P4_negative,5,20260624,False
False,4,0,P029,P4_negative,5,20260624,False
False,4,0,P029,P4_negative,5,20260624,False
False,4,0,P029,P4_negative,5,20260624,False
False,4,0,P029,P4_negative,5,20260624,False
False,4,0,P029,P4_negative,5,20260624,False
False,4,0,P029,P4_negative,5,20260624,False
False,4,0,P029,P4_negative,5,20260624,False
False,4,0,P029,P4_negative,5,20260624,False
False,4,0,P029,P4_negative,5,20260624,False
False,4,0,P029,P4_negative,5,20260624,False
False,4,0,P029,P4_negative,5,20260624,False
False,4,0,P029,P4_negative,5,20260624,False
False,4,0,P029,P4_negative,5,20260624,False
False,4,0,P029,P4_negative,5,20260624,False
False,4,0,P029,P4_negative,5,20260624,False
False,4,0,P029,P4_negative,5,20260624,False
False,4,0,P029,P4_negative,5,20260624,False
False,4,0,P029,P4_negative,5,20260624,False
False,4,0,P029,P4_negative,5,20260624,False
False,4,0,P029,P4_negative,5,20260624,False
False,4,0,P029,P4_negative,5,20260624,False
False,4,0,P029,P4_negative,5,20260624,False
False,4,0,P029,P4_negative,5,20260624,False
