adapted_f1,adapted_fpr,adapted_precision,adapted_recall,alpha,beta,changed_outputs,delta_f1,fold,margin,max_bias,max_threshold_drop,mean_paired_delta_f1,method,query_rows,safe,support_based,support_quantile,threshold,zero_f1,zero_fpr,zero_precision,zero_recall
0.9817880794701986,0.0,1.0,0.9642276422764228,,,False,0.0,0,0.0,,0.05,0.0,support_threshold_calibration,2450,True,True,min,,0.9817880794701986,0.0,1.0,0.9642276422764228
0.9817880794701986,0.0,1.0,0.9642276422764228,,,False,0.0,0,0.0,,0.1,0.0,support_threshold_calibration,2450,True,True,min,,0.9817880794701986,0.0,1.0,0.9642276422764228
0.9817880794701986,0.0,1.0,0.9642276422764228,,,False,0.0,0,0.0,,0.2,0.0,support_threshold_calibration,2450,True,True,min,,0.9817880794701986,0.0,1.0,0.9642276422764228
0.9817880794701986,0.0,1.0,0.9642276422764228,,,False,0.0,0,0.0,,0.3,0.0,support_threshold_calibration,2450,True,True,min,,0.9817880794701986,0.0,1.0,0.9642276422764228
0.9817880794701986,0.0,1.0,0.9642276422764228,,,False,0.0,0,0.05,,0.05,0.0,support_threshold_calibration,2450,True,True,min,,0.9817880794701986,0.0,1.0,0.9642276422764228
0.9817880794701986,0.0,1.0,0.9642276422764228,,,False,0.0,0,0.05,,0.1,0.0,support_threshold_calibration,2450,True,True,min,,0.9817880794701986,0.0,1.0,0.9642276422764228
0.9817880794701986,0.0,1.0,0.9642276422764228,,,False,0.0,0,0.05,,0.2,0.0,support_threshold_calibration,2450,True,True,min,,0.9817880794701986,0.0,1.0,0.9642276422764228
0.9817880794701986,0.0,1.0,0.9642276422764228,,,False,0.0,0,0.05,,0.3,0.0,support_threshold_calibration,2450,True,True,min,,0.9817880794701986,0.0,1.0,0.9642276422764228
0.9817880794701986,0.0,1.0,0.9642276422764228,,,False,0.0,0,0.1,,0.05,0.0,support_threshold_calibration,2450,True,True,min,,0.9817880794701986,0.0,1.0,0.9642276422764228
0.9817880794701986,0.0,1.0,0.9642276422764228,,,False,0.0,0,0.1,,0.1,0.0,support_threshold_calibration,2450,True,True,min,,0.9817880794701986,0.0,1.0,0.9642276422764228
0.9817880794701986,0.0,1.0,0.9642276422764228,,,False,0.0,0,0.1,,0.2,0.0,support_threshold_calibration,2450,True,True,min,,0.9817880794701986,0.0,1.0,0.9642276422764228
0.9817880794701986,0.0,1.0,0.9642276422764228,,,False,0.0,0,0.1,,0.3,0.0,support_threshold_calibration,2450,True,True,min,,0.9817880794701986,0.0,1.0,0.9642276422764228
0.9817880794701986,0.0,1.0,0.9642276422764228,,,False,0.0,0,0.15,,0.05,0.0,support_threshold_calibration,2450,True,True,min,,0.9817880794701986,0.0,1.0,0.9642276422764228
0.9817880794701986,0.0,1.0,0.9642276422764228,,,False,0.0,0,0.15,,0.1,0.0,support_threshold_calibration,2450,True,True,min,,0.9817880794701986,0.0,1.0,0.9642276422764228
0.9817880794701986,0.0,1.0,0.9642276422764228,,,False,0.0,0,0.15,,0.2,0.0,support_threshold_calibration,2450,True,True,min,,0.9817880794701986,0.0,1.0,0.9642276422764228
0.9817880794701986,0.0,1.0,0.9642276422764228,,,False,0.0,0,0.15,,0.3,0.0,support_threshold_calibration,2450,True,True,min,,0.9817880794701986,0.0,1.0,0.9642276422764228
0.9817880794701986,0.0,1.0,0.9642276422764228,,,False,0.0,0,0.0,0.25,,0.0,positive_bias_adaptation,2450,True,True,min,,0.9817880794701986,0.0,1.0,0.9642276422764228
0.9817880794701986,0.0,1.0,0.9642276422764228,,,False,0.0,0,0.0,0.5,,0.0,positive_bias_adaptation,2450,True,True,min,,0.9817880794701986,0.0,1.0,0.9642276422764228
0.9817880794701986,0.0,1.0,0.9642276422764228,,,False,0.0,0,0.0,1.0,,0.0,positive_bias_adaptation,2450,True,True,min,,0.9817880794701986,0.0,1.0,0.9642276422764228
0.9817880794701986,0.0,1.0,0.9642276422764228,,,False,0.0,0,0.0,2.0,,0.0,positive_bias_adaptation,2450,True,True,min,,0.9817880794701986,0.0,1.0,0.9642276422764228
0.9817880794701986,0.0,1.0,0.9642276422764228,,,False,0.0,0,0.25,0.25,,0.0,positive_bias_adaptation,2450,True,True,min,,0.9817880794701986,0.0,1.0,0.9642276422764228
0.9817880794701986,0.0,1.0,0.9642276422764228,,,False,0.0,0,0.25,0.5,,0.0,positive_bias_adaptation,2450,True,True,min,,0.9817880794701986,0.0,1.0,0.9642276422764228
0.9817880794701986,0.0,1.0,0.9642276422764228,,,False,0.0,0,0.25,1.0,,0.0,positive_bias_adaptation,2450,True,True,min,,0.9817880794701986,0.0,1.0,0.9642276422764228
0.9817880794701986,0.0,1.0,0.9642276422764228,,,False,0.0,0,0.25,2.0,,0.0,positive_bias_adaptation,2450,True,True,min,,0.9817880794701986,0.0,1.0,0.9642276422764228
0.9817880794701986,0.0,1.0,0.9642276422764228,,,False,0.0,0,0.5,0.25,,0.0,positive_bias_adaptation,2450,True,True,min,,0.9817880794701986,0.0,1.0,0.9642276422764228
0.9817880794701986,0.0,1.0,0.9642276422764228,,,False,0.0,0,0.5,0.5,,0.0,positive_bias_adaptation,2450,True,True,min,,0.9817880794701986,0.0,1.0,0.9642276422764228
0.9817880794701986,0.0,1.0,0.9642276422764228,,,False,0.0,0,0.5,1.0,,0.0,positive_bias_adaptation,2450,True,True,min,,0.9817880794701986,0.0,1.0,0.9642276422764228
0.9817880794701986,0.0,1.0,0.9642276422764228,,,False,0.0,0,0.5,2.0,,0.0,positive_bias_adaptation,2450,True,True,min,,0.9817880794701986,0.0,1.0,0.9642276422764228
0.9817880794701986,0.0,1.0,0.9642276422764228,,,False,0.0,0,1.0,0.25,,0.0,positive_bias_adaptation,2450,True,True,min,,0.9817880794701986,0.0,1.0,0.9642276422764228
0.9817880794701986,0.0,1.0,0.9642276422764228,,,False,0.0,0,1.0,0.5,,0.0,positive_bias_adaptation,2450,True,True,min,,0.9817880794701986,0.0,1.0,0.9642276422764228
0.9817880794701986,0.0,1.0,0.9642276422764228,,,False,0.0,0,1.0,1.0,,0.0,positive_bias_adaptation,2450,True,True,min,,0.9817880794701986,0.0,1.0,0.9642276422764228
0.9817880794701986,0.0,1.0,0.9642276422764228,,,False,0.0,0,1.0,2.0,,0.0,positive_bias_adaptation,2450,True,True,min,,0.9817880794701986,0.0,1.0,0.9642276422764228
0.9817880794701986,0.0,1.0,0.9642276422764228,,,False,0.0,0,0.0,,0.05,0.0,support_threshold_calibration,2450,True,True,q20,,0.9817880794701986,0.0,1.0,0.9642276422764228
0.9817880794701986,0.0,1.0,0.9642276422764228,,,False,0.0,0,0.0,,0.1,0.0,support_threshold_calibration,2450,True,True,q20,,0.9817880794701986,0.0,1.0,0.9642276422764228
0.9817880794701986,0.0,1.0,0.9642276422764228,,,False,0.0,0,0.0,,0.2,0.0,support_threshold_calibration,2450,True,True,q20,,0.9817880794701986,0.0,1.0,0.9642276422764228
0.9817880794701986,0.0,1.0,0.9642276422764228,,,False,0.0,0,0.0,,0.3,0.0,support_threshold_calibration,2450,True,True,q20,,0.9817880794701986,0.0,1.0,0.9642276422764228
0.9817880794701986,0.0,1.0,0.9642276422764228,,,False,0.0,0,0.05,,0.05,0.0,support_threshold_calibration,2450,True,True,q20,,0.9817880794701986,0.0,1.0,0.9642276422764228
0.9817880794701986,0.0,1.0,0.9642276422764228,,,False,0.0,0,0.05,,0.1,0.0,support_threshold_calibration,2450,True,True,q20,,0.9817880794701986,0.0,1.0,0.9642276422764228
0.9817880794701986,0.0,1.0,0.9642276422764228,,,False,0.0,0,0.05,,0.2,0.0,support_threshold_calibration,2450,True,True,q20,,0.9817880794701986,0.0,1.0,0.9642276422764228
0.9817880794701986,0.0,1.0,0.9642276422764228,,,False,0.0,0,0.05,,0.3,0.0,support_threshold_calibration,2450,True,True,q20,,0.9817880794701986,0.0,1.0,0.9642276422764228
0.9817880794701986,0.0,1.0,0.9642276422764228,,,False,0.0,0,0.1,,0.05,0.0,support_threshold_calibration,2450,True,True,q20,,0.9817880794701986,0.0,1.0,0.9642276422764228
0.9817880794701986,0.0,1.0,0.9642276422764228,,,False,0.0,0,0.1,,0.1,0.0,support_threshold_calibration,2450,True,True,q20,,0.9817880794701986,0.0,1.0,0.9642276422764228
0.9817880794701986,0.0,1.0,0.9642276422764228,,,False,0.0,0,0.1,,0.2,0.0,support_threshold_calibration,2450,True,True,q20,,0.9817880794701986,0.0,1.0,0.9642276422764228
0.9817880794701986,0.0,1.0,0.9642276422764228,,,False,0.0,0,0.1,,0.3,0.0,support_threshold_calibration,2450,True,True,q20,,0.9817880794701986,0.0,1.0,0.9642276422764228
0.9817880794701986,0.0,1.0,0.9642276422764228,,,False,0.0,0,0.15,,0.05,0.0,support_threshold_calibration,2450,True,True,q20,,0.9817880794701986,0.0,1.0,0.9642276422764228
0.9817880794701986,0.0,1.0,0.9642276422764228,,,False,0.0,0,0.15,,0.1,0.0,support_threshold_calibration,2450,True,True,q20,,0.9817880794701986,0.0,1.0,0.9642276422764228
0.9817880794701986,0.0,1.0,0.9642276422764228,,,False,0.0,0,0.15,,0.2,0.0,support_threshold_calibration,2450,True,True,q20,,0.9817880794701986,0.0,1.0,0.9642276422764228
0.9817880794701986,0.0,1.0,0.9642276422764228,,,False,0.0,0,0.15,,0.3,0.0,support_threshold_calibration,2450,True,True,q20,,0.9817880794701986,0.0,1.0,0.9642276422764228
0.9817880794701986,0.0,1.0,0.9642276422764228,,,False,0.0,0,0.0,0.25,,0.0,positive_bias_adaptation,2450,True,True,q20,,0.9817880794701986,0.0,1.0,0.9642276422764228
0.9817880794701986,0.0,1.0,0.9642276422764228,,,False,0.0,0,0.0,0.5,,0.0,positive_bias_adaptation,2450,True,True,q20,,0.9817880794701986,0.0,1.0,0.9642276422764228
0.9817880794701986,0.0,1.0,0.9642276422764228,,,False,0.0,0,0.0,1.0,,0.0,positive_bias_adaptation,2450,True,True,q20,,0.9817880794701986,0.0,1.0,0.9642276422764228
0.9817880794701986,0.0,1.0,0.9642276422764228,,,False,0.0,0,0.0,2.0,,0.0,positive_bias_adaptation,2450,True,True,q20,,0.9817880794701986,0.0,1.0,0.9642276422764228
0.9817880794701986,0.0,1.0,0.9642276422764228,,,False,0.0,0,0.25,0.25,,0.0,positive_bias_adaptation,2450,True,True,q20,,0.9817880794701986,0.0,1.0,0.9642276422764228
0.9817880794701986,0.0,1.0,0.9642276422764228,,,False,0.0,0,0.25,0.5,,0.0,positive_bias_adaptation,2450,True,True,q20,,0.9817880794701986,0.0,1.0,0.9642276422764228
0.9817880794701986,0.0,1.0,0.9642276422764228,,,False,0.0,0,0.25,1.0,,0.0,positive_bias_adaptation,2450,True,True,q20,,0.9817880794701986,0.0,1.0,0.9642276422764228
0.9817880794701986,0.0,1.0,0.9642276422764228,,,False,0.0,0,0.25,2.0,,0.0,positive_bias_adaptation,2450,True,True,q20,,0.9817880794701986,0.0,1.0,0.9642276422764228
0.9817880794701986,0.0,1.0,0.9642276422764228,,,False,0.0,0,0.5,0.25,,0.0,positive_bias_adaptation,2450,True,True,q20,,0.9817880794701986,0.0,1.0,0.9642276422764228
0.9817880794701986,0.0,1.0,0.9642276422764228,,,False,0.0,0,0.5,0.5,,0.0,positive_bias_adaptation,2450,True,True,q20,,0.9817880794701986,0.0,1.0,0.9642276422764228
0.9817880794701986,0.0,1.0,0.9642276422764228,,,False,0.0,0,0.5,1.0,,0.0,positive_bias_adaptation,2450,True,True,q20,,0.9817880794701986,0.0,1.0,0.9642276422764228
0.9817880794701986,0.0,1.0,0.9642276422764228,,,False,0.0,0,0.5,2.0,,0.0,positive_bias_adaptation,2450,True,True,q20,,0.9817880794701986,0.0,1.0,0.9642276422764228
0.9817880794701986,0.0,1.0,0.9642276422764228,,,False,0.0,0,1.0,0.25,,0.0,positive_bias_adaptation,2450,True,True,q20,,0.9817880794701986,0.0,1.0,0.9642276422764228
0.9817880794701986,0.0,1.0,0.9642276422764228,,,False,0.0,0,1.0,0.5,,0.0,positive_bias_adaptation,2450,True,True,q20,,0.9817880794701986,0.0,1.0,0.9642276422764228
0.9817880794701986,0.0,1.0,0.9642276422764228,,,False,0.0,0,1.0,1.0,,0.0,positive_bias_adaptation,2450,True,True,q20,,0.9817880794701986,0.0,1.0,0.9642276422764228
0.9817880794701986,0.0,1.0,0.9642276422764228,,,False,0.0,0,1.0,2.0,,0.0,positive_bias_adaptation,2450,True,True,q20,,0.9817880794701986,0.0,1.0,0.9642276422764228
0.9817880794701986,0.0,1.0,0.9642276422764228,,,False,0.0,0,0.0,,0.05,0.0,support_threshold_calibration,2450,True,True,median,,0.9817880794701986,0.0,1.0,0.9642276422764228
0.9817880794701986,0.0,1.0,0.9642276422764228,,,False,0.0,0,0.0,,0.1,0.0,support_threshold_calibration,2450,True,True,median,,0.9817880794701986,0.0,1.0,0.9642276422764228
0.9817880794701986,0.0,1.0,0.9642276422764228,,,False,0.0,0,0.0,,0.2,0.0,support_threshold_calibration,2450,True,True,median,,0.9817880794701986,0.0,1.0,0.9642276422764228
0.9817880794701986,0.0,1.0,0.9642276422764228,,,False,0.0,0,0.0,,0.3,0.0,support_threshold_calibration,2450,True,True,median,,0.9817880794701986,0.0,1.0,0.9642276422764228
0.9817880794701986,0.0,1.0,0.9642276422764228,,,False,0.0,0,0.05,,0.05,0.0,support_threshold_calibration,2450,True,True,median,,0.9817880794701986,0.0,1.0,0.9642276422764228
0.9817880794701986,0.0,1.0,0.9642276422764228,,,False,0.0,0,0.05,,0.1,0.0,support_threshold_calibration,2450,True,True,median,,0.9817880794701986,0.0,1.0,0.9642276422764228
0.9817880794701986,0.0,1.0,0.9642276422764228,,,False,0.0,0,0.05,,0.2,0.0,support_threshold_calibration,2450,True,True,median,,0.9817880794701986,0.0,1.0,0.9642276422764228
0.9817880794701986,0.0,1.0,0.9642276422764228,,,False,0.0,0,0.05,,0.3,0.0,support_threshold_calibration,2450,True,True,median,,0.9817880794701986,0.0,1.0,0.9642276422764228
0.9817880794701986,0.0,1.0,0.9642276422764228,,,False,0.0,0,0.1,,0.05,0.0,support_threshold_calibration,2450,True,True,median,,0.9817880794701986,0.0,1.0,0.9642276422764228
0.9817880794701986,0.0,1.0,0.9642276422764228,,,False,0.0,0,0.1,,0.1,0.0,support_threshold_calibration,2450,True,True,median,,0.9817880794701986,0.0,1.0,0.9642276422764228
0.9817880794701986,0.0,1.0,0.9642276422764228,,,False,0.0,0,0.1,,0.2,0.0,support_threshold_calibration,2450,True,True,median,,0.9817880794701986,0.0,1.0,0.9642276422764228
0.9817880794701986,0.0,1.0,0.9642276422764228,,,False,0.0,0,0.1,,0.3,0.0,support_threshold_calibration,2450,True,True,median,,0.9817880794701986,0.0,1.0,0.9642276422764228
0.9817880794701986,0.0,1.0,0.9642276422764228,,,False,0.0,0,0.15,,0.05,0.0,support_threshold_calibration,2450,True,True,median,,0.9817880794701986,0.0,1.0,0.9642276422764228
0.9817880794701986,0.0,1.0,0.9642276422764228,,,False,0.0,0,0.15,,0.1,0.0,support_threshold_calibration,2450,True,True,median,,0.9817880794701986,0.0,1.0,0.9642276422764228
0.9817880794701986,0.0,1.0,0.9642276422764228,,,False,0.0,0,0.15,,0.2,0.0,support_threshold_calibration,2450,True,True,median,,0.9817880794701986,0.0,1.0,0.9642276422764228
0.9817880794701986,0.0,1.0,0.9642276422764228,,,False,0.0,0,0.15,,0.3,0.0,support_threshold_calibration,2450,True,True,median,,0.9817880794701986,0.0,1.0,0.9642276422764228
0.9817880794701986,0.0,1.0,0.9642276422764228,,,False,0.0,0,0.0,0.25,,0.0,positive_bias_adaptation,2450,True,True,median,,0.9817880794701986,0.0,1.0,0.9642276422764228
0.9817880794701986,0.0,1.0,0.9642276422764228,,,False,0.0,0,0.0,0.5,,0.0,positive_bias_adaptation,2450,True,True,median,,0.9817880794701986,0.0,1.0,0.9642276422764228
0.9817880794701986,0.0,1.0,0.9642276422764228,,,False,0.0,0,0.0,1.0,,0.0,positive_bias_adaptation,2450,True,True,median,,0.9817880794701986,0.0,1.0,0.9642276422764228
0.9817880794701986,0.0,1.0,0.9642276422764228,,,False,0.0,0,0.0,2.0,,0.0,positive_bias_adaptation,2450,True,True,median,,0.9817880794701986,0.0,1.0,0.9642276422764228
0.9817880794701986,0.0,1.0,0.9642276422764228,,,False,0.0,0,0.25,0.25,,0.0,positive_bias_adaptation,2450,True,True,median,,0.9817880794701986,0.0,1.0,0.9642276422764228
0.9817880794701986,0.0,1.0,0.9642276422764228,,,False,0.0,0,0.25,0.5,,0.0,positive_bias_adaptation,2450,True,True,median,,0.9817880794701986,0.0,1.0,0.9642276422764228
0.9817880794701986,0.0,1.0,0.9642276422764228,,,False,0.0,0,0.25,1.0,,0.0,positive_bias_adaptation,2450,True,True,median,,0.9817880794701986,0.0,1.0,0.9642276422764228
0.9817880794701986,0.0,1.0,0.9642276422764228,,,False,0.0,0,0.25,2.0,,0.0,positive_bias_adaptation,2450,True,True,median,,0.9817880794701986,0.0,1.0,0.9642276422764228
0.9817880794701986,0.0,1.0,0.9642276422764228,,,False,0.0,0,0.5,0.25,,0.0,positive_bias_adaptation,2450,True,True,median,,0.9817880794701986,0.0,1.0,0.9642276422764228
0.9817880794701986,0.0,1.0,0.9642276422764228,,,False,0.0,0,0.5,0.5,,0.0,positive_bias_adaptation,2450,True,True,median,,0.9817880794701986,0.0,1.0,0.9642276422764228
0.9817880794701986,0.0,1.0,0.9642276422764228,,,False,0.0,0,0.5,1.0,,0.0,positive_bias_adaptation,2450,True,True,median,,0.9817880794701986,0.0,1.0,0.9642276422764228
0.9817880794701986,0.0,1.0,0.9642276422764228,,,False,0.0,0,0.5,2.0,,0.0,positive_bias_adaptation,2450,True,True,median,,0.9817880794701986,0.0,1.0,0.9642276422764228
0.9817880794701986,0.0,1.0,0.9642276422764228,,,False,0.0,0,1.0,0.25,,0.0,positive_bias_adaptation,2450,True,True,median,,0.9817880794701986,0.0,1.0,0.9642276422764228
0.9817880794701986,0.0,1.0,0.9642276422764228,,,False,0.0,0,1.0,0.5,,0.0,positive_bias_adaptation,2450,True,True,median,,0.9817880794701986,0.0,1.0,0.9642276422764228
0.9817880794701986,0.0,1.0,0.9642276422764228,,,False,0.0,0,1.0,1.0,,0.0,positive_bias_adaptation,2450,True,True,median,,0.9817880794701986,0.0,1.0,0.9642276422764228
0.9817880794701986,0.0,1.0,0.9642276422764228,,,False,0.0,0,1.0,2.0,,0.0,positive_bias_adaptation,2450,True,True,median,,0.9817880794701986,0.0,1.0,0.9642276422764228
0.9817880794701986,0.0,1.0,0.9642276422764228,0.25,0.0,False,0.0,0,,,,0.0,prototype_fusion,2450,True,True,,0.5,0.9817880794701986,0.0,1.0,0.9642276422764228
0.9817880794701986,0.0,1.0,0.9642276422764228,0.25,0.0,False,0.0,0,,,,0.0,prototype_fusion,2450,True,True,,0.75,0.9817880794701986,0.0,1.0,0.9642276422764228
0.9817880794701986,0.0,1.0,0.9642276422764228,0.25,0.0,False,0.0,0,,,,0.0,prototype_fusion,2450,True,True,,0.8510254621505737,0.9817880794701986,0.0,1.0,0.9642276422764228
0.9817880794701986,0.0,1.0,0.9642276422764228,0.25,0.0,False,0.0,0,,,,0.0,prototype_fusion,2450,True,True,,0.9,0.9817880794701986,0.0,1.0,0.9642276422764228
0.9817880794701986,0.0,1.0,0.9642276422764228,0.25,0.0,False,0.0,0,,,,0.0,prototype_fusion,2450,True,True,,1.0,0.9817880794701986,0.0,1.0,0.9642276422764228
0.9817880794701986,0.0,1.0,0.9642276422764228,0.25,0.25,False,0.0,0,,,,0.0,prototype_fusion,2450,True,True,,0.5,0.9817880794701986,0.0,1.0,0.9642276422764228
0.9817880794701986,0.0,1.0,0.9642276422764228,0.25,0.25,False,0.0,0,,,,0.0,prototype_fusion,2450,True,True,,0.75,0.9817880794701986,0.0,1.0,0.9642276422764228
0.9817880794701986,0.0,1.0,0.9642276422764228,0.25,0.25,False,0.0,0,,,,0.0,prototype_fusion,2450,True,True,,0.8510254621505737,0.9817880794701986,0.0,1.0,0.9642276422764228
0.9817880794701986,0.0,1.0,0.9642276422764228,0.25,0.25,False,0.0,0,,,,0.0,prototype_fusion,2450,True,True,,0.9,0.9817880794701986,0.0,1.0,0.9642276422764228
0.9788293897882939,0.0,1.0,0.9585365853658536,0.25,0.25,True,-0.0029586896819047137,0,,,,-0.007996001999000508,prototype_fusion,2450,True,True,,1.0,0.9817880794701986,0.0,1.0,0.9642276422764228
0.9817880794701986,0.0,1.0,0.9642276422764228,0.25,0.5,False,0.0,0,,,,0.0,prototype_fusion,2450,True,True,,0.5,0.9817880794701986,0.0,1.0,0.9642276422764228
0.9817880794701986,0.0,1.0,0.9642276422764228,0.25,0.5,False,0.0,0,,,,0.0,prototype_fusion,2450,True,True,,0.75,0.9817880794701986,0.0,1.0,0.9642276422764228
0.9817880794701986,0.0,1.0,0.9642276422764228,0.25,0.5,False,0.0,0,,,,0.0,prototype_fusion,2450,True,True,,0.8510254621505737,0.9817880794701986,0.0,1.0,0.9642276422764228
0.9817880794701986,0.0,1.0,0.9642276422764228,0.25,0.5,False,0.0,0,,,,0.0,prototype_fusion,2450,True,True,,0.9,0.9817880794701986,0.0,1.0,0.9642276422764228
0.9788293897882939,0.0,1.0,0.9585365853658536,0.25,0.5,True,-0.0029586896819047137,0,,,,-0.007996001999000508,prototype_fusion,2450,True,True,,1.0,0.9817880794701986,0.0,1.0,0.9642276422764228
0.9817880794701986,0.0,1.0,0.9642276422764228,0.5,0.0,False,0.0,0,,,,0.0,prototype_fusion,2450,True,True,,0.5,0.9817880794701986,0.0,1.0,0.9642276422764228
0.9817880794701986,0.0,1.0,0.9642276422764228,0.5,0.0,False,0.0,0,,,,0.0,prototype_fusion,2450,True,True,,0.75,0.9817880794701986,0.0,1.0,0.9642276422764228
0.9817880794701986,0.0,1.0,0.9642276422764228,0.5,0.0,False,0.0,0,,,,0.0,prototype_fusion,2450,True,True,,0.8510254621505737,0.9817880794701986,0.0,1.0,0.9642276422764228
0.9817880794701986,0.0,1.0,0.9642276422764228,0.5,0.0,False,0.0,0,,,,0.0,prototype_fusion,2450,True,True,,0.9,0.9817880794701986,0.0,1.0,0.9642276422764228
0.9817880794701986,0.0,1.0,0.9642276422764228,0.5,0.0,False,0.0,0,,,,0.0,prototype_fusion,2450,True,True,,1.0,0.9817880794701986,0.0,1.0,0.9642276422764228
0.9817880794701986,0.0,1.0,0.9642276422764228,0.5,0.25,False,0.0,0,,,,0.0,prototype_fusion,2450,True,True,,0.5,0.9817880794701986,0.0,1.0,0.9642276422764228
0.9817880794701986,0.0,1.0,0.9642276422764228,0.5,0.25,False,0.0,0,,,,0.0,prototype_fusion,2450,True,True,,0.75,0.9817880794701986,0.0,1.0,0.9642276422764228
0.9817880794701986,0.0,1.0,0.9642276422764228,0.5,0.25,False,0.0,0,,,,0.0,prototype_fusion,2450,True,True,,0.8510254621505737,0.9817880794701986,0.0,1.0,0.9642276422764228
0.9817880794701986,0.0,1.0,0.9642276422764228,0.5,0.25,False,0.0,0,,,,0.0,prototype_fusion,2450,True,True,,0.9,0.9817880794701986,0.0,1.0,0.9642276422764228
0.9817880794701986,0.0,1.0,0.9642276422764228,0.5,0.25,False,0.0,0,,,,0.0,prototype_fusion,2450,True,True,,1.0,0.9817880794701986,0.0,1.0,0.9642276422764228
0.9817880794701986,0.0,1.0,0.9642276422764228,0.5,0.5,False,0.0,0,,,,0.0,prototype_fusion,2450,True,True,,0.5,0.9817880794701986,0.0,1.0,0.9642276422764228
0.9817880794701986,0.0,1.0,0.9642276422764228,0.5,0.5,False,0.0,0,,,,0.0,prototype_fusion,2450,True,True,,0.75,0.9817880794701986,0.0,1.0,0.9642276422764228
0.9817880794701986,0.0,1.0,0.9642276422764228,0.5,0.5,False,0.0,0,,,,0.0,prototype_fusion,2450,True,True,,0.8510254621505737,0.9817880794701986,0.0,1.0,0.9642276422764228
0.9817880794701986,0.0,1.0,0.9642276422764228,0.5,0.5,False,0.0,0,,,,0.0,prototype_fusion,2450,True,True,,0.9,0.9817880794701986,0.0,1.0,0.9642276422764228
0.9800995024875622,0.0,1.0,0.9609756097560975,0.5,0.5,True,-0.0016885769826364694,0,,,,-0.004471928169653789,prototype_fusion,2450,True,True,,1.0,0.9817880794701986,0.0,1.0,0.9642276422764228
0.9817880794701986,0.0,1.0,0.9642276422764228,1.0,0.0,False,0.0,0,,,,0.0,prototype_fusion,2450,True,True,,0.5,0.9817880794701986,0.0,1.0,0.9642276422764228
0.9817880794701986,0.0,1.0,0.9642276422764228,1.0,0.0,False,0.0,0,,,,0.0,prototype_fusion,2450,True,True,,0.75,0.9817880794701986,0.0,1.0,0.9642276422764228
0.9817880794701986,0.0,1.0,0.9642276422764228,1.0,0.0,False,0.0,0,,,,0.0,prototype_fusion,2450,True,True,,0.8510254621505737,0.9817880794701986,0.0,1.0,0.9642276422764228
0.9817880794701986,0.0,1.0,0.9642276422764228,1.0,0.0,False,0.0,0,,,,0.0,prototype_fusion,2450,True,True,,0.9,0.9817880794701986,0.0,1.0,0.9642276422764228
0.9817880794701986,0.0,1.0,0.9642276422764228,1.0,0.0,False,0.0,0,,,,0.0,prototype_fusion,2450,True,True,,1.0,0.9817880794701986,0.0,1.0,0.9642276422764228
0.9817880794701986,0.0,1.0,0.9642276422764228,1.0,0.25,False,0.0,0,,,,0.0,prototype_fusion,2450,True,True,,0.5,0.9817880794701986,0.0,1.0,0.9642276422764228
0.9817880794701986,0.0,1.0,0.9642276422764228,1.0,0.25,False,0.0,0,,,,0.0,prototype_fusion,2450,True,True,,0.75,0.9817880794701986,0.0,1.0,0.9642276422764228
0.9817880794701986,0.0,1.0,0.9642276422764228,1.0,0.25,False,0.0,0,,,,0.0,prototype_fusion,2450,True,True,,0.8510254621505737,0.9817880794701986,0.0,1.0,0.9642276422764228
0.9817880794701986,0.0,1.0,0.9642276422764228,1.0,0.25,False,0.0,0,,,,0.0,prototype_fusion,2450,True,True,,0.9,0.9817880794701986,0.0,1.0,0.9642276422764228
0.9817880794701986,0.0,1.0,0.9642276422764228,1.0,0.25,False,0.0,0,,,,0.0,prototype_fusion,2450,True,True,,1.0,0.9817880794701986,0.0,1.0,0.9642276422764228
0.9817880794701986,0.0,1.0,0.9642276422764228,1.0,0.5,False,0.0,0,,,,0.0,prototype_fusion,2450,True,True,,0.5,0.9817880794701986,0.0,1.0,0.9642276422764228
0.9817880794701986,0.0,1.0,0.9642276422764228,1.0,0.5,False,0.0,0,,,,0.0,prototype_fusion,2450,True,True,,0.75,0.9817880794701986,0.0,1.0,0.9642276422764228
0.9817880794701986,0.0,1.0,0.9642276422764228,1.0,0.5,False,0.0,0,,,,0.0,prototype_fusion,2450,True,True,,0.8510254621505737,0.9817880794701986,0.0,1.0,0.9642276422764228
0.9817880794701986,0.0,1.0,0.9642276422764228,1.0,0.5,False,0.0,0,,,,0.0,prototype_fusion,2450,True,True,,0.9,0.9817880794701986,0.0,1.0,0.9642276422764228
0.9817880794701986,0.0,1.0,0.9642276422764228,1.0,0.5,False,0.0,0,,,,0.0,prototype_fusion,2450,True,True,,1.0,0.9817880794701986,0.0,1.0,0.9642276422764228
0.9817880794701986,0.0,1.0,0.9642276422764228,2.0,0.0,False,0.0,0,,,,0.0,prototype_fusion,2450,True,True,,0.5,0.9817880794701986,0.0,1.0,0.9642276422764228
0.9817880794701986,0.0,1.0,0.9642276422764228,2.0,0.0,False,0.0,0,,,,0.0,prototype_fusion,2450,True,True,,0.75,0.9817880794701986,0.0,1.0,0.9642276422764228
0.9817880794701986,0.0,1.0,0.9642276422764228,2.0,0.0,False,0.0,0,,,,0.0,prototype_fusion,2450,True,True,,0.8510254621505737,0.9817880794701986,0.0,1.0,0.9642276422764228
0.9817880794701986,0.0,1.0,0.9642276422764228,2.0,0.0,False,0.0,0,,,,0.0,prototype_fusion,2450,True,True,,0.9,0.9817880794701986,0.0,1.0,0.9642276422764228
0.9817880794701986,0.0,1.0,0.9642276422764228,2.0,0.0,False,0.0,0,,,,0.0,prototype_fusion,2450,True,True,,1.0,0.9817880794701986,0.0,1.0,0.9642276422764228
0.9817880794701986,0.0,1.0,0.9642276422764228,2.0,0.25,False,0.0,0,,,,0.0,prototype_fusion,2450,True,True,,0.5,0.9817880794701986,0.0,1.0,0.9642276422764228
0.9817880794701986,0.0,1.0,0.9642276422764228,2.0,0.25,False,0.0,0,,,,0.0,prototype_fusion,2450,True,True,,0.75,0.9817880794701986,0.0,1.0,0.9642276422764228
0.9817880794701986,0.0,1.0,0.9642276422764228,2.0,0.25,False,0.0,0,,,,0.0,prototype_fusion,2450,True,True,,0.8510254621505737,0.9817880794701986,0.0,1.0,0.9642276422764228
0.9817880794701986,0.0,1.0,0.9642276422764228,2.0,0.25,False,0.0,0,,,,0.0,prototype_fusion,2450,True,True,,0.9,0.9817880794701986,0.0,1.0,0.9642276422764228
0.9817880794701986,0.0,1.0,0.9642276422764228,2.0,0.25,False,0.0,0,,,,0.0,prototype_fusion,2450,True,True,,1.0,0.9817880794701986,0.0,1.0,0.9642276422764228
0.9817880794701986,0.0,1.0,0.9642276422764228,2.0,0.5,False,0.0,0,,,,0.0,prototype_fusion,2450,True,True,,0.5,0.9817880794701986,0.0,1.0,0.9642276422764228
0.9817880794701986,0.0,1.0,0.9642276422764228,2.0,0.5,False,0.0,0,,,,0.0,prototype_fusion,2450,True,True,,0.75,0.9817880794701986,0.0,1.0,0.9642276422764228
0.9817880794701986,0.0,1.0,0.9642276422764228,2.0,0.5,False,0.0,0,,,,0.0,prototype_fusion,2450,True,True,,0.8510254621505737,0.9817880794701986,0.0,1.0,0.9642276422764228
0.9817880794701986,0.0,1.0,0.9642276422764228,2.0,0.5,False,0.0,0,,,,0.0,prototype_fusion,2450,True,True,,0.9,0.9817880794701986,0.0,1.0,0.9642276422764228
0.9817880794701986,0.0,1.0,0.9642276422764228,2.0,0.5,False,0.0,0,,,,0.0,prototype_fusion,2450,True,True,,1.0,0.9817880794701986,0.0,1.0,0.9642276422764228
0.9817880794701986,0.0,1.0,0.9642276422764228,4.0,0.0,False,0.0,0,,,,0.0,prototype_fusion,2450,True,True,,0.5,0.9817880794701986,0.0,1.0,0.9642276422764228
0.9817880794701986,0.0,1.0,0.9642276422764228,4.0,0.0,False,0.0,0,,,,0.0,prototype_fusion,2450,True,True,,0.75,0.9817880794701986,0.0,1.0,0.9642276422764228
0.9817880794701986,0.0,1.0,0.9642276422764228,4.0,0.0,False,0.0,0,,,,0.0,prototype_fusion,2450,True,True,,0.8510254621505737,0.9817880794701986,0.0,1.0,0.9642276422764228
0.9817880794701986,0.0,1.0,0.9642276422764228,4.0,0.0,False,0.0,0,,,,0.0,prototype_fusion,2450,True,True,,0.9,0.9817880794701986,0.0,1.0,0.9642276422764228
0.9817880794701986,0.0,1.0,0.9642276422764228,4.0,0.0,False,0.0,0,,,,0.0,prototype_fusion,2450,True,True,,1.0,0.9817880794701986,0.0,1.0,0.9642276422764228
0.9817880794701986,0.0,1.0,0.9642276422764228,4.0,0.25,False,0.0,0,,,,0.0,prototype_fusion,2450,True,True,,0.5,0.9817880794701986,0.0,1.0,0.9642276422764228
0.9817880794701986,0.0,1.0,0.9642276422764228,4.0,0.25,False,0.0,0,,,,0.0,prototype_fusion,2450,True,True,,0.75,0.9817880794701986,0.0,1.0,0.9642276422764228
0.9817880794701986,0.0,1.0,0.9642276422764228,4.0,0.25,False,0.0,0,,,,0.0,prototype_fusion,2450,True,True,,0.8510254621505737,0.9817880794701986,0.0,1.0,0.9642276422764228
0.9817880794701986,0.0,1.0,0.9642276422764228,4.0,0.25,False,0.0,0,,,,0.0,prototype_fusion,2450,True,True,,0.9,0.9817880794701986,0.0,1.0,0.9642276422764228
0.9817880794701986,0.0,1.0,0.9642276422764228,4.0,0.25,False,0.0,0,,,,0.0,prototype_fusion,2450,True,True,,1.0,0.9817880794701986,0.0,1.0,0.9642276422764228
0.9817880794701986,0.0,1.0,0.9642276422764228,4.0,0.5,False,0.0,0,,,,0.0,prototype_fusion,2450,True,True,,0.5,0.9817880794701986,0.0,1.0,0.9642276422764228
0.9817880794701986,0.0,1.0,0.9642276422764228,4.0,0.5,False,0.0,0,,,,0.0,prototype_fusion,2450,True,True,,0.75,0.9817880794701986,0.0,1.0,0.9642276422764228
0.9817880794701986,0.0,1.0,0.9642276422764228,4.0,0.5,False,0.0,0,,,,0.0,prototype_fusion,2450,True,True,,0.8510254621505737,0.9817880794701986,0.0,1.0,0.9642276422764228
0.9817880794701986,0.0,1.0,0.9642276422764228,4.0,0.5,False,0.0,0,,,,0.0,prototype_fusion,2450,True,True,,0.9,0.9817880794701986,0.0,1.0,0.9642276422764228
0.9817880794701986,0.0,1.0,0.9642276422764228,4.0,0.5,False,0.0,0,,,,0.0,prototype_fusion,2450,True,True,,1.0,0.9817880794701986,0.0,1.0,0.9642276422764228
0.9889025893958077,0.0,1.0,0.9780487804878049,,,True,0.007114509925609025,0,,,,0.004151721629579742,qwen_exact_or_two_stage,2450,True,False,,,0.9817880794701986,0.0,1.0,0.9642276422764228
0.9890710382513661,0.0,1.0,0.9783783783783784,,,False,0.0,1,0.0,,0.05,0.0,support_threshold_calibration,2220,True,True,min,,0.9890710382513661,0.0,1.0,0.9783783783783784
0.9890710382513661,0.0,1.0,0.9783783783783784,,,False,0.0,1,0.0,,0.1,0.0,support_threshold_calibration,2220,True,True,min,,0.9890710382513661,0.0,1.0,0.9783783783783784
0.9823609226594302,0.013513513513513514,0.9863760217983651,0.9783783783783784,,,True,-0.006710115591935906,1,0.0,,0.2,-0.012759808141679985,support_threshold_calibration,2220,True,True,min,,0.9890710382513661,0.0,1.0,0.9783783783783784
0.9823609226594302,0.013513513513513514,0.9863760217983651,0.9783783783783784,,,True,-0.006710115591935906,1,0.0,,0.3,-0.012759808141679985,support_threshold_calibration,2220,True,True,min,,0.9890710382513661,0.0,1.0,0.9783783783783784
0.9890710382513661,0.0,1.0,0.9783783783783784,,,False,0.0,1,0.05,,0.05,0.0,support_threshold_calibration,2220,True,True,min,,0.9890710382513661,0.0,1.0,0.9783783783783784
0.9890710382513661,0.0,1.0,0.9783783783783784,,,False,0.0,1,0.05,,0.1,0.0,support_threshold_calibration,2220,True,True,min,,0.9890710382513661,0.0,1.0,0.9783783783783784
0.9823609226594302,0.013513513513513514,0.9863760217983651,0.9783783783783784,,,True,-0.006710115591935906,1,0.05,,0.2,-0.012759808141679985,support_threshold_calibration,2220,True,True,min,,0.9890710382513661,0.0,1.0,0.9783783783783784
0.9823609226594302,0.013513513513513514,0.9863760217983651,0.9783783783783784,,,True,-0.006710115591935906,1,0.05,,0.3,-0.012759808141679985,support_threshold_calibration,2220,True,True,min,,0.9890710382513661,0.0,1.0,0.9783783783783784
0.9890710382513661,0.0,1.0,0.9783783783783784,,,False,0.0,1,0.1,,0.05,0.0,support_threshold_calibration,2220,True,True,min,,0.9890710382513661,0.0,1.0,0.9783783783783784
0.9890710382513661,0.0,1.0,0.9783783783783784,,,False,0.0,1,0.1,,0.1,0.0,support_threshold_calibration,2220,True,True,min,,0.9890710382513661,0.0,1.0,0.9783783783783784
0.9823609226594302,0.013513513513513514,0.9863760217983651,0.9783783783783784,,,True,-0.006710115591935906,1,0.1,,0.2,-0.012759808141679985,support_threshold_calibration,2220,True,True,min,,0.9890710382513661,0.0,1.0,0.9783783783783784
0.9823609226594302,0.013513513513513514,0.9863760217983651,0.9783783783783784,,,True,-0.006710115591935906,1,0.1,,0.3,-0.012759808141679985,support_threshold_calibration,2220,True,True,min,,0.9890710382513661,0.0,1.0,0.9783783783783784
0.9890710382513661,0.0,1.0,0.9783783783783784,,,False,0.0,1,0.15,,0.05,0.0,support_threshold_calibration,2220,True,True,min,,0.9890710382513661,0.0,1.0,0.9783783783783784
0.9890710382513661,0.0,1.0,0.9783783783783784,,,False,0.0,1,0.15,,0.1,0.0,support_threshold_calibration,2220,True,True,min,,0.9890710382513661,0.0,1.0,0.9783783783783784
0.9814731134206959,0.015315315315315315,0.9845874886672711,0.9783783783783784,,,True,-0.007597924830670233,1,0.15,,0.2,-0.014308893621336582,support_threshold_calibration,2220,True,True,min,,0.9890710382513661,0.0,1.0,0.9783783783783784
0.9814731134206959,0.015315315315315315,0.9845874886672711,0.9783783783783784,,,True,-0.007597924830670233,1,0.15,,0.3,-0.014308893621336582,support_threshold_calibration,2220,True,True,min,,0.9890710382513661,0.0,1.0,0.9783783783783784
0.9890710382513661,0.0,1.0,0.9783783783783784,,,False,0.0,1,0.0,0.25,,0.0,positive_bias_adaptation,2220,True,True,min,,0.9890710382513661,0.0,1.0,0.9783783783783784
0.9877216916780355,0.002702702702702703,0.9972451790633609,0.9783783783783784,,,True,-0.0013493465733306342,1,0.0,0.5,,-0.0027259590120862023,positive_bias_adaptation,2220,True,True,min,,0.9890710382513661,0.0,1.0,0.9783783783783784
0.9823609226594302,0.013513513513513514,0.9863760217983651,0.9783783783783784,,,True,-0.006710115591935906,1,0.0,1.0,,-0.012759808141679985,positive_bias_adaptation,2220,True,True,min,,0.9890710382513661,0.0,1.0,0.9783783783783784
0.9797023004059541,0.01891891891891892,0.981029810298103,0.9783783783783784,,,True,-0.009368737845412034,1,0.0,2.0,,-0.017311244860258646,positive_bias_adaptation,2220,True,True,min,,0.9890710382513661,0.0,1.0,0.9783783783783784
0.9890710382513661,0.0,1.0,0.9783783783783784,,,False,0.0,1,0.25,0.25,,0.0,positive_bias_adaptation,2220,True,True,min,,0.9890710382513661,0.0,1.0,0.9783783783783784
0.9877216916780355,0.002702702702702703,0.9972451790633609,0.9783783783783784,,,True,-0.0013493465733306342,1,0.25,0.5,,-0.0027259590120862023,positive_bias_adaptation,2220,True,True,min,,0.9890710382513661,0.0,1.0,0.9783783783783784
0.9823609226594302,0.013513513513513514,0.9863760217983651,0.9783783783783784,,,True,-0.006710115591935906,1,0.25,1.0,,-0.012759808141679985,positive_bias_adaptation,2220,True,True,min,,0.9890710382513661,0.0,1.0,0.9783783783783784
0.9797023004059541,0.01891891891891892,0.981029810298103,0.9783783783783784,,,True,-0.009368737845412034,1,0.25,2.0,,-0.017311244860258646,positive_bias_adaptation,2220,True,True,min,,0.9890710382513661,0.0,1.0,0.9783783783783784
0.9890710382513661,0.0,1.0,0.9783783783783784,,,False,0.0,1,0.5,0.25,,0.0,positive_bias_adaptation,2220,True,True,min,,0.9890710382513661,0.0,1.0,0.9783783783783784
0.9877216916780355,0.002702702702702703,0.9972451790633609,0.9783783783783784,,,True,-0.0013493465733306342,1,0.5,0.5,,-0.0027259590120862023,positive_bias_adaptation,2220,True,True,min,,0.9890710382513661,0.0,1.0,0.9783783783783784
0.9823609226594302,0.013513513513513514,0.9863760217983651,0.9783783783783784,,,True,-0.006710115591935906,1,0.5,1.0,,-0.012759808141679985,positive_bias_adaptation,2220,True,True,min,,0.9890710382513661,0.0,1.0,0.9783783783783784
0.9797023004059541,0.01891891891891892,0.981029810298103,0.9783783783783784,,,True,-0.009368737845412034,1,0.5,2.0,,-0.017311244860258646,positive_bias_adaptation,2220,True,True,min,,0.9890710382513661,0.0,1.0,0.9783783783783784
0.9890710382513661,0.0,1.0,0.9783783783783784,,,False,0.0,1,1.0,0.25,,0.0,positive_bias_adaptation,2220,True,True,min,,0.9890710382513661,0.0,1.0,0.9783783783783784
0.9845874886672711,0.009009009009009009,0.9908759124087592,0.9783783783783784,,,True,-0.004483549584095026,1,1.0,0.5,,-0.008738957852953866,positive_bias_adaptation,2220,True,True,min,,0.9890710382513661,0.0,1.0,0.9783783783783784
0.9670525378450578,0.04504504504504504,0.9559859154929577,0.9783783783783784,,,True,-0.02201850040630826,1,1.0,1.0,,-0.035857158903375784,positive_bias_adaptation,2220,False,True,min,,0.9890710382513661,0.0,1.0,0.9783783783783784
0.9644760213143874,0.05045045045045045,0.9509632224168126,0.9783783783783784,,,True,-0.024595016936978742,1,1.0,2.0,,-0.03910779042666871,positive_bias_adaptation,2220,False,True,min,,0.9890710382513661,0.0,1.0,0.9783783783783784
0.9890710382513661,0.0,1.0,0.9783783783783784,,,False,0.0,1,0.0,,0.05,0.0,support_threshold_calibration,2220,True,True,q20,,0.9890710382513661,0.0,1.0,0.9783783783783784
0.9890710382513661,0.0,1.0,0.9783783783783784,,,False,0.0,1,0.0,,0.1,0.0,support_threshold_calibration,2220,True,True,q20,,0.9890710382513661,0.0,1.0,0.9783783783783784
0.9868241708314403,0.0045045045045045045,0.995417048579285,0.9783783783783784,,,True,-0.0022468674199258576,1,0.0,,0.2,-0.0044922170985689696,support_threshold_calibration,2220,True,True,q20,,0.9890710382513661,0.0,1.0,0.9783783783783784
0.9868241708314403,0.0045045045045045045,0.995417048579285,0.9783783783783784,,,True,-0.0022468674199258576,1,0.0,,0.3,-0.0044922170985689696,support_threshold_calibration,2220,True,True,q20,,0.9890710382513661,0.0,1.0,0.9783783783783784
0.9890710382513661,0.0,1.0,0.9783783783783784,,,False,0.0,1,0.05,,0.05,0.0,support_threshold_calibration,2220,True,True,q20,,0.9890710382513661,0.0,1.0,0.9783783783783784
0.9890710382513661,0.0,1.0,0.9783783783783784,,,False,0.0,1,0.05,,0.1,0.0,support_threshold_calibration,2220,True,True,q20,,0.9890710382513661,0.0,1.0,0.9783783783783784
0.9823609226594302,0.013513513513513514,0.9863760217983651,0.9783783783783784,,,True,-0.006710115591935906,1,0.05,,0.2,-0.012759808141679985,support_threshold_calibration,2220,True,True,q20,,0.9890710382513661,0.0,1.0,0.9783783783783784
0.9823609226594302,0.013513513513513514,0.9863760217983651,0.9783783783783784,,,True,-0.006710115591935906,1,0.05,,0.3,-0.012759808141679985,support_threshold_calibration,2220,True,True,q20,,0.9890710382513661,0.0,1.0,0.9783783783783784
0.9890710382513661,0.0,1.0,0.9783783783783784,,,False,0.0,1,0.1,,0.05,0.0,support_threshold_calibration,2220,True,True,q20,,0.9890710382513661,0.0,1.0,0.9783783783783784
0.9890710382513661,0.0,1.0,0.9783783783783784,,,False,0.0,1,0.1,,0.1,0.0,support_threshold_calibration,2220,True,True,q20,,0.9890710382513661,0.0,1.0,0.9783783783783784
0.9823609226594302,0.013513513513513514,0.9863760217983651,0.9783783783783784,,,True,-0.006710115591935906,1,0.1,,0.2,-0.012759808141679985,support_threshold_calibration,2220,True,True,q20,,0.9890710382513661,0.0,1.0,0.9783783783783784
0.9823609226594302,0.013513513513513514,0.9863760217983651,0.9783783783783784,,,True,-0.006710115591935906,1,0.1,,0.3,-0.012759808141679985,support_threshold_calibration,2220,True,True,q20,,0.9890710382513661,0.0,1.0,0.9783783783783784
0.9890710382513661,0.0,1.0,0.9783783783783784,,,False,0.0,1,0.15,,0.05,0.0,support_threshold_calibration,2220,True,True,q20,,0.9890710382513661,0.0,1.0,0.9783783783783784
0.9890710382513661,0.0,1.0,0.9783783783783784,,,False,0.0,1,0.15,,0.1,0.0,support_threshold_calibration,2220,True,True,q20,,0.9890710382513661,0.0,1.0,0.9783783783783784
0.9823609226594302,0.013513513513513514,0.9863760217983651,0.9783783783783784,,,True,-0.006710115591935906,1,0.15,,0.2,-0.012759808141679985,support_threshold_calibration,2220,True,True,q20,,0.9890710382513661,0.0,1.0,0.9783783783783784
0.9823609226594302,0.013513513513513514,0.9863760217983651,0.9783783783783784,,,True,-0.006710115591935906,1,0.15,,0.3,-0.012759808141679985,support_threshold_calibration,2220,True,True,q20,,0.9890710382513661,0.0,1.0,0.9783783783783784
0.9890710382513661,0.0,1.0,0.9783783783783784,,,False,0.0,1,0.0,0.25,,0.0,positive_bias_adaptation,2220,True,True,q20,,0.9890710382513661,0.0,1.0,0.9783783783783784
0.9877216916780355,0.002702702702702703,0.9972451790633609,0.9783783783783784,,,True,-0.0013493465733306342,1,0.0,0.5,,-0.0027259590120862023,positive_bias_adaptation,2220,True,True,q20,,0.9890710382513661,0.0,1.0,0.9783783783783784
0.9823609226594302,0.013513513513513514,0.9863760217983651,0.9783783783783784,,,True,-0.006710115591935906,1,0.0,1.0,,-0.012759808141679985,positive_bias_adaptation,2220,True,True,q20,,0.9890710382513661,0.0,1.0,0.9783783783783784
0.9797023004059541,0.01891891891891892,0.981029810298103,0.9783783783783784,,,True,-0.009368737845412034,1,0.0,2.0,,-0.017311244860258646,positive_bias_adaptation,2220,True,True,q20,,0.9890710382513661,0.0,1.0,0.9783783783783784
0.9890710382513661,0.0,1.0,0.9783783783783784,,,False,0.0,1,0.25,0.25,,0.0,positive_bias_adaptation,2220,True,True,q20,,0.9890710382513661,0.0,1.0,0.9783783783783784
0.9877216916780355,0.002702702702702703,0.9972451790633609,0.9783783783783784,,,True,-0.0013493465733306342,1,0.25,0.5,,-0.0027259590120862023,positive_bias_adaptation,2220,True,True,q20,,0.9890710382513661,0.0,1.0,0.9783783783783784
0.9823609226594302,0.013513513513513514,0.9863760217983651,0.9783783783783784,,,True,-0.006710115591935906,1,0.25,1.0,,-0.012759808141679985,positive_bias_adaptation,2220,True,True,q20,,0.9890710382513661,0.0,1.0,0.9783783783783784
0.9797023004059541,0.01891891891891892,0.981029810298103,0.9783783783783784,,,True,-0.009368737845412034,1,0.25,2.0,,-0.017311244860258646,positive_bias_adaptation,2220,True,True,q20,,0.9890710382513661,0.0,1.0,0.9783783783783784
0.9890710382513661,0.0,1.0,0.9783783783783784,,,False,0.0,1,0.5,0.25,,0.0,positive_bias_adaptation,2220,True,True,q20,,0.9890710382513661,0.0,1.0,0.9783783783783784
0.9877216916780355,0.002702702702702703,0.9972451790633609,0.9783783783783784,,,True,-0.0013493465733306342,1,0.5,0.5,,-0.0027259590120862023,positive_bias_adaptation,2220,True,True,q20,,0.9890710382513661,0.0,1.0,0.9783783783783784
0.9823609226594302,0.013513513513513514,0.9863760217983651,0.9783783783783784,,,True,-0.006710115591935906,1,0.5,1.0,,-0.012759808141679985,positive_bias_adaptation,2220,True,True,q20,,0.9890710382513661,0.0,1.0,0.9783783783783784
0.9797023004059541,0.01891891891891892,0.981029810298103,0.9783783783783784,,,True,-0.009368737845412034,1,0.5,2.0,,-0.017311244860258646,positive_bias_adaptation,2220,True,True,q20,,0.9890710382513661,0.0,1.0,0.9783783783783784
0.9890710382513661,0.0,1.0,0.9783783783783784,,,False,0.0,1,1.0,0.25,,0.0,positive_bias_adaptation,2220,True,True,q20,,0.9890710382513661,0.0,1.0,0.9783783783783784
0.9845874886672711,0.009009009009009009,0.9908759124087592,0.9783783783783784,,,True,-0.004483549584095026,1,1.0,0.5,,-0.008738957852953866,positive_bias_adaptation,2220,True,True,q20,,0.9890710382513661,0.0,1.0,0.9783783783783784
0.9670525378450578,0.04504504504504504,0.9559859154929577,0.9783783783783784,,,True,-0.02201850040630826,1,1.0,1.0,,-0.035857158903375784,positive_bias_adaptation,2220,False,True,q20,,0.9890710382513661,0.0,1.0,0.9783783783783784
0.9644760213143874,0.05045045045045045,0.9509632224168126,0.9783783783783784,,,True,-0.024595016936978742,1,1.0,2.0,,-0.03910779042666871,positive_bias_adaptation,2220,False,True,q20,,0.9890710382513661,0.0,1.0,0.9783783783783784
0.9890710382513661,0.0,1.0,0.9783783783783784,,,False,0.0,1,0.0,,0.05,0.0,support_threshold_calibration,2220,True,True,median,,0.9890710382513661,0.0,1.0,0.9783783783783784
0.9890710382513661,0.0,1.0,0.9783783783783784,,,False,0.0,1,0.0,,0.1,0.0,support_threshold_calibration,2220,True,True,median,,0.9890710382513661,0.0,1.0,0.9783783783783784
0.9890710382513661,0.0,1.0,0.9783783783783784,,,False,0.0,1,0.0,,0.2,0.0,support_threshold_calibration,2220,True,True,median,,0.9890710382513661,0.0,1.0,0.9783783783783784
0.9890710382513661,0.0,1.0,0.9783783783783784,,,False,0.0,1,0.0,,0.3,0.0,support_threshold_calibration,2220,True,True,median,,0.9890710382513661,0.0,1.0,0.9783783783783784
0.9890710382513661,0.0,1.0,0.9783783783783784,,,False,0.0,1,0.05,,0.05,0.0,support_threshold_calibration,2220,True,True,median,,0.9890710382513661,0.0,1.0,0.9783783783783784
0.9890710382513661,0.0,1.0,0.9783783783783784,,,False,0.0,1,0.05,,0.1,0.0,support_threshold_calibration,2220,True,True,median,,0.9890710382513661,0.0,1.0,0.9783783783783784
0.9890710382513661,0.0,1.0,0.9783783783783784,,,False,0.0,1,0.05,,0.2,0.0,support_threshold_calibration,2220,True,True,median,,0.9890710382513661,0.0,1.0,0.9783783783783784
0.9890710382513661,0.0,1.0,0.9783783783783784,,,False,0.0,1,0.05,,0.3,0.0,support_threshold_calibration,2220,True,True,median,,0.9890710382513661,0.0,1.0,0.9783783783783784
0.9890710382513661,0.0,1.0,0.9783783783783784,,,False,0.0,1,0.1,,0.05,0.0,support_threshold_calibration,2220,True,True,median,,0.9890710382513661,0.0,1.0,0.9783783783783784
0.9890710382513661,0.0,1.0,0.9783783783783784,,,False,0.0,1,0.1,,0.1,0.0,support_threshold_calibration,2220,True,True,median,,0.9890710382513661,0.0,1.0,0.9783783783783784
0.9890710382513661,0.0,1.0,0.9783783783783784,,,False,0.0,1,0.1,,0.2,0.0,support_threshold_calibration,2220,True,True,median,,0.9890710382513661,0.0,1.0,0.9783783783783784
0.9890710382513661,0.0,1.0,0.9783783783783784,,,False,0.0,1,0.1,,0.3,0.0,support_threshold_calibration,2220,True,True,median,,0.9890710382513661,0.0,1.0,0.9783783783783784
0.9890710382513661,0.0,1.0,0.9783783783783784,,,False,0.0,1,0.15,,0.05,0.0,support_threshold_calibration,2220,True,True,median,,0.9890710382513661,0.0,1.0,0.9783783783783784
0.9890710382513661,0.0,1.0,0.9783783783783784,,,False,0.0,1,0.15,,0.1,0.0,support_threshold_calibration,2220,True,True,median,,0.9890710382513661,0.0,1.0,0.9783783783783784
0.9890710382513661,0.0,1.0,0.9783783783783784,,,False,0.0,1,0.15,,0.2,0.0,support_threshold_calibration,2220,True,True,median,,0.9890710382513661,0.0,1.0,0.9783783783783784
0.9890710382513661,0.0,1.0,0.9783783783783784,,,False,0.0,1,0.15,,0.3,0.0,support_threshold_calibration,2220,True,True,median,,0.9890710382513661,0.0,1.0,0.9783783783783784
0.9890710382513661,0.0,1.0,0.9783783783783784,,,False,0.0,1,0.0,0.25,,0.0,positive_bias_adaptation,2220,True,True,median,,0.9890710382513661,0.0,1.0,0.9783783783783784
0.9890710382513661,0.0,1.0,0.9783783783783784,,,False,0.0,1,0.0,0.5,,0.0,positive_bias_adaptation,2220,True,True,median,,0.9890710382513661,0.0,1.0,0.9783783783783784
0.9890710382513661,0.0,1.0,0.9783783783783784,,,False,0.0,1,0.0,1.0,,0.0,positive_bias_adaptation,2220,True,True,median,,0.9890710382513661,0.0,1.0,0.9783783783783784
0.9890710382513661,0.0,1.0,0.9783783783783784,,,False,0.0,1,0.0,2.0,,0.0,positive_bias_adaptation,2220,True,True,median,,0.9890710382513661,0.0,1.0,0.9783783783783784
0.9890710382513661,0.0,1.0,0.9783783783783784,,,False,0.0,1,0.25,0.25,,0.0,positive_bias_adaptation,2220,True,True,median,,0.9890710382513661,0.0,1.0,0.9783783783783784
0.9890710382513661,0.0,1.0,0.9783783783783784,,,False,0.0,1,0.25,0.5,,0.0,positive_bias_adaptation,2220,True,True,median,,0.9890710382513661,0.0,1.0,0.9783783783783784
0.9890710382513661,0.0,1.0,0.9783783783783784,,,False,0.0,1,0.25,1.0,,0.0,positive_bias_adaptation,2220,True,True,median,,0.9890710382513661,0.0,1.0,0.9783783783783784
0.9890710382513661,0.0,1.0,0.9783783783783784,,,False,0.0,1,0.25,2.0,,0.0,positive_bias_adaptation,2220,True,True,median,,0.9890710382513661,0.0,1.0,0.9783783783783784
0.9890710382513661,0.0,1.0,0.9783783783783784,,,False,0.0,1,0.5,0.25,,0.0,positive_bias_adaptation,2220,True,True,median,,0.9890710382513661,0.0,1.0,0.9783783783783784
0.9890710382513661,0.0,1.0,0.9783783783783784,,,False,0.0,1,0.5,0.5,,0.0,positive_bias_adaptation,2220,True,True,median,,0.9890710382513661,0.0,1.0,0.9783783783783784
0.9890710382513661,0.0,1.0,0.9783783783783784,,,False,0.0,1,0.5,1.0,,0.0,positive_bias_adaptation,2220,True,True,median,,0.9890710382513661,0.0,1.0,0.9783783783783784
0.9890710382513661,0.0,1.0,0.9783783783783784,,,False,0.0,1,0.5,2.0,,0.0,positive_bias_adaptation,2220,True,True,median,,0.9890710382513661,0.0,1.0,0.9783783783783784
0.9890710382513661,0.0,1.0,0.9783783783783784,,,False,0.0,1,1.0,0.25,,0.0,positive_bias_adaptation,2220,True,True,median,,0.9890710382513661,0.0,1.0,0.9783783783783784
0.9845874886672711,0.009009009009009009,0.9908759124087592,0.9783783783783784,,,True,-0.004483549584095026,1,1.0,0.5,,-0.008738957852953866,positive_bias_adaptation,2220,True,True,median,,0.9890710382513661,0.0,1.0,0.9783783783783784
0.9670525378450578,0.04504504504504504,0.9559859154929577,0.9783783783783784,,,True,-0.02201850040630826,1,1.0,1.0,,-0.035857158903375784,positive_bias_adaptation,2220,False,True,median,,0.9890710382513661,0.0,1.0,0.9783783783783784
0.9670525378450578,0.04504504504504504,0.9559859154929577,0.9783783783783784,,,True,-0.02201850040630826,1,1.0,2.0,,-0.035857158903375784,positive_bias_adaptation,2220,False,True,median,,0.9890710382513661,0.0,1.0,0.9783783783783784
0.9670525378450578,0.04504504504504504,0.9559859154929577,0.9783783783783784,0.25,0.0,True,-0.02201850040630826,1,,,,-0.035857158903375784,prototype_fusion,2220,False,True,,0.5,0.9890710382513661,0.0,1.0,0.9783783783783784
0.9890710382513661,0.0,1.0,0.9783783783783784,0.25,0.0,False,0.0,1,,,,0.0,prototype_fusion,2220,True,True,,0.6626549959182739,0.9890710382513661,0.0,1.0,0.9783783783783784
0.9890710382513661,0.0,1.0,0.9783783783783784,0.25,0.0,False,0.0,1,,,,0.0,prototype_fusion,2220,True,True,,0.75,0.9890710382513661,0.0,1.0,0.9783783783783784
0.9844464775846296,0.0,1.0,0.9693693693693693,0.25,0.0,True,-0.004624560666736555,1,,,,-0.004504504504504496,prototype_fusion,2220,True,True,,0.9,0.9890710382513661,0.0,1.0,0.9783783783783784
,0.0,,0.0,0.25,0.0,True,,1,,,,,prototype_fusion,2220,True,True,,1.0,0.9890710382513661,0.0,1.0,0.9783783783783784
0.9670525378450578,0.04504504504504504,0.9559859154929577,0.9783783783783784,0.25,0.25,True,-0.02201850040630826,1,,,,-0.035857158903375784,prototype_fusion,2220,False,True,,0.5,0.9890710382513661,0.0,1.0,0.9783783783783784
0.9890710382513661,0.0,1.0,0.9783783783783784,0.25,0.25,False,0.0,1,,,,0.0,prototype_fusion,2220,True,True,,0.6626549959182739,0.9890710382513661,0.0,1.0,0.9783783783783784
0.9890710382513661,0.0,1.0,0.9783783783783784,0.25,0.25,False,0.0,1,,,,0.0,prototype_fusion,2220,True,True,,0.75,0.9890710382513661,0.0,1.0,0.9783783783783784
,0.0,,0.0,0.25,0.25,True,,1,,,,,prototype_fusion,2220,True,True,,0.9,0.9890710382513661,0.0,1.0,0.9783783783783784
,0.0,,0.0,0.25,0.25,True,,1,,,,,prototype_fusion,2220,True,True,,1.0,0.9890710382513661,0.0,1.0,0.9783783783783784
0.9890710382513661,0.0,1.0,0.9783783783783784,0.25,0.5,False,0.0,1,,,,0.0,prototype_fusion,2220,True,True,,0.5,0.9890710382513661,0.0,1.0,0.9783783783783784
0.9890710382513661,0.0,1.0,0.9783783783783784,0.25,0.5,False,0.0,1,,,,0.0,prototype_fusion,2220,True,True,,0.6626549959182739,0.9890710382513661,0.0,1.0,0.9783783783783784
0.9844464775846296,0.0,1.0,0.9693693693693693,0.25,0.5,True,-0.004624560666736555,1,,,,-0.004504504504504496,prototype_fusion,2220,True,True,,0.75,0.9890710382513661,0.0,1.0,0.9783783783783784
,0.0,,0.0,0.25,0.5,True,,1,,,,,prototype_fusion,2220,True,True,,0.9,0.9890710382513661,0.0,1.0,0.9783783783783784
,0.0,,0.0,0.25,0.5,True,,1,,,,,prototype_fusion,2220,True,True,,1.0,0.9890710382513661,0.0,1.0,0.9783783783783784
0.9670525378450578,0.04504504504504504,0.9559859154929577,0.9783783783783784,0.5,0.0,True,-0.02201850040630826,1,,,,-0.035857158903375784,prototype_fusion,2220,False,True,,0.5,0.9890710382513661,0.0,1.0,0.9783783783783784
0.9770580296896085,0.024324324324324326,0.9757412398921833,0.9783783783783784,0.5,0.0,True,-0.012013008561757577,1,,,,-0.021589595375722564,prototype_fusion,2220,False,True,,0.6626549959182739,0.9890710382513661,0.0,1.0,0.9783783783783784
0.9890710382513661,0.0,1.0,0.9783783783783784,0.5,0.0,False,0.0,1,,,,0.0,prototype_fusion,2220,True,True,,0.75,0.9890710382513661,0.0,1.0,0.9783783783783784
0.9890710382513661,0.0,1.0,0.9783783783783784,0.5,0.0,False,0.0,1,,,,0.0,prototype_fusion,2220,True,True,,0.9,0.9890710382513661,0.0,1.0,0.9783783783783784
0.9890710382513661,0.0,1.0,0.9783783783783784,0.5,0.0,False,0.0,1,,,,0.0,prototype_fusion,2220,True,True,,1.0,0.9890710382513661,0.0,1.0,0.9783783783783784
0.9670525378450578,0.04504504504504504,0.9559859154929577,0.9783783783783784,0.5,0.25,True,-0.02201850040630826,1,,,,-0.035857158903375784,prototype_fusion,2220,False,True,,0.5,0.9890710382513661,0.0,1.0,0.9783783783783784
0.9890710382513661,0.0,1.0,0.9783783783783784,0.5,0.25,False,0.0,1,,,,0.0,prototype_fusion,2220,True,True,,0.6626549959182739,0.9890710382513661,0.0,1.0,0.9783783783783784
0.9890710382513661,0.0,1.0,0.9783783783783784,0.5,0.25,False,0.0,1,,,,0.0,prototype_fusion,2220,True,True,,0.75,0.9890710382513661,0.0,1.0,0.9783783783783784
0.9890710382513661,0.0,1.0,0.9783783783783784,0.5,0.25,False,0.0,1,,,,0.0,prototype_fusion,2220,True,True,,0.9,0.9890710382513661,0.0,1.0,0.9783783783783784
0.9844464775846296,0.0,1.0,0.9693693693693693,0.5,0.25,True,-0.004624560666736555,1,,,,-0.004504504504504496,prototype_fusion,2220,True,True,,1.0,0.9890710382513661,0.0,1.0,0.9783783783783784
0.9890710382513661,0.0,1.0,0.9783783783783784,0.5,0.5,False,0.0,1,,,,0.0,prototype_fusion,2220,True,True,,0.5,0.9890710382513661,0.0,1.0,0.9783783783783784
0.9890710382513661,0.0,1.0,0.9783783783783784,0.5,0.5,False,0.0,1,,,,0.0,prototype_fusion,2220,True,True,,0.6626549959182739,0.9890710382513661,0.0,1.0,0.9783783783783784
0.9890710382513661,0.0,1.0,0.9783783783783784,0.5,0.5,False,0.0,1,,,,0.0,prototype_fusion,2220,True,True,,0.75,0.9890710382513661,0.0,1.0,0.9783783783783784
0.9844464775846296,0.0,1.0,0.9693693693693693,0.5,0.5,True,-0.004624560666736555,1,,,,-0.004504504504504496,prototype_fusion,2220,True,True,,0.9,0.9890710382513661,0.0,1.0,0.9783783783783784
,0.0,,0.0,0.5,0.5,True,,1,,,,,prototype_fusion,2220,True,True,,1.0,0.9890710382513661,0.0,1.0,0.9783783783783784
0.9670525378450578,0.04504504504504504,0.9559859154929577,0.9783783783783784,1.0,0.0,True,-0.02201850040630826,1,,,,-0.035857158903375784,prototype_fusion,2220,False,True,,0.5,0.9890710382513661,0.0,1.0,0.9783783783783784
0.9670525378450578,0.04504504504504504,0.9559859154929577,0.9783783783783784,1.0,0.0,True,-0.02201850040630826,1,,,,-0.035857158903375784,prototype_fusion,2220,False,True,,0.6626549959182739,0.9890710382513661,0.0,1.0,0.9783783783783784
0.9705093833780161,0.03783783783783784,0.9627659574468085,0.9783783783783784,1.0,0.0,True,-0.018561654873350042,1,,,,-0.031240758166420208,prototype_fusion,2220,False,True,,0.75,0.9890710382513661,0.0,1.0,0.9783783783783784
0.9890710382513661,0.0,1.0,0.9783783783783784,1.0,0.0,False,0.0,1,,,,0.0,prototype_fusion,2220,True,True,,0.9,0.9890710382513661,0.0,1.0,0.9783783783783784
0.9890710382513661,0.0,1.0,0.9783783783783784,1.0,0.0,False,0.0,1,,,,0.0,prototype_fusion,2220,True,True,,1.0,0.9890710382513661,0.0,1.0,0.9783783783783784
0.9705093833780161,0.03783783783783784,0.9627659574468085,0.9783783783783784,1.0,0.25,True,-0.018561654873350042,1,,,,-0.031240758166420208,prototype_fusion,2220,False,True,,0.5,0.9890710382513661,0.0,1.0,0.9783783783783784
0.9890710382513661,0.0,1.0,0.9783783783783784,1.0,0.25,False,0.0,1,,,,0.0,prototype_fusion,2220,True,True,,0.6626549959182739,0.9890710382513661,0.0,1.0,0.9783783783783784
0.9890710382513661,0.0,1.0,0.9783783783783784,1.0,0.25,False,0.0,1,,,,0.0,prototype_fusion,2220,True,True,,0.75,0.9890710382513661,0.0,1.0,0.9783783783783784
0.9890710382513661,0.0,1.0,0.9783783783783784,1.0,0.25,False,0.0,1,,,,0.0,prototype_fusion,2220,True,True,,0.9,0.9890710382513661,0.0,1.0,0.9783783783783784
0.9890710382513661,0.0,1.0,0.9783783783783784,1.0,0.25,False,0.0,1,,,,0.0,prototype_fusion,2220,True,True,,1.0,0.9890710382513661,0.0,1.0,0.9783783783783784
0.9890710382513661,0.0,1.0,0.9783783783783784,1.0,0.5,False,0.0,1,,,,0.0,prototype_fusion,2220,True,True,,0.5,0.9890710382513661,0.0,1.0,0.9783783783783784
0.9890710382513661,0.0,1.0,0.9783783783783784,1.0,0.5,False,0.0,1,,,,0.0,prototype_fusion,2220,True,True,,0.6626549959182739,0.9890710382513661,0.0,1.0,0.9783783783783784
0.9890710382513661,0.0,1.0,0.9783783783783784,1.0,0.5,False,0.0,1,,,,0.0,prototype_fusion,2220,True,True,,0.75,0.9890710382513661,0.0,1.0,0.9783783783783784
0.9890710382513661,0.0,1.0,0.9783783783783784,1.0,0.5,False,0.0,1,,,,0.0,prototype_fusion,2220,True,True,,0.9,0.9890710382513661,0.0,1.0,0.9783783783783784
0.9844464775846296,0.0,1.0,0.9693693693693693,1.0,0.5,True,-0.004624560666736555,1,,,,-0.004504504504504496,prototype_fusion,2220,True,True,,1.0,0.9890710382513661,0.0,1.0,0.9783783783783784
0.9670525378450578,0.04504504504504504,0.9559859154929577,0.9783783783783784,2.0,0.0,True,-0.02201850040630826,1,,,,-0.035857158903375784,prototype_fusion,2220,False,True,,0.5,0.9890710382513661,0.0,1.0,0.9783783783783784
0.9670525378450578,0.04504504504504504,0.9559859154929577,0.9783783783783784,2.0,0.0,True,-0.02201850040630826,1,,,,-0.035857158903375784,prototype_fusion,2220,False,True,,0.6626549959182739,0.9890710382513661,0.0,1.0,0.9783783783783784
0.9670525378450578,0.04504504504504504,0.9559859154929577,0.9783783783783784,2.0,0.0,True,-0.02201850040630826,1,,,,-0.035857158903375784,prototype_fusion,2220,False,True,,0.75,0.9890710382513661,0.0,1.0,0.9783783783783784
0.9670525378450578,0.04504504504504504,0.9559859154929577,0.9783783783783784,2.0,0.0,True,-0.02201850040630826,1,,,,-0.035857158903375784,prototype_fusion,2220,False,True,,0.9,0.9890710382513661,0.0,1.0,0.9783783783783784
0.9709432275368798,0.036936936936936934,0.963620230700976,0.9783783783783784,2.0,0.0,True,-0.018127810714486325,1,,,,-0.030639439612482684,prototype_fusion,2220,False,True,,1.0,0.9890710382513661,0.0,1.0,0.9783783783783784
0.9709432275368798,0.036936936936936934,0.963620230700976,0.9783783783783784,2.0,0.25,True,-0.018127810714486325,1,,,,-0.030639439612482684,prototype_fusion,2220,False,True,,0.5,0.9890710382513661,0.0,1.0,0.9783783783783784
0.9890710382513661,0.0,1.0,0.9783783783783784,2.0,0.25,False,0.0,1,,,,0.0,prototype_fusion,2220,True,True,,0.6626549959182739,0.9890710382513661,0.0,1.0,0.9783783783783784
0.9890710382513661,0.0,1.0,0.9783783783783784,2.0,0.25,False,0.0,1,,,,0.0,prototype_fusion,2220,True,True,,0.75,0.9890710382513661,0.0,1.0,0.9783783783783784
0.9890710382513661,0.0,1.0,0.9783783783783784,2.0,0.25,False,0.0,1,,,,0.0,prototype_fusion,2220,True,True,,0.9,0.9890710382513661,0.0,1.0,0.9783783783783784
0.9890710382513661,0.0,1.0,0.9783783783783784,2.0,0.25,False,0.0,1,,,,0.0,prototype_fusion,2220,True,True,,1.0,0.9890710382513661,0.0,1.0,0.9783783783783784
0.9890710382513661,0.0,1.0,0.9783783783783784,2.0,0.5,False,0.0,1,,,,0.0,prototype_fusion,2220,True,True,,0.5,0.9890710382513661,0.0,1.0,0.9783783783783784
0.9890710382513661,0.0,1.0,0.9783783783783784,2.0,0.5,False,0.0,1,,,,0.0,prototype_fusion,2220,True,True,,0.6626549959182739,0.9890710382513661,0.0,1.0,0.9783783783783784
0.9890710382513661,0.0,1.0,0.9783783783783784,2.0,0.5,False,0.0,1,,,,0.0,prototype_fusion,2220,True,True,,0.75,0.9890710382513661,0.0,1.0,0.9783783783783784
0.9890710382513661,0.0,1.0,0.9783783783783784,2.0,0.5,False,0.0,1,,,,0.0,prototype_fusion,2220,True,True,,0.9,0.9890710382513661,0.0,1.0,0.9783783783783784
0.9890710382513661,0.0,1.0,0.9783783783783784,2.0,0.5,False,0.0,1,,,,0.0,prototype_fusion,2220,True,True,,1.0,0.9890710382513661,0.0,1.0,0.9783783783783784
0.9670525378450578,0.04504504504504504,0.9559859154929577,0.9783783783783784,4.0,0.0,True,-0.02201850040630826,1,,,,-0.035857158903375784,prototype_fusion,2220,False,True,,0.5,0.9890710382513661,0.0,1.0,0.9783783783783784
0.9670525378450578,0.04504504504504504,0.9559859154929577,0.9783783783783784,4.0,0.0,True,-0.02201850040630826,1,,,,-0.035857158903375784,prototype_fusion,2220,False,True,,0.6626549959182739,0.9890710382513661,0.0,1.0,0.9783783783783784
0.9670525378450578,0.04504504504504504,0.9559859154929577,0.9783783783783784,4.0,0.0,True,-0.02201850040630826,1,,,,-0.035857158903375784,prototype_fusion,2220,False,True,,0.75,0.9890710382513661,0.0,1.0,0.9783783783783784
0.9670525378450578,0.04504504504504504,0.9559859154929577,0.9783783783783784,4.0,0.0,True,-0.02201850040630826,1,,,,-0.035857158903375784,prototype_fusion,2220,False,True,,0.9,0.9890710382513661,0.0,1.0,0.9783783783783784
0.9670525378450578,0.04504504504504504,0.9559859154929577,0.9783783783783784,4.0,0.0,True,-0.02201850040630826,1,,,,-0.035857158903375784,prototype_fusion,2220,False,True,,1.0,0.9890710382513661,0.0,1.0,0.9783783783783784
0.9735544598834603,0.03153153153153153,0.9687778768956289,0.9783783783783784,4.0,0.25,True,-0.015516578367905765,1,,,,-0.026910108196235388,prototype_fusion,2220,False,True,,0.5,0.9890710382513661,0.0,1.0,0.9783783783783784
0.9868241708314403,0.0045045045045045045,0.995417048579285,0.9783783783783784,4.0,0.25,True,-0.0022468674199258576,1,,,,-0.0044922170985689696,prototype_fusion,2220,True,True,,0.6626549959182739,0.9890710382513661,0.0,1.0,0.9783783783783784
0.9886208466090122,0.0009009009009009009,0.9990800367985281,0.9783783783783784,4.0,0.25,True,-0.0004501916423539365,1,,,,-0.0009190972914313589,prototype_fusion,2220,True,True,,0.75,0.9890710382513661,0.0,1.0,0.9783783783783784
0.9890710382513661,0.0,1.0,0.9783783783783784,4.0,0.25,False,0.0,1,,,,0.0,prototype_fusion,2220,True,True,,0.9,0.9890710382513661,0.0,1.0,0.9783783783783784
0.9890710382513661,0.0,1.0,0.9783783783783784,4.0,0.25,False,0.0,1,,,,0.0,prototype_fusion,2220,True,True,,1.0,0.9890710382513661,0.0,1.0,0.9783783783783784
0.9890710382513661,0.0,1.0,0.9783783783783784,4.0,0.5,False,0.0,1,,,,0.0,prototype_fusion,2220,True,True,,0.5,0.9890710382513661,0.0,1.0,0.9783783783783784
0.9890710382513661,0.0,1.0,0.9783783783783784,4.0,0.5,False,0.0,1,,,,0.0,prototype_fusion,2220,True,True,,0.6626549959182739,0.9890710382513661,0.0,1.0,0.9783783783783784
0.9890710382513661,0.0,1.0,0.9783783783783784,4.0,0.5,False,0.0,1,,,,0.0,prototype_fusion,2220,True,True,,0.75,0.9890710382513661,0.0,1.0,0.9783783783783784
0.9890710382513661,0.0,1.0,0.9783783783783784,4.0,0.5,False,0.0,1,,,,0.0,prototype_fusion,2220,True,True,,0.9,0.9890710382513661,0.0,1.0,0.9783783783783784
0.9890710382513661,0.0,1.0,0.9783783783783784,4.0,0.5,False,0.0,1,,,,0.0,prototype_fusion,2220,True,True,,1.0,0.9890710382513661,0.0,1.0,0.9783783783783784
0.996383363471971,0.0,1.0,0.9927927927927928,,,True,0.007312325220604876,1,,,,0.01626016260162601,qwen_exact_or_two_stage,2220,True,False,,,0.9890710382513661,0.0,1.0,0.9783783783783784
0.9927404718693285,0.0,1.0,0.9855855855855856,,,False,0.0,2,0.0,,0.05,0.0,support_threshold_calibration,2220,True,True,min,,0.9927404718693285,0.0,1.0,0.9855855855855856
0.9927404718693285,0.0,1.0,0.9855855855855856,,,False,0.0,2,0.0,,0.1,0.0,support_threshold_calibration,2220,True,True,min,,0.9927404718693285,0.0,1.0,0.9855855855855856
0.9927404718693285,0.0,1.0,0.9855855855855856,,,False,0.0,2,0.0,,0.2,0.0,support_threshold_calibration,2220,True,True,min,,0.9927404718693285,0.0,1.0,0.9855855855855856
0.9927404718693285,0.0,1.0,0.9855855855855856,,,False,0.0,2,0.0,,0.3,0.0,support_threshold_calibration,2220,True,True,min,,0.9927404718693285,0.0,1.0,0.9855855855855856
0.9927404718693285,0.0,1.0,0.9855855855855856,,,False,0.0,2,0.05,,0.05,0.0,support_threshold_calibration,2220,True,True,min,,0.9927404718693285,0.0,1.0,0.9855855855855856
0.9927404718693285,0.0,1.0,0.9855855855855856,,,False,0.0,2,0.05,,0.1,0.0,support_threshold_calibration,2220,True,True,min,,0.9927404718693285,0.0,1.0,0.9855855855855856
0.9927404718693285,0.0,1.0,0.9855855855855856,,,False,0.0,2,0.05,,0.2,0.0,support_threshold_calibration,2220,True,True,min,,0.9927404718693285,0.0,1.0,0.9855855855855856
0.9927404718693285,0.0,1.0,0.9855855855855856,,,False,0.0,2,0.05,,0.3,0.0,support_threshold_calibration,2220,True,True,min,,0.9927404718693285,0.0,1.0,0.9855855855855856
0.9927404718693285,0.0,1.0,0.9855855855855856,,,False,0.0,2,0.1,,0.05,0.0,support_threshold_calibration,2220,True,True,min,,0.9927404718693285,0.0,1.0,0.9855855855855856
0.9927404718693285,0.0,1.0,0.9855855855855856,,,False,0.0,2,0.1,,0.1,0.0,support_threshold_calibration,2220,True,True,min,,0.9927404718693285,0.0,1.0,0.9855855855855856
0.9927404718693285,0.0,1.0,0.9855855855855856,,,False,0.0,2,0.1,,0.2,0.0,support_threshold_calibration,2220,True,True,min,,0.9927404718693285,0.0,1.0,0.9855855855855856
0.9927404718693285,0.0,1.0,0.9855855855855856,,,False,0.0,2,0.1,,0.3,0.0,support_threshold_calibration,2220,True,True,min,,0.9927404718693285,0.0,1.0,0.9855855855855856
0.9927404718693285,0.0,1.0,0.9855855855855856,,,False,0.0,2,0.15,,0.05,0.0,support_threshold_calibration,2220,True,True,min,,0.9927404718693285,0.0,1.0,0.9855855855855856
0.9927404718693285,0.0,1.0,0.9855855855855856,,,False,0.0,2,0.15,,0.1,0.0,support_threshold_calibration,2220,True,True,min,,0.9927404718693285,0.0,1.0,0.9855855855855856
0.9927404718693285,0.0,1.0,0.9855855855855856,,,False,0.0,2,0.15,,0.2,0.0,support_threshold_calibration,2220,True,True,min,,0.9927404718693285,0.0,1.0,0.9855855855855856
0.9927404718693285,0.0,1.0,0.9855855855855856,,,False,0.0,2,0.15,,0.3,0.0,support_threshold_calibration,2220,True,True,min,,0.9927404718693285,0.0,1.0,0.9855855855855856
0.9927404718693285,0.0,1.0,0.9855855855855856,,,False,0.0,2,0.0,0.25,,0.0,positive_bias_adaptation,2220,True,True,min,,0.9927404718693285,0.0,1.0,0.9855855855855856
0.9927404718693285,0.0,1.0,0.9855855855855856,,,False,0.0,2,0.0,0.5,,0.0,positive_bias_adaptation,2220,True,True,min,,0.9927404718693285,0.0,1.0,0.9855855855855856
0.9927404718693285,0.0,1.0,0.9855855855855856,,,False,0.0,2,0.0,1.0,,0.0,positive_bias_adaptation,2220,True,True,min,,0.9927404718693285,0.0,1.0,0.9855855855855856
0.9927404718693285,0.0,1.0,0.9855855855855856,,,False,0.0,2,0.0,2.0,,0.0,positive_bias_adaptation,2220,True,True,min,,0.9927404718693285,0.0,1.0,0.9855855855855856
0.9927404718693285,0.0,1.0,0.9855855855855856,,,False,0.0,2,0.25,0.25,,0.0,positive_bias_adaptation,2220,True,True,min,,0.9927404718693285,0.0,1.0,0.9855855855855856
0.9927404718693285,0.0,1.0,0.9855855855855856,,,False,0.0,2,0.25,0.5,,0.0,positive_bias_adaptation,2220,True,True,min,,0.9927404718693285,0.0,1.0,0.9855855855855856
0.9927404718693285,0.0,1.0,0.9855855855855856,,,False,0.0,2,0.25,1.0,,0.0,positive_bias_adaptation,2220,True,True,min,,0.9927404718693285,0.0,1.0,0.9855855855855856
0.9927404718693285,0.0,1.0,0.9855855855855856,,,False,0.0,2,0.25,2.0,,0.0,positive_bias_adaptation,2220,True,True,min,,0.9927404718693285,0.0,1.0,0.9855855855855856
0.9927404718693285,0.0,1.0,0.9855855855855856,,,False,0.0,2,0.5,0.25,,0.0,positive_bias_adaptation,2220,True,True,min,,0.9927404718693285,0.0,1.0,0.9855855855855856
0.9927404718693285,0.0,1.0,0.9855855855855856,,,False,0.0,2,0.5,0.5,,0.0,positive_bias_adaptation,2220,True,True,min,,0.9927404718693285,0.0,1.0,0.9855855855855856
0.9927404718693285,0.0,1.0,0.9855855855855856,,,False,0.0,2,0.5,1.0,,0.0,positive_bias_adaptation,2220,True,True,min,,0.9927404718693285,0.0,1.0,0.9855855855855856
0.9927404718693285,0.0,1.0,0.9855855855855856,,,False,0.0,2,0.5,2.0,,0.0,positive_bias_adaptation,2220,True,True,min,,0.9927404718693285,0.0,1.0,0.9855855855855856
0.9927404718693285,0.0,1.0,0.9855855855855856,,,False,0.0,2,1.0,0.25,,0.0,positive_bias_adaptation,2220,True,True,min,,0.9927404718693285,0.0,1.0,0.9855855855855856
0.9927404718693285,0.0,1.0,0.9855855855855856,,,False,0.0,2,1.0,0.5,,0.0,positive_bias_adaptation,2220,True,True,min,,0.9927404718693285,0.0,1.0,0.9855855855855856
0.9927404718693285,0.0,1.0,0.9855855855855856,,,False,0.0,2,1.0,1.0,,0.0,positive_bias_adaptation,2220,True,True,min,,0.9927404718693285,0.0,1.0,0.9855855855855856
0.9927404718693285,0.0,1.0,0.9855855855855856,,,False,0.0,2,1.0,2.0,,0.0,positive_bias_adaptation,2220,True,True,min,,0.9927404718693285,0.0,1.0,0.9855855855855856
0.9927404718693285,0.0,1.0,0.9855855855855856,,,False,0.0,2,0.0,,0.05,0.0,support_threshold_calibration,2220,True,True,q20,,0.9927404718693285,0.0,1.0,0.9855855855855856
0.9927404718693285,0.0,1.0,0.9855855855855856,,,False,0.0,2,0.0,,0.1,0.0,support_threshold_calibration,2220,True,True,q20,,0.9927404718693285,0.0,1.0,0.9855855855855856
0.9927404718693285,0.0,1.0,0.9855855855855856,,,False,0.0,2,0.0,,0.2,0.0,support_threshold_calibration,2220,True,True,q20,,0.9927404718693285,0.0,1.0,0.9855855855855856
0.9927404718693285,0.0,1.0,0.9855855855855856,,,False,0.0,2,0.0,,0.3,0.0,support_threshold_calibration,2220,True,True,q20,,0.9927404718693285,0.0,1.0,0.9855855855855856
0.9927404718693285,0.0,1.0,0.9855855855855856,,,False,0.0,2,0.05,,0.05,0.0,support_threshold_calibration,2220,True,True,q20,,0.9927404718693285,0.0,1.0,0.9855855855855856
0.9927404718693285,0.0,1.0,0.9855855855855856,,,False,0.0,2,0.05,,0.1,0.0,support_threshold_calibration,2220,True,True,q20,,0.9927404718693285,0.0,1.0,0.9855855855855856
0.9927404718693285,0.0,1.0,0.9855855855855856,,,False,0.0,2,0.05,,0.2,0.0,support_threshold_calibration,2220,True,True,q20,,0.9927404718693285,0.0,1.0,0.9855855855855856
0.9927404718693285,0.0,1.0,0.9855855855855856,,,False,0.0,2,0.05,,0.3,0.0,support_threshold_calibration,2220,True,True,q20,,0.9927404718693285,0.0,1.0,0.9855855855855856
0.9927404718693285,0.0,1.0,0.9855855855855856,,,False,0.0,2,0.1,,0.05,0.0,support_threshold_calibration,2220,True,True,q20,,0.9927404718693285,0.0,1.0,0.9855855855855856
0.9927404718693285,0.0,1.0,0.9855855855855856,,,False,0.0,2,0.1,,0.1,0.0,support_threshold_calibration,2220,True,True,q20,,0.9927404718693285,0.0,1.0,0.9855855855855856
0.9927404718693285,0.0,1.0,0.9855855855855856,,,False,0.0,2,0.1,,0.2,0.0,support_threshold_calibration,2220,True,True,q20,,0.9927404718693285,0.0,1.0,0.9855855855855856
0.9927404718693285,0.0,1.0,0.9855855855855856,,,False,0.0,2,0.1,,0.3,0.0,support_threshold_calibration,2220,True,True,q20,,0.9927404718693285,0.0,1.0,0.9855855855855856
0.9927404718693285,0.0,1.0,0.9855855855855856,,,False,0.0,2,0.15,,0.05,0.0,support_threshold_calibration,2220,True,True,q20,,0.9927404718693285,0.0,1.0,0.9855855855855856
0.9927404718693285,0.0,1.0,0.9855855855855856,,,False,0.0,2,0.15,,0.1,0.0,support_threshold_calibration,2220,True,True,q20,,0.9927404718693285,0.0,1.0,0.9855855855855856
0.9927404718693285,0.0,1.0,0.9855855855855856,,,False,0.0,2,0.15,,0.2,0.0,support_threshold_calibration,2220,True,True,q20,,0.9927404718693285,0.0,1.0,0.9855855855855856
0.9927404718693285,0.0,1.0,0.9855855855855856,,,False,0.0,2,0.15,,0.3,0.0,support_threshold_calibration,2220,True,True,q20,,0.9927404718693285,0.0,1.0,0.9855855855855856
0.9927404718693285,0.0,1.0,0.9855855855855856,,,False,0.0,2,0.0,0.25,,0.0,positive_bias_adaptation,2220,True,True,q20,,0.9927404718693285,0.0,1.0,0.9855855855855856
0.9927404718693285,0.0,1.0,0.9855855855855856,,,False,0.0,2,0.0,0.5,,0.0,positive_bias_adaptation,2220,True,True,q20,,0.9927404718693285,0.0,1.0,0.9855855855855856
0.9927404718693285,0.0,1.0,0.9855855855855856,,,False,0.0,2,0.0,1.0,,0.0,positive_bias_adaptation,2220,True,True,q20,,0.9927404718693285,0.0,1.0,0.9855855855855856
0.9927404718693285,0.0,1.0,0.9855855855855856,,,False,0.0,2,0.0,2.0,,0.0,positive_bias_adaptation,2220,True,True,q20,,0.9927404718693285,0.0,1.0,0.9855855855855856
0.9927404718693285,0.0,1.0,0.9855855855855856,,,False,0.0,2,0.25,0.25,,0.0,positive_bias_adaptation,2220,True,True,q20,,0.9927404718693285,0.0,1.0,0.9855855855855856
0.9927404718693285,0.0,1.0,0.9855855855855856,,,False,0.0,2,0.25,0.5,,0.0,positive_bias_adaptation,2220,True,True,q20,,0.9927404718693285,0.0,1.0,0.9855855855855856
0.9927404718693285,0.0,1.0,0.9855855855855856,,,False,0.0,2,0.25,1.0,,0.0,positive_bias_adaptation,2220,True,True,q20,,0.9927404718693285,0.0,1.0,0.9855855855855856
0.9927404718693285,0.0,1.0,0.9855855855855856,,,False,0.0,2,0.25,2.0,,0.0,positive_bias_adaptation,2220,True,True,q20,,0.9927404718693285,0.0,1.0,0.9855855855855856
0.9927404718693285,0.0,1.0,0.9855855855855856,,,False,0.0,2,0.5,0.25,,0.0,positive_bias_adaptation,2220,True,True,q20,,0.9927404718693285,0.0,1.0,0.9855855855855856
0.9927404718693285,0.0,1.0,0.9855855855855856,,,False,0.0,2,0.5,0.5,,0.0,positive_bias_adaptation,2220,True,True,q20,,0.9927404718693285,0.0,1.0,0.9855855855855856
0.9927404718693285,0.0,1.0,0.9855855855855856,,,False,0.0,2,0.5,1.0,,0.0,positive_bias_adaptation,2220,True,True,q20,,0.9927404718693285,0.0,1.0,0.9855855855855856
0.9927404718693285,0.0,1.0,0.9855855855855856,,,False,0.0,2,0.5,2.0,,0.0,positive_bias_adaptation,2220,True,True,q20,,0.9927404718693285,0.0,1.0,0.9855855855855856
0.9927404718693285,0.0,1.0,0.9855855855855856,,,False,0.0,2,1.0,0.25,,0.0,positive_bias_adaptation,2220,True,True,q20,,0.9927404718693285,0.0,1.0,0.9855855855855856
0.9927404718693285,0.0,1.0,0.9855855855855856,,,False,0.0,2,1.0,0.5,,0.0,positive_bias_adaptation,2220,True,True,q20,,0.9927404718693285,0.0,1.0,0.9855855855855856
0.9927404718693285,0.0,1.0,0.9855855855855856,,,False,0.0,2,1.0,1.0,,0.0,positive_bias_adaptation,2220,True,True,q20,,0.9927404718693285,0.0,1.0,0.9855855855855856
0.9927404718693285,0.0,1.0,0.9855855855855856,,,False,0.0,2,1.0,2.0,,0.0,positive_bias_adaptation,2220,True,True,q20,,0.9927404718693285,0.0,1.0,0.9855855855855856
0.9927404718693285,0.0,1.0,0.9855855855855856,,,False,0.0,2,0.0,,0.05,0.0,support_threshold_calibration,2220,True,True,median,,0.9927404718693285,0.0,1.0,0.9855855855855856
0.9927404718693285,0.0,1.0,0.9855855855855856,,,False,0.0,2,0.0,,0.1,0.0,support_threshold_calibration,2220,True,True,median,,0.9927404718693285,0.0,1.0,0.9855855855855856
0.9927404718693285,0.0,1.0,0.9855855855855856,,,False,0.0,2,0.0,,0.2,0.0,support_threshold_calibration,2220,True,True,median,,0.9927404718693285,0.0,1.0,0.9855855855855856
0.9927404718693285,0.0,1.0,0.9855855855855856,,,False,0.0,2,0.0,,0.3,0.0,support_threshold_calibration,2220,True,True,median,,0.9927404718693285,0.0,1.0,0.9855855855855856
0.9927404718693285,0.0,1.0,0.9855855855855856,,,False,0.0,2,0.05,,0.05,0.0,support_threshold_calibration,2220,True,True,median,,0.9927404718693285,0.0,1.0,0.9855855855855856
0.9927404718693285,0.0,1.0,0.9855855855855856,,,False,0.0,2,0.05,,0.1,0.0,support_threshold_calibration,2220,True,True,median,,0.9927404718693285,0.0,1.0,0.9855855855855856
0.9927404718693285,0.0,1.0,0.9855855855855856,,,False,0.0,2,0.05,,0.2,0.0,support_threshold_calibration,2220,True,True,median,,0.9927404718693285,0.0,1.0,0.9855855855855856
0.9927404718693285,0.0,1.0,0.9855855855855856,,,False,0.0,2,0.05,,0.3,0.0,support_threshold_calibration,2220,True,True,median,,0.9927404718693285,0.0,1.0,0.9855855855855856
0.9927404718693285,0.0,1.0,0.9855855855855856,,,False,0.0,2,0.1,,0.05,0.0,support_threshold_calibration,2220,True,True,median,,0.9927404718693285,0.0,1.0,0.9855855855855856
0.9927404718693285,0.0,1.0,0.9855855855855856,,,False,0.0,2,0.1,,0.1,0.0,support_threshold_calibration,2220,True,True,median,,0.9927404718693285,0.0,1.0,0.9855855855855856
0.9927404718693285,0.0,1.0,0.9855855855855856,,,False,0.0,2,0.1,,0.2,0.0,support_threshold_calibration,2220,True,True,median,,0.9927404718693285,0.0,1.0,0.9855855855855856
0.9927404718693285,0.0,1.0,0.9855855855855856,,,False,0.0,2,0.1,,0.3,0.0,support_threshold_calibration,2220,True,True,median,,0.9927404718693285,0.0,1.0,0.9855855855855856
0.9927404718693285,0.0,1.0,0.9855855855855856,,,False,0.0,2,0.15,,0.05,0.0,support_threshold_calibration,2220,True,True,median,,0.9927404718693285,0.0,1.0,0.9855855855855856
0.9927404718693285,0.0,1.0,0.9855855855855856,,,False,0.0,2,0.15,,0.1,0.0,support_threshold_calibration,2220,True,True,median,,0.9927404718693285,0.0,1.0,0.9855855855855856
0.9927404718693285,0.0,1.0,0.9855855855855856,,,False,0.0,2,0.15,,0.2,0.0,support_threshold_calibration,2220,True,True,median,,0.9927404718693285,0.0,1.0,0.9855855855855856
0.9927404718693285,0.0,1.0,0.9855855855855856,,,False,0.0,2,0.15,,0.3,0.0,support_threshold_calibration,2220,True,True,median,,0.9927404718693285,0.0,1.0,0.9855855855855856
0.9927404718693285,0.0,1.0,0.9855855855855856,,,False,0.0,2,0.0,0.25,,0.0,positive_bias_adaptation,2220,True,True,median,,0.9927404718693285,0.0,1.0,0.9855855855855856
0.9927404718693285,0.0,1.0,0.9855855855855856,,,False,0.0,2,0.0,0.5,,0.0,positive_bias_adaptation,2220,True,True,median,,0.9927404718693285,0.0,1.0,0.9855855855855856
0.9927404718693285,0.0,1.0,0.9855855855855856,,,False,0.0,2,0.0,1.0,,0.0,positive_bias_adaptation,2220,True,True,median,,0.9927404718693285,0.0,1.0,0.9855855855855856
0.9927404718693285,0.0,1.0,0.9855855855855856,,,False,0.0,2,0.0,2.0,,0.0,positive_bias_adaptation,2220,True,True,median,,0.9927404718693285,0.0,1.0,0.9855855855855856
0.9927404718693285,0.0,1.0,0.9855855855855856,,,False,0.0,2,0.25,0.25,,0.0,positive_bias_adaptation,2220,True,True,median,,0.9927404718693285,0.0,1.0,0.9855855855855856
0.9927404718693285,0.0,1.0,0.9855855855855856,,,False,0.0,2,0.25,0.5,,0.0,positive_bias_adaptation,2220,True,True,median,,0.9927404718693285,0.0,1.0,0.9855855855855856
0.9927404718693285,0.0,1.0,0.9855855855855856,,,False,0.0,2,0.25,1.0,,0.0,positive_bias_adaptation,2220,True,True,median,,0.9927404718693285,0.0,1.0,0.9855855855855856
0.9927404718693285,0.0,1.0,0.9855855855855856,,,False,0.0,2,0.25,2.0,,0.0,positive_bias_adaptation,2220,True,True,median,,0.9927404718693285,0.0,1.0,0.9855855855855856
0.9927404718693285,0.0,1.0,0.9855855855855856,,,False,0.0,2,0.5,0.25,,0.0,positive_bias_adaptation,2220,True,True,median,,0.9927404718693285,0.0,1.0,0.9855855855855856
0.9927404718693285,0.0,1.0,0.9855855855855856,,,False,0.0,2,0.5,0.5,,0.0,positive_bias_adaptation,2220,True,True,median,,0.9927404718693285,0.0,1.0,0.9855855855855856
0.9927404718693285,0.0,1.0,0.9855855855855856,,,False,0.0,2,0.5,1.0,,0.0,positive_bias_adaptation,2220,True,True,median,,0.9927404718693285,0.0,1.0,0.9855855855855856
0.9927404718693285,0.0,1.0,0.9855855855855856,,,False,0.0,2,0.5,2.0,,0.0,positive_bias_adaptation,2220,True,True,median,,0.9927404718693285,0.0,1.0,0.9855855855855856
0.9927404718693285,0.0,1.0,0.9855855855855856,,,False,0.0,2,1.0,0.25,,0.0,positive_bias_adaptation,2220,True,True,median,,0.9927404718693285,0.0,1.0,0.9855855855855856
0.9927404718693285,0.0,1.0,0.9855855855855856,,,False,0.0,2,1.0,0.5,,0.0,positive_bias_adaptation,2220,True,True,median,,0.9927404718693285,0.0,1.0,0.9855855855855856
0.9927404718693285,0.0,1.0,0.9855855855855856,,,False,0.0,2,1.0,1.0,,0.0,positive_bias_adaptation,2220,True,True,median,,0.9927404718693285,0.0,1.0,0.9855855855855856
0.9927404718693285,0.0,1.0,0.9855855855855856,,,False,0.0,2,1.0,2.0,,0.0,positive_bias_adaptation,2220,True,True,median,,0.9927404718693285,0.0,1.0,0.9855855855855856
0.9927404718693285,0.0,1.0,0.9855855855855856,0.25,0.0,False,0.0,2,,,,0.0,prototype_fusion,2220,True,True,,0.5,0.9927404718693285,0.0,1.0,0.9855855855855856
0.9927404718693285,0.0,1.0,0.9855855855855856,0.25,0.0,False,0.0,2,,,,0.0,prototype_fusion,2220,True,True,,0.75,0.9927404718693285,0.0,1.0,0.9855855855855856
0.9927404718693285,0.0,1.0,0.9855855855855856,0.25,0.0,False,0.0,2,,,,0.0,prototype_fusion,2220,True,True,,0.7851404547691345,0.9927404718693285,0.0,1.0,0.9855855855855856
0.9927404718693285,0.0,1.0,0.9855855855855856,0.25,0.0,False,0.0,2,,,,0.0,prototype_fusion,2220,True,True,,0.9,0.9927404718693285,0.0,1.0,0.9855855855855856
0.9839816933638443,0.0,1.0,0.9684684684684685,0.25,0.0,True,-0.008758778505484122,2,,,,-0.0024340251088906064,prototype_fusion,2220,True,True,,1.0,0.9927404718693285,0.0,1.0,0.9855855855855856
0.9927404718693285,0.0,1.0,0.9855855855855856,0.25,0.25,False,0.0,2,,,,0.0,prototype_fusion,2220,True,True,,0.5,0.9927404718693285,0.0,1.0,0.9855855855855856
0.9927404718693285,0.0,1.0,0.9855855855855856,0.25,0.25,False,0.0,2,,,,0.0,prototype_fusion,2220,True,True,,0.75,0.9927404718693285,0.0,1.0,0.9855855855855856
0.9927404718693285,0.0,1.0,0.9855855855855856,0.25,0.25,False,0.0,2,,,,0.0,prototype_fusion,2220,True,True,,0.7851404547691345,0.9927404718693285,0.0,1.0,0.9855855855855856
0.9927404718693285,0.0,1.0,0.9855855855855856,0.25,0.25,False,0.0,2,,,,0.0,prototype_fusion,2220,True,True,,0.9,0.9927404718693285,0.0,1.0,0.9855855855855856
0.9722222222222222,0.0,1.0,0.9459459459459459,0.25,0.25,True,-0.020518249647106246,2,,,,-0.005747126436781602,prototype_fusion,2220,True,True,,1.0,0.9927404718693285,0.0,1.0,0.9855855855855856
0.9927404718693285,0.0,1.0,0.9855855855855856,0.25,0.5,False,0.0,2,,,,0.0,prototype_fusion,2220,True,True,,0.5,0.9927404718693285,0.0,1.0,0.9855855855855856
0.9927404718693285,0.0,1.0,0.9855855855855856,0.25,0.5,False,0.0,2,,,,0.0,prototype_fusion,2220,True,True,,0.75,0.9927404718693285,0.0,1.0,0.9855855855855856
0.9927404718693285,0.0,1.0,0.9855855855855856,0.25,0.5,False,0.0,2,,,,0.0,prototype_fusion,2220,True,True,,0.7851404547691345,0.9927404718693285,0.0,1.0,0.9855855855855856
0.9793103448275862,0.0,1.0,0.9594594594594594,0.25,0.5,True,-0.01343012704174229,2,,,,-0.003743867802736889,prototype_fusion,2220,True,True,,0.9,0.9927404718693285,0.0,1.0,0.9855855855855856
,0.0,,0.0,0.25,0.5,True,,2,,,,,prototype_fusion,2220,True,True,,1.0,0.9927404718693285,0.0,1.0,0.9855855855855856
0.9927404718693285,0.0,1.0,0.9855855855855856,0.5,0.0,False,0.0,2,,,,0.0,prototype_fusion,2220,True,True,,0.5,0.9927404718693285,0.0,1.0,0.9855855855855856
0.9927404718693285,0.0,1.0,0.9855855855855856,0.5,0.0,False,0.0,2,,,,0.0,prototype_fusion,2220,True,True,,0.75,0.9927404718693285,0.0,1.0,0.9855855855855856
0.9927404718693285,0.0,1.0,0.9855855855855856,0.5,0.0,False,0.0,2,,,,0.0,prototype_fusion,2220,True,True,,0.7851404547691345,0.9927404718693285,0.0,1.0,0.9855855855855856
0.9927404718693285,0.0,1.0,0.9855855855855856,0.5,0.0,False,0.0,2,,,,0.0,prototype_fusion,2220,True,True,,0.9,0.9927404718693285,0.0,1.0,0.9855855855855856
0.9927404718693285,0.0,1.0,0.9855855855855856,0.5,0.0,False,0.0,2,,,,0.0,prototype_fusion,2220,True,True,,1.0,0.9927404718693285,0.0,1.0,0.9855855855855856
0.9927404718693285,0.0,1.0,0.9855855855855856,0.5,0.25,False,0.0,2,,,,0.0,prototype_fusion,2220,True,True,,0.5,0.9927404718693285,0.0,1.0,0.9855855855855856
0.9927404718693285,0.0,1.0,0.9855855855855856,0.5,0.25,False,0.0,2,,,,0.0,prototype_fusion,2220,True,True,,0.75,0.9927404718693285,0.0,1.0,0.9855855855855856
0.9927404718693285,0.0,1.0,0.9855855855855856,0.5,0.25,False,0.0,2,,,,0.0,prototype_fusion,2220,True,True,,0.7851404547691345,0.9927404718693285,0.0,1.0,0.9855855855855856
0.9927404718693285,0.0,1.0,0.9855855855855856,0.5,0.25,False,0.0,2,,,,0.0,prototype_fusion,2220,True,True,,0.9,0.9927404718693285,0.0,1.0,0.9855855855855856
0.9927404718693285,0.0,1.0,0.9855855855855856,0.5,0.25,False,0.0,2,,,,0.0,prototype_fusion,2220,True,True,,1.0,0.9927404718693285,0.0,1.0,0.9855855855855856
0.9927404718693285,0.0,1.0,0.9855855855855856,0.5,0.5,False,0.0,2,,,,0.0,prototype_fusion,2220,True,True,,0.5,0.9927404718693285,0.0,1.0,0.9855855855855856
0.9927404718693285,0.0,1.0,0.9855855855855856,0.5,0.5,False,0.0,2,,,,0.0,prototype_fusion,2220,True,True,,0.75,0.9927404718693285,0.0,1.0,0.9855855855855856
0.9927404718693285,0.0,1.0,0.9855855855855856,0.5,0.5,False,0.0,2,,,,0.0,prototype_fusion,2220,True,True,,0.7851404547691345,0.9927404718693285,0.0,1.0,0.9855855855855856
0.9927404718693285,0.0,1.0,0.9855855855855856,0.5,0.5,False,0.0,2,,,,0.0,prototype_fusion,2220,True,True,,0.9,0.9927404718693285,0.0,1.0,0.9855855855855856
0.9788408463661453,0.0,1.0,0.9585585585585585,0.5,0.5,True,-0.013899625503183133,2,,,,-0.0038759689922480503,prototype_fusion,2220,True,True,,1.0,0.9927404718693285,0.0,1.0,0.9855855855855856
0.9927404718693285,0.0,1.0,0.9855855855855856,1.0,0.0,False,0.0,2,,,,0.0,prototype_fusion,2220,True,True,,0.5,0.9927404718693285,0.0,1.0,0.9855855855855856
0.9927404718693285,0.0,1.0,0.9855855855855856,1.0,0.0,False,0.0,2,,,,0.0,prototype_fusion,2220,True,True,,0.75,0.9927404718693285,0.0,1.0,0.9855855855855856
0.9927404718693285,0.0,1.0,0.9855855855855856,1.0,0.0,False,0.0,2,,,,0.0,prototype_fusion,2220,True,True,,0.7851404547691345,0.9927404718693285,0.0,1.0,0.9855855855855856
0.9927404718693285,0.0,1.0,0.9855855855855856,1.0,0.0,False,0.0,2,,,,0.0,prototype_fusion,2220,True,True,,0.9,0.9927404718693285,0.0,1.0,0.9855855855855856
0.9927404718693285,0.0,1.0,0.9855855855855856,1.0,0.0,False,0.0,2,,,,0.0,prototype_fusion,2220,True,True,,1.0,0.9927404718693285,0.0,1.0,0.9855855855855856
0.9927404718693285,0.0,1.0,0.9855855855855856,1.0,0.25,False,0.0,2,,,,0.0,prototype_fusion,2220,True,True,,0.5,0.9927404718693285,0.0,1.0,0.9855855855855856
0.9927404718693285,0.0,1.0,0.9855855855855856,1.0,0.25,False,0.0,2,,,,0.0,prototype_fusion,2220,True,True,,0.75,0.9927404718693285,0.0,1.0,0.9855855855855856
0.9927404718693285,0.0,1.0,0.9855855855855856,1.0,0.25,False,0.0,2,,,,0.0,prototype_fusion,2220,True,True,,0.7851404547691345,0.9927404718693285,0.0,1.0,0.9855855855855856
0.9927404718693285,0.0,1.0,0.9855855855855856,1.0,0.25,False,0.0,2,,,,0.0,prototype_fusion,2220,True,True,,0.9,0.9927404718693285,0.0,1.0,0.9855855855855856
0.9927404718693285,0.0,1.0,0.9855855855855856,1.0,0.25,False,0.0,2,,,,0.0,prototype_fusion,2220,True,True,,1.0,0.9927404718693285,0.0,1.0,0.9855855855855856
0.9927404718693285,0.0,1.0,0.9855855855855856,1.0,0.5,False,0.0,2,,,,0.0,prototype_fusion,2220,True,True,,0.5,0.9927404718693285,0.0,1.0,0.9855855855855856
0.9927404718693285,0.0,1.0,0.9855855855855856,1.0,0.5,False,0.0,2,,,,0.0,prototype_fusion,2220,True,True,,0.75,0.9927404718693285,0.0,1.0,0.9855855855855856
0.9927404718693285,0.0,1.0,0.9855855855855856,1.0,0.5,False,0.0,2,,,,0.0,prototype_fusion,2220,True,True,,0.7851404547691345,0.9927404718693285,0.0,1.0,0.9855855855855856
0.9927404718693285,0.0,1.0,0.9855855855855856,1.0,0.5,False,0.0,2,,,,0.0,prototype_fusion,2220,True,True,,0.9,0.9927404718693285,0.0,1.0,0.9855855855855856
0.9927404718693285,0.0,1.0,0.9855855855855856,1.0,0.5,False,0.0,2,,,,0.0,prototype_fusion,2220,True,True,,1.0,0.9927404718693285,0.0,1.0,0.9855855855855856
0.9927404718693285,0.0,1.0,0.9855855855855856,2.0,0.0,False,0.0,2,,,,0.0,prototype_fusion,2220,True,True,,0.5,0.9927404718693285,0.0,1.0,0.9855855855855856
0.9927404718693285,0.0,1.0,0.9855855855855856,2.0,0.0,False,0.0,2,,,,0.0,prototype_fusion,2220,True,True,,0.75,0.9927404718693285,0.0,1.0,0.9855855855855856
0.9927404718693285,0.0,1.0,0.9855855855855856,2.0,0.0,False,0.0,2,,,,0.0,prototype_fusion,2220,True,True,,0.7851404547691345,0.9927404718693285,0.0,1.0,0.9855855855855856
0.9927404718693285,0.0,1.0,0.9855855855855856,2.0,0.0,False,0.0,2,,,,0.0,prototype_fusion,2220,True,True,,0.9,0.9927404718693285,0.0,1.0,0.9855855855855856
0.9927404718693285,0.0,1.0,0.9855855855855856,2.0,0.0,False,0.0,2,,,,0.0,prototype_fusion,2220,True,True,,1.0,0.9927404718693285,0.0,1.0,0.9855855855855856
0.9927404718693285,0.0,1.0,0.9855855855855856,2.0,0.25,False,0.0,2,,,,0.0,prototype_fusion,2220,True,True,,0.5,0.9927404718693285,0.0,1.0,0.9855855855855856
0.9927404718693285,0.0,1.0,0.9855855855855856,2.0,0.25,False,0.0,2,,,,0.0,prototype_fusion,2220,True,True,,0.75,0.9927404718693285,0.0,1.0,0.9855855855855856
0.9927404718693285,0.0,1.0,0.9855855855855856,2.0,0.25,False,0.0,2,,,,0.0,prototype_fusion,2220,True,True,,0.7851404547691345,0.9927404718693285,0.0,1.0,0.9855855855855856
0.9927404718693285,0.0,1.0,0.9855855855855856,2.0,0.25,False,0.0,2,,,,0.0,prototype_fusion,2220,True,True,,0.9,0.9927404718693285,0.0,1.0,0.9855855855855856
0.9927404718693285,0.0,1.0,0.9855855855855856,2.0,0.25,False,0.0,2,,,,0.0,prototype_fusion,2220,True,True,,1.0,0.9927404718693285,0.0,1.0,0.9855855855855856
0.9927404718693285,0.0,1.0,0.9855855855855856,2.0,0.5,False,0.0,2,,,,0.0,prototype_fusion,2220,True,True,,0.5,0.9927404718693285,0.0,1.0,0.9855855855855856
0.9927404718693285,0.0,1.0,0.9855855855855856,2.0,0.5,False,0.0,2,,,,0.0,prototype_fusion,2220,True,True,,0.75,0.9927404718693285,0.0,1.0,0.9855855855855856
0.9927404718693285,0.0,1.0,0.9855855855855856,2.0,0.5,False,0.0,2,,,,0.0,prototype_fusion,2220,True,True,,0.7851404547691345,0.9927404718693285,0.0,1.0,0.9855855855855856
0.9927404718693285,0.0,1.0,0.9855855855855856,2.0,0.5,False,0.0,2,,,,0.0,prototype_fusion,2220,True,True,,0.9,0.9927404718693285,0.0,1.0,0.9855855855855856
0.9927404718693285,0.0,1.0,0.9855855855855856,2.0,0.5,False,0.0,2,,,,0.0,prototype_fusion,2220,True,True,,1.0,0.9927404718693285,0.0,1.0,0.9855855855855856
0.9927404718693285,0.0,1.0,0.9855855855855856,4.0,0.0,False,0.0,2,,,,0.0,prototype_fusion,2220,True,True,,0.5,0.9927404718693285,0.0,1.0,0.9855855855855856
0.9927404718693285,0.0,1.0,0.9855855855855856,4.0,0.0,False,0.0,2,,,,0.0,prototype_fusion,2220,True,True,,0.75,0.9927404718693285,0.0,1.0,0.9855855855855856
0.9927404718693285,0.0,1.0,0.9855855855855856,4.0,0.0,False,0.0,2,,,,0.0,prototype_fusion,2220,True,True,,0.7851404547691345,0.9927404718693285,0.0,1.0,0.9855855855855856
0.9927404718693285,0.0,1.0,0.9855855855855856,4.0,0.0,False,0.0,2,,,,0.0,prototype_fusion,2220,True,True,,0.9,0.9927404718693285,0.0,1.0,0.9855855855855856
0.9927404718693285,0.0,1.0,0.9855855855855856,4.0,0.0,False,0.0,2,,,,0.0,prototype_fusion,2220,True,True,,1.0,0.9927404718693285,0.0,1.0,0.9855855855855856
0.9927404718693285,0.0,1.0,0.9855855855855856,4.0,0.25,False,0.0,2,,,,0.0,prototype_fusion,2220,True,True,,0.5,0.9927404718693285,0.0,1.0,0.9855855855855856
0.9927404718693285,0.0,1.0,0.9855855855855856,4.0,0.25,False,0.0,2,,,,0.0,prototype_fusion,2220,True,True,,0.75,0.9927404718693285,0.0,1.0,0.9855855855855856
0.9927404718693285,0.0,1.0,0.9855855855855856,4.0,0.25,False,0.0,2,,,,0.0,prototype_fusion,2220,True,True,,0.7851404547691345,0.9927404718693285,0.0,1.0,0.9855855855855856
0.9927404718693285,0.0,1.0,0.9855855855855856,4.0,0.25,False,0.0,2,,,,0.0,prototype_fusion,2220,True,True,,0.9,0.9927404718693285,0.0,1.0,0.9855855855855856
0.9927404718693285,0.0,1.0,0.9855855855855856,4.0,0.25,False,0.0,2,,,,0.0,prototype_fusion,2220,True,True,,1.0,0.9927404718693285,0.0,1.0,0.9855855855855856
0.9927404718693285,0.0,1.0,0.9855855855855856,4.0,0.5,False,0.0,2,,,,0.0,prototype_fusion,2220,True,True,,0.5,0.9927404718693285,0.0,1.0,0.9855855855855856
0.9927404718693285,0.0,1.0,0.9855855855855856,4.0,0.5,False,0.0,2,,,,0.0,prototype_fusion,2220,True,True,,0.75,0.9927404718693285,0.0,1.0,0.9855855855855856
0.9927404718693285,0.0,1.0,0.9855855855855856,4.0,0.5,False,0.0,2,,,,0.0,prototype_fusion,2220,True,True,,0.7851404547691345,0.9927404718693285,0.0,1.0,0.9855855855855856
0.9927404718693285,0.0,1.0,0.9855855855855856,4.0,0.5,False,0.0,2,,,,0.0,prototype_fusion,2220,True,True,,0.9,0.9927404718693285,0.0,1.0,0.9855855855855856
0.9927404718693285,0.0,1.0,0.9855855855855856,4.0,0.5,False,0.0,2,,,,0.0,prototype_fusion,2220,True,True,,1.0,0.9927404718693285,0.0,1.0,0.9855855855855856
0.996383363471971,0.0,1.0,0.9927927927927928,,,True,0.0036428916026425284,2,,,,0.00775193798449612,qwen_exact_or_two_stage,2220,True,False,,,0.9927404718693285,0.0,1.0,0.9855855855855856
0.9777373920945025,0.013513513513513514,0.9862511457378552,0.9693693693693693,,,True,-0.006709085490127054,3,0.0,,0.05,-0.012759808141679985,support_threshold_calibration,2220,True,True,min,,0.9844464775846296,0.0,1.0,0.9693693693693693
0.9706811005863779,0.027927927927927927,0.971996386630533,0.9693693693693693,,,True,-0.013765376998251644,3,0.0,,0.1,-0.025170702615366396,support_threshold_calibration,2220,False,True,min,,0.9844464775846296,0.0,1.0,0.9693693693693693
0.9706811005863779,0.027927927927927927,0.971996386630533,0.9693693693693693,,,True,-0.013765376998251644,3,0.0,,0.2,-0.025170702615366396,support_threshold_calibration,2220,False,True,min,,0.9844464775846296,0.0,1.0,0.9693693693693693
0.9706811005863779,0.027927927927927927,0.971996386630533,0.9693693693693693,,,True,-0.013765376998251644,3,0.0,,0.3,-0.025170702615366396,support_threshold_calibration,2220,False,True,min,,0.9844464775846296,0.0,1.0,0.9693693693693693
0.9777373920945025,0.013513513513513514,0.9862511457378552,0.9693693693693693,,,True,-0.006709085490127054,3,0.05,,0.05,-0.012759808141679985,support_threshold_calibration,2220,True,True,min,,0.9844464775846296,0.0,1.0,0.9693693693693693
0.9706811005863779,0.027927927927927927,0.971996386630533,0.9693693693693693,,,True,-0.013765376998251644,3,0.05,,0.1,-0.025170702615366396,support_threshold_calibration,2220,False,True,min,,0.9844464775846296,0.0,1.0,0.9693693693693693
0.9706811005863779,0.027927927927927927,0.971996386630533,0.9693693693693693,,,True,-0.013765376998251644,3,0.05,,0.2,-0.025170702615366396,support_threshold_calibration,2220,False,True,min,,0.9844464775846296,0.0,1.0,0.9693693693693693
0.9706811005863779,0.027927927927927927,0.971996386630533,0.9693693693693693,,,True,-0.013765376998251644,3,0.05,,0.3,-0.025170702615366396,support_threshold_calibration,2220,False,True,min,,0.9844464775846296,0.0,1.0,0.9693693693693693
0.9777373920945025,0.013513513513513514,0.9862511457378552,0.9693693693693693,,,True,-0.006709085490127054,3,0.1,,0.05,-0.012759808141679985,support_threshold_calibration,2220,True,True,min,,0.9844464775846296,0.0,1.0,0.9693693693693693
0.9706811005863779,0.027927927927927927,0.971996386630533,0.9693693693693693,,,True,-0.013765376998251644,3,0.1,,0.1,-0.025170702615366396,support_threshold_calibration,2220,False,True,min,,0.9844464775846296,0.0,1.0,0.9693693693693693
0.9706811005863779,0.027927927927927927,0.971996386630533,0.9693693693693693,,,True,-0.013765376998251644,3,0.1,,0.2,-0.025170702615366396,support_threshold_calibration,2220,False,True,min,,0.9844464775846296,0.0,1.0,0.9693693693693693
0.9706811005863779,0.027927927927927927,0.971996386630533,0.9693693693693693,,,True,-0.013765376998251644,3,0.1,,0.3,-0.025170702615366396,support_threshold_calibration,2220,False,True,min,,0.9844464775846296,0.0,1.0,0.9693693693693693
0.9777373920945025,0.013513513513513514,0.9862511457378552,0.9693693693693693,,,True,-0.006709085490127054,3,0.15,,0.05,-0.012759808141679985,support_threshold_calibration,2220,True,True,min,,0.9844464775846296,0.0,1.0,0.9693693693693693
0.9706811005863779,0.027927927927927927,0.971996386630533,0.9693693693693693,,,True,-0.013765376998251644,3,0.15,,0.1,-0.025170702615366396,support_threshold_calibration,2220,False,True,min,,0.9844464775846296,0.0,1.0,0.9693693693693693
0.9706811005863779,0.027927927927927927,0.971996386630533,0.9693693693693693,,,True,-0.013765376998251644,3,0.15,,0.2,-0.025170702615366396,support_threshold_calibration,2220,False,True,min,,0.9844464775846296,0.0,1.0,0.9693693693693693
0.9706811005863779,0.027927927927927927,0.971996386630533,0.9693693693693693,,,True,-0.013765376998251644,3,0.15,,0.3,-0.025170702615366396,support_threshold_calibration,2220,False,True,min,,0.9844464775846296,0.0,1.0,0.9693693693693693
0.9777373920945025,0.013513513513513514,0.9862511457378552,0.9693693693693693,,,True,-0.006709085490127054,3,0.0,0.25,,-0.012759808141679985,positive_bias_adaptation,2220,True,True,min,,0.9844464775846296,0.0,1.0,0.9693693693693693
0.9706811005863779,0.027927927927927927,0.971996386630533,0.9693693693693693,,,True,-0.013765376998251644,3,0.0,0.5,,-0.025170702615366396,positive_bias_adaptation,2220,False,True,min,,0.9844464775846296,0.0,1.0,0.9693693693693693
0.9706811005863779,0.027927927927927927,0.971996386630533,0.9693693693693693,,,True,-0.013765376998251644,3,0.0,1.0,,-0.025170702615366396,positive_bias_adaptation,2220,False,True,min,,0.9844464775846296,0.0,1.0,0.9693693693693693
0.9706811005863779,0.027927927927927927,0.971996386630533,0.9693693693693693,,,True,-0.013765376998251644,3,0.0,2.0,,-0.025170702615366396,positive_bias_adaptation,2220,False,True,min,,0.9844464775846296,0.0,1.0,0.9693693693693693
0.9777373920945025,0.013513513513513514,0.9862511457378552,0.9693693693693693,,,True,-0.006709085490127054,3,0.25,0.25,,-0.012759808141679985,positive_bias_adaptation,2220,True,True,min,,0.9844464775846296,0.0,1.0,0.9693693693693693
0.9706811005863779,0.027927927927927927,0.971996386630533,0.9693693693693693,,,True,-0.013765376998251644,3,0.25,0.5,,-0.025170702615366396,positive_bias_adaptation,2220,False,True,min,,0.9844464775846296,0.0,1.0,0.9693693693693693
0.9706811005863779,0.027927927927927927,0.971996386630533,0.9693693693693693,,,True,-0.013765376998251644,3,0.25,1.0,,-0.025170702615366396,positive_bias_adaptation,2220,False,True,min,,0.9844464775846296,0.0,1.0,0.9693693693693693
0.9706811005863779,0.027927927927927927,0.971996386630533,0.9693693693693693,,,True,-0.013765376998251644,3,0.25,2.0,,-0.025170702615366396,positive_bias_adaptation,2220,False,True,min,,0.9844464775846296,0.0,1.0,0.9693693693693693
0.9777373920945025,0.013513513513513514,0.9862511457378552,0.9693693693693693,,,True,-0.006709085490127054,3,0.5,0.25,,-0.012759808141679985,positive_bias_adaptation,2220,True,True,min,,0.9844464775846296,0.0,1.0,0.9693693693693693
0.9706811005863779,0.027927927927927927,0.971996386630533,0.9693693693693693,,,True,-0.013765376998251644,3,0.5,0.5,,-0.025170702615366396,positive_bias_adaptation,2220,False,True,min,,0.9844464775846296,0.0,1.0,0.9693693693693693
0.9706811005863779,0.027927927927927927,0.971996386630533,0.9693693693693693,,,True,-0.013765376998251644,3,0.5,1.0,,-0.025170702615366396,positive_bias_adaptation,2220,False,True,min,,0.9844464775846296,0.0,1.0,0.9693693693693693
0.9706811005863779,0.027927927927927927,0.971996386630533,0.9693693693693693,,,True,-0.013765376998251644,3,0.5,2.0,,-0.025170702615366396,positive_bias_adaptation,2220,False,True,min,,0.9844464775846296,0.0,1.0,0.9693693693693693
0.9777373920945025,0.013513513513513514,0.9862511457378552,0.9693693693693693,,,True,-0.006709085490127054,3,1.0,0.25,,-0.012759808141679985,positive_bias_adaptation,2220,True,True,min,,0.9844464775846296,0.0,1.0,0.9693693693693693
0.9706811005863779,0.027927927927927927,0.971996386630533,0.9693693693693693,,,True,-0.013765376998251644,3,1.0,0.5,,-0.025170702615366396,positive_bias_adaptation,2220,False,True,min,,0.9844464775846296,0.0,1.0,0.9693693693693693
0.9706811005863779,0.027927927927927927,0.971996386630533,0.9693693693693693,,,True,-0.013765376998251644,3,1.0,1.0,,-0.025170702615366396,positive_bias_adaptation,2220,False,True,min,,0.9844464775846296,0.0,1.0,0.9693693693693693
0.9706811005863779,0.027927927927927927,0.971996386630533,0.9693693693693693,,,True,-0.013765376998251644,3,1.0,2.0,,-0.025170702615366396,positive_bias_adaptation,2220,False,True,min,,0.9844464775846296,0.0,1.0,0.9693693693693693
0.9844464775846296,0.0,1.0,0.9693693693693693,,,False,0.0,3,0.0,,0.05,0.0,support_threshold_calibration,2220,True,True,q20,,0.9844464775846296,0.0,1.0,0.9693693693693693
0.9844464775846296,0.0,1.0,0.9693693693693693,,,False,0.0,3,0.0,,0.1,0.0,support_threshold_calibration,2220,True,True,q20,,0.9844464775846296,0.0,1.0,0.9693693693693693
0.9844464775846296,0.0,1.0,0.9693693693693693,,,False,0.0,3,0.0,,0.2,0.0,support_threshold_calibration,2220,True,True,q20,,0.9844464775846296,0.0,1.0,0.9693693693693693
0.9844464775846296,0.0,1.0,0.9693693693693693,,,False,0.0,3,0.0,,0.3,0.0,support_threshold_calibration,2220,True,True,q20,,0.9844464775846296,0.0,1.0,0.9693693693693693
0.9844464775846296,0.0,1.0,0.9693693693693693,,,False,0.0,3,0.05,,0.05,0.0,support_threshold_calibration,2220,True,True,q20,,0.9844464775846296,0.0,1.0,0.9693693693693693
0.9844464775846296,0.0,1.0,0.9693693693693693,,,False,0.0,3,0.05,,0.1,0.0,support_threshold_calibration,2220,True,True,q20,,0.9844464775846296,0.0,1.0,0.9693693693693693
0.9844464775846296,0.0,1.0,0.9693693693693693,,,False,0.0,3,0.05,,0.2,0.0,support_threshold_calibration,2220,True,True,q20,,0.9844464775846296,0.0,1.0,0.9693693693693693
0.9844464775846296,0.0,1.0,0.9693693693693693,,,False,0.0,3,0.05,,0.3,0.0,support_threshold_calibration,2220,True,True,q20,,0.9844464775846296,0.0,1.0,0.9693693693693693
0.9821999087174806,0.0045045045045045045,0.9953746530989824,0.9693693693693693,,,True,-0.0022465688671489126,3,0.1,,0.05,-0.0044922170985689696,support_threshold_calibration,2220,True,True,q20,,0.9844464775846296,0.0,1.0,0.9693693693693693
0.9804100227790432,0.008108108108108109,0.9917050691244239,0.9693693693693693,,,True,-0.0040364548055863425,3,0.1,,0.1,-0.008031351560352673,support_threshold_calibration,2220,True,True,q20,,0.9844464775846296,0.0,1.0,0.9693693693693693
0.9804100227790432,0.008108108108108109,0.9917050691244239,0.9693693693693693,,,True,-0.0040364548055863425,3,0.1,,0.2,-0.008031351560352673,support_threshold_calibration,2220,True,True,q20,,0.9844464775846296,0.0,1.0,0.9693693693693693
0.9804100227790432,0.008108108108108109,0.9917050691244239,0.9693693693693693,,,True,-0.0040364548055863425,3,0.1,,0.3,-0.008031351560352673,support_threshold_calibration,2220,True,True,q20,,0.9844464775846296,0.0,1.0,0.9693693693693693
0.9821999087174806,0.0045045045045045045,0.9953746530989824,0.9693693693693693,,,True,-0.0022465688671489126,3,0.15,,0.05,-0.0044922170985689696,support_threshold_calibration,2220,True,True,q20,,0.9844464775846296,0.0,1.0,0.9693693693693693
0.979517523896222,0.00990990990990991,0.9898804047838087,0.9693693693693693,,,True,-0.004928953688407511,3,0.15,,0.1,-0.009720403249404356,support_threshold_calibration,2220,True,True,q20,,0.9844464775846296,0.0,1.0,0.9693693693693693
0.979517523896222,0.00990990990990991,0.9898804047838087,0.9693693693693693,,,True,-0.004928953688407511,3,0.15,,0.2,-0.009720403249404356,support_threshold_calibration,2220,True,True,q20,,0.9844464775846296,0.0,1.0,0.9693693693693693
0.979517523896222,0.00990990990990991,0.9898804047838087,0.9693693693693693,,,True,-0.004928953688407511,3,0.15,,0.3,-0.009720403249404356,support_threshold_calibration,2220,True,True,q20,,0.9844464775846296,0.0,1.0,0.9693693693693693
0.9777373920945025,0.013513513513513514,0.9862511457378552,0.9693693693693693,,,True,-0.006709085490127054,3,0.0,0.25,,-0.012759808141679985,positive_bias_adaptation,2220,True,True,q20,,0.9844464775846296,0.0,1.0,0.9693693693693693
0.9706811005863779,0.027927927927927927,0.971996386630533,0.9693693693693693,,,True,-0.013765376998251644,3,0.0,0.5,,-0.025170702615366396,positive_bias_adaptation,2220,False,True,q20,,0.9844464775846296,0.0,1.0,0.9693693693693693
0.9706811005863779,0.027927927927927927,0.971996386630533,0.9693693693693693,,,True,-0.013765376998251644,3,0.0,1.0,,-0.025170702615366396,positive_bias_adaptation,2220,False,True,q20,,0.9844464775846296,0.0,1.0,0.9693693693693693
0.9706811005863779,0.027927927927927927,0.971996386630533,0.9693693693693693,,,True,-0.013765376998251644,3,0.0,2.0,,-0.025170702615366396,positive_bias_adaptation,2220,False,True,q20,,0.9844464775846296,0.0,1.0,0.9693693693693693
0.9777373920945025,0.013513513513513514,0.9862511457378552,0.9693693693693693,,,True,-0.006709085490127054,3,0.25,0.25,,-0.012759808141679985,positive_bias_adaptation,2220,True,True,q20,,0.9844464775846296,0.0,1.0,0.9693693693693693
0.9706811005863779,0.027927927927927927,0.971996386630533,0.9693693693693693,,,True,-0.013765376998251644,3,0.25,0.5,,-0.025170702615366396,positive_bias_adaptation,2220,False,True,q20,,0.9844464775846296,0.0,1.0,0.9693693693693693
0.9706811005863779,0.027927927927927927,0.971996386630533,0.9693693693693693,,,True,-0.013765376998251644,3,0.25,1.0,,-0.025170702615366396,positive_bias_adaptation,2220,False,True,q20,,0.9844464775846296,0.0,1.0,0.9693693693693693
0.9706811005863779,0.027927927927927927,0.971996386630533,0.9693693693693693,,,True,-0.013765376998251644,3,0.25,2.0,,-0.025170702615366396,positive_bias_adaptation,2220,False,True,q20,,0.9844464775846296,0.0,1.0,0.9693693693693693
0.9777373920945025,0.013513513513513514,0.9862511457378552,0.9693693693693693,,,True,-0.006709085490127054,3,0.5,0.25,,-0.012759808141679985,positive_bias_adaptation,2220,True,True,q20,,0.9844464775846296,0.0,1.0,0.9693693693693693
0.9706811005863779,0.027927927927927927,0.971996386630533,0.9693693693693693,,,True,-0.013765376998251644,3,0.5,0.5,,-0.025170702615366396,positive_bias_adaptation,2220,False,True,q20,,0.9844464775846296,0.0,1.0,0.9693693693693693
0.9706811005863779,0.027927927927927927,0.971996386630533,0.9693693693693693,,,True,-0.013765376998251644,3,0.5,1.0,,-0.025170702615366396,positive_bias_adaptation,2220,False,True,q20,,0.9844464775846296,0.0,1.0,0.9693693693693693
0.9706811005863779,0.027927927927927927,0.971996386630533,0.9693693693693693,,,True,-0.013765376998251644,3,0.5,2.0,,-0.025170702615366396,positive_bias_adaptation,2220,False,True,q20,,0.9844464775846296,0.0,1.0,0.9693693693693693
0.9777373920945025,0.013513513513513514,0.9862511457378552,0.9693693693693693,,,True,-0.006709085490127054,3,1.0,0.25,,-0.012759808141679985,positive_bias_adaptation,2220,True,True,q20,,0.9844464775846296,0.0,1.0,0.9693693693693693
0.9706811005863779,0.027927927927927927,0.971996386630533,0.9693693693693693,,,True,-0.013765376998251644,3,1.0,0.5,,-0.025170702615366396,positive_bias_adaptation,2220,False,True,q20,,0.9844464775846296,0.0,1.0,0.9693693693693693
0.9706811005863779,0.027927927927927927,0.971996386630533,0.9693693693693693,,,True,-0.013765376998251644,3,1.0,1.0,,-0.025170702615366396,positive_bias_adaptation,2220,False,True,q20,,0.9844464775846296,0.0,1.0,0.9693693693693693
0.9706811005863779,0.027927927927927927,0.971996386630533,0.9693693693693693,,,True,-0.013765376998251644,3,1.0,2.0,,-0.025170702615366396,positive_bias_adaptation,2220,False,True,q20,,0.9844464775846296,0.0,1.0,0.9693693693693693
0.9844464775846296,0.0,1.0,0.9693693693693693,,,False,0.0,3,0.0,,0.05,0.0,support_threshold_calibration,2220,True,True,median,,0.9844464775846296,0.0,1.0,0.9693693693693693
0.9844464775846296,0.0,1.0,0.9693693693693693,,,False,0.0,3,0.0,,0.1,0.0,support_threshold_calibration,2220,True,True,median,,0.9844464775846296,0.0,1.0,0.9693693693693693
0.9844464775846296,0.0,1.0,0.9693693693693693,,,False,0.0,3,0.0,,0.2,0.0,support_threshold_calibration,2220,True,True,median,,0.9844464775846296,0.0,1.0,0.9693693693693693
0.9844464775846296,0.0,1.0,0.9693693693693693,,,False,0.0,3,0.0,,0.3,0.0,support_threshold_calibration,2220,True,True,median,,0.9844464775846296,0.0,1.0,0.9693693693693693
0.9844464775846296,0.0,1.0,0.9693693693693693,,,False,0.0,3,0.05,,0.05,0.0,support_threshold_calibration,2220,True,True,median,,0.9844464775846296,0.0,1.0,0.9693693693693693
0.9844464775846296,0.0,1.0,0.9693693693693693,,,False,0.0,3,0.05,,0.1,0.0,support_threshold_calibration,2220,True,True,median,,0.9844464775846296,0.0,1.0,0.9693693693693693
0.9844464775846296,0.0,1.0,0.9693693693693693,,,False,0.0,3,0.05,,0.2,0.0,support_threshold_calibration,2220,True,True,median,,0.9844464775846296,0.0,1.0,0.9693693693693693
0.9844464775846296,0.0,1.0,0.9693693693693693,,,False,0.0,3,0.05,,0.3,0.0,support_threshold_calibration,2220,True,True,median,,0.9844464775846296,0.0,1.0,0.9693693693693693
0.9844464775846296,0.0,1.0,0.9693693693693693,,,False,0.0,3,0.1,,0.05,0.0,support_threshold_calibration,2220,True,True,median,,0.9844464775846296,0.0,1.0,0.9693693693693693
0.9844464775846296,0.0,1.0,0.9693693693693693,,,False,0.0,3,0.1,,0.1,0.0,support_threshold_calibration,2220,True,True,median,,0.9844464775846296,0.0,1.0,0.9693693693693693
0.9844464775846296,0.0,1.0,0.9693693693693693,,,False,0.0,3,0.1,,0.2,0.0,support_threshold_calibration,2220,True,True,median,,0.9844464775846296,0.0,1.0,0.9693693693693693
0.9844464775846296,0.0,1.0,0.9693693693693693,,,False,0.0,3,0.1,,0.3,0.0,support_threshold_calibration,2220,True,True,median,,0.9844464775846296,0.0,1.0,0.9693693693693693
0.9844464775846296,0.0,1.0,0.9693693693693693,,,False,0.0,3,0.15,,0.05,0.0,support_threshold_calibration,2220,True,True,median,,0.9844464775846296,0.0,1.0,0.9693693693693693
0.9844464775846296,0.0,1.0,0.9693693693693693,,,False,0.0,3,0.15,,0.1,0.0,support_threshold_calibration,2220,True,True,median,,0.9844464775846296,0.0,1.0,0.9693693693693693
0.9844464775846296,0.0,1.0,0.9693693693693693,,,False,0.0,3,0.15,,0.2,0.0,support_threshold_calibration,2220,True,True,median,,0.9844464775846296,0.0,1.0,0.9693693693693693
0.9844464775846296,0.0,1.0,0.9693693693693693,,,False,0.0,3,0.15,,0.3,0.0,support_threshold_calibration,2220,True,True,median,,0.9844464775846296,0.0,1.0,0.9693693693693693
0.9844464775846296,0.0,1.0,0.9693693693693693,,,False,0.0,3,0.0,0.25,,0.0,positive_bias_adaptation,2220,True,True,median,,0.9844464775846296,0.0,1.0,0.9693693693693693
0.9844464775846296,0.0,1.0,0.9693693693693693,,,False,0.0,3,0.0,0.5,,0.0,positive_bias_adaptation,2220,True,True,median,,0.9844464775846296,0.0,1.0,0.9693693693693693
0.9844464775846296,0.0,1.0,0.9693693693693693,,,False,0.0,3,0.0,1.0,,0.0,positive_bias_adaptation,2220,True,True,median,,0.9844464775846296,0.0,1.0,0.9693693693693693
0.9844464775846296,0.0,1.0,0.9693693693693693,,,False,0.0,3,0.0,2.0,,0.0,positive_bias_adaptation,2220,True,True,median,,0.9844464775846296,0.0,1.0,0.9693693693693693
0.9844464775846296,0.0,1.0,0.9693693693693693,,,False,0.0,3,0.25,0.25,,0.0,positive_bias_adaptation,2220,True,True,median,,0.9844464775846296,0.0,1.0,0.9693693693693693
0.9844464775846296,0.0,1.0,0.9693693693693693,,,False,0.0,3,0.25,0.5,,0.0,positive_bias_adaptation,2220,True,True,median,,0.9844464775846296,0.0,1.0,0.9693693693693693
0.9844464775846296,0.0,1.0,0.9693693693693693,,,False,0.0,3,0.25,1.0,,0.0,positive_bias_adaptation,2220,True,True,median,,0.9844464775846296,0.0,1.0,0.9693693693693693
0.9844464775846296,0.0,1.0,0.9693693693693693,,,False,0.0,3,0.25,2.0,,0.0,positive_bias_adaptation,2220,True,True,median,,0.9844464775846296,0.0,1.0,0.9693693693693693
0.9844464775846296,0.0,1.0,0.9693693693693693,,,False,0.0,3,0.5,0.25,,0.0,positive_bias_adaptation,2220,True,True,median,,0.9844464775846296,0.0,1.0,0.9693693693693693
0.9844464775846296,0.0,1.0,0.9693693693693693,,,False,0.0,3,0.5,0.5,,0.0,positive_bias_adaptation,2220,True,True,median,,0.9844464775846296,0.0,1.0,0.9693693693693693
0.9844464775846296,0.0,1.0,0.9693693693693693,,,False,0.0,3,0.5,1.0,,0.0,positive_bias_adaptation,2220,True,True,median,,0.9844464775846296,0.0,1.0,0.9693693693693693
0.9844464775846296,0.0,1.0,0.9693693693693693,,,False,0.0,3,0.5,2.0,,0.0,positive_bias_adaptation,2220,True,True,median,,0.9844464775846296,0.0,1.0,0.9693693693693693
0.9844464775846296,0.0,1.0,0.9693693693693693,,,False,0.0,3,1.0,0.25,,0.0,positive_bias_adaptation,2220,True,True,median,,0.9844464775846296,0.0,1.0,0.9693693693693693
0.9844464775846296,0.0,1.0,0.9693693693693693,,,False,0.0,3,1.0,0.5,,0.0,positive_bias_adaptation,2220,True,True,median,,0.9844464775846296,0.0,1.0,0.9693693693693693
0.9844464775846296,0.0,1.0,0.9693693693693693,,,False,0.0,3,1.0,1.0,,0.0,positive_bias_adaptation,2220,True,True,median,,0.9844464775846296,0.0,1.0,0.9693693693693693
0.9844464775846296,0.0,1.0,0.9693693693693693,,,False,0.0,3,1.0,2.0,,0.0,positive_bias_adaptation,2220,True,True,median,,0.9844464775846296,0.0,1.0,0.9693693693693693
0.9797794117647058,0.0,1.0,0.9603603603603603,0.25,0.0,True,-0.00466706581992371,3,,,,-0.004754754754754768,prototype_fusion,2220,True,True,,0.2786380350589752,0.9844464775846296,0.0,1.0,0.9693693693693693
0.9797794117647058,0.0,1.0,0.9603603603603603,0.25,0.0,True,-0.00466706581992371,3,,,,-0.004754754754754768,prototype_fusion,2220,True,True,,0.5,0.9844464775846296,0.0,1.0,0.9693693693693693
0.9703153988868274,0.0,1.0,0.9423423423423424,0.25,0.0,True,-0.014131078697802169,3,,,,-0.007318857318857323,prototype_fusion,2220,True,True,,0.75,0.9844464775846296,0.0,1.0,0.9693693693693693
0.9659990684676293,0.0,1.0,0.9342342342342342,0.25,0.0,True,-0.01844740911700027,3,,,,-0.008498622557491656,prototype_fusion,2220,True,True,,0.9,0.9844464775846296,0.0,1.0,0.9693693693693693
0.9443651925820257,0.0,1.0,0.8945945945945946,0.25,0.0,True,-0.040081285002603884,3,,,,-0.07646357953235372,prototype_fusion,2220,True,True,,1.0,0.9844464775846296,0.0,1.0,0.9693693693693693
0.9797794117647058,0.0,1.0,0.9603603603603603,0.25,0.25,True,-0.00466706581992371,3,,,,-0.004754754754754768,prototype_fusion,2220,True,True,,0.2786380350589752,0.9844464775846296,0.0,1.0,0.9693693693693693
0.9750692520775623,0.0,1.0,0.9513513513513514,0.25,0.25,True,-0.00937722550706721,3,,,,-0.006027019385798027,prototype_fusion,2220,True,True,,0.5,0.9844464775846296,0.0,1.0,0.9693693693693693
0.9659990684676293,0.0,1.0,0.9342342342342342,0.25,0.25,True,-0.01844740911700027,3,,,,-0.008498622557491656,prototype_fusion,2220,True,True,,0.75,0.9844464775846296,0.0,1.0,0.9693693693693693
0.9597000937207123,0.0,1.0,0.9225225225225225,0.25,0.25,True,-0.024746383863917254,3,,,,-0.0427236524087258,prototype_fusion,2220,True,True,,0.9,0.9844464775846296,0.0,1.0,0.9693693693693693
,0.0,,0.0,0.25,0.25,True,,3,,,,,prototype_fusion,2220,True,True,,1.0,0.9844464775846296,0.0,1.0,0.9693693693693693
0.9797794117647058,0.0,1.0,0.9603603603603603,0.25,0.5,True,-0.00466706581992371,3,,,,-0.004754754754754768,prototype_fusion,2220,True,True,,0.2786380350589752,0.9844464775846296,0.0,1.0,0.9693693693693693
0.9750692520775623,0.0,1.0,0.9513513513513514,0.25,0.5,True,-0.00937722550706721,3,,,,-0.006027019385798027,prototype_fusion,2220,True,True,,0.5,0.9844464775846296,0.0,1.0,0.9693693693693693
0.9659990684676293,0.0,1.0,0.9342342342342342,0.25,0.5,True,-0.01844740911700027,3,,,,-0.008498622557491656,prototype_fusion,2220,True,True,,0.75,0.9844464775846296,0.0,1.0,0.9693693693693693
0.9321789321789321,0.0,1.0,0.8729729729729729,0.25,0.5,True,-0.052267545405697446,3,,,,-0.07989782415463885,prototype_fusion,2220,True,True,,0.9,0.9844464775846296,0.0,1.0,0.9693693693693693
,0.0,,0.0,0.25,0.5,True,,3,,,,,prototype_fusion,2220,True,True,,1.0,0.9844464775846296,0.0,1.0,0.9693693693693693
0.9797794117647058,0.0,1.0,0.9603603603603603,0.5,0.0,True,-0.00466706581992371,3,,,,-0.004754754754754768,prototype_fusion,2220,True,True,,0.2786380350589752,0.9844464775846296,0.0,1.0,0.9693693693693693
0.9797794117647058,0.0,1.0,0.9603603603603603,0.5,0.0,True,-0.00466706581992371,3,,,,-0.004754754754754768,prototype_fusion,2220,True,True,,0.5,0.9844464775846296,0.0,1.0,0.9693693693693693
0.9707927677329625,0.0,1.0,0.9432432432432433,0.5,0.0,True,-0.013653709851667029,3,,,,-0.007188779863645374,prototype_fusion,2220,True,True,,0.75,0.9844464775846296,0.0,1.0,0.9693693693693693
0.9698375870069607,0.0,1.0,0.9414414414414415,0.5,0.0,True,-0.014608890577668898,3,,,,-0.007449135047287503,prototype_fusion,2220,True,True,,0.9,0.9844464775846296,0.0,1.0,0.9693693693693693
0.9659990684676293,0.0,1.0,0.9342342342342342,0.5,0.0,True,-0.01844740911700027,3,,,,-0.008498622557491656,prototype_fusion,2220,True,True,,1.0,0.9844464775846296,0.0,1.0,0.9693693693693693
0.9797794117647058,0.0,1.0,0.9603603603603603,0.5,0.25,True,-0.00466706581992371,3,,,,-0.004754754754754768,prototype_fusion,2220,True,True,,0.2786380350589752,0.9844464775846296,0.0,1.0,0.9693693693693693
0.9750692520775623,0.0,1.0,0.9513513513513514,0.5,0.25,True,-0.00937722550706721,3,,,,-0.006027019385798027,prototype_fusion,2220,True,True,,0.5,0.9844464775846296,0.0,1.0,0.9693693693693693
0.9703153988868274,0.0,1.0,0.9423423423423424,0.5,0.25,True,-0.014131078697802169,3,,,,-0.007318857318857323,prototype_fusion,2220,True,True,,0.75,0.9844464775846296,0.0,1.0,0.9693693693693693
0.9659990684676293,0.0,1.0,0.9342342342342342,0.5,0.25,True,-0.01844740911700027,3,,,,-0.008498622557491656,prototype_fusion,2220,True,True,,0.9,0.9844464775846296,0.0,1.0,0.9693693693693693
0.9659990684676293,0.0,1.0,0.9342342342342342,0.5,0.25,True,-0.01844740911700027,3,,,,-0.008498622557491656,prototype_fusion,2220,True,True,,1.0,0.9844464775846296,0.0,1.0,0.9693693693693693
0.9797794117647058,0.0,1.0,0.9603603603603603,0.5,0.5,True,-0.00466706581992371,3,,,,-0.004754754754754768,prototype_fusion,2220,True,True,,0.2786380350589752,0.9844464775846296,0.0,1.0,0.9693693693693693
0.9707927677329625,0.0,1.0,0.9432432432432433,0.5,0.5,True,-0.013653709851667029,3,,,,-0.007188779863645374,prototype_fusion,2220,True,True,,0.5,0.9844464775846296,0.0,1.0,0.9693693693693693
0.9659990684676293,0.0,1.0,0.9342342342342342,0.5,0.5,True,-0.01844740911700027,3,,,,-0.008498622557491656,prototype_fusion,2220,True,True,,0.75,0.9844464775846296,0.0,1.0,0.9693693693693693
0.965034965034965,0.0,1.0,0.9324324324324325,0.5,0.5,True,-0.019411512549664556,3,,,,-0.008763029903448849,prototype_fusion,2220,True,True,,0.9,0.9844464775846296,0.0,1.0,0.9693693693693693
0.9367816091954023,0.0,1.0,0.8810810810810811,0.5,0.5,True,-0.04766486838922723,3,,,,-0.07859436590875131,prototype_fusion,2220,True,True,,1.0,0.9844464775846296,0.0,1.0,0.9693693693693693
0.9797794117647058,0.0,1.0,0.9603603603603603,1.0,0.0,True,-0.00466706581992371,3,,,,-0.004754754754754768,prototype_fusion,2220,True,True,,0.2786380350589752,0.9844464775846296,0.0,1.0,0.9693693693693693
0.9797794117647058,0.0,1.0,0.9603603603603603,1.0,0.0,True,-0.00466706581992371,3,,,,-0.004754754754754768,prototype_fusion,2220,True,True,,0.5,0.9844464775846296,0.0,1.0,0.9693693693693693
0.9750692520775623,0.0,1.0,0.9513513513513514,1.0,0.0,True,-0.00937722550706721,3,,,,-0.006027019385798027,prototype_fusion,2220,True,True,,0.75,0.9844464775846296,0.0,1.0,0.9693693693693693
0.9712696941612604,0.0,1.0,0.9441441441441442,1.0,0.0,True,-0.013176783423369143,3,,,,-0.007058902220192546,prototype_fusion,2220,True,True,,0.9,0.9844464775846296,0.0,1.0,0.9693693693693693
0.9703153988868274,0.0,1.0,0.9423423423423424,1.0,0.0,True,-0.014131078697802169,3,,,,-0.007318857318857323,prototype_fusion,2220,True,True,,1.0,0.9844464775846296,0.0,1.0,0.9693693693693693
0.9797794117647058,0.0,1.0,0.9603603603603603,1.0,0.25,True,-0.00466706581992371,3,,,,-0.004754754754754768,prototype_fusion,2220,True,True,,0.2786380350589752,0.9844464775846296,0.0,1.0,0.9693693693693693
0.9750692520775623,0.0,1.0,0.9513513513513514,1.0,0.25,True,-0.00937722550706721,3,,,,-0.006027019385798027,prototype_fusion,2220,True,True,,0.5,0.9844464775846296,0.0,1.0,0.9693693693693693
0.9703153988868274,0.0,1.0,0.9423423423423424,1.0,0.25,True,-0.014131078697802169,3,,,,-0.007318857318857323,prototype_fusion,2220,True,True,,0.75,0.9844464775846296,0.0,1.0,0.9693693693693693
0.9698375870069607,0.0,1.0,0.9414414414414415,1.0,0.25,True,-0.014608890577668898,3,,,,-0.007449135047287503,prototype_fusion,2220,True,True,,0.9,0.9844464775846296,0.0,1.0,0.9693693693693693
0.9659990684676293,0.0,1.0,0.9342342342342342,1.0,0.25,True,-0.01844740911700027,3,,,,-0.008498622557491656,prototype_fusion,2220,True,True,,1.0,0.9844464775846296,0.0,1.0,0.9693693693693693
0.9750692520775623,0.0,1.0,0.9513513513513514,1.0,0.5,True,-0.00937722550706721,3,,,,-0.006027019385798027,prototype_fusion,2220,True,True,,0.2786380350589752,0.9844464775846296,0.0,1.0,0.9693693693693693
0.9703153988868274,0.0,1.0,0.9423423423423424,1.0,0.5,True,-0.014131078697802169,3,,,,-0.007318857318857323,prototype_fusion,2220,True,True,,0.5,0.9844464775846296,0.0,1.0,0.9693693693693693
0.9659990684676293,0.0,1.0,0.9342342342342342,1.0,0.5,True,-0.01844740911700027,3,,,,-0.008498622557491656,prototype_fusion,2220,True,True,,0.75,0.9844464775846296,0.0,1.0,0.9693693693693693
0.9659990684676293,0.0,1.0,0.9342342342342342,1.0,0.5,True,-0.01844740911700027,3,,,,-0.008498622557491656,prototype_fusion,2220,True,True,,0.9,0.9844464775846296,0.0,1.0,0.9693693693693693
0.9659990684676293,0.0,1.0,0.9342342342342342,1.0,0.5,True,-0.01844740911700027,3,,,,-0.008498622557491656,prototype_fusion,2220,True,True,,1.0,0.9844464775846296,0.0,1.0,0.9693693693693693
0.9797794117647058,0.0,1.0,0.9603603603603603,2.0,0.0,True,-0.00466706581992371,3,,,,-0.004754754754754768,prototype_fusion,2220,True,True,,0.2786380350589752,0.9844464775846296,0.0,1.0,0.9693693693693693
0.9797794117647058,0.0,1.0,0.9603603603603603,2.0,0.0,True,-0.00466706581992371,3,,,,-0.004754754754754768,prototype_fusion,2220,True,True,,0.5,0.9844464775846296,0.0,1.0,0.9693693693693693
0.9779005524861878,0.0,1.0,0.9567567567567568,2.0,0.0,True,-0.006545925098441763,3,,,,-0.005261340367723355,prototype_fusion,2220,True,True,,0.75,0.9844464775846296,0.0,1.0,0.9693693693693693
0.9755422242731888,0.0,1.0,0.9522522522522523,2.0,0.0,True,-0.008904253311440735,3,,,,-0.005898919514480165,prototype_fusion,2220,True,True,,0.9,0.9844464775846296,0.0,1.0,0.9693693693693693
0.9750692520775623,0.0,1.0,0.9513513513513514,2.0,0.0,True,-0.00937722550706721,3,,,,-0.006027019385798027,prototype_fusion,2220,True,True,,1.0,0.9844464775846296,0.0,1.0,0.9693693693693693
0.9774297558728696,0.0,1.0,0.9558558558558559,2.0,0.25,True,-0.007016721711759932,3,,,,-0.0053884683162249885,prototype_fusion,2220,True,True,,0.2786380350589752,0.9844464775846296,0.0,1.0,0.9693693693693693
0.9750692520775623,0.0,1.0,0.9513513513513514,2.0,0.25,True,-0.00937722550706721,3,,,,-0.006027019385798027,prototype_fusion,2220,True,True,,0.5,0.9844464775846296,0.0,1.0,0.9693693693693693
0.9712696941612604,0.0,1.0,0.9441441441441442,2.0,0.25,True,-0.013176783423369143,3,,,,-0.007058902220192546,prototype_fusion,2220,True,True,,0.75,0.9844464775846296,0.0,1.0,0.9693693693693693
0.9703153988868274,0.0,1.0,0.9423423423423424,2.0,0.25,True,-0.014131078697802169,3,,,,-0.007318857318857323,prototype_fusion,2220,True,True,,0.9,0.9844464775846296,0.0,1.0,0.9693693693693693
0.9703153988868274,0.0,1.0,0.9423423423423424,2.0,0.25,True,-0.014131078697802169,3,,,,-0.007318857318857323,prototype_fusion,2220,True,True,,1.0,0.9844464775846296,0.0,1.0,0.9693693693693693
0.9707927677329625,0.0,1.0,0.9432432432432433,2.0,0.5,True,-0.013653709851667029,3,,,,-0.007188779863645374,prototype_fusion,2220,True,True,,0.2786380350589752,0.9844464775846296,0.0,1.0,0.9693693693693693
0.9703153988868274,0.0,1.0,0.9423423423423424,2.0,0.5,True,-0.014131078697802169,3,,,,-0.007318857318857323,prototype_fusion,2220,True,True,,0.5,0.9844464775846296,0.0,1.0,0.9693693693693693
0.9688806316767301,0.0,1.0,0.9396396396396396,2.0,0.5,True,-0.015565845907899445,3,,,,-0.007710293176754257,prototype_fusion,2220,True,True,,0.75,0.9844464775846296,0.0,1.0,0.9693693693693693
0.9659990684676293,0.0,1.0,0.9342342342342342,2.0,0.5,True,-0.01844740911700027,3,,,,-0.008498622557491656,prototype_fusion,2220,True,True,,0.9,0.9844464775846296,0.0,1.0,0.9693693693693693
0.9659990684676293,0.0,1.0,0.9342342342342342,2.0,0.5,True,-0.01844740911700027,3,,,,-0.008498622557491656,prototype_fusion,2220,True,True,,1.0,0.9844464775846296,0.0,1.0,0.9693693693693693
0.9797794117647058,0.0,1.0,0.9603603603603603,4.0,0.0,True,-0.00466706581992371,3,,,,-0.004754754754754768,prototype_fusion,2220,True,True,,0.2786380350589752,0.9844464775846296,0.0,1.0,0.9693693693693693
0.9797794117647058,0.0,1.0,0.9603603603603603,4.0,0.0,True,-0.00466706581992371,3,,,,-0.004754754754754768,prototype_fusion,2220,True,True,,0.5,0.9844464775846296,0.0,1.0,0.9693693693693693
0.9793103448275862,0.0,1.0,0.9594594594594594,4.0,0.0,True,-0.005136132757043388,3,,,,-0.00488111310704185,prototype_fusion,2220,True,True,,0.75,0.9844464775846296,0.0,1.0,0.9693693693693693
0.9788408463661453,0.0,1.0,0.9585585585585585,4.0,0.0,True,-0.0056056312184842305,3,,,,-0.005007663201896921,prototype_fusion,2220,True,True,,0.9,0.9844464775846296,0.0,1.0,0.9693693693693693
0.9779005524861878,0.0,1.0,0.9567567567567568,4.0,0.0,True,-0.006545925098441763,3,,,,-0.005261340367723355,prototype_fusion,2220,True,True,,1.0,0.9844464775846296,0.0,1.0,0.9693693693693693
0.9755422242731888,0.0,1.0,0.9522522522522523,4.0,0.25,True,-0.008904253311440735,3,,,,-0.005898919514480165,prototype_fusion,2220,True,True,,0.2786380350589752,0.9844464775846296,0.0,1.0,0.9693693693693693
0.9745958429561201,0.0,1.0,0.9504504504504504,4.0,0.25,True,-0.009850634628509436,3,,,,-0.006155314978844417,prototype_fusion,2220,True,True,,0.5,0.9844464775846296,0.0,1.0,0.9693693693693693
0.973172987974098,0.0,1.0,0.9477477477477477,4.0,0.25,True,-0.01127348961053154,3,,,,-0.006541380584259626,prototype_fusion,2220,True,True,,0.75,0.9844464775846296,0.0,1.0,0.9693693693693693
0.9712696941612604,0.0,1.0,0.9441441441441442,4.0,0.25,True,-0.013176783423369143,3,,,,-0.007058902220192546,prototype_fusion,2220,True,True,,0.9,0.9844464775846296,0.0,1.0,0.9693693693693693
0.9707927677329625,0.0,1.0,0.9432432432432433,4.0,0.25,True,-0.013653709851667029,3,,,,-0.007188779863645374,prototype_fusion,2220,True,True,,1.0,0.9844464775846296,0.0,1.0,0.9693693693693693
0.9703153988868274,0.0,1.0,0.9423423423423424,4.0,0.5,True,-0.014131078697802169,3,,,,-0.007318857318857323,prototype_fusion,2220,True,True,,0.2786380350589752,0.9844464775846296,0.0,1.0,0.9693693693693693
0.9703153988868274,0.0,1.0,0.9423423423423424,4.0,0.5,True,-0.014131078697802169,3,,,,-0.007318857318857323,prototype_fusion,2220,True,True,,0.5,0.9844464775846296,0.0,1.0,0.9693693693693693
0.9693593314763231,0.0,1.0,0.9405405405405406,4.0,0.5,True,-0.015087146108306415,3,,,,-0.0075796135118169254,prototype_fusion,2220,True,True,,0.75,0.9844464775846296,0.0,1.0,0.9693693693693693
0.9679218967921897,0.0,1.0,0.9378378378378378,4.0,0.5,True,-0.016524580792439902,3,,,,-0.007972257972257979,prototype_fusion,2220,True,True,,0.9,0.9844464775846296,0.0,1.0,0.9693693693693693
0.9664804469273743,0.0,1.0,0.9351351351351351,4.0,0.5,True,-0.017966030657255216,3,,,,-0.008366725858985938,prototype_fusion,2220,True,True,,1.0,0.9844464775846296,0.0,1.0,0.9693693693693693
0.996383363471971,0.0,1.0,0.9927927927927928,,,True,0.01193688588734143,3,,,,0.020764667106130508,qwen_exact_or_two_stage,2220,True,False,,,0.9844464775846296,0.0,1.0,0.9693693693693693
0.9890710382513661,0.0,1.0,0.9783783783783784,,,False,0.0,4,0.0,,0.05,0.0,support_threshold_calibration,2220,True,True,min,,0.9890710382513661,0.0,1.0,0.9783783783783784
0.9890710382513661,0.0,1.0,0.9783783783783784,,,False,0.0,4,0.0,,0.1,0.0,support_threshold_calibration,2220,True,True,min,,0.9890710382513661,0.0,1.0,0.9783783783783784
0.9890710382513661,0.0,1.0,0.9783783783783784,,,False,0.0,4,0.0,,0.2,0.0,support_threshold_calibration,2220,True,True,min,,0.9890710382513661,0.0,1.0,0.9783783783783784
0.9863760217983651,0.005405405405405406,0.9945054945054945,0.9783783783783784,,,True,-0.0026950164530009646,4,0.0,,0.3,-0.0053605450963929435,support_threshold_calibration,2220,True,True,min,,0.9890710382513661,0.0,1.0,0.9783783783783784
0.9890710382513661,0.0,1.0,0.9783783783783784,,,False,0.0,4,0.05,,0.05,0.0,support_threshold_calibration,2220,True,True,min,,0.9890710382513661,0.0,1.0,0.9783783783783784
0.9890710382513661,0.0,1.0,0.9783783783783784,,,False,0.0,4,0.05,,0.1,0.0,support_threshold_calibration,2220,True,True,min,,0.9890710382513661,0.0,1.0,0.9783783783783784
0.9890710382513661,0.0,1.0,0.9783783783783784,,,False,0.0,4,0.05,,0.2,0.0,support_threshold_calibration,2220,True,True,min,,0.9890710382513661,0.0,1.0,0.9783783783783784
0.9863760217983651,0.005405405405405406,0.9945054945054945,0.9783783783783784,,,True,-0.0026950164530009646,4,0.05,,0.3,-0.0053605450963929435,support_threshold_calibration,2220,True,True,min,,0.9890710382513661,0.0,1.0,0.9783783783783784
0.9890710382513661,0.0,1.0,0.9783783783783784,,,False,0.0,4,0.1,,0.05,0.0,support_threshold_calibration,2220,True,True,min,,0.9890710382513661,0.0,1.0,0.9783783783783784
0.9890710382513661,0.0,1.0,0.9783783783783784,,,False,0.0,4,0.1,,0.1,0.0,support_threshold_calibration,2220,True,True,min,,0.9890710382513661,0.0,1.0,0.9783783783783784
0.9890710382513661,0.0,1.0,0.9783783783783784,,,False,0.0,4,0.1,,0.2,0.0,support_threshold_calibration,2220,True,True,min,,0.9890710382513661,0.0,1.0,0.9783783783783784
0.9863760217983651,0.005405405405405406,0.9945054945054945,0.9783783783783784,,,True,-0.0026950164530009646,4,0.1,,0.3,-0.0053605450963929435,support_threshold_calibration,2220,True,True,min,,0.9890710382513661,0.0,1.0,0.9783783783783784
0.9890710382513661,0.0,1.0,0.9783783783783784,,,False,0.0,4,0.15,,0.05,0.0,support_threshold_calibration,2220,True,True,min,,0.9890710382513661,0.0,1.0,0.9783783783783784
0.9890710382513661,0.0,1.0,0.9783783783783784,,,False,0.0,4,0.15,,0.1,0.0,support_threshold_calibration,2220,True,True,min,,0.9890710382513661,0.0,1.0,0.9783783783783784
0.9890710382513661,0.0,1.0,0.9783783783783784,,,False,0.0,4,0.15,,0.2,0.0,support_threshold_calibration,2220,True,True,min,,0.9890710382513661,0.0,1.0,0.9783783783783784
0.9863760217983651,0.005405405405405406,0.9945054945054945,0.9783783783783784,,,True,-0.0026950164530009646,4,0.15,,0.3,-0.0053605450963929435,support_threshold_calibration,2220,True,True,min,,0.9890710382513661,0.0,1.0,0.9783783783783784
0.9890710382513661,0.0,1.0,0.9783783783783784,,,False,0.0,4,0.0,0.25,,0.0,positive_bias_adaptation,2220,True,True,min,,0.9890710382513661,0.0,1.0,0.9783783783783784
0.9890710382513661,0.0,1.0,0.9783783783783784,,,False,0.0,4,0.0,0.5,,0.0,positive_bias_adaptation,2220,True,True,min,,0.9890710382513661,0.0,1.0,0.9783783783783784
0.9890710382513661,0.0,1.0,0.9783783783783784,,,False,0.0,4,0.0,1.0,,0.0,positive_bias_adaptation,2220,True,True,min,,0.9890710382513661,0.0,1.0,0.9783783783783784
0.9836956521739131,0.010810810810810811,0.9890710382513661,0.9783783783783784,,,True,-0.005375386077453026,4,0.0,2.0,,-0.010373379159506332,positive_bias_adaptation,2220,True,True,min,,0.9890710382513661,0.0,1.0,0.9783783783783784
0.9890710382513661,0.0,1.0,0.9783783783783784,,,False,0.0,4,0.25,0.25,,0.0,positive_bias_adaptation,2220,True,True,min,,0.9890710382513661,0.0,1.0,0.9783783783783784
0.9890710382513661,0.0,1.0,0.9783783783783784,,,False,0.0,4,0.25,0.5,,0.0,positive_bias_adaptation,2220,True,True,min,,0.9890710382513661,0.0,1.0,0.9783783783783784
0.9890710382513661,0.0,1.0,0.9783783783783784,,,False,0.0,4,0.25,1.0,,0.0,positive_bias_adaptation,2220,True,True,min,,0.9890710382513661,0.0,1.0,0.9783783783783784
0.9836956521739131,0.010810810810810811,0.9890710382513661,0.9783783783783784,,,True,-0.005375386077453026,4,0.25,2.0,,-0.010373379159506332,positive_bias_adaptation,2220,True,True,min,,0.9890710382513661,0.0,1.0,0.9783783783783784
0.9890710382513661,0.0,1.0,0.9783783783783784,,,False,0.0,4,0.5,0.25,,0.0,positive_bias_adaptation,2220,True,True,min,,0.9890710382513661,0.0,1.0,0.9783783783783784
0.9890710382513661,0.0,1.0,0.9783783783783784,,,False,0.0,4,0.5,0.5,,0.0,positive_bias_adaptation,2220,True,True,min,,0.9890710382513661,0.0,1.0,0.9783783783783784
0.9890710382513661,0.0,1.0,0.9783783783783784,,,False,0.0,4,0.5,1.0,,0.0,positive_bias_adaptation,2220,True,True,min,,0.9890710382513661,0.0,1.0,0.9783783783783784
0.9836956521739131,0.010810810810810811,0.9890710382513661,0.9783783783783784,,,True,-0.005375386077453026,4,0.5,2.0,,-0.010373379159506332,positive_bias_adaptation,2220,True,True,min,,0.9890710382513661,0.0,1.0,0.9783783783783784
0.9890710382513661,0.0,1.0,0.9783783783783784,,,False,0.0,4,1.0,0.25,,0.0,positive_bias_adaptation,2220,True,True,min,,0.9890710382513661,0.0,1.0,0.9783783783783784
0.9890710382513661,0.0,1.0,0.9783783783783784,,,False,0.0,4,1.0,0.5,,0.0,positive_bias_adaptation,2220,True,True,min,,0.9890710382513661,0.0,1.0,0.9783783783783784
0.9890710382513661,0.0,1.0,0.9783783783783784,,,False,0.0,4,1.0,1.0,,0.0,positive_bias_adaptation,2220,True,True,min,,0.9890710382513661,0.0,1.0,0.9783783783783784
0.9836956521739131,0.010810810810810811,0.9890710382513661,0.9783783783783784,,,True,-0.005375386077453026,4,1.0,2.0,,-0.010373379159506332,positive_bias_adaptation,2220,True,True,min,,0.9890710382513661,0.0,1.0,0.9783783783783784
0.9890710382513661,0.0,1.0,0.9783783783783784,,,False,0.0,4,0.0,,0.05,0.0,support_threshold_calibration,2220,True,True,q20,,0.9890710382513661,0.0,1.0,0.9783783783783784
0.9890710382513661,0.0,1.0,0.9783783783783784,,,False,0.0,4,0.0,,0.1,0.0,support_threshold_calibration,2220,True,True,q20,,0.9890710382513661,0.0,1.0,0.9783783783783784
0.9890710382513661,0.0,1.0,0.9783783783783784,,,False,0.0,4,0.0,,0.2,0.0,support_threshold_calibration,2220,True,True,q20,,0.9890710382513661,0.0,1.0,0.9783783783783784
0.9881710646041856,0.0018018018018018018,0.9981617647058824,0.9783783783783784,,,True,-0.0008999736471805297,4,0.0,,0.3,-0.0018276906138177673,support_threshold_calibration,2220,True,True,q20,,0.9890710382513661,0.0,1.0,0.9783783783783784
0.9890710382513661,0.0,1.0,0.9783783783783784,,,False,0.0,4,0.05,,0.05,0.0,support_threshold_calibration,2220,True,True,q20,,0.9890710382513661,0.0,1.0,0.9783783783783784
0.9890710382513661,0.0,1.0,0.9783783783783784,,,False,0.0,4,0.05,,0.1,0.0,support_threshold_calibration,2220,True,True,q20,,0.9890710382513661,0.0,1.0,0.9783783783783784
0.9890710382513661,0.0,1.0,0.9783783783783784,,,False,0.0,4,0.05,,0.2,0.0,support_threshold_calibration,2220,True,True,q20,,0.9890710382513661,0.0,1.0,0.9783783783783784
0.9881710646041856,0.0018018018018018018,0.9981617647058824,0.9783783783783784,,,True,-0.0008999736471805297,4,0.05,,0.3,-0.0018276906138177673,support_threshold_calibration,2220,True,True,q20,,0.9890710382513661,0.0,1.0,0.9783783783783784
0.9890710382513661,0.0,1.0,0.9783783783783784,,,False,0.0,4,0.1,,0.05,0.0,support_threshold_calibration,2220,True,True,q20,,0.9890710382513661,0.0,1.0,0.9783783783783784
0.9890710382513661,0.0,1.0,0.9783783783783784,,,False,0.0,4,0.1,,0.1,0.0,support_threshold_calibration,2220,True,True,q20,,0.9890710382513661,0.0,1.0,0.9783783783783784
0.9890710382513661,0.0,1.0,0.9783783783783784,,,False,0.0,4,0.1,,0.2,0.0,support_threshold_calibration,2220,True,True,q20,,0.9890710382513661,0.0,1.0,0.9783783783783784
0.9881710646041856,0.0018018018018018018,0.9981617647058824,0.9783783783783784,,,True,-0.0008999736471805297,4,0.1,,0.3,-0.0018276906138177673,support_threshold_calibration,2220,True,True,q20,,0.9890710382513661,0.0,1.0,0.9783783783783784
0.9890710382513661,0.0,1.0,0.9783783783783784,,,False,0.0,4,0.15,,0.05,0.0,support_threshold_calibration,2220,True,True,q20,,0.9890710382513661,0.0,1.0,0.9783783783783784
0.9890710382513661,0.0,1.0,0.9783783783783784,,,False,0.0,4,0.15,,0.1,0.0,support_threshold_calibration,2220,True,True,q20,,0.9890710382513661,0.0,1.0,0.9783783783783784
0.9890710382513661,0.0,1.0,0.9783783783783784,,,False,0.0,4,0.15,,0.2,0.0,support_threshold_calibration,2220,True,True,q20,,0.9890710382513661,0.0,1.0,0.9783783783783784
0.9881710646041856,0.0018018018018018018,0.9981617647058824,0.9783783783783784,,,True,-0.0008999736471805297,4,0.15,,0.3,-0.0018276906138177673,support_threshold_calibration,2220,True,True,q20,,0.9890710382513661,0.0,1.0,0.9783783783783784
0.9890710382513661,0.0,1.0,0.9783783783783784,,,False,0.0,4,0.0,0.25,,0.0,positive_bias_adaptation,2220,True,True,q20,,0.9890710382513661,0.0,1.0,0.9783783783783784
0.9890710382513661,0.0,1.0,0.9783783783783784,,,False,0.0,4,0.0,0.5,,0.0,positive_bias_adaptation,2220,True,True,q20,,0.9890710382513661,0.0,1.0,0.9783783783783784
0.9890710382513661,0.0,1.0,0.9783783783783784,,,False,0.0,4,0.0,1.0,,0.0,positive_bias_adaptation,2220,True,True,q20,,0.9890710382513661,0.0,1.0,0.9783783783783784
0.9836956521739131,0.010810810810810811,0.9890710382513661,0.9783783783783784,,,True,-0.005375386077453026,4,0.0,2.0,,-0.010373379159506332,positive_bias_adaptation,2220,True,True,q20,,0.9890710382513661,0.0,1.0,0.9783783783783784
0.9890710382513661,0.0,1.0,0.9783783783783784,,,False,0.0,4,0.25,0.25,,0.0,positive_bias_adaptation,2220,True,True,q20,,0.9890710382513661,0.0,1.0,0.9783783783783784
0.9890710382513661,0.0,1.0,0.9783783783783784,,,False,0.0,4,0.25,0.5,,0.0,positive_bias_adaptation,2220,True,True,q20,,0.9890710382513661,0.0,1.0,0.9783783783783784
0.9890710382513661,0.0,1.0,0.9783783783783784,,,False,0.0,4,0.25,1.0,,0.0,positive_bias_adaptation,2220,True,True,q20,,0.9890710382513661,0.0,1.0,0.9783783783783784
0.9836956521739131,0.010810810810810811,0.9890710382513661,0.9783783783783784,,,True,-0.005375386077453026,4,0.25,2.0,,-0.010373379159506332,positive_bias_adaptation,2220,True,True,q20,,0.9890710382513661,0.0,1.0,0.9783783783783784
0.9890710382513661,0.0,1.0,0.9783783783783784,,,False,0.0,4,0.5,0.25,,0.0,positive_bias_adaptation,2220,True,True,q20,,0.9890710382513661,0.0,1.0,0.9783783783783784
0.9890710382513661,0.0,1.0,0.9783783783783784,,,False,0.0,4,0.5,0.5,,0.0,positive_bias_adaptation,2220,True,True,q20,,0.9890710382513661,0.0,1.0,0.9783783783783784
0.9890710382513661,0.0,1.0,0.9783783783783784,,,False,0.0,4,0.5,1.0,,0.0,positive_bias_adaptation,2220,True,True,q20,,0.9890710382513661,0.0,1.0,0.9783783783783784
0.9836956521739131,0.010810810810810811,0.9890710382513661,0.9783783783783784,,,True,-0.005375386077453026,4,0.5,2.0,,-0.010373379159506332,positive_bias_adaptation,2220,True,True,q20,,0.9890710382513661,0.0,1.0,0.9783783783783784
0.9890710382513661,0.0,1.0,0.9783783783783784,,,False,0.0,4,1.0,0.25,,0.0,positive_bias_adaptation,2220,True,True,q20,,0.9890710382513661,0.0,1.0,0.9783783783783784
0.9890710382513661,0.0,1.0,0.9783783783783784,,,False,0.0,4,1.0,0.5,,0.0,positive_bias_adaptation,2220,True,True,q20,,0.9890710382513661,0.0,1.0,0.9783783783783784
0.9890710382513661,0.0,1.0,0.9783783783783784,,,False,0.0,4,1.0,1.0,,0.0,positive_bias_adaptation,2220,True,True,q20,,0.9890710382513661,0.0,1.0,0.9783783783783784
0.9836956521739131,0.010810810810810811,0.9890710382513661,0.9783783783783784,,,True,-0.005375386077453026,4,1.0,2.0,,-0.010373379159506332,positive_bias_adaptation,2220,True,True,q20,,0.9890710382513661,0.0,1.0,0.9783783783783784
0.9890710382513661,0.0,1.0,0.9783783783783784,,,False,0.0,4,0.0,,0.05,0.0,support_threshold_calibration,2220,True,True,median,,0.9890710382513661,0.0,1.0,0.9783783783783784
0.9890710382513661,0.0,1.0,0.9783783783783784,,,False,0.0,4,0.0,,0.1,0.0,support_threshold_calibration,2220,True,True,median,,0.9890710382513661,0.0,1.0,0.9783783783783784
0.9890710382513661,0.0,1.0,0.9783783783783784,,,False,0.0,4,0.0,,0.2,0.0,support_threshold_calibration,2220,True,True,median,,0.9890710382513661,0.0,1.0,0.9783783783783784
0.9890710382513661,0.0,1.0,0.9783783783783784,,,False,0.0,4,0.0,,0.3,0.0,support_threshold_calibration,2220,True,True,median,,0.9890710382513661,0.0,1.0,0.9783783783783784
0.9890710382513661,0.0,1.0,0.9783783783783784,,,False,0.0,4,0.05,,0.05,0.0,support_threshold_calibration,2220,True,True,median,,0.9890710382513661,0.0,1.0,0.9783783783783784
0.9890710382513661,0.0,1.0,0.9783783783783784,,,False,0.0,4,0.05,,0.1,0.0,support_threshold_calibration,2220,True,True,median,,0.9890710382513661,0.0,1.0,0.9783783783783784
0.9890710382513661,0.0,1.0,0.9783783783783784,,,False,0.0,4,0.05,,0.2,0.0,support_threshold_calibration,2220,True,True,median,,0.9890710382513661,0.0,1.0,0.9783783783783784
0.9890710382513661,0.0,1.0,0.9783783783783784,,,False,0.0,4,0.05,,0.3,0.0,support_threshold_calibration,2220,True,True,median,,0.9890710382513661,0.0,1.0,0.9783783783783784
0.9890710382513661,0.0,1.0,0.9783783783783784,,,False,0.0,4,0.1,,0.05,0.0,support_threshold_calibration,2220,True,True,median,,0.9890710382513661,0.0,1.0,0.9783783783783784
0.9890710382513661,0.0,1.0,0.9783783783783784,,,False,0.0,4,0.1,,0.1,0.0,support_threshold_calibration,2220,True,True,median,,0.9890710382513661,0.0,1.0,0.9783783783783784
0.9890710382513661,0.0,1.0,0.9783783783783784,,,False,0.0,4,0.1,,0.2,0.0,support_threshold_calibration,2220,True,True,median,,0.9890710382513661,0.0,1.0,0.9783783783783784
0.9890710382513661,0.0,1.0,0.9783783783783784,,,False,0.0,4,0.1,,0.3,0.0,support_threshold_calibration,2220,True,True,median,,0.9890710382513661,0.0,1.0,0.9783783783783784
0.9890710382513661,0.0,1.0,0.9783783783783784,,,False,0.0,4,0.15,,0.05,0.0,support_threshold_calibration,2220,True,True,median,,0.9890710382513661,0.0,1.0,0.9783783783783784
0.9890710382513661,0.0,1.0,0.9783783783783784,,,False,0.0,4,0.15,,0.1,0.0,support_threshold_calibration,2220,True,True,median,,0.9890710382513661,0.0,1.0,0.9783783783783784
0.9890710382513661,0.0,1.0,0.9783783783783784,,,False,0.0,4,0.15,,0.2,0.0,support_threshold_calibration,2220,True,True,median,,0.9890710382513661,0.0,1.0,0.9783783783783784
0.9890710382513661,0.0,1.0,0.9783783783783784,,,False,0.0,4,0.15,,0.3,0.0,support_threshold_calibration,2220,True,True,median,,0.9890710382513661,0.0,1.0,0.9783783783783784
0.9890710382513661,0.0,1.0,0.9783783783783784,,,False,0.0,4,0.0,0.25,,0.0,positive_bias_adaptation,2220,True,True,median,,0.9890710382513661,0.0,1.0,0.9783783783783784
0.9890710382513661,0.0,1.0,0.9783783783783784,,,False,0.0,4,0.0,0.5,,0.0,positive_bias_adaptation,2220,True,True,median,,0.9890710382513661,0.0,1.0,0.9783783783783784
0.9890710382513661,0.0,1.0,0.9783783783783784,,,False,0.0,4,0.0,1.0,,0.0,positive_bias_adaptation,2220,True,True,median,,0.9890710382513661,0.0,1.0,0.9783783783783784
0.9890710382513661,0.0,1.0,0.9783783783783784,,,False,0.0,4,0.0,2.0,,0.0,positive_bias_adaptation,2220,True,True,median,,0.9890710382513661,0.0,1.0,0.9783783783783784
0.9890710382513661,0.0,1.0,0.9783783783783784,,,False,0.0,4,0.25,0.25,,0.0,positive_bias_adaptation,2220,True,True,median,,0.9890710382513661,0.0,1.0,0.9783783783783784
0.9890710382513661,0.0,1.0,0.9783783783783784,,,False,0.0,4,0.25,0.5,,0.0,positive_bias_adaptation,2220,True,True,median,,0.9890710382513661,0.0,1.0,0.9783783783783784
0.9890710382513661,0.0,1.0,0.9783783783783784,,,False,0.0,4,0.25,1.0,,0.0,positive_bias_adaptation,2220,True,True,median,,0.9890710382513661,0.0,1.0,0.9783783783783784
0.9890710382513661,0.0,1.0,0.9783783783783784,,,False,0.0,4,0.25,2.0,,0.0,positive_bias_adaptation,2220,True,True,median,,0.9890710382513661,0.0,1.0,0.9783783783783784
0.9890710382513661,0.0,1.0,0.9783783783783784,,,False,0.0,4,0.5,0.25,,0.0,positive_bias_adaptation,2220,True,True,median,,0.9890710382513661,0.0,1.0,0.9783783783783784
0.9890710382513661,0.0,1.0,0.9783783783783784,,,False,0.0,4,0.5,0.5,,0.0,positive_bias_adaptation,2220,True,True,median,,0.9890710382513661,0.0,1.0,0.9783783783783784
0.9890710382513661,0.0,1.0,0.9783783783783784,,,False,0.0,4,0.5,1.0,,0.0,positive_bias_adaptation,2220,True,True,median,,0.9890710382513661,0.0,1.0,0.9783783783783784
0.9890710382513661,0.0,1.0,0.9783783783783784,,,False,0.0,4,0.5,2.0,,0.0,positive_bias_adaptation,2220,True,True,median,,0.9890710382513661,0.0,1.0,0.9783783783783784
0.9890710382513661,0.0,1.0,0.9783783783783784,,,False,0.0,4,1.0,0.25,,0.0,positive_bias_adaptation,2220,True,True,median,,0.9890710382513661,0.0,1.0,0.9783783783783784
0.9890710382513661,0.0,1.0,0.9783783783783784,,,False,0.0,4,1.0,0.5,,0.0,positive_bias_adaptation,2220,True,True,median,,0.9890710382513661,0.0,1.0,0.9783783783783784
0.9890710382513661,0.0,1.0,0.9783783783783784,,,False,0.0,4,1.0,1.0,,0.0,positive_bias_adaptation,2220,True,True,median,,0.9890710382513661,0.0,1.0,0.9783783783783784
0.9890710382513661,0.0,1.0,0.9783783783783784,,,False,0.0,4,1.0,2.0,,0.0,positive_bias_adaptation,2220,True,True,median,,0.9890710382513661,0.0,1.0,0.9783783783783784
0.9890710382513661,0.0,1.0,0.9783783783783784,0.25,0.0,False,0.0,4,,,,0.0,prototype_fusion,2220,True,True,,0.5,0.9890710382513661,0.0,1.0,0.9783783783783784
0.9890710382513661,0.0,1.0,0.9783783783783784,0.25,0.0,False,0.0,4,,,,0.0,prototype_fusion,2220,True,True,,0.7182523012161255,0.9890710382513661,0.0,1.0,0.9783783783783784
0.9890710382513661,0.0,1.0,0.9783783783783784,0.25,0.0,False,0.0,4,,,,0.0,prototype_fusion,2220,True,True,,0.75,0.9890710382513661,0.0,1.0,0.9783783783783784
0.9890710382513661,0.0,1.0,0.9783783783783784,0.25,0.0,False,0.0,4,,,,0.0,prototype_fusion,2220,True,True,,0.9,0.9890710382513661,0.0,1.0,0.9783783783783784
0.9844464775846296,0.0,1.0,0.9693693693693693,0.25,0.0,True,-0.004624560666736555,4,,,,-0.004504504504504496,prototype_fusion,2220,True,True,,1.0,0.9890710382513661,0.0,1.0,0.9783783783783784
0.9890710382513661,0.0,1.0,0.9783783783783784,0.25,0.25,False,0.0,4,,,,0.0,prototype_fusion,2220,True,True,,0.5,0.9890710382513661,0.0,1.0,0.9783783783783784
0.9890710382513661,0.0,1.0,0.9783783783783784,0.25,0.25,False,0.0,4,,,,0.0,prototype_fusion,2220,True,True,,0.7182523012161255,0.9890710382513661,0.0,1.0,0.9783783783783784
0.9890710382513661,0.0,1.0,0.9783783783783784,0.25,0.25,False,0.0,4,,,,0.0,prototype_fusion,2220,True,True,,0.75,0.9890710382513661,0.0,1.0,0.9783783783783784
0.9844464775846296,0.0,1.0,0.9693693693693693,0.25,0.25,True,-0.004624560666736555,4,,,,-0.004504504504504496,prototype_fusion,2220,True,True,,0.9,0.9890710382513661,0.0,1.0,0.9783783783783784
,0.0,,0.0,0.25,0.25,True,,4,,,,,prototype_fusion,2220,True,True,,1.0,0.9890710382513661,0.0,1.0,0.9783783783783784
0.9890710382513661,0.0,1.0,0.9783783783783784,0.25,0.5,False,0.0,4,,,,0.0,prototype_fusion,2220,True,True,,0.5,0.9890710382513661,0.0,1.0,0.9783783783783784
0.9890710382513661,0.0,1.0,0.9783783783783784,0.25,0.5,False,0.0,4,,,,0.0,prototype_fusion,2220,True,True,,0.7182523012161255,0.9890710382513661,0.0,1.0,0.9783783783783784
0.9890710382513661,0.0,1.0,0.9783783783783784,0.25,0.5,False,0.0,4,,,,0.0,prototype_fusion,2220,True,True,,0.75,0.9890710382513661,0.0,1.0,0.9783783783783784
0.9769585253456221,0.0,1.0,0.954954954954955,0.25,0.5,True,-0.012112512905744,4,,,,-0.01884032879724588,prototype_fusion,2220,True,True,,0.9,0.9890710382513661,0.0,1.0,0.9783783783783784
,0.0,,0.0,0.25,0.5,True,,4,,,,,prototype_fusion,2220,True,True,,1.0,0.9890710382513661,0.0,1.0,0.9783783783783784
0.9877216916780355,0.002702702702702703,0.9972451790633609,0.9783783783783784,0.5,0.0,True,-0.0013493465733306342,4,,,,-0.00037792894935752736,prototype_fusion,2220,True,True,,0.5,0.9890710382513661,0.0,1.0,0.9783783783783784
0.9890710382513661,0.0,1.0,0.9783783783783784,0.5,0.0,False,0.0,4,,,,0.0,prototype_fusion,2220,True,True,,0.7182523012161255,0.9890710382513661,0.0,1.0,0.9783783783783784
0.9890710382513661,0.0,1.0,0.9783783783783784,0.5,0.0,False,0.0,4,,,,0.0,prototype_fusion,2220,True,True,,0.75,0.9890710382513661,0.0,1.0,0.9783783783783784
0.9890710382513661,0.0,1.0,0.9783783783783784,0.5,0.0,False,0.0,4,,,,0.0,prototype_fusion,2220,True,True,,0.9,0.9890710382513661,0.0,1.0,0.9783783783783784
0.9890710382513661,0.0,1.0,0.9783783783783784,0.5,0.0,False,0.0,4,,,,0.0,prototype_fusion,2220,True,True,,1.0,0.9890710382513661,0.0,1.0,0.9783783783783784
0.9890710382513661,0.0,1.0,0.9783783783783784,0.5,0.25,False,0.0,4,,,,0.0,prototype_fusion,2220,True,True,,0.5,0.9890710382513661,0.0,1.0,0.9783783783783784
0.9890710382513661,0.0,1.0,0.9783783783783784,0.5,0.25,False,0.0,4,,,,0.0,prototype_fusion,2220,True,True,,0.7182523012161255,0.9890710382513661,0.0,1.0,0.9783783783783784
0.9890710382513661,0.0,1.0,0.9783783783783784,0.5,0.25,False,0.0,4,,,,0.0,prototype_fusion,2220,True,True,,0.75,0.9890710382513661,0.0,1.0,0.9783783783783784
0.9890710382513661,0.0,1.0,0.9783783783783784,0.5,0.25,False,0.0,4,,,,0.0,prototype_fusion,2220,True,True,,0.9,0.9890710382513661,0.0,1.0,0.9783783783783784
0.9844464775846296,0.0,1.0,0.9693693693693693,0.5,0.25,True,-0.004624560666736555,4,,,,-0.004504504504504496,prototype_fusion,2220,True,True,,1.0,0.9890710382513661,0.0,1.0,0.9783783783783784
0.9890710382513661,0.0,1.0,0.9783783783783784,0.5,0.5,False,0.0,4,,,,0.0,prototype_fusion,2220,True,True,,0.5,0.9890710382513661,0.0,1.0,0.9783783783783784
0.9890710382513661,0.0,1.0,0.9783783783783784,0.5,0.5,False,0.0,4,,,,0.0,prototype_fusion,2220,True,True,,0.7182523012161255,0.9890710382513661,0.0,1.0,0.9783783783783784
0.9890710382513661,0.0,1.0,0.9783783783783784,0.5,0.5,False,0.0,4,,,,0.0,prototype_fusion,2220,True,True,,0.75,0.9890710382513661,0.0,1.0,0.9783783783783784
0.9844464775846296,0.0,1.0,0.9693693693693693,0.5,0.5,True,-0.004624560666736555,4,,,,-0.004504504504504496,prototype_fusion,2220,True,True,,0.9,0.9890710382513661,0.0,1.0,0.9783783783783784
0.9844464775846296,0.0,1.0,0.9693693693693693,0.5,0.5,True,-0.004624560666736555,4,,,,-0.004504504504504496,prototype_fusion,2220,True,True,,1.0,0.9890710382513661,0.0,1.0,0.9783783783783784
0.9859282796187018,0.006306306306306306,0.9935956084172004,0.9783783783783784,1.0,0.0,True,-0.003142758632664333,4,,,,-0.0008791760864104344,prototype_fusion,2220,True,True,,0.5,0.9890710382513661,0.0,1.0,0.9783783783783784
0.9890710382513661,0.0,1.0,0.9783783783783784,1.0,0.0,False,0.0,4,,,,0.0,prototype_fusion,2220,True,True,,0.7182523012161255,0.9890710382513661,0.0,1.0,0.9783783783783784
0.9890710382513661,0.0,1.0,0.9783783783783784,1.0,0.0,False,0.0,4,,,,0.0,prototype_fusion,2220,True,True,,0.75,0.9890710382513661,0.0,1.0,0.9783783783783784
0.9890710382513661,0.0,1.0,0.9783783783783784,1.0,0.0,False,0.0,4,,,,0.0,prototype_fusion,2220,True,True,,0.9,0.9890710382513661,0.0,1.0,0.9783783783783784
0.9890710382513661,0.0,1.0,0.9783783783783784,1.0,0.0,False,0.0,4,,,,0.0,prototype_fusion,2220,True,True,,1.0,0.9890710382513661,0.0,1.0,0.9783783783783784
0.9890710382513661,0.0,1.0,0.9783783783783784,1.0,0.25,False,0.0,4,,,,0.0,prototype_fusion,2220,True,True,,0.5,0.9890710382513661,0.0,1.0,0.9783783783783784
0.9890710382513661,0.0,1.0,0.9783783783783784,1.0,0.25,False,0.0,4,,,,0.0,prototype_fusion,2220,True,True,,0.7182523012161255,0.9890710382513661,0.0,1.0,0.9783783783783784
0.9890710382513661,0.0,1.0,0.9783783783783784,1.0,0.25,False,0.0,4,,,,0.0,prototype_fusion,2220,True,True,,0.75,0.9890710382513661,0.0,1.0,0.9783783783783784
0.9890710382513661,0.0,1.0,0.9783783783783784,1.0,0.25,False,0.0,4,,,,0.0,prototype_fusion,2220,True,True,,0.9,0.9890710382513661,0.0,1.0,0.9783783783783784
0.9890710382513661,0.0,1.0,0.9783783783783784,1.0,0.25,False,0.0,4,,,,0.0,prototype_fusion,2220,True,True,,1.0,0.9890710382513661,0.0,1.0,0.9783783783783784
0.9890710382513661,0.0,1.0,0.9783783783783784,1.0,0.5,False,0.0,4,,,,0.0,prototype_fusion,2220,True,True,,0.5,0.9890710382513661,0.0,1.0,0.9783783783783784
0.9890710382513661,0.0,1.0,0.9783783783783784,1.0,0.5,False,0.0,4,,,,0.0,prototype_fusion,2220,True,True,,0.7182523012161255,0.9890710382513661,0.0,1.0,0.9783783783783784
0.9890710382513661,0.0,1.0,0.9783783783783784,1.0,0.5,False,0.0,4,,,,0.0,prototype_fusion,2220,True,True,,0.75,0.9890710382513661,0.0,1.0,0.9783783783783784
0.9890710382513661,0.0,1.0,0.9783783783783784,1.0,0.5,False,0.0,4,,,,0.0,prototype_fusion,2220,True,True,,0.9,0.9890710382513661,0.0,1.0,0.9783783783783784
0.9844464775846296,0.0,1.0,0.9693693693693693,1.0,0.5,True,-0.004624560666736555,4,,,,-0.004504504504504496,prototype_fusion,2220,True,True,,1.0,0.9890710382513661,0.0,1.0,0.9783783783783784
0.985480943738657,0.007207207207207207,0.9926873857404022,0.9783783783783784,2.0,0.0,True,-0.0035900945127090855,4,,,,-0.0010040160642570406,prototype_fusion,2220,True,True,,0.5,0.9890710382513661,0.0,1.0,0.9783783783783784
0.9881710646041856,0.0018018018018018018,0.9981617647058824,0.9783783783783784,2.0,0.0,True,-0.0008999736471805297,4,,,,-0.00025214321734743733,prototype_fusion,2220,True,True,,0.7182523012161255,0.9890710382513661,0.0,1.0,0.9783783783783784
0.9886208466090122,0.0009009009009009009,0.9990800367985281,0.9783783783783784,2.0,0.0,True,-0.0004501916423539365,4,,,,-0.00012616704516780577,prototype_fusion,2220,True,True,,0.75,0.9890710382513661,0.0,1.0,0.9783783783783784
0.9890710382513661,0.0,1.0,0.9783783783783784,2.0,0.0,False,0.0,4,,,,0.0,prototype_fusion,2220,True,True,,0.9,0.9890710382513661,0.0,1.0,0.9783783783783784
0.9890710382513661,0.0,1.0,0.9783783783783784,2.0,0.0,False,0.0,4,,,,0.0,prototype_fusion,2220,True,True,,1.0,0.9890710382513661,0.0,1.0,0.9783783783783784
0.9890710382513661,0.0,1.0,0.9783783783783784,2.0,0.25,False,0.0,4,,,,0.0,prototype_fusion,2220,True,True,,0.5,0.9890710382513661,0.0,1.0,0.9783783783783784
0.9890710382513661,0.0,1.0,0.9783783783783784,2.0,0.25,False,0.0,4,,,,0.0,prototype_fusion,2220,True,True,,0.7182523012161255,0.9890710382513661,0.0,1.0,0.9783783783783784
0.9890710382513661,0.0,1.0,0.9783783783783784,2.0,0.25,False,0.0,4,,,,0.0,prototype_fusion,2220,True,True,,0.75,0.9890710382513661,0.0,1.0,0.9783783783783784
0.9890710382513661,0.0,1.0,0.9783783783783784,2.0,0.25,False,0.0,4,,,,0.0,prototype_fusion,2220,True,True,,0.9,0.9890710382513661,0.0,1.0,0.9783783783783784
0.9890710382513661,0.0,1.0,0.9783783783783784,2.0,0.25,False,0.0,4,,,,0.0,prototype_fusion,2220,True,True,,1.0,0.9890710382513661,0.0,1.0,0.9783783783783784
0.9890710382513661,0.0,1.0,0.9783783783783784,2.0,0.5,False,0.0,4,,,,0.0,prototype_fusion,2220,True,True,,0.5,0.9890710382513661,0.0,1.0,0.9783783783783784
0.9890710382513661,0.0,1.0,0.9783783783783784,2.0,0.5,False,0.0,4,,,,0.0,prototype_fusion,2220,True,True,,0.7182523012161255,0.9890710382513661,0.0,1.0,0.9783783783783784
0.9890710382513661,0.0,1.0,0.9783783783783784,2.0,0.5,False,0.0,4,,,,0.0,prototype_fusion,2220,True,True,,0.75,0.9890710382513661,0.0,1.0,0.9783783783783784
0.9890710382513661,0.0,1.0,0.9783783783783784,2.0,0.5,False,0.0,4,,,,0.0,prototype_fusion,2220,True,True,,0.9,0.9890710382513661,0.0,1.0,0.9783783783783784
0.9890710382513661,0.0,1.0,0.9783783783783784,2.0,0.5,False,0.0,4,,,,0.0,prototype_fusion,2220,True,True,,1.0,0.9890710382513661,0.0,1.0,0.9783783783783784
0.9850340136054423,0.008108108108108109,0.9917808219178083,0.9783783783783784,4.0,0.0,True,-0.004037024645923815,4,,,,-0.0011286681715575637,prototype_fusion,2220,True,True,,0.5,0.9890710382513661,0.0,1.0,0.9783783783783784
0.9859282796187018,0.006306306306306306,0.9935956084172004,0.9783783783783784,4.0,0.0,True,-0.003142758632664333,4,,,,-0.0008791760864104344,prototype_fusion,2220,True,True,,0.7182523012161255,0.9890710382513661,0.0,1.0,0.9783783783783784
0.9868241708314403,0.0045045045045045045,0.995417048579285,0.9783783783783784,4.0,0.0,True,-0.0022468674199258576,4,,,,-0.0006289308176100628,prototype_fusion,2220,True,True,,0.75,0.9890710382513661,0.0,1.0,0.9783783783783784
0.9877216916780355,0.002702702702702703,0.9972451790633609,0.9783783783783784,4.0,0.0,True,-0.0013493465733306342,4,,,,-0.00037792894935752736,prototype_fusion,2220,True,True,,0.9,0.9890710382513661,0.0,1.0,0.9783783783783784
0.9881710646041856,0.0018018018018018018,0.9981617647058824,0.9783783783783784,4.0,0.0,True,-0.0008999736471805297,4,,,,-0.00025214321734743733,prototype_fusion,2220,True,True,,1.0,0.9890710382513661,0.0,1.0,0.9783783783783784
0.9890710382513661,0.0,1.0,0.9783783783783784,4.0,0.25,False,0.0,4,,,,0.0,prototype_fusion,2220,True,True,,0.5,0.9890710382513661,0.0,1.0,0.9783783783783784
0.9890710382513661,0.0,1.0,0.9783783783783784,4.0,0.25,False,0.0,4,,,,0.0,prototype_fusion,2220,True,True,,0.7182523012161255,0.9890710382513661,0.0,1.0,0.9783783783783784
0.9890710382513661,0.0,1.0,0.9783783783783784,4.0,0.25,False,0.0,4,,,,0.0,prototype_fusion,2220,True,True,,0.75,0.9890710382513661,0.0,1.0,0.9783783783783784
0.9890710382513661,0.0,1.0,0.9783783783783784,4.0,0.25,False,0.0,4,,,,0.0,prototype_fusion,2220,True,True,,0.9,0.9890710382513661,0.0,1.0,0.9783783783783784
0.9890710382513661,0.0,1.0,0.9783783783783784,4.0,0.25,False,0.0,4,,,,0.0,prototype_fusion,2220,True,True,,1.0,0.9890710382513661,0.0,1.0,0.9783783783783784
0.9890710382513661,0.0,1.0,0.9783783783783784,4.0,0.5,False,0.0,4,,,,0.0,prototype_fusion,2220,True,True,,0.5,0.9890710382513661,0.0,1.0,0.9783783783783784
0.9890710382513661,0.0,1.0,0.9783783783783784,4.0,0.5,False,0.0,4,,,,0.0,prototype_fusion,2220,True,True,,0.7182523012161255,0.9890710382513661,0.0,1.0,0.9783783783783784
0.9890710382513661,0.0,1.0,0.9783783783783784,4.0,0.5,False,0.0,4,,,,0.0,prototype_fusion,2220,True,True,,0.75,0.9890710382513661,0.0,1.0,0.9783783783783784
0.9890710382513661,0.0,1.0,0.9783783783783784,4.0,0.5,False,0.0,4,,,,0.0,prototype_fusion,2220,True,True,,0.9,0.9890710382513661,0.0,1.0,0.9783783783783784
0.9890710382513661,0.0,1.0,0.9783783783783784,4.0,0.5,False,0.0,4,,,,0.0,prototype_fusion,2220,True,True,,1.0,0.9890710382513661,0.0,1.0,0.9783783783783784
0.996383363471971,0.0,1.0,0.9927927927927928,,,True,0.007312325220604876,4,,,,0.01626016260162601,qwen_exact_or_two_stage,2220,True,False,,,0.9890710382513661,0.0,1.0,0.9783783783783784
