dev_delta_f1,dev_f1,dev_fpr,dev_recall,doctor_alias,method,recipe,safe,selected,shot,support_based
0.0,0.9323583180987203,0.0,0.8732876712328768,D001,no_adaptation,"{""method"": ""no_adaptation""}",True,False,3,False
0.002337048555785315,0.9346953666545056,0.0,0.8773972602739726,D001,target_threshold_calibration,"{""margin"": 0.0, ""max_threshold_drop"": 0.05, ""method"": ""target_threshold_calibration""}",True,False,3,True
0.0,0.9323583180987203,0.0,0.8732876712328768,D001,stage1_threshold_calibration,"{""margin"": 0.0, ""max_threshold_drop"": 0.05, ""method"": ""stage1_threshold_calibration""}",True,False,3,True
0.0337046324903425,0.9660629505890628,0.007017543859649123,0.9407534246575342,D001,target_threshold_calibration,"{""margin"": 0.02, ""max_threshold_drop"": 0.05, ""method"": ""target_threshold_calibration""}",True,False,3,True
0.0,0.9323583180987203,0.0,0.8732876712328768,D001,stage1_threshold_calibration,"{""margin"": 0.02, ""max_threshold_drop"": 0.05, ""method"": ""stage1_threshold_calibration""}",True,False,3,True
0.034966511536086764,0.967324829634807,0.012280701754385965,0.947945205479452,D001,target_threshold_calibration,"{""margin"": 0.05, ""max_threshold_drop"": 0.05, ""method"": ""target_threshold_calibration""}",True,False,3,True
0.00039021991297572,0.932748538011696,0.0,0.873972602739726,D001,stage1_threshold_calibration,"{""margin"": 0.05, ""max_threshold_drop"": 0.05, ""method"": ""stage1_threshold_calibration""}",True,False,3,True
0.002337048555785315,0.9346953666545056,0.0,0.8773972602739726,D001,target_threshold_calibration,"{""margin"": 0.0, ""max_threshold_drop"": 0.1, ""method"": ""target_threshold_calibration""}",True,False,3,True
0.0,0.9323583180987203,0.0,0.8732876712328768,D001,stage1_threshold_calibration,"{""margin"": 0.0, ""max_threshold_drop"": 0.1, ""method"": ""stage1_threshold_calibration""}",True,False,3,True
0.0337046324903425,0.9660629505890628,0.007017543859649123,0.9407534246575342,D001,target_threshold_calibration,"{""margin"": 0.02, ""max_threshold_drop"": 0.1, ""method"": ""target_threshold_calibration""}",True,False,3,True
0.0,0.9323583180987203,0.0,0.8732876712328768,D001,stage1_threshold_calibration,"{""margin"": 0.02, ""max_threshold_drop"": 0.1, ""method"": ""stage1_threshold_calibration""}",True,False,3,True
0.034966511536086764,0.967324829634807,0.012280701754385965,0.947945205479452,D001,target_threshold_calibration,"{""margin"": 0.05, ""max_threshold_drop"": 0.1, ""method"": ""target_threshold_calibration""}",True,False,3,True
0.00039021991297572,0.932748538011696,0.0,0.873972602739726,D001,stage1_threshold_calibration,"{""margin"": 0.05, ""max_threshold_drop"": 0.1, ""method"": ""stage1_threshold_calibration""}",True,False,3,True
0.002337048555785315,0.9346953666545056,0.0,0.8773972602739726,D001,target_threshold_calibration,"{""margin"": 0.0, ""max_threshold_drop"": 0.2, ""method"": ""target_threshold_calibration""}",True,False,3,True
0.0,0.9323583180987203,0.0,0.8732876712328768,D001,stage1_threshold_calibration,"{""margin"": 0.0, ""max_threshold_drop"": 0.2, ""method"": ""stage1_threshold_calibration""}",True,False,3,True
0.0337046324903425,0.9660629505890628,0.007017543859649123,0.9407534246575342,D001,target_threshold_calibration,"{""margin"": 0.02, ""max_threshold_drop"": 0.2, ""method"": ""target_threshold_calibration""}",True,False,3,True
0.0,0.9323583180987203,0.0,0.8732876712328768,D001,stage1_threshold_calibration,"{""margin"": 0.02, ""max_threshold_drop"": 0.2, ""method"": ""stage1_threshold_calibration""}",True,False,3,True
0.034966511536086764,0.967324829634807,0.012280701754385965,0.947945205479452,D001,target_threshold_calibration,"{""margin"": 0.05, ""max_threshold_drop"": 0.2, ""method"": ""target_threshold_calibration""}",True,False,3,True
0.00039021991297572,0.932748538011696,0.0,0.873972602739726,D001,stage1_threshold_calibration,"{""margin"": 0.05, ""max_threshold_drop"": 0.2, ""method"": ""stage1_threshold_calibration""}",True,False,3,True
0.002725562280564975,0.9350838803792852,0.0,0.8780821917808219,D001,target_threshold_calibration,"{""margin"": 0.0, ""max_threshold_drop"": 0.3, ""method"": ""target_threshold_calibration""}",True,False,3,True
0.0,0.9323583180987203,0.0,0.8732876712328768,D001,stage1_threshold_calibration,"{""margin"": 0.0, ""max_threshold_drop"": 0.3, ""method"": ""stage1_threshold_calibration""}",True,False,3,True
0.03406811888493233,0.9664264369836526,0.007017543859649123,0.9414383561643835,D001,target_threshold_calibration,"{""margin"": 0.02, ""max_threshold_drop"": 0.3, ""method"": ""target_threshold_calibration""}",True,False,3,True
0.0,0.9323583180987203,0.0,0.8732876712328768,D001,stage1_threshold_calibration,"{""margin"": 0.02, ""max_threshold_drop"": 0.3, ""method"": ""stage1_threshold_calibration""}",True,False,3,True
0.035327271420930506,0.9676855895196508,0.012280701754385965,0.9486301369863014,D001,target_threshold_calibration,"{""margin"": 0.05, ""max_threshold_drop"": 0.3, ""method"": ""target_threshold_calibration""}",True,False,3,True
0.00039021991297572,0.932748538011696,0.0,0.873972602739726,D001,stage1_threshold_calibration,"{""margin"": 0.05, ""max_threshold_drop"": 0.3, ""method"": ""stage1_threshold_calibration""}",True,False,3,True
0.035463028832877996,0.9678213469315983,0.005263157894736842,0.9424657534246575,D001,positive_bias,"{""bias"": 0.1, ""method"": ""positive_bias""}",True,False,3,True
0.03617315043274827,0.9685314685314685,0.010526315789473684,0.9486301369863014,D001,positive_bias,"{""bias"": 0.25, ""method"": ""positive_bias""}",True,False,3,True
0.03797327003391493,0.9703315881326352,0.010526315789473684,0.952054794520548,D001,positive_bias,"{""bias"": 0.5, ""method"": ""positive_bias""}",True,False,3,True
0.03927905792355213,0.9716373760222724,0.012280701754385965,0.9561643835616438,D001,positive_bias,"{""bias"": 1.0, ""method"": ""positive_bias""}",True,True,3,True
0.03514692299142652,0.9675052410901468,0.012280701754385965,0.9482876712328767,D001,target_prototype_fusion,"{""cosine_threshold"": 0.7, ""method"": ""target_prototype_fusion""}",True,False,3,True
0.03424423479514238,0.9666025528938627,0.012280701754385965,0.9465753424657535,D001,target_prototype_fusion,"{""cosine_threshold"": 0.75, ""method"": ""target_prototype_fusion""}",True,False,3,True
0.033339966815525424,0.9656982849142457,0.012280701754385965,0.9448630136986301,D001,target_prototype_fusion,"{""cosine_threshold"": 0.8, ""method"": ""target_prototype_fusion""}",True,False,3,True
0.034185735150535246,0.9665440532492555,0.010526315789473684,0.9448630136986301,D001,target_prototype_fusion,"{""cosine_threshold"": 0.85, ""method"": ""target_prototype_fusion""}",True,False,3,True
0.03515704625597682,0.9675153643546971,0.007017543859649123,0.9434931506849316,D001,target_prototype_fusion,"{""cosine_threshold"": 0.9, ""method"": ""target_prototype_fusion""}",True,False,3,True
0.0,0.9357347523536635,0.0,0.8792307692307693,D001,no_adaptation,"{""method"": ""no_adaptation""}",True,False,5,False
0.001956769607521336,0.9376915219611849,0.0,0.8826923076923077,D001,target_threshold_calibration,"{""margin"": 0.0, ""max_threshold_drop"": 0.05, ""method"": ""target_threshold_calibration""}",True,False,5,True
0.0,0.9357347523536635,0.0,0.8792307692307693,D001,stage1_threshold_calibration,"{""margin"": 0.0, ""max_threshold_drop"": 0.05, ""method"": ""stage1_threshold_calibration""}",True,False,5,True
0.03439103380985853,0.9701257861635221,0.007079646017699115,0.9492307692307692,D001,target_threshold_calibration,"{""margin"": 0.02, ""max_threshold_drop"": 0.05, ""method"": ""target_threshold_calibration""}",True,False,5,True
0.0,0.9357347523536635,0.0,0.8792307692307693,D001,stage1_threshold_calibration,"{""margin"": 0.02, ""max_threshold_drop"": 0.05, ""method"": ""stage1_threshold_calibration""}",True,False,5,True
0.03496837264633634,0.9707031249999999,0.012389380530973451,0.9557692307692308,D001,target_threshold_calibration,"{""margin"": 0.05, ""max_threshold_drop"": 0.05, ""method"": ""target_threshold_calibration""}",True,False,5,True
0.00043546041229391985,0.9361702127659575,0.0,0.88,D001,stage1_threshold_calibration,"{""margin"": 0.05, ""max_threshold_drop"": 0.05, ""method"": ""stage1_threshold_calibration""}",True,False,5,True
0.001956769607521336,0.9376915219611849,0.0,0.8826923076923077,D001,target_threshold_calibration,"{""margin"": 0.0, ""max_threshold_drop"": 0.1, ""method"": ""target_threshold_calibration""}",True,False,5,True
0.0,0.9357347523536635,0.0,0.8792307692307693,D001,stage1_threshold_calibration,"{""margin"": 0.0, ""max_threshold_drop"": 0.1, ""method"": ""stage1_threshold_calibration""}",True,False,5,True
0.03439103380985853,0.9701257861635221,0.007079646017699115,0.9492307692307692,D001,target_threshold_calibration,"{""margin"": 0.02, ""max_threshold_drop"": 0.1, ""method"": ""target_threshold_calibration""}",True,False,5,True
0.0,0.9357347523536635,0.0,0.8792307692307693,D001,stage1_threshold_calibration,"{""margin"": 0.02, ""max_threshold_drop"": 0.1, ""method"": ""stage1_threshold_calibration""}",True,False,5,True
0.03496837264633634,0.9707031249999999,0.012389380530973451,0.9557692307692308,D001,target_threshold_calibration,"{""margin"": 0.05, ""max_threshold_drop"": 0.1, ""method"": ""target_threshold_calibration""}",True,False,5,True
0.00043546041229391985,0.9361702127659575,0.0,0.88,D001,stage1_threshold_calibration,"{""margin"": 0.05, ""max_threshold_drop"": 0.1, ""method"": ""stage1_threshold_calibration""}",True,False,5,True
0.001956769607521336,0.9376915219611849,0.0,0.8826923076923077,D001,target_threshold_calibration,"{""margin"": 0.0, ""max_threshold_drop"": 0.2, ""method"": ""target_threshold_calibration""}",True,False,5,True
0.0,0.9357347523536635,0.0,0.8792307692307693,D001,stage1_threshold_calibration,"{""margin"": 0.0, ""max_threshold_drop"": 0.2, ""method"": ""stage1_threshold_calibration""}",True,False,5,True
0.03439103380985853,0.9701257861635221,0.007079646017699115,0.9492307692307692,D001,target_threshold_calibration,"{""margin"": 0.02, ""max_threshold_drop"": 0.2, ""method"": ""target_threshold_calibration""}",True,False,5,True
0.0,0.9357347523536635,0.0,0.8792307692307693,D001,stage1_threshold_calibration,"{""margin"": 0.02, ""max_threshold_drop"": 0.2, ""method"": ""stage1_threshold_calibration""}",True,False,5,True
0.03496837264633634,0.9707031249999999,0.012389380530973451,0.9557692307692308,D001,target_threshold_calibration,"{""margin"": 0.05, ""max_threshold_drop"": 0.2, ""method"": ""target_threshold_calibration""}",True,False,5,True
0.00043546041229391985,0.9361702127659575,0.0,0.88,D001,stage1_threshold_calibration,"{""margin"": 0.05, ""max_threshold_drop"": 0.2, ""method"": ""stage1_threshold_calibration""}",True,False,5,True
0.001956769607521336,0.9376915219611849,0.0,0.8826923076923077,D001,target_threshold_calibration,"{""margin"": 0.0, ""max_threshold_drop"": 0.3, ""method"": ""target_threshold_calibration""}",True,False,5,True
0.0,0.9357347523536635,0.0,0.8792307692307693,D001,stage1_threshold_calibration,"{""margin"": 0.0, ""max_threshold_drop"": 0.3, ""method"": ""stage1_threshold_calibration""}",True,False,5,True
0.03439103380985853,0.9701257861635221,0.007079646017699115,0.9492307692307692,D001,target_threshold_calibration,"{""margin"": 0.02, ""max_threshold_drop"": 0.3, ""method"": ""target_threshold_calibration""}",True,False,5,True
0.0,0.9357347523536635,0.0,0.8792307692307693,D001,stage1_threshold_calibration,"{""margin"": 0.02, ""max_threshold_drop"": 0.3, ""method"": ""stage1_threshold_calibration""}",True,False,5,True
0.03496837264633634,0.9707031249999999,0.012389380530973451,0.9557692307692308,D001,target_threshold_calibration,"{""margin"": 0.05, ""max_threshold_drop"": 0.3, ""method"": ""target_threshold_calibration""}",True,False,5,True
0.00043546041229391985,0.9361702127659575,0.0,0.88,D001,stage1_threshold_calibration,"{""margin"": 0.05, ""max_threshold_drop"": 0.3, ""method"": ""stage1_threshold_calibration""}",True,False,5,True
0.036154376799078736,0.9718891291527423,0.005309734513274336,0.9507692307692308,D001,positive_bias,"{""bias"": 0.1, ""method"": ""positive_bias""}",True,False,5,True
0.03631918550054791,0.9720539378542115,0.010619469026548672,0.9565384615384616,D001,positive_bias,"{""bias"": 0.25, ""method"": ""positive_bias""}",True,False,5,True
0.038324151488739466,0.974058903842403,0.010619469026548672,0.9603846153846154,D001,positive_bias,"{""bias"": 0.5, ""method"": ""positive_bias""}",True,False,5,True
0.03917285317055352,0.9749076055242171,0.012389380530973451,0.9638461538461538,D001,positive_bias,"{""bias"": 1.0, ""method"": ""positive_bias""}",True,True,5,True
0.03597256471950716,0.9717073170731707,0.012389380530973451,0.9576923076923077,D001,target_prototype_fusion,"{""cosine_threshold"": 0.7, ""method"": ""target_prototype_fusion""}",True,False,5,True
0.03516936793534242,0.970904120289006,0.012389380530973451,0.9561538461538461,D001,target_prototype_fusion,"{""cosine_threshold"": 0.75, ""method"": ""target_prototype_fusion""}",True,False,5,True
0.03416360573859589,0.9698983580922594,0.012389380530973451,0.9542307692307692,D001,target_prototype_fusion,"{""cosine_threshold"": 0.8, ""method"": ""target_prototype_fusion""}",True,False,5,True
0.035112439976604515,0.9708471923302681,0.010619469026548672,0.9542307692307692,D001,target_prototype_fusion,"{""cosine_threshold"": 0.85, ""method"": ""target_prototype_fusion""}",True,False,5,True
0.036411187230487085,0.9721459395841506,0.007079646017699115,0.953076923076923,D001,target_prototype_fusion,"{""cosine_threshold"": 0.9, ""method"": ""target_prototype_fusion""}",True,False,5,True
0.0,0.9276187088742663,0.0,0.8650082918739636,D003,no_adaptation,"{""method"": ""no_adaptation""}",True,False,3,False
0.0043685387346603655,0.9319872476089267,0.0,0.872636815920398,D003,target_threshold_calibration,"{""margin"": 0.0, ""max_threshold_drop"": 0.05, ""method"": ""target_threshold_calibration""}",True,False,3,True
0.0,0.9276187088742663,0.0,0.8650082918739636,D003,stage1_threshold_calibration,"{""margin"": 0.0, ""max_threshold_drop"": 0.05, ""method"": ""stage1_threshold_calibration""}",True,False,3,True
0.034951791894832884,0.9625705007690992,0.006700167504187605,0.9339966832504146,D003,target_threshold_calibration,"{""margin"": 0.02, ""max_threshold_drop"": 0.05, ""method"": ""target_threshold_calibration""}",True,False,3,True
0.0,0.9276187088742663,0.0,0.8650082918739636,D003,stage1_threshold_calibration,"{""margin"": 0.02, ""max_threshold_drop"": 0.05, ""method"": ""stage1_threshold_calibration""}",True,False,3,True
0.037079186577193224,0.9646978954514596,0.011725293132328308,0.9426202321724709,D003,target_threshold_calibration,"{""margin"": 0.05, ""max_threshold_drop"": 0.05, ""method"": ""target_threshold_calibration""}",True,False,3,True
0.00038129112573370705,0.928,0.0,0.8656716417910447,D003,stage1_threshold_calibration,"{""margin"": 0.05, ""max_threshold_drop"": 0.05, ""method"": ""stage1_threshold_calibration""}",True,False,3,True
0.0043685387346603655,0.9319872476089267,0.0,0.872636815920398,D003,target_threshold_calibration,"{""margin"": 0.0, ""max_threshold_drop"": 0.1, ""method"": ""target_threshold_calibration""}",True,False,3,True
0.0,0.9276187088742663,0.0,0.8650082918739636,D003,stage1_threshold_calibration,"{""margin"": 0.0, ""max_threshold_drop"": 0.1, ""method"": ""stage1_threshold_calibration""}",True,False,3,True
0.034951791894832884,0.9625705007690992,0.006700167504187605,0.9339966832504146,D003,target_threshold_calibration,"{""margin"": 0.02, ""max_threshold_drop"": 0.1, ""method"": ""target_threshold_calibration""}",True,False,3,True
0.0,0.9276187088742663,0.0,0.8650082918739636,D003,stage1_threshold_calibration,"{""margin"": 0.02, ""max_threshold_drop"": 0.1, ""method"": ""stage1_threshold_calibration""}",True,False,3,True
0.037079186577193224,0.9646978954514596,0.011725293132328308,0.9426202321724709,D003,target_threshold_calibration,"{""margin"": 0.05, ""max_threshold_drop"": 0.1, ""method"": ""target_threshold_calibration""}",True,False,3,True
0.00038129112573370705,0.928,0.0,0.8656716417910447,D003,stage1_threshold_calibration,"{""margin"": 0.05, ""max_threshold_drop"": 0.1, ""method"": ""stage1_threshold_calibration""}",True,False,3,True
0.0047467302192181204,0.9323654390934845,0.0,0.8733001658374793,D003,target_threshold_calibration,"{""margin"": 0.0, ""max_threshold_drop"": 0.2, ""method"": ""target_threshold_calibration""}",True,False,3,True
0.0,0.9276187088742663,0.0,0.8650082918739636,D003,stage1_threshold_calibration,"{""margin"": 0.0, ""max_threshold_drop"": 0.2, ""method"": ""stage1_threshold_calibration""}",True,False,3,True
0.03530628685441983,0.9629249957286862,0.006700167504187605,0.9346600331674959,D003,target_threshold_calibration,"{""margin"": 0.02, ""max_threshold_drop"": 0.2, ""method"": ""target_threshold_calibration""}",True,False,3,True
0.0,0.9276187088742663,0.0,0.8650082918739636,D003,stage1_threshold_calibration,"{""margin"": 0.02, ""max_threshold_drop"": 0.2, ""method"": ""stage1_threshold_calibration""}",True,False,3,True
0.037430493704627366,0.9650492025788937,0.011725293132328308,0.9432835820895522,D003,target_threshold_calibration,"{""margin"": 0.05, ""max_threshold_drop"": 0.2, ""method"": ""target_threshold_calibration""}",True,False,3,True
0.00038129112573370705,0.928,0.0,0.8656716417910447,D003,stage1_threshold_calibration,"{""margin"": 0.05, ""max_threshold_drop"": 0.2, ""method"": ""stage1_threshold_calibration""}",True,False,3,True
0.005124653957591985,0.9327433628318583,0.0,0.8739635157545605,D003,target_threshold_calibration,"{""margin"": 0.0, ""max_threshold_drop"": 0.3, ""method"": ""target_threshold_calibration""}",True,False,3,True
0.0,0.9276187088742663,0.0,0.8650082918739636,D003,stage1_threshold_calibration,"{""margin"": 0.0, ""max_threshold_drop"": 0.3, ""method"": ""stage1_threshold_calibration""}",True,False,3,True
0.03566053963128435,0.9632792485055507,0.006700167504187605,0.9353233830845771,D003,target_threshold_calibration,"{""margin"": 0.02, ""max_threshold_drop"": 0.3, ""method"": ""target_threshold_calibration""}",True,False,3,True
0.0,0.9276187088742663,0.0,0.8650082918739636,D003,stage1_threshold_calibration,"{""margin"": 0.02, ""max_threshold_drop"": 0.3, ""method"": ""stage1_threshold_calibration""}",True,False,3,True
0.037781562496154275,0.9654002713704206,0.011725293132328308,0.9439469320066335,D003,target_threshold_calibration,"{""margin"": 0.05, ""max_threshold_drop"": 0.3, ""method"": ""target_threshold_calibration""}",True,False,3,True
0.00038129112573370705,0.928,0.0,0.8656716417910447,D003,stage1_threshold_calibration,"{""margin"": 0.05, ""max_threshold_drop"": 0.3, ""method"": ""stage1_threshold_calibration""}",True,False,3,True
0.03559771542000223,0.9632164242942686,0.005025125628140704,0.9336650082918739,D003,positive_bias,"{""bias"": 0.1, ""method"": ""positive_bias""}",True,False,3,True
0.038600948229790544,0.9662196571040569,0.010050251256281407,0.9439469320066335,D003,positive_bias,"{""bias"": 0.25, ""method"": ""positive_bias""}",True,False,3,True
0.04035282137484397,0.9679715302491103,0.010050251256281407,0.9472636815920398,D003,positive_bias,"{""bias"": 0.5, ""method"": ""positive_bias""}",True,False,3,True
0.042323878089597256,0.9699425869638636,0.011725293132328308,0.9525704809286899,D003,positive_bias,"{""bias"": 1.0, ""method"": ""positive_bias""}",True,True,3,True
0.03637585634312501,0.9639945652173914,0.011725293132328308,0.9412935323383085,D003,target_prototype_fusion,"{""cosine_threshold"": 0.7, ""method"": ""target_prototype_fusion""}",True,False,3,True
0.03531906739230972,0.9629377762665761,0.011725293132328308,0.9393034825870646,D003,target_prototype_fusion,"{""cosine_threshold"": 0.75, ""method"": ""target_prototype_fusion""}",True,False,3,True
0.0339066571454818,0.9615253660197481,0.011725293132328308,0.9366500829187396,D003,target_prototype_fusion,"{""cosine_threshold"": 0.8, ""method"": ""target_prototype_fusion""}",True,False,3,True
0.03454898028728781,0.9621676891615542,0.010050251256281407,0.936318407960199,D003,target_prototype_fusion,"{""cosine_threshold"": 0.85, ""method"": ""target_prototype_fusion""}",True,False,3,True
0.034951791894832884,0.9625705007690992,0.006700167504187605,0.9339966832504146,D003,target_prototype_fusion,"{""cosine_threshold"": 0.9, ""method"": ""target_prototype_fusion""}",True,False,3,True
0.0,0.9273481160987921,0.0,0.8645378151260504,D004,no_adaptation,"{""method"": ""no_adaptation""}",True,False,3,False
0.004237446838898706,0.9315855629376908,0.0,0.8719327731092437,D004,target_threshold_calibration,"{""margin"": 0.0, ""max_threshold_drop"": 0.05, ""method"": ""target_threshold_calibration""}",True,False,3,True
0.0,0.9273481160987921,0.0,0.8645378151260504,D004,stage1_threshold_calibration,"{""margin"": 0.0, ""max_threshold_drop"": 0.05, ""method"": ""stage1_threshold_calibration""}",True,False,3,True
0.033623262912482965,0.960971379011275,0.006700167504187605,0.9310924369747899,D004,target_threshold_calibration,"{""margin"": 0.02, ""max_threshold_drop"": 0.05, ""method"": ""target_threshold_calibration""}",True,False,3,True
0.0,0.9273481160987921,0.0,0.8645378151260504,D004,stage1_threshold_calibration,"{""margin"": 0.02, ""max_threshold_drop"": 0.05, ""method"": ""stage1_threshold_calibration""}",True,False,3,True
0.03579346157947183,0.9631415776782639,0.011725293132328308,0.9398319327731093,D004,target_threshold_calibration,"{""margin"": 0.05, ""max_threshold_drop"": 0.05, ""method"": ""target_threshold_calibration""}",True,False,3,True
0.00038661087904179325,0.9277347269778339,0.0,0.8652100840336134,D004,stage1_threshold_calibration,"{""margin"": 0.05, ""max_threshold_drop"": 0.05, ""method"": ""stage1_threshold_calibration""}",True,False,3,True
0.004237446838898706,0.9315855629376908,0.0,0.8719327731092437,D004,target_threshold_calibration,"{""margin"": 0.0, ""max_threshold_drop"": 0.1, ""method"": ""target_threshold_calibration""}",True,False,3,True
0.0,0.9273481160987921,0.0,0.8645378151260504,D004,stage1_threshold_calibration,"{""margin"": 0.0, ""max_threshold_drop"": 0.1, ""method"": ""stage1_threshold_calibration""}",True,False,3,True
0.033623262912482965,0.960971379011275,0.006700167504187605,0.9310924369747899,D004,target_threshold_calibration,"{""margin"": 0.02, ""max_threshold_drop"": 0.1, ""method"": ""target_threshold_calibration""}",True,False,3,True
0.0,0.9273481160987921,0.0,0.8645378151260504,D004,stage1_threshold_calibration,"{""margin"": 0.02, ""max_threshold_drop"": 0.1, ""method"": ""stage1_threshold_calibration""}",True,False,3,True
0.03579346157947183,0.9631415776782639,0.011725293132328308,0.9398319327731093,D004,target_threshold_calibration,"{""margin"": 0.05, ""max_threshold_drop"": 0.1, ""method"": ""target_threshold_calibration""}",True,False,3,True
0.00038661087904179325,0.9277347269778339,0.0,0.8652100840336134,D004,stage1_threshold_calibration,"{""margin"": 0.05, ""max_threshold_drop"": 0.1, ""method"": ""stage1_threshold_calibration""}",True,False,3,True
0.004621009731400005,0.9319691258301921,0.0,0.8726050420168068,D004,target_threshold_calibration,"{""margin"": 0.0, ""max_threshold_drop"": 0.2, ""method"": ""target_threshold_calibration""}",True,False,3,True
0.0,0.9273481160987921,0.0,0.8645378151260504,D004,stage1_threshold_calibration,"{""margin"": 0.0, ""max_threshold_drop"": 0.2, ""method"": ""stage1_threshold_calibration""}",True,False,3,True
0.03398359883098068,0.9613317149297728,0.006700167504187605,0.9317647058823529,D004,target_threshold_calibration,"{""margin"": 0.02, ""max_threshold_drop"": 0.2, ""method"": ""target_threshold_calibration""}",True,False,3,True
0.0,0.9273481160987921,0.0,0.8645378151260504,D004,stage1_threshold_calibration,"{""margin"": 0.02, ""max_threshold_drop"": 0.2, ""method"": ""stage1_threshold_calibration""}",True,False,3,True
0.03615050649073959,0.9634986225895317,0.011725293132328308,0.9405042016806723,D004,target_threshold_calibration,"{""margin"": 0.05, ""max_threshold_drop"": 0.2, ""method"": ""target_threshold_calibration""}",True,False,3,True
0.00038661087904179325,0.9277347269778339,0.0,0.8652100840336134,D004,stage1_threshold_calibration,"{""margin"": 0.05, ""max_threshold_drop"": 0.2, ""method"": ""stage1_threshold_calibration""}",True,False,3,True
0.0050042973230634,0.9323524134218555,0.0,0.8732773109243698,D004,target_threshold_calibration,"{""margin"": 0.0, ""max_threshold_drop"": 0.3, ""method"": ""target_threshold_calibration""}",True,False,3,True
0.0,0.9273481160987921,0.0,0.8645378151260504,D004,stage1_threshold_calibration,"{""margin"": 0.0, ""max_threshold_drop"": 0.3, ""method"": ""stage1_threshold_calibration""}",True,False,3,True
0.03434368490658146,0.9616918010053735,0.006700167504187605,0.9324369747899159,D004,target_threshold_calibration,"{""margin"": 0.02, ""max_threshold_drop"": 0.3, ""method"": ""target_threshold_calibration""}",True,False,3,True
0.0,0.9273481160987921,0.0,0.8645378151260504,D004,stage1_threshold_calibration,"{""margin"": 0.02, ""max_threshold_drop"": 0.3, ""method"": ""stage1_threshold_calibration""}",True,False,3,True
0.0365073055879549,0.963855421686747,0.011725293132328308,0.9411764705882353,D004,target_threshold_calibration,"{""margin"": 0.05, ""max_threshold_drop"": 0.3, ""method"": ""target_threshold_calibration""}",True,False,3,True
0.00038661087904179325,0.9277347269778339,0.0,0.8652100840336134,D004,stage1_threshold_calibration,"{""margin"": 0.05, ""max_threshold_drop"": 0.3, ""method"": ""stage1_threshold_calibration""}",True,False,3,True
0.03427716606825082,0.9616252821670429,0.005025125628140704,0.9307563025210084,D004,positive_bias,"{""bias"": 0.1, ""method"": ""positive_bias""}",True,False,3,True
0.03733749974961442,0.9646856158484065,0.010050251256281407,0.9411764705882353,D004,positive_bias,"{""bias"": 0.25, ""method"": ""positive_bias""}",True,False,3,True
0.039117920014707486,0.9664660361134996,0.010050251256281407,0.9445378151260504,D004,positive_bias,"{""bias"": 0.5, ""method"": ""positive_bias""}",True,False,3,True
0.041123439761386216,0.9684715558601783,0.011725293132328308,0.9499159663865546,D004,positive_bias,"{""bias"": 1.0, ""method"": ""positive_bias""}",True,True,3,True
0.035078633297967676,0.9624267493967598,0.011725293132328308,0.9384873949579832,D004,target_prototype_fusion,"{""cosine_threshold"": 0.7, ""method"": ""target_prototype_fusion""}",True,False,3,True
0.03400454090603877,0.9613526570048309,0.011725293132328308,0.9364705882352942,D004,target_prototype_fusion,"{""cosine_threshold"": 0.75, ""method"": ""target_prototype_fusion""}",True,False,3,True
0.03256895370079327,0.9599170697995854,0.011725293132328308,0.933781512605042,D004,target_prototype_fusion,"{""cosine_threshold"": 0.8, ""method"": ""target_prototype_fusion""}",True,False,3,True
0.033219161659769014,0.9605672777585611,0.010050251256281407,0.9334453781512605,D004,target_prototype_fusion,"{""cosine_threshold"": 0.85, ""method"": ""target_prototype_fusion""}",True,False,3,True
0.033623262912482965,0.960971379011275,0.006700167504187605,0.9310924369747899,D004,target_prototype_fusion,"{""cosine_threshold"": 0.9, ""method"": ""target_prototype_fusion""}",True,False,3,True
0.0,0.9305135951661632,0.0,0.8700564971751412,D004,no_adaptation,"{""method"": ""no_adaptation""}",True,False,5,False
0.0021497214167514045,0.9326633165829146,0.0,0.8738229755178908,D004,target_threshold_calibration,"{""margin"": 0.0, ""max_threshold_drop"": 0.05, ""method"": ""target_threshold_calibration""}",True,False,5,True
0.0,0.9305135951661632,0.0,0.8700564971751412,D004,stage1_threshold_calibration,"{""margin"": 0.0, ""max_threshold_drop"": 0.05, ""method"": ""stage1_threshold_calibration""}",True,False,5,True
0.03266469940748018,0.9631782945736433,0.006756756756756757,0.935969868173258,D004,target_threshold_calibration,"{""margin"": 0.02, ""max_threshold_drop"": 0.05, ""method"": ""target_threshold_calibration""}",True,False,5,True
0.0,0.9305135951661632,0.0,0.8700564971751412,D004,stage1_threshold_calibration,"{""margin"": 0.02, ""max_threshold_drop"": 0.05, ""method"": ""stage1_threshold_calibration""}",True,False,5,True
0.03487102021845212,0.9653846153846153,0.011824324324324325,0.9453860640301318,D004,target_threshold_calibration,"{""margin"": 0.05, ""max_threshold_drop"": 0.05, ""method"": ""target_threshold_calibration""}",True,False,5,True
0.0004306367645797726,0.9309442319307429,0.0,0.8708097928436912,D004,stage1_threshold_calibration,"{""margin"": 0.05, ""max_threshold_drop"": 0.05, ""method"": ""stage1_threshold_calibration""}",True,False,5,True
0.0021497214167514045,0.9326633165829146,0.0,0.8738229755178908,D004,target_threshold_calibration,"{""margin"": 0.0, ""max_threshold_drop"": 0.1, ""method"": ""target_threshold_calibration""}",True,False,5,True
0.0,0.9305135951661632,0.0,0.8700564971751412,D004,stage1_threshold_calibration,"{""margin"": 0.0, ""max_threshold_drop"": 0.1, ""method"": ""stage1_threshold_calibration""}",True,False,5,True
0.03266469940748018,0.9631782945736433,0.006756756756756757,0.935969868173258,D004,target_threshold_calibration,"{""margin"": 0.02, ""max_threshold_drop"": 0.1, ""method"": ""target_threshold_calibration""}",True,False,5,True
0.0,0.9305135951661632,0.0,0.8700564971751412,D004,stage1_threshold_calibration,"{""margin"": 0.02, ""max_threshold_drop"": 0.1, ""method"": ""stage1_threshold_calibration""}",True,False,5,True
0.03487102021845212,0.9653846153846153,0.011824324324324325,0.9453860640301318,D004,target_threshold_calibration,"{""margin"": 0.05, ""max_threshold_drop"": 0.1, ""method"": ""target_threshold_calibration""}",True,False,5,True
0.0004306367645797726,0.9309442319307429,0.0,0.8708097928436912,D004,stage1_threshold_calibration,"{""margin"": 0.05, ""max_threshold_drop"": 0.1, ""method"": ""stage1_threshold_calibration""}",True,False,5,True
0.0021497214167514045,0.9326633165829146,0.0,0.8738229755178908,D004,target_threshold_calibration,"{""margin"": 0.0, ""max_threshold_drop"": 0.2, ""method"": ""target_threshold_calibration""}",True,False,5,True
0.0,0.9305135951661632,0.0,0.8700564971751412,D004,stage1_threshold_calibration,"{""margin"": 0.0, ""max_threshold_drop"": 0.2, ""method"": ""stage1_threshold_calibration""}",True,False,5,True
0.03266469940748018,0.9631782945736433,0.006756756756756757,0.935969868173258,D004,target_threshold_calibration,"{""margin"": 0.02, ""max_threshold_drop"": 0.2, ""method"": ""target_threshold_calibration""}",True,False,5,True
0.0,0.9305135951661632,0.0,0.8700564971751412,D004,stage1_threshold_calibration,"{""margin"": 0.02, ""max_threshold_drop"": 0.2, ""method"": ""stage1_threshold_calibration""}",True,False,5,True
0.03487102021845212,0.9653846153846153,0.011824324324324325,0.9453860640301318,D004,target_threshold_calibration,"{""margin"": 0.05, ""max_threshold_drop"": 0.2, ""method"": ""target_threshold_calibration""}",True,False,5,True
0.0004306367645797726,0.9309442319307429,0.0,0.8708097928436912,D004,stage1_threshold_calibration,"{""margin"": 0.05, ""max_threshold_drop"": 0.2, ""method"": ""stage1_threshold_calibration""}",True,False,5,True
0.0021497214167514045,0.9326633165829146,0.0,0.8738229755178908,D004,target_threshold_calibration,"{""margin"": 0.0, ""max_threshold_drop"": 0.3, ""method"": ""target_threshold_calibration""}",True,False,5,True
0.0,0.9305135951661632,0.0,0.8700564971751412,D004,stage1_threshold_calibration,"{""margin"": 0.0, ""max_threshold_drop"": 0.3, ""method"": ""stage1_threshold_calibration""}",True,False,5,True
0.03266469940748018,0.9631782945736433,0.006756756756756757,0.935969868173258,D004,target_threshold_calibration,"{""margin"": 0.02, ""max_threshold_drop"": 0.3, ""method"": ""target_threshold_calibration""}",True,False,5,True
0.0,0.9305135951661632,0.0,0.8700564971751412,D004,stage1_threshold_calibration,"{""margin"": 0.02, ""max_threshold_drop"": 0.3, ""method"": ""stage1_threshold_calibration""}",True,False,5,True
0.03487102021845212,0.9653846153846153,0.011824324324324325,0.9453860640301318,D004,target_threshold_calibration,"{""margin"": 0.05, ""max_threshold_drop"": 0.3, ""method"": ""target_threshold_calibration""}",True,False,5,True
0.0004306367645797726,0.9309442319307429,0.0,0.8708097928436912,D004,stage1_threshold_calibration,"{""margin"": 0.05, ""max_threshold_drop"": 0.3, ""method"": ""stage1_threshold_calibration""}",True,False,5,True
0.03480320390378455,0.9653167990699477,0.005067567567567568,0.9382297551789077,D004,positive_bias,"{""bias"": 0.1, ""method"": ""positive_bias""}",True,False,5,True
0.03719113378424055,0.9677047289504037,0.010135135135135136,0.9480225988700565,D004,positive_bias,"{""bias"": 0.25, ""method"": ""positive_bias""}",True,False,5,True
0.03917174635340703,0.9696853415195702,0.010135135135135136,0.951789077212806,D004,positive_bias,"{""bias"": 0.5, ""method"": ""positive_bias""}",True,False,5,True
0.04080571649731679,0.97131931166348,0.011824324324324325,0.9566854990583804,D004,positive_bias,"{""bias"": 1.0, ""method"": ""positive_bias""}",True,True,5,True
0.03685684629257002,0.9673704414587332,0.011824324324324325,0.9491525423728814,D004,target_prototype_fusion,"{""cosine_threshold"": 0.7, ""method"": ""target_prototype_fusion""}",True,False,5,True
0.036063431341712304,0.9665770265078755,0.011824324324324325,0.9476459510357815,D004,target_prototype_fusion,"{""cosine_threshold"": 0.75, ""method"": ""target_prototype_fusion""}",True,False,5,True
0.033875240252508765,0.9643888354186719,0.011824324324324325,0.943502824858757,D004,target_prototype_fusion,"{""cosine_threshold"": 0.8, ""method"": ""target_prototype_fusion""}",True,False,5,True
0.034205895869117375,0.9647194910352805,0.010135135135135136,0.9423728813559322,D004,target_prototype_fusion,"{""cosine_threshold"": 0.85, ""method"": ""target_prototype_fusion""}",True,False,5,True
0.034670157251631806,0.965183752417795,0.006756756756756757,0.9397363465160076,D004,target_prototype_fusion,"{""cosine_threshold"": 0.9, ""method"": ""target_prototype_fusion""}",True,False,5,True
0.0,0.9226775449656963,0.0,0.8564543889845094,D006,no_adaptation,"{""method"": ""no_adaptation""}",True,False,3,False
0.004575039967833927,0.9272525849335302,0.0,0.8643717728055077,D006,target_threshold_calibration,"{""margin"": 0.0, ""max_threshold_drop"": 0.05, ""method"": ""target_threshold_calibration""}",True,False,3,True
0.0,0.9226775449656963,0.0,0.8564543889845094,D006,stage1_threshold_calibration,"{""margin"": 0.0, ""max_threshold_drop"": 0.05, ""method"": ""stage1_threshold_calibration""}",True,False,3,True
0.03658237319833135,0.9592599181640277,0.006745362563237774,0.9280550774526678,D006,target_threshold_calibration,"{""margin"": 0.02, ""max_threshold_drop"": 0.05, ""method"": ""target_threshold_calibration""}",True,False,3,True
0.0,0.9226775449656963,0.0,0.8564543889845094,D006,stage1_threshold_calibration,"{""margin"": 0.02, ""max_threshold_drop"": 0.05, ""method"": ""stage1_threshold_calibration""}",True,False,3,True
0.03882015902582625,0.9614977039915226,0.011804384485666104,0.9370051635111876,D006,target_threshold_calibration,"{""margin"": 0.05, ""max_threshold_drop"": 0.05, ""method"": ""target_threshold_calibration""}",True,False,3,True
0.0003993781112267003,0.923076923076923,0.0,0.8571428571428571,D006,stage1_threshold_calibration,"{""margin"": 0.05, ""max_threshold_drop"": 0.05, ""method"": ""stage1_threshold_calibration""}",True,False,3,True
0.004575039967833927,0.9272525849335302,0.0,0.8643717728055077,D006,target_threshold_calibration,"{""margin"": 0.0, ""max_threshold_drop"": 0.1, ""method"": ""target_threshold_calibration""}",True,False,3,True
0.0,0.9226775449656963,0.0,0.8564543889845094,D006,stage1_threshold_calibration,"{""margin"": 0.0, ""max_threshold_drop"": 0.1, ""method"": ""stage1_threshold_calibration""}",True,False,3,True
0.03658237319833135,0.9592599181640277,0.006745362563237774,0.9280550774526678,D006,target_threshold_calibration,"{""margin"": 0.02, ""max_threshold_drop"": 0.1, ""method"": ""target_threshold_calibration""}",True,False,3,True
0.0,0.9226775449656963,0.0,0.8564543889845094,D006,stage1_threshold_calibration,"{""margin"": 0.02, ""max_threshold_drop"": 0.1, ""method"": ""stage1_threshold_calibration""}",True,False,3,True
0.03882015902582625,0.9614977039915226,0.011804384485666104,0.9370051635111876,D006,target_threshold_calibration,"{""margin"": 0.05, ""max_threshold_drop"": 0.1, ""method"": ""target_threshold_calibration""}",True,False,3,True
0.0003993781112267003,0.923076923076923,0.0,0.8571428571428571,D006,stage1_threshold_calibration,"{""margin"": 0.05, ""max_threshold_drop"": 0.1, ""method"": ""stage1_threshold_calibration""}",True,False,3,True
0.004971033845673212,0.9276485788113695,0.0,0.8650602409638555,D006,target_threshold_calibration,"{""margin"": 0.0, ""max_threshold_drop"": 0.2, ""method"": ""target_threshold_calibration""}",True,False,3,True
0.0,0.9226775449656963,0.0,0.8564543889845094,D006,stage1_threshold_calibration,"{""margin"": 0.0, ""max_threshold_drop"": 0.2, ""method"": ""stage1_threshold_calibration""}",True,False,3,True
0.03695254573321871,0.959630090698915,0.006745362563237774,0.9287435456110155,D006,target_threshold_calibration,"{""margin"": 0.02, ""max_threshold_drop"": 0.2, ""method"": ""target_threshold_calibration""}",True,False,3,True
0.0,0.9226775449656963,0.0,0.8564543889845094,D006,stage1_threshold_calibration,"{""margin"": 0.02, ""max_threshold_drop"": 0.2, ""method"": ""stage1_threshold_calibration""}",True,False,3,True
0.03918686181396469,0.961864406779661,0.011804384485666104,0.9376936316695352,D006,target_threshold_calibration,"{""margin"": 0.05, ""max_threshold_drop"": 0.2, ""method"": ""target_threshold_calibration""}",True,False,3,True
0.0003993781112267003,0.923076923076923,0.0,0.8571428571428571,D006,stage1_threshold_calibration,"{""margin"": 0.05, ""max_threshold_drop"": 0.2, ""method"": ""stage1_threshold_calibration""}",True,False,3,True
0.005366735477108087,0.9280442804428044,0.0,0.8657487091222031,D006,target_threshold_calibration,"{""margin"": 0.0, ""max_threshold_drop"": 0.3, ""method"": ""target_threshold_calibration""}",True,False,3,True
0.0,0.9226775449656963,0.0,0.8564543889845094,D006,stage1_threshold_calibration,"{""margin"": 0.0, ""max_threshold_drop"": 0.3, ""method"": ""stage1_threshold_calibration""}",True,False,3,True
0.03732245503430354,0.9599999999999999,0.006745362563237774,0.9294320137693631,D006,target_threshold_calibration,"{""margin"": 0.02, ""max_threshold_drop"": 0.3, ""method"": ""target_threshold_calibration""}",True,False,3,True
0.0,0.9226775449656963,0.0,0.8564543889845094,D006,stage1_threshold_calibration,"{""margin"": 0.02, ""max_threshold_drop"": 0.3, ""method"": ""stage1_threshold_calibration""}",True,False,3,True
0.03955330572261995,0.9622308506883163,0.011804384485666104,0.938382099827883,D006,target_threshold_calibration,"{""margin"": 0.05, ""max_threshold_drop"": 0.3, ""method"": ""target_threshold_calibration""}",True,False,3,True
0.0003993781112267003,0.923076923076923,0.0,0.8571428571428571,D006,stage1_threshold_calibration,"{""margin"": 0.05, ""max_threshold_drop"": 0.3, ""method"": ""stage1_threshold_calibration""}",True,False,3,True
0.03725121727829295,0.9599287622439893,0.00505902192242833,0.927710843373494,D006,positive_bias,"{""bias"": 0.1, ""method"": ""positive_bias""}",True,False,3,True
0.04040318282091382,0.9630807277866101,0.01011804384485666,0.938382099827883,D006,positive_bias,"{""bias"": 0.25, ""method"": ""positive_bias""}",True,False,3,True
0.0422316421265273,0.9649091870922236,0.01011804384485666,0.9418244406196213,D006,positive_bias,"{""bias"": 0.5, ""method"": ""positive_bias""}",True,False,3,True
0.0442936426660675,0.9669711876317638,0.011804384485666104,0.9473321858864028,D006,positive_bias,"{""bias"": 1.0, ""method"": ""positive_bias""}",True,True,3,True
0.03808597571298877,0.9607635206786851,0.011804384485666104,0.9356282271944922,D006,target_prototype_fusion,"{""cosine_threshold"": 0.7, ""method"": ""target_prototype_fusion""}",True,False,3,True
0.036982752274218766,0.9596602972399151,0.011804384485666104,0.9335628227194492,D006,target_prototype_fusion,"{""cosine_threshold"": 0.75, ""method"": ""target_prototype_fusion""}",True,False,3,True
0.035508138946422685,0.958185683912119,0.011804384485666104,0.9308089500860586,D006,target_prototype_fusion,"{""cosine_threshold"": 0.8, ""method"": ""target_prototype_fusion""}",True,False,3,True
0.03617311129538903,0.9588506562610853,0.01011804384485666,0.9304647160068846,D006,target_prototype_fusion,"{""cosine_threshold"": 0.85, ""method"": ""target_prototype_fusion""}",True,False,3,True
0.03658237319833135,0.9592599181640277,0.006745362563237774,0.9280550774526678,D006,target_prototype_fusion,"{""cosine_threshold"": 0.9, ""method"": ""target_prototype_fusion""}",True,False,3,True
0.0,0.9253793390147579,0.0,0.8611218568665377,D006,no_adaptation,"{""method"": ""no_adaptation""}",True,False,5,False
0.002229040989390585,0.9276083800041485,0.0,0.8649903288201161,D006,target_threshold_calibration,"{""margin"": 0.0, ""max_threshold_drop"": 0.05, ""method"": ""target_threshold_calibration""}",True,False,5,True
0.0,0.9253793390147579,0.0,0.8611218568665377,D006,stage1_threshold_calibration,"{""margin"": 0.0, ""max_threshold_drop"": 0.05, ""method"": ""stage1_threshold_calibration""}",True,False,5,True
0.03594442494058492,0.9613237639553428,0.006802721088435374,0.9326885880077369,D006,target_threshold_calibration,"{""margin"": 0.02, ""max_threshold_drop"": 0.05, ""method"": ""target_threshold_calibration""}",True,False,5,True
0.0,0.9253793390147579,0.0,0.8611218568665377,D006,stage1_threshold_calibration,"{""margin"": 0.02, ""max_threshold_drop"": 0.05, ""method"": ""stage1_threshold_calibration""}",True,False,5,True
0.03822825592195089,0.9636075949367088,0.011904761904761904,0.9423597678916827,D006,target_threshold_calibration,"{""margin"": 0.05, ""max_threshold_drop"": 0.05, ""method"": ""target_threshold_calibration""}",True,False,5,True
0.000446549204647928,0.9258258882194058,0.0,0.8618955512572534,D006,stage1_threshold_calibration,"{""margin"": 0.05, ""max_threshold_drop"": 0.05, ""method"": ""stage1_threshold_calibration""}",True,False,5,True
0.002229040989390585,0.9276083800041485,0.0,0.8649903288201161,D006,target_threshold_calibration,"{""margin"": 0.0, ""max_threshold_drop"": 0.1, ""method"": ""target_threshold_calibration""}",True,False,5,True
0.0,0.9253793390147579,0.0,0.8611218568665377,D006,stage1_threshold_calibration,"{""margin"": 0.0, ""max_threshold_drop"": 0.1, ""method"": ""stage1_threshold_calibration""}",True,False,5,True
0.03594442494058492,0.9613237639553428,0.006802721088435374,0.9326885880077369,D006,target_threshold_calibration,"{""margin"": 0.02, ""max_threshold_drop"": 0.1, ""method"": ""target_threshold_calibration""}",True,False,5,True
0.0,0.9253793390147579,0.0,0.8611218568665377,D006,stage1_threshold_calibration,"{""margin"": 0.02, ""max_threshold_drop"": 0.1, ""method"": ""stage1_threshold_calibration""}",True,False,5,True
0.03822825592195089,0.9636075949367088,0.011904761904761904,0.9423597678916827,D006,target_threshold_calibration,"{""margin"": 0.05, ""max_threshold_drop"": 0.1, ""method"": ""target_threshold_calibration""}",True,False,5,True
0.000446549204647928,0.9258258882194058,0.0,0.8618955512572534,D006,stage1_threshold_calibration,"{""margin"": 0.05, ""max_threshold_drop"": 0.1, ""method"": ""stage1_threshold_calibration""}",True,False,5,True
0.002229040989390585,0.9276083800041485,0.0,0.8649903288201161,D006,target_threshold_calibration,"{""margin"": 0.0, ""max_threshold_drop"": 0.2, ""method"": ""target_threshold_calibration""}",True,False,5,True
0.0,0.9253793390147579,0.0,0.8611218568665377,D006,stage1_threshold_calibration,"{""margin"": 0.0, ""max_threshold_drop"": 0.2, ""method"": ""stage1_threshold_calibration""}",True,False,5,True
0.03594442494058492,0.9613237639553428,0.006802721088435374,0.9326885880077369,D006,target_threshold_calibration,"{""margin"": 0.02, ""max_threshold_drop"": 0.2, ""method"": ""target_threshold_calibration""}",True,False,5,True
0.0,0.9253793390147579,0.0,0.8611218568665377,D006,stage1_threshold_calibration,"{""margin"": 0.02, ""max_threshold_drop"": 0.2, ""method"": ""stage1_threshold_calibration""}",True,False,5,True
0.03822825592195089,0.9636075949367088,0.011904761904761904,0.9423597678916827,D006,target_threshold_calibration,"{""margin"": 0.05, ""max_threshold_drop"": 0.2, ""method"": ""target_threshold_calibration""}",True,False,5,True
0.000446549204647928,0.9258258882194058,0.0,0.8618955512572534,D006,stage1_threshold_calibration,"{""margin"": 0.05, ""max_threshold_drop"": 0.2, ""method"": ""stage1_threshold_calibration""}",True,False,5,True
0.002229040989390585,0.9276083800041485,0.0,0.8649903288201161,D006,target_threshold_calibration,"{""margin"": 0.0, ""max_threshold_drop"": 0.3, ""method"": ""target_threshold_calibration""}",True,False,5,True
0.0,0.9253793390147579,0.0,0.8611218568665377,D006,stage1_threshold_calibration,"{""margin"": 0.0, ""max_threshold_drop"": 0.3, ""method"": ""stage1_threshold_calibration""}",True,False,5,True
0.03594442494058492,0.9613237639553428,0.006802721088435374,0.9326885880077369,D006,target_threshold_calibration,"{""margin"": 0.02, ""max_threshold_drop"": 0.3, ""method"": ""target_threshold_calibration""}",True,False,5,True
0.0,0.9253793390147579,0.0,0.8611218568665377,D006,stage1_threshold_calibration,"{""margin"": 0.02, ""max_threshold_drop"": 0.3, ""method"": ""stage1_threshold_calibration""}",True,False,5,True
0.03822825592195089,0.9636075949367088,0.011904761904761904,0.9423597678916827,D006,target_threshold_calibration,"{""margin"": 0.05, ""max_threshold_drop"": 0.3, ""method"": ""target_threshold_calibration""}",True,False,5,True
0.000446549204647928,0.9258258882194058,0.0,0.8618955512572534,D006,stage1_threshold_calibration,"{""margin"": 0.05, ""max_threshold_drop"": 0.3, ""method"": ""stage1_threshold_calibration""}",True,False,5,True
0.038144679322894004,0.9635240183376519,0.00510204081632653,0.935009671179884,D006,positive_bias,"{""bias"": 0.1, ""method"": ""positive_bias""}",True,False,5,True
0.040615125200346935,0.9659944642151048,0.01020408163265306,0.9450676982591876,D006,positive_bias,"{""bias"": 0.25, ""method"": ""positive_bias""}",True,False,5,True
0.04265538868847818,0.9680347277032361,0.01020408163265306,0.948936170212766,D006,positive_bias,"{""bias"": 0.5, ""method"": ""positive_bias""}",True,False,5,True
0.04434146318736565,0.9697208022021235,0.011904761904761904,0.9539651837524178,D006,positive_bias,"{""bias"": 1.0, ""method"": ""positive_bias""}",True,True,5,True
0.040274036429379545,0.9656533754441374,0.011904761904761904,0.9462282398452612,D006,target_prototype_fusion,"{""cosine_threshold"": 0.7, ""method"": ""target_prototype_fusion""}",True,False,5,True
0.03945669417370523,0.9648360331884631,0.011904761904761904,0.9446808510638298,D006,target_prototype_fusion,"{""cosine_threshold"": 0.75, ""method"": ""target_prototype_fusion""}",True,False,5,True
0.037202327981876615,0.9625816669966345,0.011904761904761904,0.9404255319148936,D006,target_prototype_fusion,"{""cosine_threshold"": 0.8, ""method"": ""target_prototype_fusion""}",True,False,5,True
0.037539558466899825,0.9629188974816577,0.01020408163265306,0.9392649903288202,D006,target_prototype_fusion,"{""cosine_threshold"": 0.85, ""method"": ""target_prototype_fusion""}",True,False,5,True
0.03801103106084902,0.9633903700756069,0.006802721088435374,0.9365570599613153,D006,target_prototype_fusion,"{""cosine_threshold"": 0.9, ""method"": ""target_prototype_fusion""}",True,False,5,True
0.0,0.9254224834680382,0.0,0.8611965811965812,D007,no_adaptation,"{""method"": ""no_adaptation""}",True,False,3,False
0.004520812672440977,0.9299432961404792,0.0,0.869059829059829,D007,target_threshold_calibration,"{""margin"": 0.0, ""max_threshold_drop"": 0.05, ""method"": ""target_threshold_calibration""}",True,False,3,True
0.0,0.9254224834680382,0.0,0.8611965811965812,D007,stage1_threshold_calibration,"{""margin"": 0.0, ""max_threshold_drop"": 0.05, ""method"": ""stage1_threshold_calibration""}",True,False,3,True
0.03614310186341452,0.9615655853314528,0.007017543859649123,0.9323076923076923,D007,target_threshold_calibration,"{""margin"": 0.02, ""max_threshold_drop"": 0.05, ""method"": ""target_threshold_calibration""}",True,False,3,True
0.0,0.9254224834680382,0.0,0.8611965811965812,D007,stage1_threshold_calibration,"{""margin"": 0.02, ""max_threshold_drop"": 0.05, ""method"": ""stage1_threshold_calibration""}",True,False,3,True
0.03834436407265851,0.9637668475406967,0.012280701754385965,0.9411965811965812,D007,target_threshold_calibration,"{""margin"": 0.05, ""max_threshold_drop"": 0.05, ""method"": ""target_threshold_calibration""}",True,False,3,True
0.00039463000974360174,0.9258171134777818,0.0,0.8618803418803419,D007,stage1_threshold_calibration,"{""margin"": 0.05, ""max_threshold_drop"": 0.05, ""method"": ""stage1_threshold_calibration""}",True,False,3,True
0.004520812672440977,0.9299432961404792,0.0,0.869059829059829,D007,target_threshold_calibration,"{""margin"": 0.0, ""max_threshold_drop"": 0.1, ""method"": ""target_threshold_calibration""}",True,False,3,True
0.0,0.9254224834680382,0.0,0.8611965811965812,D007,stage1_threshold_calibration,"{""margin"": 0.0, ""max_threshold_drop"": 0.1, ""method"": ""stage1_threshold_calibration""}",True,False,3,True
0.03614310186341452,0.9615655853314528,0.007017543859649123,0.9323076923076923,D007,target_threshold_calibration,"{""margin"": 0.02, ""max_threshold_drop"": 0.1, ""method"": ""target_threshold_calibration""}",True,False,3,True
0.0,0.9254224834680382,0.0,0.8611965811965812,D007,stage1_threshold_calibration,"{""margin"": 0.02, ""max_threshold_drop"": 0.1, ""method"": ""stage1_threshold_calibration""}",True,False,3,True
0.03834436407265851,0.9637668475406967,0.012280701754385965,0.9411965811965812,D007,target_threshold_calibration,"{""margin"": 0.05, ""max_threshold_drop"": 0.1, ""method"": ""target_threshold_calibration""}",True,False,3,True
0.00039463000974360174,0.9258171134777818,0.0,0.8618803418803419,D007,stage1_threshold_calibration,"{""margin"": 0.05, ""max_threshold_drop"": 0.1, ""method"": ""stage1_threshold_calibration""}",True,False,3,True
0.004912129806783572,0.9303346132748218,0.0,0.8697435897435898,D007,target_threshold_calibration,"{""margin"": 0.0, ""max_threshold_drop"": 0.2, ""method"": ""target_threshold_calibration""}",True,False,3,True
0.0,0.9254224834680382,0.0,0.8611965811965812,D007,stage1_threshold_calibration,"{""margin"": 0.0, ""max_threshold_drop"": 0.2, ""method"": ""stage1_threshold_calibration""}",True,False,3,True
0.0365091344382007,0.9619316179062389,0.007017543859649123,0.932991452991453,D007,target_threshold_calibration,"{""margin"": 0.02, ""max_threshold_drop"": 0.2, ""method"": ""target_threshold_calibration""}",True,False,3,True
0.0,0.9254224834680382,0.0,0.8611965811965812,D007,stage1_threshold_calibration,"{""margin"": 0.02, ""max_threshold_drop"": 0.2, ""method"": ""stage1_threshold_calibration""}",True,False,3,True
0.038707000346485,0.9641294838145232,0.012280701754385965,0.9418803418803419,D007,target_threshold_calibration,"{""margin"": 0.05, ""max_threshold_drop"": 0.2, ""method"": ""target_threshold_calibration""}",True,False,3,True
0.00039463000974360174,0.9258171134777818,0.0,0.8618803418803419,D007,stage1_threshold_calibration,"{""margin"": 0.05, ""max_threshold_drop"": 0.2, ""method"": ""stage1_threshold_calibration""}",True,False,3,True
0.005303160838304288,0.9307256443063425,0.0,0.8704273504273504,D007,target_threshold_calibration,"{""margin"": 0.0, ""max_threshold_drop"": 0.3, ""method"": ""target_threshold_calibration""}",True,False,3,True
0.0,0.9254224834680382,0.0,0.8611965811965812,D007,stage1_threshold_calibration,"{""margin"": 0.0, ""max_threshold_drop"": 0.3, ""method"": ""stage1_threshold_calibration""}",True,False,3,True
0.036874909061912375,0.9622973925299506,0.007017543859649123,0.9336752136752137,D007,target_threshold_calibration,"{""margin"": 0.02, ""max_threshold_drop"": 0.3, ""method"": ""target_threshold_calibration""}",True,False,3,True
0.0,0.9254224834680382,0.0,0.8611965811965812,D007,stage1_threshold_calibration,"{""margin"": 0.02, ""max_threshold_drop"": 0.3, ""method"": ""stage1_threshold_calibration""}",True,False,3,True
0.03906938289543915,0.9644918663634774,0.012280701754385965,0.9425641025641026,D007,target_threshold_calibration,"{""margin"": 0.05, ""max_threshold_drop"": 0.3, ""method"": ""target_threshold_calibration""}",True,False,3,True
0.00039463000974360174,0.9258171134777818,0.0,0.8618803418803419,D007,stage1_threshold_calibration,"{""margin"": 0.05, ""max_threshold_drop"": 0.3, ""method"": ""stage1_threshold_calibration""}",True,False,3,True
0.036808367220277916,0.9622308506883162,0.005263157894736842,0.931965811965812,D007,positive_bias,"{""bias"": 0.1, ""method"": ""positive_bias""}",True,False,3,True
0.0399136509857434,0.9653361344537816,0.010526315789473684,0.9425641025641026,D007,positive_bias,"{""bias"": 0.25, ""method"": ""positive_bias""}",True,False,3,True
0.041721871652548925,0.9671443551205872,0.010526315789473684,0.945982905982906,D007,positive_bias,"{""bias"": 0.5, ""method"": ""positive_bias""}",True,False,3,True
0.0437573876794457,0.9691798711474839,0.012280701754385965,0.9514529914529914,D007,positive_bias,"{""bias"": 1.0, ""method"": ""positive_bias""}",True,True,3,True
0.03761832928375719,0.9630408127517954,0.012280701754385965,0.9398290598290598,D007,target_prototype_fusion,"{""cosine_threshold"": 0.7, ""method"": ""target_prototype_fusion""}",True,False,3,True
0.036527367487599216,0.9619498509556375,0.012280701754385965,0.9377777777777778,D007,target_prototype_fusion,"{""cosine_threshold"": 0.75, ""method"": ""target_prototype_fusion""}",True,False,3,True
0.03506917588226899,0.9604916593503072,0.012280701754385965,0.935042735042735,D007,target_prototype_fusion,"{""cosine_threshold"": 0.8, ""method"": ""target_prototype_fusion""}",True,False,3,True
0.035730619010428954,0.9611531024784672,0.010526315789473684,0.9347008547008547,D007,target_prototype_fusion,"{""cosine_threshold"": 0.85, ""method"": ""target_prototype_fusion""}",True,False,3,True
0.03614310186341452,0.9615655853314528,0.007017543859649123,0.9323076923076923,D007,target_prototype_fusion,"{""cosine_threshold"": 0.9, ""method"": ""target_prototype_fusion""}",True,False,3,True
0.0,0.9277629141798724,0.0,0.8652591170825336,D007,no_adaptation,"{""method"": ""no_adaptation""}",True,False,5,False
0.002202171053234947,0.9299650852331074,0.0,0.8690978886756238,D007,target_threshold_calibration,"{""margin"": 0.0, ""max_threshold_drop"": 0.05, ""method"": ""target_threshold_calibration""}",True,False,5,True
0.0,0.9277629141798724,0.0,0.8652591170825336,D007,stage1_threshold_calibration,"{""margin"": 0.0, ""max_threshold_drop"": 0.05, ""method"": ""stage1_threshold_calibration""}",True,False,5,True
0.035507228000222324,0.9632701421800948,0.007079646017699115,0.9362763915547025,D007,target_threshold_calibration,"{""margin"": 0.02, ""max_threshold_drop"": 0.05, ""method"": ""target_threshold_calibration""}",True,False,5,True
0.0,0.9277629141798724,0.0,0.8652591170825336,D007,stage1_threshold_calibration,"{""margin"": 0.02, ""max_threshold_drop"": 0.05, ""method"": ""stage1_threshold_calibration""}",True,False,5,True
0.03775432719943794,0.9655172413793104,0.012389380530973451,0.945873320537428,D007,target_threshold_calibration,"{""margin"": 0.05, ""max_threshold_drop"": 0.05, ""method"": ""target_threshold_calibration""}",True,False,5,True
0.00044115905608721473,0.9282040732359597,0.0,0.8660268714011516,D007,stage1_threshold_calibration,"{""margin"": 0.05, ""max_threshold_drop"": 0.05, ""method"": ""stage1_threshold_calibration""}",True,False,5,True
0.002202171053234947,0.9299650852331074,0.0,0.8690978886756238,D007,target_threshold_calibration,"{""margin"": 0.0, ""max_threshold_drop"": 0.1, ""method"": ""target_threshold_calibration""}",True,False,5,True
0.0,0.9277629141798724,0.0,0.8652591170825336,D007,stage1_threshold_calibration,"{""margin"": 0.0, ""max_threshold_drop"": 0.1, ""method"": ""stage1_threshold_calibration""}",True,False,5,True
0.035507228000222324,0.9632701421800948,0.007079646017699115,0.9362763915547025,D007,target_threshold_calibration,"{""margin"": 0.02, ""max_threshold_drop"": 0.1, ""method"": ""target_threshold_calibration""}",True,False,5,True
0.0,0.9277629141798724,0.0,0.8652591170825336,D007,stage1_threshold_calibration,"{""margin"": 0.02, ""max_threshold_drop"": 0.1, ""method"": ""stage1_threshold_calibration""}",True,False,5,True
0.03775432719943794,0.9655172413793104,0.012389380530973451,0.945873320537428,D007,target_threshold_calibration,"{""margin"": 0.05, ""max_threshold_drop"": 0.1, ""method"": ""target_threshold_calibration""}",True,False,5,True
0.00044115905608721473,0.9282040732359597,0.0,0.8660268714011516,D007,stage1_threshold_calibration,"{""margin"": 0.05, ""max_threshold_drop"": 0.1, ""method"": ""stage1_threshold_calibration""}",True,False,5,True
0.002202171053234947,0.9299650852331074,0.0,0.8690978886756238,D007,target_threshold_calibration,"{""margin"": 0.0, ""max_threshold_drop"": 0.2, ""method"": ""target_threshold_calibration""}",True,False,5,True
0.0,0.9277629141798724,0.0,0.8652591170825336,D007,stage1_threshold_calibration,"{""margin"": 0.0, ""max_threshold_drop"": 0.2, ""method"": ""stage1_threshold_calibration""}",True,False,5,True
0.035507228000222324,0.9632701421800948,0.007079646017699115,0.9362763915547025,D007,target_threshold_calibration,"{""margin"": 0.02, ""max_threshold_drop"": 0.2, ""method"": ""target_threshold_calibration""}",True,False,5,True
0.0,0.9277629141798724,0.0,0.8652591170825336,D007,stage1_threshold_calibration,"{""margin"": 0.02, ""max_threshold_drop"": 0.2, ""method"": ""stage1_threshold_calibration""}",True,False,5,True
0.03775432719943794,0.9655172413793104,0.012389380530973451,0.945873320537428,D007,target_threshold_calibration,"{""margin"": 0.05, ""max_threshold_drop"": 0.2, ""method"": ""target_threshold_calibration""}",True,False,5,True
0.00044115905608721473,0.9282040732359597,0.0,0.8660268714011516,D007,stage1_threshold_calibration,"{""margin"": 0.05, ""max_threshold_drop"": 0.2, ""method"": ""stage1_threshold_calibration""}",True,False,5,True
0.002202171053234947,0.9299650852331074,0.0,0.8690978886756238,D007,target_threshold_calibration,"{""margin"": 0.0, ""max_threshold_drop"": 0.3, ""method"": ""target_threshold_calibration""}",True,False,5,True
0.0,0.9277629141798724,0.0,0.8652591170825336,D007,stage1_threshold_calibration,"{""margin"": 0.0, ""max_threshold_drop"": 0.3, ""method"": ""stage1_threshold_calibration""}",True,False,5,True
0.035507228000222324,0.9632701421800948,0.007079646017699115,0.9362763915547025,D007,target_threshold_calibration,"{""margin"": 0.02, ""max_threshold_drop"": 0.3, ""method"": ""target_threshold_calibration""}",True,False,5,True
0.0,0.9277629141798724,0.0,0.8652591170825336,D007,stage1_threshold_calibration,"{""margin"": 0.02, ""max_threshold_drop"": 0.3, ""method"": ""stage1_threshold_calibration""}",True,False,5,True
0.03775432719943794,0.9655172413793104,0.012389380530973451,0.945873320537428,D007,target_threshold_calibration,"{""margin"": 0.05, ""max_threshold_drop"": 0.3, ""method"": ""target_threshold_calibration""}",True,False,5,True
0.00044115905608721473,0.9282040732359597,0.0,0.8660268714011516,D007,stage1_threshold_calibration,"{""margin"": 0.05, ""max_threshold_drop"": 0.3, ""method"": ""stage1_threshold_calibration""}",True,False,5,True
0.037686246728321104,0.9654491609081935,0.005309734513274336,0.9385796545105566,D007,positive_bias,"{""bias"": 0.1, ""method"": ""positive_bias""}",True,False,5,True
0.040118010222791156,0.9678809244026636,0.010619469026548672,0.9485604606525911,D007,positive_bias,"{""bias"": 0.25, ""method"": ""positive_bias""}",True,False,5,True
0.042135443912387105,0.9698983580922595,0.010619469026548672,0.9523992322456813,D007,positive_bias,"{""bias"": 0.5, ""method"": ""positive_bias""}",True,False,5,True
0.04379922060781738,0.9715621347876898,0.012389380530973451,0.9573896353166986,D007,positive_bias,"{""bias"": 1.0, ""method"": ""positive_bias""}",True,True,5,True
0.03977717185845364,0.9675400860383261,0.012389380530973451,0.9497120921305182,D007,target_prototype_fusion,"{""cosine_threshold"": 0.7, ""method"": ""target_prototype_fusion""}",True,False,5,True
0.03896898405887517,0.9667318982387476,0.012389380530973451,0.9481765834932822,D007,target_prototype_fusion,"{""cosine_threshold"": 0.75, ""method"": ""target_prototype_fusion""}",True,False,5,True
0.03673992951496963,0.9645028436948421,0.012389380530973451,0.943953934740883,D007,target_prototype_fusion,"{""cosine_threshold"": 0.8, ""method"": ""target_prototype_fusion""}",True,False,5,True
0.0370769993930995,0.9648399135729719,0.010619469026548672,0.9428023032629559,D007,target_prototype_fusion,"{""cosine_threshold"": 0.85, ""method"": ""target_prototype_fusion""}",True,False,5,True
0.037550448058992436,0.9653133622388649,0.007079646017699115,0.9401151631477928,D007,target_prototype_fusion,"{""cosine_threshold"": 0.9, ""method"": ""target_prototype_fusion""}",True,False,5,True
0.0,0.9243606022129512,0.0,0.8593591905564925,D008,no_adaptation,"{""method"": ""no_adaptation""}",True,False,3,False
0.004468877555834916,0.9288294797687862,0.0,0.8671163575042159,D008,target_threshold_calibration,"{""margin"": 0.0, ""max_threshold_drop"": 0.05, ""method"": ""target_threshold_calibration""}",True,False,3,True
0.0,0.9243606022129512,0.0,0.8593591905564925,D008,stage1_threshold_calibration,"{""margin"": 0.0, ""max_threshold_drop"": 0.05, ""method"": ""stage1_threshold_calibration""}",True,False,3,True
0.035750876623488304,0.9601114788364395,0.006837606837606838,0.9295109612141652,D008,target_threshold_calibration,"{""margin"": 0.02, ""max_threshold_drop"": 0.05, ""method"": ""target_threshold_calibration""}",True,False,3,True
0.0,0.9243606022129512,0.0,0.8593591905564925,D008,stage1_threshold_calibration,"{""margin"": 0.02, ""max_threshold_drop"": 0.05, ""method"": ""stage1_threshold_calibration""}",True,False,3,True
0.0379361809070764,0.9622967831200276,0.011965811965811967,0.9382799325463743,D008,target_threshold_calibration,"{""margin"": 0.05, ""max_threshold_drop"": 0.05, ""method"": ""target_threshold_calibration""}",True,False,3,True
0.0003900777507840347,0.9247506799637353,0.0,0.8600337268128162,D008,stage1_threshold_calibration,"{""margin"": 0.05, ""max_threshold_drop"": 0.05, ""method"": ""stage1_threshold_calibration""}",True,False,3,True
0.004468877555834916,0.9288294797687862,0.0,0.8671163575042159,D008,target_threshold_calibration,"{""margin"": 0.0, ""max_threshold_drop"": 0.1, ""method"": ""target_threshold_calibration""}",True,False,3,True
0.0,0.9243606022129512,0.0,0.8593591905564925,D008,stage1_threshold_calibration,"{""margin"": 0.0, ""max_threshold_drop"": 0.1, ""method"": ""stage1_threshold_calibration""}",True,False,3,True
0.035750876623488304,0.9601114788364395,0.006837606837606838,0.9295109612141652,D008,target_threshold_calibration,"{""margin"": 0.02, ""max_threshold_drop"": 0.1, ""method"": ""target_threshold_calibration""}",True,False,3,True
0.0,0.9243606022129512,0.0,0.8593591905564925,D008,stage1_threshold_calibration,"{""margin"": 0.02, ""max_threshold_drop"": 0.1, ""method"": ""stage1_threshold_calibration""}",True,False,3,True
0.0379361809070764,0.9622967831200276,0.011965811965811967,0.9382799325463743,D008,target_threshold_calibration,"{""margin"": 0.05, ""max_threshold_drop"": 0.1, ""method"": ""target_threshold_calibration""}",True,False,3,True
0.0003900777507840347,0.9247506799637353,0.0,0.8600337268128162,D008,stage1_threshold_calibration,"{""margin"": 0.05, ""max_threshold_drop"": 0.1, ""method"": ""stage1_threshold_calibration""}",True,False,3,True
0.004855721369569577,0.9292163235825208,0.0,0.8677908937605396,D008,target_threshold_calibration,"{""margin"": 0.0, ""max_threshold_drop"": 0.2, ""method"": ""target_threshold_calibration""}",True,False,3,True
0.0,0.9243606022129512,0.0,0.8593591905564925,D008,stage1_threshold_calibration,"{""margin"": 0.0, ""max_threshold_drop"": 0.2, ""method"": ""stage1_threshold_calibration""}",True,False,3,True
0.036113017846251316,0.9604736200592026,0.006837606837606838,0.9301854974704891,D008,target_threshold_calibration,"{""margin"": 0.02, ""max_threshold_drop"": 0.2, ""method"": ""target_threshold_calibration""}",True,False,3,True
0.0,0.9243606022129512,0.0,0.8593591905564925,D008,stage1_threshold_calibration,"{""margin"": 0.02, ""max_threshold_drop"": 0.2, ""method"": ""stage1_threshold_calibration""}",True,False,3,True
0.038294999446799816,0.9626556016597511,0.011965811965811967,0.9389544688026982,D008,target_threshold_calibration,"{""margin"": 0.05, ""max_threshold_drop"": 0.2, ""method"": ""target_threshold_calibration""}",True,False,3,True
0.0003900777507840347,0.9247506799637353,0.0,0.8600337268128162,D008,stage1_threshold_calibration,"{""margin"": 0.05, ""max_threshold_drop"": 0.2, ""method"": ""stage1_threshold_calibration""}",True,False,3,True
0.005242285873691244,0.9296028880866425,0.0,0.8684654300168634,D008,target_threshold_calibration,"{""margin"": 0.0, ""max_threshold_drop"": 0.3, ""method"": ""target_threshold_calibration""}",True,False,3,True
0.0,0.9243606022129512,0.0,0.8593591905564925,D008,stage1_threshold_calibration,"{""margin"": 0.0, ""max_threshold_drop"": 0.3, ""method"": ""stage1_threshold_calibration""}",True,False,3,True
0.03647490692542987,0.9608355091383811,0.006837606837606838,0.9308600337268128,D008,target_threshold_calibration,"{""margin"": 0.02, ""max_threshold_drop"": 0.3, ""method"": ""target_threshold_calibration""}",True,False,3,True
0.0,0.9243606022129512,0.0,0.8593591905564925,D008,stage1_threshold_calibration,"{""margin"": 0.02, ""max_threshold_drop"": 0.3, ""method"": ""stage1_threshold_calibration""}",True,False,3,True
0.03865356992669622,0.9630141721396475,0.011965811965811967,0.9396290050590219,D008,target_threshold_calibration,"{""margin"": 0.05, ""max_threshold_drop"": 0.3, ""method"": ""target_threshold_calibration""}",True,False,3,True
0.0003900777507840347,0.9247506799637353,0.0,0.8600337268128162,D008,stage1_threshold_calibration,"{""margin"": 0.05, ""max_threshold_drop"": 0.3, ""method"": ""stage1_threshold_calibration""}",True,False,3,True
0.03640661661878375,0.960767218831735,0.005128205128205128,0.9291736930860034,D008,positive_bias,"{""bias"": 0.1, ""method"": ""positive_bias""}",True,False,3,True
0.039486483066412115,0.9638470852793634,0.010256410256410256,0.9396290050590219,D008,positive_bias,"{""bias"": 0.25, ""method"": ""positive_bias""}",True,False,3,True
0.04127573002673113,0.9656363322396824,0.010256410256410256,0.9430016863406409,D008,positive_bias,"{""bias"": 0.5, ""method"": ""positive_bias""}",True,False,3,True
0.04329252923921678,0.967653131452168,0.011965811965811967,0.948397976391231,D008,positive_bias,"{""bias"": 1.0, ""method"": ""positive_bias""}",True,True,3,True
0.03721779861778607,0.9615784008307373,0.011965811965811967,0.9369308600337268,D008,target_prototype_fusion,"{""cosine_threshold"": 0.7, ""method"": ""target_prototype_fusion""}",True,False,3,True
0.03613835828600931,0.9604989604989606,0.011965811965811967,0.9349072512647555,D008,target_prototype_fusion,"{""cosine_threshold"": 0.75, ""method"": ""target_prototype_fusion""}",True,False,3,True
0.03469560875165667,0.9590562109646079,0.011965811965811967,0.9322091062394604,D008,target_prototype_fusion,"{""cosine_threshold"": 0.8, ""method"": ""target_prototype_fusion""}",True,False,3,True
0.03534762981205741,0.9597082320250087,0.010256410256410256,0.9318718381112985,D008,target_prototype_fusion,"{""cosine_threshold"": 0.85, ""method"": ""target_prototype_fusion""}",True,False,3,True
0.035750876623488304,0.9601114788364395,0.006837606837606838,0.9295109612141652,D008,target_prototype_fusion,"{""cosine_threshold"": 0.9, ""method"": ""target_prototype_fusion""}",True,False,3,True
0.0,0.9271952950719935,0.0,0.8642722117202268,D008,no_adaptation,"{""method"": ""no_adaptation""}",True,False,5,False
0.002171229922946827,0.9293665249949403,0.0,0.8680529300567108,D008,target_threshold_calibration,"{""margin"": 0.0, ""max_threshold_drop"": 0.05, ""method"": ""target_threshold_calibration""}",True,False,5,True
0.0,0.9271952950719935,0.0,0.8642722117202268,D008,stage1_threshold_calibration,"{""margin"": 0.0, ""max_threshold_drop"": 0.05, ""method"": ""stage1_threshold_calibration""}",True,False,5,True
0.03503211925822447,0.962227414330218,0.006896551724137931,0.9342155009451796,D008,target_threshold_calibration,"{""margin"": 0.02, ""max_threshold_drop"": 0.05, ""method"": ""target_threshold_calibration""}",True,False,5,True
0.0,0.9271952950719935,0.0,0.8642722117202268,D008,stage1_threshold_calibration,"{""margin"": 0.02, ""max_threshold_drop"": 0.05, ""method"": ""stage1_threshold_calibration""}",True,False,5,True
0.03725601868380246,0.964451313755796,0.01206896551724138,0.9436672967863894,D008,target_threshold_calibration,"{""margin"": 0.05, ""max_threshold_drop"": 0.05, ""method"": ""target_threshold_calibration""}",True,False,5,True
0.0004349502148502937,0.9276302452868438,0.0,0.8650283553875237,D008,stage1_threshold_calibration,"{""margin"": 0.05, ""max_threshold_drop"": 0.05, ""method"": ""stage1_threshold_calibration""}",True,False,5,True
0.002171229922946827,0.9293665249949403,0.0,0.8680529300567108,D008,target_threshold_calibration,"{""margin"": 0.0, ""max_threshold_drop"": 0.1, ""method"": ""target_threshold_calibration""}",True,False,5,True
0.0,0.9271952950719935,0.0,0.8642722117202268,D008,stage1_threshold_calibration,"{""margin"": 0.0, ""max_threshold_drop"": 0.1, ""method"": ""stage1_threshold_calibration""}",True,False,5,True
0.03503211925822447,0.962227414330218,0.006896551724137931,0.9342155009451796,D008,target_threshold_calibration,"{""margin"": 0.02, ""max_threshold_drop"": 0.1, ""method"": ""target_threshold_calibration""}",True,False,5,True
0.0,0.9271952950719935,0.0,0.8642722117202268,D008,stage1_threshold_calibration,"{""margin"": 0.02, ""max_threshold_drop"": 0.1, ""method"": ""stage1_threshold_calibration""}",True,False,5,True
0.03725601868380246,0.964451313755796,0.01206896551724138,0.9436672967863894,D008,target_threshold_calibration,"{""margin"": 0.05, ""max_threshold_drop"": 0.1, ""method"": ""target_threshold_calibration""}",True,False,5,True
0.0004349502148502937,0.9276302452868438,0.0,0.8650283553875237,D008,stage1_threshold_calibration,"{""margin"": 0.05, ""max_threshold_drop"": 0.1, ""method"": ""stage1_threshold_calibration""}",True,False,5,True
0.002171229922946827,0.9293665249949403,0.0,0.8680529300567108,D008,target_threshold_calibration,"{""margin"": 0.0, ""max_threshold_drop"": 0.2, ""method"": ""target_threshold_calibration""}",True,False,5,True
0.0,0.9271952950719935,0.0,0.8642722117202268,D008,stage1_threshold_calibration,"{""margin"": 0.0, ""max_threshold_drop"": 0.2, ""method"": ""stage1_threshold_calibration""}",True,False,5,True
0.03503211925822447,0.962227414330218,0.006896551724137931,0.9342155009451796,D008,target_threshold_calibration,"{""margin"": 0.02, ""max_threshold_drop"": 0.2, ""method"": ""target_threshold_calibration""}",True,False,5,True
0.0,0.9271952950719935,0.0,0.8642722117202268,D008,stage1_threshold_calibration,"{""margin"": 0.02, ""max_threshold_drop"": 0.2, ""method"": ""stage1_threshold_calibration""}",True,False,5,True
0.03725601868380246,0.964451313755796,0.01206896551724138,0.9436672967863894,D008,target_threshold_calibration,"{""margin"": 0.05, ""max_threshold_drop"": 0.2, ""method"": ""target_threshold_calibration""}",True,False,5,True
0.0004349502148502937,0.9276302452868438,0.0,0.8650283553875237,D008,stage1_threshold_calibration,"{""margin"": 0.05, ""max_threshold_drop"": 0.2, ""method"": ""stage1_threshold_calibration""}",True,False,5,True
0.002171229922946827,0.9293665249949403,0.0,0.8680529300567108,D008,target_threshold_calibration,"{""margin"": 0.0, ""max_threshold_drop"": 0.3, ""method"": ""target_threshold_calibration""}",True,False,5,True
0.0,0.9271952950719935,0.0,0.8642722117202268,D008,stage1_threshold_calibration,"{""margin"": 0.0, ""max_threshold_drop"": 0.3, ""method"": ""stage1_threshold_calibration""}",True,False,5,True
0.03503211925822447,0.962227414330218,0.006896551724137931,0.9342155009451796,D008,target_threshold_calibration,"{""margin"": 0.02, ""max_threshold_drop"": 0.3, ""method"": ""target_threshold_calibration""}",True,False,5,True
0.0,0.9271952950719935,0.0,0.8642722117202268,D008,stage1_threshold_calibration,"{""margin"": 0.02, ""max_threshold_drop"": 0.3, ""method"": ""stage1_threshold_calibration""}",True,False,5,True
0.03725601868380246,0.964451313755796,0.01206896551724138,0.9436672967863894,D008,target_threshold_calibration,"{""margin"": 0.05, ""max_threshold_drop"": 0.3, ""method"": ""target_threshold_calibration""}",True,False,5,True
0.0004349502148502937,0.9276302452868438,0.0,0.8650283553875237,D008,stage1_threshold_calibration,"{""margin"": 0.05, ""max_threshold_drop"": 0.3, ""method"": ""stage1_threshold_calibration""}",True,False,5,True
0.037180799925086494,0.96437609499708,0.005172413793103448,0.9364839319470699,D008,positive_bias,"{""bias"": 0.1, ""method"": ""positive_bias""}",True,False,5,True
0.03958724644982958,0.9667825415218231,0.010344827586206896,0.9463137996219282,D008,positive_bias,"{""bias"": 0.25, ""method"": ""positive_bias""}",True,False,5,True
0.04157879899122929,0.9687740940632228,0.010344827586206896,0.950094517958412,D008,positive_bias,"{""bias"": 0.5, ""method"": ""positive_bias""}",True,False,5,True
0.04322345252693072,0.9704187475989242,0.01206896551724138,0.9550094517958412,D008,positive_bias,"{""bias"": 1.0, ""method"": ""positive_bias""}",True,True,5,True
0.03925283450764405,0.9664481295796375,0.01206896551724138,0.9474480151228734,D008,target_prototype_fusion,"{""cosine_threshold"": 0.7, ""method"": ""target_prototype_fusion""}",True,False,5,True
0.03845503298667108,0.9656503280586646,0.01206896551724138,0.9459357277882797,D008,target_prototype_fusion,"{""cosine_threshold"": 0.75, ""method"": ""target_prototype_fusion""}",True,False,5,True
0.03625471459731611,0.9634500096693096,0.01206896551724138,0.9417769376181474,D008,target_prototype_fusion,"{""cosine_threshold"": 0.8, ""method"": ""target_prototype_fusion""}",True,False,5,True
0.03658545255535495,0.9637807476273484,0.010344827586206896,0.9406427221172022,D008,target_prototype_fusion,"{""cosine_threshold"": 0.85, ""method"": ""target_prototype_fusion""}",True,False,5,True
0.03704877799446593,0.9642440730664594,0.006896551724137931,0.9379962192816635,D008,target_prototype_fusion,"{""cosine_threshold"": 0.9, ""method"": ""target_prototype_fusion""}",True,False,5,True
0.0,0.9260403416318372,0.0,0.8622673434856176,D009,no_adaptation,"{""method"": ""no_adaptation""}",True,False,3,False
0.004469973243298453,0.9305103148751357,0.0,0.8700507614213198,D009,target_threshold_calibration,"{""margin"": 0.0, ""max_threshold_drop"": 0.05, ""method"": ""target_threshold_calibration""}",True,False,3,True
0.0,0.9260403416318372,0.0,0.8622673434856176,D009,stage1_threshold_calibration,"{""margin"": 0.0, ""max_threshold_drop"": 0.05, ""method"": ""stage1_threshold_calibration""}",True,False,3,True
0.03574643205512851,0.9617867736869657,0.006837606837606838,0.9326565143824027,D009,target_threshold_calibration,"{""margin"": 0.02, ""max_threshold_drop"": 0.05, ""method"": ""target_threshold_calibration""}",True,False,3,True
0.0,0.9260403416318372,0.0,0.8622673434856176,D009,stage1_threshold_calibration,"{""margin"": 0.02, ""max_threshold_drop"": 0.05, ""method"": ""stage1_threshold_calibration""}",True,False,3,True
0.03792362233212676,0.963963963963964,0.011965811965811967,0.9414551607445009,D009,target_threshold_calibration,"{""margin"": 0.05, ""max_threshold_drop"": 0.05, ""method"": ""target_threshold_calibration""}",True,False,3,True
0.00039017607933433673,0.9264305177111716,0.0,0.8629441624365483,D009,stage1_threshold_calibration,"{""margin"": 0.05, ""max_threshold_drop"": 0.05, ""method"": ""stage1_threshold_calibration""}",True,False,3,True
0.004469973243298453,0.9305103148751357,0.0,0.8700507614213198,D009,target_threshold_calibration,"{""margin"": 0.0, ""max_threshold_drop"": 0.1, ""method"": ""target_threshold_calibration""}",True,False,3,True
0.0,0.9260403416318372,0.0,0.8622673434856176,D009,stage1_threshold_calibration,"{""margin"": 0.0, ""max_threshold_drop"": 0.1, ""method"": ""stage1_threshold_calibration""}",True,False,3,True
0.03574643205512851,0.9617867736869657,0.006837606837606838,0.9326565143824027,D009,target_threshold_calibration,"{""margin"": 0.02, ""max_threshold_drop"": 0.1, ""method"": ""target_threshold_calibration""}",True,False,3,True
0.0,0.9260403416318372,0.0,0.8622673434856176,D009,stage1_threshold_calibration,"{""margin"": 0.02, ""max_threshold_drop"": 0.1, ""method"": ""stage1_threshold_calibration""}",True,False,3,True
0.03792362233212676,0.963963963963964,0.011965811965811967,0.9414551607445009,D009,target_threshold_calibration,"{""margin"": 0.05, ""max_threshold_drop"": 0.1, ""method"": ""target_threshold_calibration""}",True,False,3,True
0.00039017607933433673,0.9264305177111716,0.0,0.8629441624365483,D009,stage1_threshold_calibration,"{""margin"": 0.05, ""max_threshold_drop"": 0.1, ""method"": ""stage1_threshold_calibration""}",True,False,3,True
0.004856908729957254,0.9308972503617945,0.0,0.8707275803722504,D009,target_threshold_calibration,"{""margin"": 0.0, ""max_threshold_drop"": 0.2, ""method"": ""target_threshold_calibration""}",True,False,3,True
0.0,0.9260403416318372,0.0,0.8622673434856176,D009,stage1_threshold_calibration,"{""margin"": 0.0, ""max_threshold_drop"": 0.2, ""method"": ""stage1_threshold_calibration""}",True,False,3,True
0.03610862051712482,0.9621489621489621,0.006837606837606838,0.9333333333333333,D009,target_threshold_calibration,"{""margin"": 0.02, ""max_threshold_drop"": 0.2, ""method"": ""target_threshold_calibration""}",True,False,3,True
0.0,0.9260403416318372,0.0,0.8622673434856176,D009,stage1_threshold_calibration,"{""margin"": 0.02, ""max_threshold_drop"": 0.2, ""method"": ""stage1_threshold_calibration""}",True,False,3,True
0.03828248483161967,0.9643228264634569,0.011965811965811967,0.9421319796954315,D009,target_threshold_calibration,"{""margin"": 0.05, ""max_threshold_drop"": 0.2, ""method"": ""target_threshold_calibration""}",True,False,3,True
0.00039017607933433673,0.9264305177111716,0.0,0.8629441624365483,D009,stage1_threshold_calibration,"{""margin"": 0.05, ""max_threshold_drop"": 0.2, ""method"": ""stage1_threshold_calibration""}",True,False,3,True
0.005243564335613016,0.9312839059674503,0.0,0.871404399323181,D009,target_threshold_calibration,"{""margin"": 0.0, ""max_threshold_drop"": 0.3, ""method"": ""target_threshold_calibration""}",True,False,3,True
0.0,0.9260403416318372,0.0,0.8622673434856176,D009,stage1_threshold_calibration,"{""margin"": 0.0, ""max_threshold_drop"": 0.3, ""method"": ""stage1_threshold_calibration""}",True,False,3,True
0.03647055636293173,0.962510897994769,0.006837606837606838,0.934010152284264,D009,target_threshold_calibration,"{""margin"": 0.02, ""max_threshold_drop"": 0.3, ""method"": ""target_threshold_calibration""}",True,False,3,True
0.0,0.9260403416318372,0.0,0.8622673434856176,D009,stage1_threshold_calibration,"{""margin"": 0.02, ""max_threshold_drop"": 0.3, ""method"": ""stage1_threshold_calibration""}",True,False,3,True
0.03864109881137612,0.9646814404432134,0.011965811965811967,0.9428087986463621,D009,target_threshold_calibration,"{""margin"": 0.05, ""max_threshold_drop"": 0.3, ""method"": ""target_threshold_calibration""}",True,False,3,True
0.00039017607933433673,0.9264305177111716,0.0,0.8629441624365483,D009,stage1_threshold_calibration,"{""margin"": 0.05, ""max_threshold_drop"": 0.3, ""method"": ""stage1_threshold_calibration""}",True,False,3,True
0.03640507321532438,0.9624454148471616,0.005128205128205128,0.9323181049069373,D009,positive_bias,"{""bias"": 0.1, ""method"": ""positive_bias""}",True,False,3,True
0.03947689974747315,0.9655172413793104,0.010256410256410256,0.9428087986463621,D009,positive_bias,"{""bias"": 0.25, ""method"": ""positive_bias""}",True,False,3,True
0.04126635271170198,0.9673066943435392,0.010256410256410256,0.9461928934010152,D009,positive_bias,"{""bias"": 0.5, ""method"": ""positive_bias""}",True,False,3,True
0.0432805821875355,0.9693209238193727,0.011965811965811967,0.9516074450084603,D009,positive_bias,"{""bias"": 1.0, ""method"": ""positive_bias""}",True,True,3,True
0.03720515073986874,0.963245492371706,0.011965811965811967,0.9401015228426396,D009,target_prototype_fusion,"{""cosine_threshold"": 0.7, ""method"": ""target_prototype_fusion""}",True,False,3,True
0.03612557298114427,0.9621659146129815,0.011965811965811967,0.9380710659898477,D009,target_prototype_fusion,"{""cosine_threshold"": 0.75, ""method"": ""target_prototype_fusion""}",True,False,3,True
0.03468263368967839,0.9607229753215156,0.011965811965811967,0.9353637901861253,D009,target_prototype_fusion,"{""cosine_threshold"": 0.8, ""method"": ""target_prototype_fusion""}",True,False,3,True
0.03533752893183706,0.9613778705636743,0.010256410256410256,0.9350253807106599,D009,target_prototype_fusion,"{""cosine_threshold"": 0.85, ""method"": ""target_prototype_fusion""}",True,False,3,True
0.03574643205512851,0.9617867736869657,0.006837606837606838,0.9326565143824027,D009,target_prototype_fusion,"{""cosine_threshold"": 0.9, ""method"": ""target_prototype_fusion""}",True,False,3,True
0.0,0.9286440333401098,0.0,0.8667931688804554,D009,no_adaptation,"{""method"": ""no_adaptation""}",True,False,5,False
0.002173576722783288,0.9308176100628931,0.0,0.8705882352941177,D009,target_threshold_calibration,"{""margin"": 0.0, ""max_threshold_drop"": 0.05, ""method"": ""target_threshold_calibration""}",True,False,5,True
0.0,0.9286440333401098,0.0,0.8667931688804554,D009,stage1_threshold_calibration,"{""margin"": 0.0, ""max_threshold_drop"": 0.05, ""method"": ""stage1_threshold_calibration""}",True,False,5,True
0.03505620085192762,0.9637002341920374,0.006896551724137931,0.9370018975332068,D009,target_threshold_calibration,"{""margin"": 0.02, ""max_threshold_drop"": 0.05, ""method"": ""target_threshold_calibration""}",True,False,5,True
0.0,0.9286440333401098,0.0,0.8667931688804554,D009,stage1_threshold_calibration,"{""margin"": 0.02, ""max_threshold_drop"": 0.05, ""method"": ""stage1_threshold_calibration""}",True,False,5,True
0.0372738597660095,0.9659178931061193,0.01206896551724138,0.9464895635673625,D009,target_threshold_calibration,"{""margin"": 0.05, ""max_threshold_drop"": 0.05, ""method"": ""target_threshold_calibration""}",True,False,5,True
0.0004354220551350263,0.9290794553952448,0.0,0.8675521821631879,D009,stage1_threshold_calibration,"{""margin"": 0.05, ""max_threshold_drop"": 0.05, ""method"": ""stage1_threshold_calibration""}",True,False,5,True
0.002173576722783288,0.9308176100628931,0.0,0.8705882352941177,D009,target_threshold_calibration,"{""margin"": 0.0, ""max_threshold_drop"": 0.1, ""method"": ""target_threshold_calibration""}",True,False,5,True
0.0,0.9286440333401098,0.0,0.8667931688804554,D009,stage1_threshold_calibration,"{""margin"": 0.0, ""max_threshold_drop"": 0.1, ""method"": ""stage1_threshold_calibration""}",True,False,5,True
0.03505620085192762,0.9637002341920374,0.006896551724137931,0.9370018975332068,D009,target_threshold_calibration,"{""margin"": 0.02, ""max_threshold_drop"": 0.1, ""method"": ""target_threshold_calibration""}",True,False,5,True
0.0,0.9286440333401098,0.0,0.8667931688804554,D009,stage1_threshold_calibration,"{""margin"": 0.02, ""max_threshold_drop"": 0.1, ""method"": ""stage1_threshold_calibration""}",True,False,5,True
0.0372738597660095,0.9659178931061193,0.01206896551724138,0.9464895635673625,D009,target_threshold_calibration,"{""margin"": 0.05, ""max_threshold_drop"": 0.1, ""method"": ""target_threshold_calibration""}",True,False,5,True
0.0004354220551350263,0.9290794553952448,0.0,0.8675521821631879,D009,stage1_threshold_calibration,"{""margin"": 0.05, ""max_threshold_drop"": 0.1, ""method"": ""stage1_threshold_calibration""}",True,False,5,True
0.002173576722783288,0.9308176100628931,0.0,0.8705882352941177,D009,target_threshold_calibration,"{""margin"": 0.0, ""max_threshold_drop"": 0.2, ""method"": ""target_threshold_calibration""}",True,False,5,True
0.0,0.9286440333401098,0.0,0.8667931688804554,D009,stage1_threshold_calibration,"{""margin"": 0.0, ""max_threshold_drop"": 0.2, ""method"": ""stage1_threshold_calibration""}",True,False,5,True
0.03505620085192762,0.9637002341920374,0.006896551724137931,0.9370018975332068,D009,target_threshold_calibration,"{""margin"": 0.02, ""max_threshold_drop"": 0.2, ""method"": ""target_threshold_calibration""}",True,False,5,True
0.0,0.9286440333401098,0.0,0.8667931688804554,D009,stage1_threshold_calibration,"{""margin"": 0.02, ""max_threshold_drop"": 0.2, ""method"": ""stage1_threshold_calibration""}",True,False,5,True
0.0372738597660095,0.9659178931061193,0.01206896551724138,0.9464895635673625,D009,target_threshold_calibration,"{""margin"": 0.05, ""max_threshold_drop"": 0.2, ""method"": ""target_threshold_calibration""}",True,False,5,True
0.0004354220551350263,0.9290794553952448,0.0,0.8675521821631879,D009,stage1_threshold_calibration,"{""margin"": 0.05, ""max_threshold_drop"": 0.2, ""method"": ""stage1_threshold_calibration""}",True,False,5,True
0.002173576722783288,0.9308176100628931,0.0,0.8705882352941177,D009,target_threshold_calibration,"{""margin"": 0.0, ""max_threshold_drop"": 0.3, ""method"": ""target_threshold_calibration""}",True,False,5,True
0.0,0.9286440333401098,0.0,0.8667931688804554,D009,stage1_threshold_calibration,"{""margin"": 0.0, ""max_threshold_drop"": 0.3, ""method"": ""stage1_threshold_calibration""}",True,False,5,True
0.03505620085192762,0.9637002341920374,0.006896551724137931,0.9370018975332068,D009,target_threshold_calibration,"{""margin"": 0.02, ""max_threshold_drop"": 0.3, ""method"": ""target_threshold_calibration""}",True,False,5,True
0.0,0.9286440333401098,0.0,0.8667931688804554,D009,stage1_threshold_calibration,"{""margin"": 0.02, ""max_threshold_drop"": 0.3, ""method"": ""stage1_threshold_calibration""}",True,False,5,True
0.0372738597660095,0.9659178931061193,0.01206896551724138,0.9464895635673625,D009,target_threshold_calibration,"{""margin"": 0.05, ""max_threshold_drop"": 0.3, ""method"": ""target_threshold_calibration""}",True,False,5,True
0.0004354220551350263,0.9290794553952448,0.0,0.8675521821631879,D009,stage1_threshold_calibration,"{""margin"": 0.05, ""max_threshold_drop"": 0.3, ""method"": ""stage1_threshold_calibration""}",True,False,5,True
0.037209625196475526,0.9658536585365853,0.005172413793103448,0.9392789373814042,D009,positive_bias,"{""bias"": 0.1, ""method"": ""positive_bias""}",True,False,5,True
0.039609934913858336,0.9682539682539681,0.010344827586206896,0.949146110056926,D009,positive_bias,"{""bias"": 0.25, ""method"": ""positive_bias""}",True,False,5,True
0.04160326186854546,0.9702472952086553,0.010344827586206896,0.9529411764705882,D009,positive_bias,"{""bias"": 0.5, ""method"": ""positive_bias""}",True,False,5,True
0.043246609709562844,0.9718906430496727,0.01206896551724138,0.9578747628083492,D009,positive_bias,"{""bias"": 1.0, ""method"": ""positive_bias""}",True,True,5,True
0.03927247226483799,0.9679165056049478,0.01206896551724138,0.9502846299810247,D009,target_prototype_fusion,"{""cosine_threshold"": 0.7, ""method"": ""target_prototype_fusion""}",True,False,5,True
0.038473955054474374,0.9671179883945842,0.01206896551724138,0.9487666034155597,D009,target_prototype_fusion,"{""cosine_threshold"": 0.75, ""method"": ""target_prototype_fusion""}",True,False,5,True
0.036271647993481926,0.9649156813335917,0.01206896551724138,0.9445920303605313,D009,target_prototype_fusion,"{""cosine_threshold"": 0.8, ""method"": ""target_prototype_fusion""}",True,False,5,True
0.036605432782973124,0.9652494661230829,0.010344827586206896,0.9434535104364327,D009,target_prototype_fusion,"{""cosine_threshold"": 0.85, ""method"": ""target_prototype_fusion""}",True,False,5,True
0.03707470448614647,0.9657187378262563,0.006896551724137931,0.9407969639468691,D009,target_prototype_fusion,"{""cosine_threshold"": 0.9, ""method"": ""target_prototype_fusion""}",True,False,5,True
0.0,0.9245937557056783,0.0,0.8597623089983022,D010,no_adaptation,"{""method"": ""no_adaptation""}",True,False,3,False
0.004497153385230823,0.9290909090909091,0.0,0.8675721561969439,D010,target_threshold_calibration,"{""margin"": 0.0, ""max_threshold_drop"": 0.05, ""method"": ""target_threshold_calibration""}",True,False,3,True
0.0,0.9245937557056783,0.0,0.8597623089983022,D010,stage1_threshold_calibration,"{""margin"": 0.0, ""max_threshold_drop"": 0.05, ""method"": ""stage1_threshold_calibration""}",True,False,3,True
0.03596715577547871,0.960560911481157,0.00686106346483705,0.9303904923599321,D010,target_threshold_calibration,"{""margin"": 0.02, ""max_threshold_drop"": 0.05, ""method"": ""target_threshold_calibration""}",True,False,3,True
0.0,0.9245937557056783,0.0,0.8597623089983022,D010,stage1_threshold_calibration,"{""margin"": 0.02, ""max_threshold_drop"": 0.05, ""method"": ""stage1_threshold_calibration""}",True,False,3,True
0.03816294460758318,0.9627567003132614,0.012006861063464836,0.9392190152801358,D010,target_threshold_calibration,"{""margin"": 0.05, ""max_threshold_drop"": 0.05, ""method"": ""target_threshold_calibration""}",True,False,3,True
0.0003925556650097306,0.924986311370688,0.0,0.8604414261460102,D010,stage1_threshold_calibration,"{""margin"": 0.05, ""max_threshold_drop"": 0.05, ""method"": ""stage1_threshold_calibration""}",True,False,3,True
0.004497153385230823,0.9290909090909091,0.0,0.8675721561969439,D010,target_threshold_calibration,"{""margin"": 0.0, ""max_threshold_drop"": 0.1, ""method"": ""target_threshold_calibration""}",True,False,3,True
0.0,0.9245937557056783,0.0,0.8597623089983022,D010,stage1_threshold_calibration,"{""margin"": 0.0, ""max_threshold_drop"": 0.1, ""method"": ""stage1_threshold_calibration""}",True,False,3,True
0.03596715577547871,0.960560911481157,0.00686106346483705,0.9303904923599321,D010,target_threshold_calibration,"{""margin"": 0.02, ""max_threshold_drop"": 0.1, ""method"": ""target_threshold_calibration""}",True,False,3,True
0.0,0.9245937557056783,0.0,0.8597623089983022,D010,stage1_threshold_calibration,"{""margin"": 0.02, ""max_threshold_drop"": 0.1, ""method"": ""stage1_threshold_calibration""}",True,False,3,True
0.03816294460758318,0.9627567003132614,0.012006861063464836,0.9392190152801358,D010,target_threshold_calibration,"{""margin"": 0.05, ""max_threshold_drop"": 0.1, ""method"": ""target_threshold_calibration""}",True,False,3,True
0.0003925556650097306,0.924986311370688,0.0,0.8604414261460102,D010,stage1_threshold_calibration,"{""margin"": 0.05, ""max_threshold_drop"": 0.1, ""method"": ""stage1_threshold_calibration""}",True,False,3,True
0.00488643331649552,0.9294801890221738,0.0,0.8682512733446519,D010,target_threshold_calibration,"{""margin"": 0.0, ""max_threshold_drop"": 0.2, ""method"": ""target_threshold_calibration""}",True,False,3,True
0.0,0.9245937557056783,0.0,0.8597623089983022,D010,stage1_threshold_calibration,"{""margin"": 0.0, ""max_threshold_drop"": 0.2, ""method"": ""stage1_threshold_calibration""}",True,False,3,True
0.036331423898316895,0.9609251796039951,0.00686106346483705,0.9310696095076401,D010,target_threshold_calibration,"{""margin"": 0.02, ""max_threshold_drop"": 0.2, ""method"": ""target_threshold_calibration""}",True,False,3,True
0.0,0.9245937557056783,0.0,0.8597623089983022,D010,stage1_threshold_calibration,"{""margin"": 0.02, ""max_threshold_drop"": 0.2, ""method"": ""stage1_threshold_calibration""}",True,False,3,True
0.03852385041819095,0.9631176061238692,0.012006861063464836,0.9398981324278438,D010,target_threshold_calibration,"{""margin"": 0.05, ""max_threshold_drop"": 0.2, ""method"": ""target_threshold_calibration""}",True,False,3,True
0.0003925556650097306,0.924986311370688,0.0,0.8604414261460102,D010,stage1_threshold_calibration,"{""margin"": 0.05, ""max_threshold_drop"": 0.2, ""method"": ""stage1_threshold_calibration""}",True,False,3,True
0.005275430340833442,0.9298691860465117,0.0,0.86893039049236,D010,target_threshold_calibration,"{""margin"": 0.0, ""max_threshold_drop"": 0.3, ""method"": ""target_threshold_calibration""}",True,False,3,True
0.0,0.9245937557056783,0.0,0.8597623089983022,D010,stage1_threshold_calibration,"{""margin"": 0.0, ""max_threshold_drop"": 0.3, ""method"": ""stage1_threshold_calibration""}",True,False,3,True
0.03669543679738718,0.9612891925030654,0.00686106346483705,0.931748726655348,D010,target_threshold_calibration,"{""margin"": 0.02, ""max_threshold_drop"": 0.3, ""method"": ""target_threshold_calibration""}",True,False,3,True
0.0,0.9245937557056783,0.0,0.8597623089983022,D010,stage1_threshold_calibration,"{""margin"": 0.02, ""max_threshold_drop"": 0.3, ""method"": ""stage1_threshold_calibration""}",True,False,3,True
0.03888450516388697,0.9634782608695652,0.012006861063464836,0.9405772495755518,D010,target_threshold_calibration,"{""margin"": 0.05, ""max_threshold_drop"": 0.3, ""method"": ""target_threshold_calibration""}",True,False,3,True
0.0003925556650097306,0.924986311370688,0.0,0.8604414261460102,D010,stage1_threshold_calibration,"{""margin"": 0.05, ""max_threshold_drop"": 0.3, ""method"": ""stage1_threshold_calibration""}",True,False,3,True
0.036627511183249584,0.9612212668889278,0.005145797598627788,0.9300509337860781,D010,positive_bias,"{""bias"": 0.1, ""method"": ""positive_bias""}",True,False,3,True
0.03972304150929129,0.9643167972149695,0.010291595197255575,0.9405772495755518,D010,positive_bias,"{""bias"": 0.25, ""method"": ""positive_bias""}",True,False,3,True
0.0415226647982313,0.9661164205039096,0.010291595197255575,0.9439728353140917,D010,positive_bias,"{""bias"": 0.5, ""method"": ""positive_bias""}",True,False,3,True
0.043550288615651356,0.9681440443213296,0.012006861063464836,0.9494057724957555,D010,positive_bias,"{""bias"": 1.0, ""method"": ""positive_bias""}",True,True,3,True
0.03744037874224926,0.9620341344479275,0.012006861063464836,0.9378607809847198,D010,target_prototype_fusion,"{""cosine_threshold"": 0.7, ""method"": ""target_prototype_fusion""}",True,False,3,True
0.03635464038916136,0.9609483960948396,0.012006861063464836,0.9358234295415959,D010,target_prototype_fusion,"{""cosine_threshold"": 0.75, ""method"": ""target_prototype_fusion""}",True,False,3,True
0.034903450998232444,0.9594972067039107,0.012006861063464836,0.933106960950764,D010,target_prototype_fusion,"{""cosine_threshold"": 0.8, ""method"": ""target_prototype_fusion""}",True,False,3,True
0.035560036674608275,0.9601537923802865,0.010291595197255575,0.93276740237691,D010,target_prototype_fusion,"{""cosine_threshold"": 0.85, ""method"": ""target_prototype_fusion""}",True,False,3,True
0.03596715577547871,0.960560911481157,0.00686106346483705,0.9303904923599321,D010,target_prototype_fusion,"{""cosine_threshold"": 0.9, ""method"": ""target_prototype_fusion""}",True,False,3,True
0.0,0.9272578667756436,0.0,0.8643809523809524,D010,no_adaptation,"{""method"": ""no_adaptation""}",True,False,5,False
0.002187483958451031,0.9294453507340946,0.0,0.8681904761904762,D010,target_threshold_calibration,"{""margin"": 0.0, ""max_threshold_drop"": 0.05, ""method"": ""target_threshold_calibration""}",True,False,5,True
0.0,0.9272578667756436,0.0,0.8643809523809524,D010,stage1_threshold_calibration,"{""margin"": 0.0, ""max_threshold_drop"": 0.05, ""method"": ""stage1_threshold_calibration""}",True,False,5,True
0.03528380806256004,0.9625416748382036,0.006920415224913495,0.9348571428571428,D010,target_threshold_calibration,"{""margin"": 0.02, ""max_threshold_drop"": 0.05, ""method"": ""target_threshold_calibration""}",True,False,5,True
0.0,0.9272578667756436,0.0,0.8643809523809524,D010,stage1_threshold_calibration,"{""margin"": 0.02, ""max_threshold_drop"": 0.05, ""method"": ""stage1_threshold_calibration""}",True,False,5,True
0.03752127313484499,0.9647791399104886,0.012110726643598616,0.9443809523809524,D010,target_threshold_calibration,"{""margin"": 0.05, ""max_threshold_drop"": 0.05, ""method"": ""target_threshold_calibration""}",True,False,5,True
0.00043821165572888177,0.9276960784313725,0.0,0.8651428571428571,D010,stage1_threshold_calibration,"{""margin"": 0.05, ""max_threshold_drop"": 0.05, ""method"": ""stage1_threshold_calibration""}",True,False,5,True
0.002187483958451031,0.9294453507340946,0.0,0.8681904761904762,D010,target_threshold_calibration,"{""margin"": 0.0, ""max_threshold_drop"": 0.1, ""method"": ""target_threshold_calibration""}",True,False,5,True
0.0,0.9272578667756436,0.0,0.8643809523809524,D010,stage1_threshold_calibration,"{""margin"": 0.0, ""max_threshold_drop"": 0.1, ""method"": ""stage1_threshold_calibration""}",True,False,5,True
0.03528380806256004,0.9625416748382036,0.006920415224913495,0.9348571428571428,D010,target_threshold_calibration,"{""margin"": 0.02, ""max_threshold_drop"": 0.1, ""method"": ""target_threshold_calibration""}",True,False,5,True
0.0,0.9272578667756436,0.0,0.8643809523809524,D010,stage1_threshold_calibration,"{""margin"": 0.02, ""max_threshold_drop"": 0.1, ""method"": ""stage1_threshold_calibration""}",True,False,5,True
0.03752127313484499,0.9647791399104886,0.012110726643598616,0.9443809523809524,D010,target_threshold_calibration,"{""margin"": 0.05, ""max_threshold_drop"": 0.1, ""method"": ""target_threshold_calibration""}",True,False,5,True
0.00043821165572888177,0.9276960784313725,0.0,0.8651428571428571,D010,stage1_threshold_calibration,"{""margin"": 0.05, ""max_threshold_drop"": 0.1, ""method"": ""stage1_threshold_calibration""}",True,False,5,True
0.002187483958451031,0.9294453507340946,0.0,0.8681904761904762,D010,target_threshold_calibration,"{""margin"": 0.0, ""max_threshold_drop"": 0.2, ""method"": ""target_threshold_calibration""}",True,False,5,True
0.0,0.9272578667756436,0.0,0.8643809523809524,D010,stage1_threshold_calibration,"{""margin"": 0.0, ""max_threshold_drop"": 0.2, ""method"": ""stage1_threshold_calibration""}",True,False,5,True
0.03528380806256004,0.9625416748382036,0.006920415224913495,0.9348571428571428,D010,target_threshold_calibration,"{""margin"": 0.02, ""max_threshold_drop"": 0.2, ""method"": ""target_threshold_calibration""}",True,False,5,True
0.0,0.9272578667756436,0.0,0.8643809523809524,D010,stage1_threshold_calibration,"{""margin"": 0.02, ""max_threshold_drop"": 0.2, ""method"": ""stage1_threshold_calibration""}",True,False,5,True
0.03752127313484499,0.9647791399104886,0.012110726643598616,0.9443809523809524,D010,target_threshold_calibration,"{""margin"": 0.05, ""max_threshold_drop"": 0.2, ""method"": ""target_threshold_calibration""}",True,False,5,True
0.00043821165572888177,0.9276960784313725,0.0,0.8651428571428571,D010,stage1_threshold_calibration,"{""margin"": 0.05, ""max_threshold_drop"": 0.2, ""method"": ""stage1_threshold_calibration""}",True,False,5,True
0.002187483958451031,0.9294453507340946,0.0,0.8681904761904762,D010,target_threshold_calibration,"{""margin"": 0.0, ""max_threshold_drop"": 0.3, ""method"": ""target_threshold_calibration""}",True,False,5,True
0.0,0.9272578667756436,0.0,0.8643809523809524,D010,stage1_threshold_calibration,"{""margin"": 0.0, ""max_threshold_drop"": 0.3, ""method"": ""stage1_threshold_calibration""}",True,False,5,True
0.03528380806256004,0.9625416748382036,0.006920415224913495,0.9348571428571428,D010,target_threshold_calibration,"{""margin"": 0.02, ""max_threshold_drop"": 0.3, ""method"": ""target_threshold_calibration""}",True,False,5,True
0.0,0.9272578667756436,0.0,0.8643809523809524,D010,stage1_threshold_calibration,"{""margin"": 0.02, ""max_threshold_drop"": 0.3, ""method"": ""stage1_threshold_calibration""}",True,False,5,True
0.03752127313484499,0.9647791399104886,0.012110726643598616,0.9443809523809524,D010,target_threshold_calibration,"{""margin"": 0.05, ""max_threshold_drop"": 0.3, ""method"": ""target_threshold_calibration""}",True,False,5,True
0.00043821165572888177,0.9276960784313725,0.0,0.8651428571428571,D010,stage1_threshold_calibration,"{""margin"": 0.05, ""max_threshold_drop"": 0.3, ""method"": ""stage1_threshold_calibration""}",True,False,5,True
0.0374480155772976,0.9647058823529412,0.005190311418685121,0.9371428571428572,D010,positive_bias,"{""bias"": 0.1, ""method"": ""positive_bias""}",True,False,5,True
0.039869151314222195,0.9671270180898658,0.010380622837370242,0.947047619047619,D010,positive_bias,"{""bias"": 0.25, ""method"": ""positive_bias""}",True,False,5,True
0.0418743405627372,0.9691322073383808,0.010380622837370242,0.9508571428571428,D010,positive_bias,"{""bias"": 0.5, ""method"": ""positive_bias""}",True,False,5,True
0.0435295195660087,0.9707873863416523,0.012110726643598616,0.9558095238095238,D010,positive_bias,"{""bias"": 1.0, ""method"": ""positive_bias""}",True,True,5,True
0.03953180112103527,0.9667896678966789,0.012110726643598616,0.9481904761904761,D010,target_prototype_fusion,"{""cosine_threshold"": 0.7, ""method"": ""target_prototype_fusion""}",True,False,5,True
0.0387285277821795,0.9659863945578231,0.012110726643598616,0.9466666666666667,D010,target_prototype_fusion,"{""cosine_threshold"": 0.75, ""method"": ""target_prototype_fusion""}",True,False,5,True
0.03651307206346821,0.9637709388391118,0.012110726643598616,0.9424761904761905,D010,target_prototype_fusion,"{""cosine_threshold"": 0.8, ""method"": ""target_prototype_fusion""}",True,False,5,True
0.03684669818729058,0.9641045649629342,0.010380622837370242,0.9413333333333334,D010,target_prototype_fusion,"{""cosine_threshold"": 0.85, ""method"": ""target_prototype_fusion""}",True,False,5,True
0.03731445657530563,0.9645723233509492,0.006920415224913495,0.9386666666666666,D010,target_prototype_fusion,"{""cosine_threshold"": 0.9, ""method"": ""target_prototype_fusion""}",True,False,5,True
0.0,0.9249054565099946,0.0,0.8603015075376884,D011,no_adaptation,"{""method"": ""no_adaptation""}",True,False,3,False
0.004434572184409902,0.9293400286944045,0.0,0.8680067001675041,D011,target_threshold_calibration,"{""margin"": 0.0, ""max_threshold_drop"": 0.05, ""method"": ""target_threshold_calibration""}",True,False,3,True
0.0,0.9249054565099946,0.0,0.8603015075376884,D011,stage1_threshold_calibration,"{""margin"": 0.0, ""max_threshold_drop"": 0.05, ""method"": ""stage1_threshold_calibration""}",True,False,3,True
0.03548201970519327,0.9603874762151878,0.006837606837606838,0.9299832495812396,D011,target_threshold_calibration,"{""margin"": 0.02, ""max_threshold_drop"": 0.05, ""method"": ""target_threshold_calibration""}",True,False,3,True
0.0,0.9249054565099946,0.0,0.8603015075376884,D011,stage1_threshold_calibration,"{""margin"": 0.02, ""max_threshold_drop"": 0.05, ""method"": ""stage1_threshold_calibration""}",True,False,3,True
0.037650366231331334,0.9625558227413259,0.011965811965811967,0.9386934673366835,D011,target_threshold_calibration,"{""margin"": 0.05, ""max_threshold_drop"": 0.05, ""method"": ""target_threshold_calibration""}",True,False,3,True
0.00038707274293070526,0.9252925292529253,0.0,0.8609715242881072,D011,stage1_threshold_calibration,"{""margin"": 0.05, ""max_threshold_drop"": 0.05, ""method"": ""stage1_threshold_calibration""}",True,False,3,True
0.004434572184409902,0.9293400286944045,0.0,0.8680067001675041,D011,target_threshold_calibration,"{""margin"": 0.0, ""max_threshold_drop"": 0.1, ""method"": ""target_threshold_calibration""}",True,False,3,True
0.0,0.9249054565099946,0.0,0.8603015075376884,D011,stage1_threshold_calibration,"{""margin"": 0.0, ""max_threshold_drop"": 0.1, ""method"": ""stage1_threshold_calibration""}",True,False,3,True
0.03548201970519327,0.9603874762151878,0.006837606837606838,0.9299832495812396,D011,target_threshold_calibration,"{""margin"": 0.02, ""max_threshold_drop"": 0.1, ""method"": ""target_threshold_calibration""}",True,False,3,True
0.0,0.9249054565099946,0.0,0.8603015075376884,D011,stage1_threshold_calibration,"{""margin"": 0.02, ""max_threshold_drop"": 0.1, ""method"": ""stage1_threshold_calibration""}",True,False,3,True
0.037650366231331334,0.9625558227413259,0.011965811965811967,0.9386934673366835,D011,target_threshold_calibration,"{""margin"": 0.05, ""max_threshold_drop"": 0.1, ""method"": ""target_threshold_calibration""}",True,False,3,True
0.00038707274293070526,0.9252925292529253,0.0,0.8609715242881072,D011,stage1_threshold_calibration,"{""margin"": 0.05, ""max_threshold_drop"": 0.1, ""method"": ""stage1_threshold_calibration""}",True,False,3,True
0.004818458871862719,0.9297239153818573,0.0,0.8686767169179229,D011,target_threshold_calibration,"{""margin"": 0.0, ""max_threshold_drop"": 0.2, ""method"": ""target_threshold_calibration""}",True,False,3,True
0.0,0.9249054565099946,0.0,0.8603015075376884,D011,stage1_threshold_calibration,"{""margin"": 0.0, ""max_threshold_drop"": 0.2, ""method"": ""stage1_threshold_calibration""}",True,False,3,True
0.03584156060914767,0.9607470171191422,0.006837606837606838,0.9306532663316583,D011,target_threshold_calibration,"{""margin"": 0.02, ""max_threshold_drop"": 0.2, ""method"": ""target_threshold_calibration""}",True,False,3,True
0.0,0.9249054565099946,0.0,0.8603015075376884,D011,stage1_threshold_calibration,"{""margin"": 0.02, ""max_threshold_drop"": 0.2, ""method"": ""stage1_threshold_calibration""}",True,False,3,True
0.03800663140209326,0.9629120879120878,0.011965811965811967,0.9393634840871021,D011,target_threshold_calibration,"{""margin"": 0.05, ""max_threshold_drop"": 0.2, ""method"": ""target_threshold_calibration""}",True,False,3,True
0.00038707274293070526,0.9252925292529253,0.0,0.8609715242881072,D011,stage1_threshold_calibration,"{""margin"": 0.05, ""max_threshold_drop"": 0.2, ""method"": ""stage1_threshold_calibration""}",True,False,3,True
0.00520207037172582,0.9301075268817204,0.0,0.8693467336683417,D011,target_threshold_calibration,"{""margin"": 0.0, ""max_threshold_drop"": 0.3, ""method"": ""target_threshold_calibration""}",True,False,3,True
0.0,0.9249054565099946,0.0,0.8603015075376884,D011,stage1_threshold_calibration,"{""margin"": 0.0, ""max_threshold_drop"": 0.3, ""method"": ""stage1_threshold_calibration""}",True,False,3,True
0.03620085291092168,0.9611063094209162,0.006837606837606838,0.931323283082077,D011,target_threshold_calibration,"{""margin"": 0.02, ""max_threshold_drop"": 0.3, ""method"": ""target_threshold_calibration""}",True,False,3,True
0.0,0.9249054565099946,0.0,0.8603015075376884,D011,stage1_threshold_calibration,"{""margin"": 0.02, ""max_threshold_drop"": 0.3, ""method"": ""stage1_threshold_calibration""}",True,False,3,True
0.038362651969236494,0.9632681084792311,0.011965811965811967,0.9400335008375209,D011,target_threshold_calibration,"{""margin"": 0.05, ""max_threshold_drop"": 0.3, ""method"": ""target_threshold_calibration""}",True,False,3,True
0.00038707274293070526,0.9252925292529253,0.0,0.8609715242881072,D011,stage1_threshold_calibration,"{""margin"": 0.05, ""max_threshold_drop"": 0.3, ""method"": ""stage1_threshold_calibration""}",True,False,3,True
0.036133504528966576,0.9610389610389611,0.005128205128205128,0.9296482412060302,D011,positive_bias,"{""bias"": 0.1, ""method"": ""positive_bias""}",True,False,3,True
0.03919005972432954,0.9640955162343241,0.010256410256410256,0.9400335008375209,D011,positive_bias,"{""bias"": 0.25, ""method"": ""positive_bias""}",True,False,3,True
0.040966606600964184,0.9658720631109587,0.010256410256410256,0.9433835845896147,D011,positive_bias,"{""bias"": 0.5, ""method"": ""positive_bias""}",True,False,3,True
0.042968774522131215,0.9678742310321258,0.011965811965811967,0.9487437185929648,D011,positive_bias,"{""bias"": 1.0, ""method"": ""positive_bias""}",True,True,3,True
0.03693710106992987,0.9618425575799244,0.011965811965811967,0.9373534338358459,D011,target_prototype_fusion,"{""cosine_threshold"": 0.7, ""method"": ""target_prototype_fusion""}",True,False,3,True
0.03586536248518779,0.9607708189951824,0.011965811965811967,0.9353433835845896,D011,target_prototype_fusion,"{""cosine_threshold"": 0.75, ""method"": ""target_prototype_fusion""}",True,False,3,True
0.03443293080909571,0.9593383873190903,0.011965811965811967,0.9326633165829146,D011,target_prototype_fusion,"{""cosine_threshold"": 0.8, ""method"": ""target_prototype_fusion""}",True,False,3,True
0.035080745628673915,0.9599862021386685,0.010256410256410256,0.9323283082077052,D011,target_prototype_fusion,"{""cosine_threshold"": 0.85, ""method"": ""target_prototype_fusion""}",True,False,3,True
0.03548201970519327,0.9603874762151878,0.006837606837606838,0.9299832495812396,D011,target_prototype_fusion,"{""cosine_threshold"": 0.9, ""method"": ""target_prototype_fusion""}",True,False,3,True
0.0,0.9277811305572319,0.0,0.8652908067542214,D011,no_adaptation,"{""method"": ""no_adaptation""}",True,False,5,False
0.0021526176860927615,0.9299337482433246,0.0,0.8690431519699813,D011,target_threshold_calibration,"{""margin"": 0.0, ""max_threshold_drop"": 0.05, ""method"": ""target_threshold_calibration""}",True,False,5,True
0.0,0.9277811305572319,0.0,0.8652908067542214,D011,stage1_threshold_calibration,"{""margin"": 0.0, ""max_threshold_drop"": 0.05, ""method"": ""stage1_threshold_calibration""}",True,False,5,True
0.034738189380944307,0.9625193199381762,0.006896551724137931,0.9347091932457786,D011,target_threshold_calibration,"{""margin"": 0.02, ""max_threshold_drop"": 0.05, ""method"": ""target_threshold_calibration""}",True,False,5,True
0.0,0.9277811305572319,0.0,0.8652908067542214,D011,stage1_threshold_calibration,"{""margin"": 0.02, ""max_threshold_drop"": 0.05, ""method"": ""stage1_threshold_calibration""}",True,False,5,True
0.03694279582313631,0.9647239263803682,0.01206896551724138,0.9440900562851783,D011,target_threshold_calibration,"{""margin"": 0.05, ""max_threshold_drop"": 0.05, ""method"": ""target_threshold_calibration""}",True,False,5,True
0.00043121611479701727,0.9282123466720289,0.0,0.8660412757973733,D011,stage1_threshold_calibration,"{""margin"": 0.05, ""max_threshold_drop"": 0.05, ""method"": ""stage1_threshold_calibration""}",True,False,5,True
0.0021526176860927615,0.9299337482433246,0.0,0.8690431519699813,D011,target_threshold_calibration,"{""margin"": 0.0, ""max_threshold_drop"": 0.1, ""method"": ""target_threshold_calibration""}",True,False,5,True
0.0,0.9277811305572319,0.0,0.8652908067542214,D011,stage1_threshold_calibration,"{""margin"": 0.0, ""max_threshold_drop"": 0.1, ""method"": ""stage1_threshold_calibration""}",True,False,5,True
0.034738189380944307,0.9625193199381762,0.006896551724137931,0.9347091932457786,D011,target_threshold_calibration,"{""margin"": 0.02, ""max_threshold_drop"": 0.1, ""method"": ""target_threshold_calibration""}",True,False,5,True
0.0,0.9277811305572319,0.0,0.8652908067542214,D011,stage1_threshold_calibration,"{""margin"": 0.02, ""max_threshold_drop"": 0.1, ""method"": ""stage1_threshold_calibration""}",True,False,5,True
0.03694279582313631,0.9647239263803682,0.01206896551724138,0.9440900562851783,D011,target_threshold_calibration,"{""margin"": 0.05, ""max_threshold_drop"": 0.1, ""method"": ""target_threshold_calibration""}",True,False,5,True
0.00043121611479701727,0.9282123466720289,0.0,0.8660412757973733,D011,stage1_threshold_calibration,"{""margin"": 0.05, ""max_threshold_drop"": 0.1, ""method"": ""stage1_threshold_calibration""}",True,False,5,True
0.0021526176860927615,0.9299337482433246,0.0,0.8690431519699813,D011,target_threshold_calibration,"{""margin"": 0.0, ""max_threshold_drop"": 0.2, ""method"": ""target_threshold_calibration""}",True,False,5,True
0.0,0.9277811305572319,0.0,0.8652908067542214,D011,stage1_threshold_calibration,"{""margin"": 0.0, ""max_threshold_drop"": 0.2, ""method"": ""stage1_threshold_calibration""}",True,False,5,True
0.034738189380944307,0.9625193199381762,0.006896551724137931,0.9347091932457786,D011,target_threshold_calibration,"{""margin"": 0.02, ""max_threshold_drop"": 0.2, ""method"": ""target_threshold_calibration""}",True,False,5,True
0.0,0.9277811305572319,0.0,0.8652908067542214,D011,stage1_threshold_calibration,"{""margin"": 0.02, ""max_threshold_drop"": 0.2, ""method"": ""stage1_threshold_calibration""}",True,False,5,True
0.03694279582313631,0.9647239263803682,0.01206896551724138,0.9440900562851783,D011,target_threshold_calibration,"{""margin"": 0.05, ""max_threshold_drop"": 0.2, ""method"": ""target_threshold_calibration""}",True,False,5,True
0.00043121611479701727,0.9282123466720289,0.0,0.8660412757973733,D011,stage1_threshold_calibration,"{""margin"": 0.05, ""max_threshold_drop"": 0.2, ""method"": ""stage1_threshold_calibration""}",True,False,5,True
0.0021526176860927615,0.9299337482433246,0.0,0.8690431519699813,D011,target_threshold_calibration,"{""margin"": 0.0, ""max_threshold_drop"": 0.3, ""method"": ""target_threshold_calibration""}",True,False,5,True
0.0,0.9277811305572319,0.0,0.8652908067542214,D011,stage1_threshold_calibration,"{""margin"": 0.0, ""max_threshold_drop"": 0.3, ""method"": ""stage1_threshold_calibration""}",True,False,5,True
0.034738189380944307,0.9625193199381762,0.006896551724137931,0.9347091932457786,D011,target_threshold_calibration,"{""margin"": 0.02, ""max_threshold_drop"": 0.3, ""method"": ""target_threshold_calibration""}",True,False,5,True
0.0,0.9277811305572319,0.0,0.8652908067542214,D011,stage1_threshold_calibration,"{""margin"": 0.02, ""max_threshold_drop"": 0.3, ""method"": ""stage1_threshold_calibration""}",True,False,5,True
0.03694279582313631,0.9647239263803682,0.01206896551724138,0.9440900562851783,D011,target_threshold_calibration,"{""margin"": 0.05, ""max_threshold_drop"": 0.3, ""method"": ""target_threshold_calibration""}",True,False,5,True
0.00043121611479701727,0.9282123466720289,0.0,0.8660412757973733,D011,stage1_threshold_calibration,"{""margin"": 0.05, ""max_threshold_drop"": 0.3, ""method"": ""stage1_threshold_calibration""}",True,False,5,True
0.03687021191910578,0.9646513424763377,0.005172413793103448,0.9369606003752345,D011,positive_bias,"{""bias"": 0.1, ""method"": ""positive_bias""}",True,False,5,True
0.039256048438552016,0.9670371789957839,0.010344827586206896,0.9467166979362102,D011,positive_bias,"{""bias"": 0.25, ""method"": ""positive_bias""}",True,False,5,True
0.04123187632876668,0.9690130068859986,0.010344827586206896,0.95046904315197,D011,positive_bias,"{""bias"": 0.5, ""method"": ""positive_bias""}",True,False,5,True
0.04286316986213534,0.9706443004193672,0.01206896551724138,0.9553470919324578,D011,positive_bias,"{""bias"": 1.0, ""method"": ""positive_bias""}",True,True,5,True
0.038923806296958685,0.9667049368541906,0.01206896551724138,0.9478424015009381,D011,target_prototype_fusion,"{""cosine_threshold"": 0.7, ""method"": ""target_prototype_fusion""}",True,False,5,True
0.03813231256800742,0.9659134431252393,0.01206896551724138,0.9463414634146341,D011,target_prototype_fusion,"{""cosine_threshold"": 0.75, ""method"": ""target_prototype_fusion""}",True,False,5,True
0.03594943939095463,0.9637305699481865,0.01206896551724138,0.9422138836772983,D011,target_prototype_fusion,"{""cosine_threshold"": 0.8, ""method"": ""target_prototype_fusion""}",True,False,5,True
0.03627806606010431,0.9640591966173362,0.010344827586206896,0.9410881801125703,D011,target_prototype_fusion,"{""cosine_threshold"": 0.85, ""method"": ""target_prototype_fusion""}",True,False,5,True
0.03673873060744215,0.964519861164674,0.006896551724137931,0.9384615384615385,D011,target_prototype_fusion,"{""cosine_threshold"": 0.9, ""method"": ""target_prototype_fusion""}",True,False,5,True
0.0,0.9263803680981595,0.0,0.8628571428571429,D012,no_adaptation,"{""method"": ""no_adaptation""}",True,False,3,False
0.004437241964733607,0.9308176100628931,0.0,0.8705882352941177,D012,target_threshold_calibration,"{""margin"": 0.0, ""max_threshold_drop"": 0.05, ""method"": ""target_threshold_calibration""}",True,False,3,True
0.0,0.9263803680981595,0.0,0.8628571428571429,D012,stage1_threshold_calibration,"{""margin"": 0.0, ""max_threshold_drop"": 0.05, ""method"": ""stage1_threshold_calibration""}",True,False,3,True
0.03709789277140574,0.9634782608695652,0.0017241379310344827,0.9310924369747899,D012,target_threshold_calibration,"{""margin"": 0.02, ""max_threshold_drop"": 0.05, ""method"": ""target_threshold_calibration""}",True,False,3,True
0.0,0.9263803680981595,0.0,0.8628571428571429,D012,stage1_threshold_calibration,"{""margin"": 0.02, ""max_threshold_drop"": 0.05, ""method"": ""stage1_threshold_calibration""}",True,False,3,True
0.04092632624537973,0.9673066943435392,0.0034482758620689655,0.9398319327731093,D012,target_threshold_calibration,"{""margin"": 0.05, ""max_threshold_drop"": 0.05, ""method"": ""target_threshold_calibration""}",True,False,3,True
0.0003873086695173056,0.9267676767676768,0.0,0.8635294117647059,D012,stage1_threshold_calibration,"{""margin"": 0.05, ""max_threshold_drop"": 0.05, ""method"": ""stage1_threshold_calibration""}",True,False,3,True
0.004437241964733607,0.9308176100628931,0.0,0.8705882352941177,D012,target_threshold_calibration,"{""margin"": 0.0, ""max_threshold_drop"": 0.1, ""method"": ""target_threshold_calibration""}",True,False,3,True
0.0,0.9263803680981595,0.0,0.8628571428571429,D012,stage1_threshold_calibration,"{""margin"": 0.0, ""max_threshold_drop"": 0.1, ""method"": ""stage1_threshold_calibration""}",True,False,3,True
0.03709789277140574,0.9634782608695652,0.0017241379310344827,0.9310924369747899,D012,target_threshold_calibration,"{""margin"": 0.02, ""max_threshold_drop"": 0.1, ""method"": ""target_threshold_calibration""}",True,False,3,True
0.0,0.9263803680981595,0.0,0.8628571428571429,D012,stage1_threshold_calibration,"{""margin"": 0.02, ""max_threshold_drop"": 0.1, ""method"": ""stage1_threshold_calibration""}",True,False,3,True
0.04092632624537973,0.9673066943435392,0.0034482758620689655,0.9398319327731093,D012,target_threshold_calibration,"{""margin"": 0.05, ""max_threshold_drop"": 0.1, ""method"": ""target_threshold_calibration""}",True,False,3,True
0.0003873086695173056,0.9267676767676768,0.0,0.8635294117647059,D012,stage1_threshold_calibration,"{""margin"": 0.05, ""max_threshold_drop"": 0.1, ""method"": ""stage1_threshold_calibration""}",True,False,3,True
0.004821356349478334,0.9312017244476378,0.0,0.8712605042016807,D012,target_threshold_calibration,"{""margin"": 0.0, ""max_threshold_drop"": 0.2, ""method"": ""target_threshold_calibration""}",True,False,3,True
0.0,0.9263803680981595,0.0,0.8628571428571429,D012,stage1_threshold_calibration,"{""margin"": 0.0, ""max_threshold_drop"": 0.2, ""method"": ""stage1_threshold_calibration""}",True,False,3,True
0.03745829671407974,0.9638386648122392,0.0017241379310344827,0.9317647058823529,D012,target_threshold_calibration,"{""margin"": 0.02, ""max_threshold_drop"": 0.2, ""method"": ""target_threshold_calibration""}",True,False,3,True
0.0,0.9263803680981595,0.0,0.8628571428571429,D012,stage1_threshold_calibration,"{""margin"": 0.02, ""max_threshold_drop"": 0.2, ""method"": ""stage1_threshold_calibration""}",True,False,3,True
0.04128347419822642,0.9676638422963859,0.0034482758620689655,0.9405042016806723,D012,target_threshold_calibration,"{""margin"": 0.05, ""max_threshold_drop"": 0.2, ""method"": ""target_threshold_calibration""}",True,False,3,True
0.0003873086695173056,0.9267676767676768,0.0,0.8635294117647059,D012,stage1_threshold_calibration,"{""margin"": 0.05, ""max_threshold_drop"": 0.2, ""method"": ""stage1_threshold_calibration""}",True,False,3,True
0.005205194839531302,0.9315855629376908,0.0,0.8719327731092437,D012,target_threshold_calibration,"{""margin"": 0.0, ""max_threshold_drop"": 0.3, ""method"": ""target_threshold_calibration""}",True,False,3,True
0.0,0.9263803680981595,0.0,0.8628571428571429,D012,stage1_threshold_calibration,"{""margin"": 0.0, ""max_threshold_drop"": 0.3, ""method"": ""stage1_threshold_calibration""}",True,False,3,True
0.03781845011525731,0.9641988182134168,0.0017241379310344827,0.9324369747899159,D012,target_threshold_calibration,"{""margin"": 0.02, ""max_threshold_drop"": 0.3, ""method"": ""target_threshold_calibration""}",True,False,3,True
0.0,0.9263803680981595,0.0,0.8628571428571429,D012,stage1_threshold_calibration,"{""margin"": 0.02, ""max_threshold_drop"": 0.3, ""method"": ""stage1_threshold_calibration""}",True,False,3,True
0.04164037520348263,0.9680207433016421,0.0034482758620689655,0.9411764705882353,D012,target_threshold_calibration,"{""margin"": 0.05, ""max_threshold_drop"": 0.3, ""method"": ""target_threshold_calibration""}",True,False,3,True
0.0003873086695173056,0.9267676767676768,0.0,0.8635294117647059,D012,stage1_threshold_calibration,"{""margin"": 0.05, ""max_threshold_drop"": 0.3, ""method"": ""stage1_threshold_calibration""}",True,False,3,True
0.036917596765295047,0.9632979648634545,0.0017241379310344827,0.9307563025210084,D012,positive_bias,"{""bias"": 0.1, ""method"": ""positive_bias""}",True,False,3,True
0.04247776338972975,0.9688581314878892,0.0017241379310344827,0.9411764705882353,D012,positive_bias,"{""bias"": 0.25, ""method"": ""positive_bias""}",True,False,3,True
0.0442586647170391,0.9706390328151986,0.0017241379310344827,0.9445378151260504,D012,positive_bias,"{""bias"": 0.5, ""method"": ""positive_bias""}",True,False,3,True
0.046257732056719125,0.9726381001548786,0.0034482758620689655,0.9499159663865546,D012,positive_bias,"{""bias"": 1.0, ""method"": ""positive_bias""}",True,True,3,True
0.04021128847099409,0.9665916565691536,0.0034482758620689655,0.9384873949579832,D012,target_prototype_fusion,"{""cosine_threshold"": 0.7, ""method"": ""target_prototype_fusion""}",True,False,3,True
0.03913687328115101,0.9655172413793105,0.0034482758620689655,0.9364705882352942,D012,target_prototype_fusion,"{""cosine_threshold"": 0.75, ""method"": ""target_prototype_fusion""}",True,False,3,True
0.03770083960616122,0.9640812077043207,0.0034482758620689655,0.933781512605042,D012,target_prototype_fusion,"{""cosine_threshold"": 0.8, ""method"": ""target_prototype_fusion""}",True,False,3,True
0.03835821102291048,0.96473857912107,0.0017241379310344827,0.9334453781512605,D012,target_prototype_fusion,"{""cosine_threshold"": 0.85, ""method"": ""target_prototype_fusion""}",True,False,3,True
0.03709789277140574,0.9634782608695652,0.0017241379310344827,0.9310924369747899,D012,target_prototype_fusion,"{""cosine_threshold"": 0.9, ""method"": ""target_prototype_fusion""}",True,False,3,True
0.0,0.9290036304961679,0.0,0.8674199623352166,D012,no_adaptation,"{""method"": ""no_adaptation""}",True,False,5,False
0.002155789793687246,0.9311594202898551,0.0,0.8711864406779661,D012,target_threshold_calibration,"{""margin"": 0.0, ""max_threshold_drop"": 0.05, ""method"": ""target_threshold_calibration""}",True,False,5,True
0.0,0.9290036304961679,0.0,0.8674199623352166,D012,stage1_threshold_calibration,"{""margin"": 0.0, ""max_threshold_drop"": 0.05, ""method"": ""stage1_threshold_calibration""}",True,False,5,True
0.036781750530270774,0.9657853810264386,0.0017391304347826088,0.9355932203389831,D012,target_threshold_calibration,"{""margin"": 0.02, ""max_threshold_drop"": 0.05, ""method"": ""target_threshold_calibration""}",True,False,5,True
0.0,0.9290036304961679,0.0,0.8674199623352166,D012,stage1_threshold_calibration,"{""margin"": 0.02, ""max_threshold_drop"": 0.05, ""method"": ""stage1_threshold_calibration""}",True,False,5,True
0.040845615734987906,0.9698492462311558,0.0034782608695652175,0.9450094161958569,D012,target_threshold_calibration,"{""margin"": 0.05, ""max_threshold_drop"": 0.05, ""method"": ""target_threshold_calibration""}",True,False,5,True
0.0004318533747998954,0.9294354838709677,0.0,0.8681732580037664,D012,stage1_threshold_calibration,"{""margin"": 0.05, ""max_threshold_drop"": 0.05, ""method"": ""stage1_threshold_calibration""}",True,False,5,True
0.002155789793687246,0.9311594202898551,0.0,0.8711864406779661,D012,target_threshold_calibration,"{""margin"": 0.0, ""max_threshold_drop"": 0.1, ""method"": ""target_threshold_calibration""}",True,False,5,True
0.0,0.9290036304961679,0.0,0.8674199623352166,D012,stage1_threshold_calibration,"{""margin"": 0.0, ""max_threshold_drop"": 0.1, ""method"": ""stage1_threshold_calibration""}",True,False,5,True
0.036781750530270774,0.9657853810264386,0.0017391304347826088,0.9355932203389831,D012,target_threshold_calibration,"{""margin"": 0.02, ""max_threshold_drop"": 0.1, ""method"": ""target_threshold_calibration""}",True,False,5,True
0.0,0.9290036304961679,0.0,0.8674199623352166,D012,stage1_threshold_calibration,"{""margin"": 0.02, ""max_threshold_drop"": 0.1, ""method"": ""stage1_threshold_calibration""}",True,False,5,True
0.040845615734987906,0.9698492462311558,0.0034782608695652175,0.9450094161958569,D012,target_threshold_calibration,"{""margin"": 0.05, ""max_threshold_drop"": 0.1, ""method"": ""target_threshold_calibration""}",True,False,5,True
0.0004318533747998954,0.9294354838709677,0.0,0.8681732580037664,D012,stage1_threshold_calibration,"{""margin"": 0.05, ""max_threshold_drop"": 0.1, ""method"": ""stage1_threshold_calibration""}",True,False,5,True
0.002155789793687246,0.9311594202898551,0.0,0.8711864406779661,D012,target_threshold_calibration,"{""margin"": 0.0, ""max_threshold_drop"": 0.2, ""method"": ""target_threshold_calibration""}",True,False,5,True
0.0,0.9290036304961679,0.0,0.8674199623352166,D012,stage1_threshold_calibration,"{""margin"": 0.0, ""max_threshold_drop"": 0.2, ""method"": ""stage1_threshold_calibration""}",True,False,5,True
0.036781750530270774,0.9657853810264386,0.0017391304347826088,0.9355932203389831,D012,target_threshold_calibration,"{""margin"": 0.02, ""max_threshold_drop"": 0.2, ""method"": ""target_threshold_calibration""}",True,False,5,True
0.0,0.9290036304961679,0.0,0.8674199623352166,D012,stage1_threshold_calibration,"{""margin"": 0.02, ""max_threshold_drop"": 0.2, ""method"": ""stage1_threshold_calibration""}",True,False,5,True
0.040845615734987906,0.9698492462311558,0.0034782608695652175,0.9450094161958569,D012,target_threshold_calibration,"{""margin"": 0.05, ""max_threshold_drop"": 0.2, ""method"": ""target_threshold_calibration""}",True,False,5,True
0.0004318533747998954,0.9294354838709677,0.0,0.8681732580037664,D012,stage1_threshold_calibration,"{""margin"": 0.05, ""max_threshold_drop"": 0.2, ""method"": ""stage1_threshold_calibration""}",True,False,5,True
0.002155789793687246,0.9311594202898551,0.0,0.8711864406779661,D012,target_threshold_calibration,"{""margin"": 0.0, ""max_threshold_drop"": 0.3, ""method"": ""target_threshold_calibration""}",True,False,5,True
0.0,0.9290036304961679,0.0,0.8674199623352166,D012,stage1_threshold_calibration,"{""margin"": 0.0, ""max_threshold_drop"": 0.3, ""method"": ""stage1_threshold_calibration""}",True,False,5,True
0.036781750530270774,0.9657853810264386,0.0017391304347826088,0.9355932203389831,D012,target_threshold_calibration,"{""margin"": 0.02, ""max_threshold_drop"": 0.3, ""method"": ""target_threshold_calibration""}",True,False,5,True
0.0,0.9290036304961679,0.0,0.8674199623352166,D012,stage1_threshold_calibration,"{""margin"": 0.02, ""max_threshold_drop"": 0.3, ""method"": ""stage1_threshold_calibration""}",True,False,5,True
0.040845615734987906,0.9698492462311558,0.0034782608695652175,0.9450094161958569,D012,target_threshold_calibration,"{""margin"": 0.05, ""max_threshold_drop"": 0.3, ""method"": ""target_threshold_calibration""}",True,False,5,True
0.0004318533747998954,0.9294354838709677,0.0,0.8681732580037664,D012,stage1_threshold_calibration,"{""margin"": 0.05, ""max_threshold_drop"": 0.3, ""method"": ""stage1_threshold_calibration""}",True,False,5,True
0.03798666076596813,0.966990291262136,0.0017391304347826088,0.9378531073446328,D012,positive_bias,"{""bias"": 0.1, ""method"": ""positive_bias""}",True,False,5,True
0.0431756585301073,0.9721792890262752,0.0017391304347826088,0.9476459510357815,D012,positive_bias,"{""bias"": 0.25, ""method"": ""positive_bias""}",True,False,5,True
0.045157572743323215,0.9741612032394911,0.0017391304347826088,0.9514124293785311,D012,positive_bias,"{""bias"": 0.5, ""method"": ""positive_bias""}",True,False,5,True
0.04678422499960455,0.9757878554957724,0.0034782608695652175,0.9563088512241055,D012,positive_bias,"{""bias"": 1.0, ""method"": ""positive_bias""}",True,True,5,True
0.04283278925691869,0.9718364197530865,0.0034782608695652175,0.9487758945386064,D012,target_prototype_fusion,"{""cosine_threshold"": 0.7, ""method"": ""target_prototype_fusion""}",True,False,5,True
0.04203884054630325,0.9710424710424711,0.0034782608695652175,0.9472693032015066,D012,target_prototype_fusion,"{""cosine_threshold"": 0.75, ""method"": ""target_prototype_fusion""}",True,False,5,True
0.03984914566943476,0.9688527761656026,0.0034782608695652175,0.9431261770244821,D012,target_prototype_fusion,"{""cosine_threshold"": 0.8, ""method"": ""target_prototype_fusion""}",True,False,5,True
0.04018838655479129,0.9691920170509591,0.0017391304347826088,0.9419962335216573,D012,target_prototype_fusion,"{""cosine_threshold"": 0.85, ""method"": ""target_prototype_fusion""}",True,False,5,True
0.038788375712602075,0.9677920062087699,0.0017391304347826088,0.9393596986817326,D012,target_prototype_fusion,"{""cosine_threshold"": 0.9, ""method"": ""target_prototype_fusion""}",True,False,5,True
0.0,0.9247699801551507,0.0,0.8600671140939598,D013,no_adaptation,"{""method"": ""no_adaptation""}",True,False,3,False
0.004443099255557192,0.9292130794107079,0.0,0.8677852348993289,D013,target_threshold_calibration,"{""margin"": 0.0, ""max_threshold_drop"": 0.05, ""method"": ""target_threshold_calibration""}",True,False,3,True
0.0,0.9247699801551507,0.0,0.8600671140939598,D013,stage1_threshold_calibration,"{""margin"": 0.0, ""max_threshold_drop"": 0.05, ""method"": ""stage1_threshold_calibration""}",True,False,3,True
0.03554885540194508,0.9603188355570957,0.006837606837606838,0.9298657718120805,D013,target_threshold_calibration,"{""margin"": 0.02, ""max_threshold_drop"": 0.05, ""method"": ""target_threshold_calibration""}",True,False,3,True
0.0,0.9247699801551507,0.0,0.8600671140939598,D013,stage1_threshold_calibration,"{""margin"": 0.02, ""max_threshold_drop"": 0.05, ""method"": ""stage1_threshold_calibration""}",True,False,3,True
0.03772141695427811,0.9624913971094288,0.011965811965811967,0.9385906040268457,D013,target_threshold_calibration,"{""margin"": 0.05, ""max_threshold_drop"": 0.05, ""method"": ""target_threshold_calibration""}",True,False,3,True
0.0003878196645067389,0.9251577998196574,0.0,0.860738255033557,D013,stage1_threshold_calibration,"{""margin"": 0.05, ""max_threshold_drop"": 0.05, ""method"": ""stage1_threshold_calibration""}",True,False,3,True
0.004443099255557192,0.9292130794107079,0.0,0.8677852348993289,D013,target_threshold_calibration,"{""margin"": 0.0, ""max_threshold_drop"": 0.1, ""method"": ""target_threshold_calibration""}",True,False,3,True
0.0,0.9247699801551507,0.0,0.8600671140939598,D013,stage1_threshold_calibration,"{""margin"": 0.0, ""max_threshold_drop"": 0.1, ""method"": ""stage1_threshold_calibration""}",True,False,3,True
0.03554885540194508,0.9603188355570957,0.006837606837606838,0.9298657718120805,D013,target_threshold_calibration,"{""margin"": 0.02, ""max_threshold_drop"": 0.1, ""method"": ""target_threshold_calibration""}",True,False,3,True
0.0,0.9247699801551507,0.0,0.8600671140939598,D013,stage1_threshold_calibration,"{""margin"": 0.02, ""max_threshold_drop"": 0.1, ""method"": ""stage1_threshold_calibration""}",True,False,3,True
0.03772141695427811,0.9624913971094288,0.011965811965811967,0.9385906040268457,D013,target_threshold_calibration,"{""margin"": 0.05, ""max_threshold_drop"": 0.1, ""method"": ""target_threshold_calibration""}",True,False,3,True
0.0003878196645067389,0.9251577998196574,0.0,0.860738255033557,D013,stage1_threshold_calibration,"{""margin"": 0.05, ""max_threshold_drop"": 0.1, ""method"": ""stage1_threshold_calibration""}",True,False,3,True
0.004827720994274642,0.9295977011494253,0.0,0.8684563758389262,D013,target_threshold_calibration,"{""margin"": 0.0, ""max_threshold_drop"": 0.2, ""method"": ""target_threshold_calibration""}",True,False,3,True
0.0,0.9247699801551507,0.0,0.8600671140939598,D013,stage1_threshold_calibration,"{""margin"": 0.0, ""max_threshold_drop"": 0.2, ""method"": ""stage1_threshold_calibration""}",True,False,3,True
0.035909042883131015,0.9606790230382817,0.006837606837606838,0.9305369127516778,D013,target_threshold_calibration,"{""margin"": 0.02, ""max_threshold_drop"": 0.2, ""method"": ""target_threshold_calibration""}",True,False,3,True
0.0,0.9247699801551507,0.0,0.8600671140939598,D013,stage1_threshold_calibration,"{""margin"": 0.02, ""max_threshold_drop"": 0.2, ""method"": ""stage1_threshold_calibration""}",True,False,3,True
0.038078317058471645,0.9628482972136223,0.011965811965811967,0.939261744966443,D013,target_threshold_calibration,"{""margin"": 0.05, ""max_threshold_drop"": 0.2, ""method"": ""target_threshold_calibration""}",True,False,3,True
0.0003878196645067389,0.9251577998196574,0.0,0.860738255033557,D013,stage1_threshold_calibration,"{""margin"": 0.05, ""max_threshold_drop"": 0.2, ""method"": ""stage1_threshold_calibration""}",True,False,3,True
0.005212066523484937,0.9299820466786356,0.0,0.8691275167785235,D013,target_threshold_calibration,"{""margin"": 0.0, ""max_threshold_drop"": 0.3, ""method"": ""target_threshold_calibration""}",True,False,3,True
0.0,0.9247699801551507,0.0,0.8600671140939598,D013,stage1_threshold_calibration,"{""margin"": 0.0, ""max_threshold_drop"": 0.3, ""method"": ""stage1_threshold_calibration""}",True,False,3,True
0.03626898088381025,0.9610389610389609,0.006837606837606838,0.9312080536912751,D013,target_threshold_calibration,"{""margin"": 0.02, ""max_threshold_drop"": 0.3, ""method"": ""target_threshold_calibration""}",True,False,3,True
0.0,0.9247699801551507,0.0,0.8600671140939598,D013,stage1_threshold_calibration,"{""margin"": 0.02, ""max_threshold_drop"": 0.3, ""method"": ""stage1_threshold_calibration""}",True,False,3,True
0.03843497170179566,0.9632049518569463,0.011965811965811967,0.9399328859060403,D013,target_threshold_calibration,"{""margin"": 0.05, ""max_threshold_drop"": 0.3, ""method"": ""target_threshold_calibration""}",True,False,3,True
0.0003878196645067389,0.9251577998196574,0.0,0.860738255033557,D013,stage1_threshold_calibration,"{""margin"": 0.05, ""max_threshold_drop"": 0.3, ""method"": ""stage1_threshold_calibration""}",True,False,3,True
0.03620139885612439,0.960971379011275,0.005128205128205128,0.9295302013422819,D013,positive_bias,"{""bias"": 0.1, ""method"": ""positive_bias""}",True,False,3,True
0.03926374897924956,0.9640337291344002,0.010256410256410256,0.9399328859060403,D013,positive_bias,"{""bias"": 0.25, ""method"": ""positive_bias""}",True,False,3,True
0.041043453962698484,0.9658134341178491,0.010256410256410256,0.9432885906040268,D013,positive_bias,"{""bias"": 0.5, ""method"": ""positive_bias""}",True,False,3,True
0.04304925983115526,0.9678192399863059,0.011965811965811967,0.9486577181208053,D013,positive_bias,"{""bias"": 1.0, ""method"": ""positive_bias""}",True,True,3,True
0.037006879348981614,0.9617768595041323,0.011965811965811967,0.937248322147651,D013,target_prototype_fusion,"{""cosine_threshold"": 0.7, ""method"": ""target_prototype_fusion""}",True,False,3,True
0.03593322563595591,0.9607032057911066,0.011965811965811967,0.9352348993288591,D013,target_prototype_fusion,"{""cosine_threshold"": 0.75, ""method"": ""target_prototype_fusion""}",True,False,3,True
0.03449822833639238,0.959268208491543,0.011965811965811967,0.9325503355704698,D013,target_prototype_fusion,"{""cosine_threshold"": 0.8, ""method"": ""target_prototype_fusion""}",True,False,3,True
0.03514708964443469,0.9599170697995854,0.010256410256410256,0.9322147651006711,D013,target_prototype_fusion,"{""cosine_threshold"": 0.85, ""method"": ""target_prototype_fusion""}",True,False,3,True
0.03554885540194508,0.9603188355570957,0.006837606837606838,0.9298657718120805,D013,target_prototype_fusion,"{""cosine_threshold"": 0.9, ""method"": ""target_prototype_fusion""}",True,False,3,True
0.0,0.927635557347309,0.0,0.8650375939849624,D013,no_adaptation,"{""method"": ""no_adaptation""}",True,False,5,False
0.002157240882423417,0.9297927982297324,0.0,0.868796992481203,D013,target_threshold_calibration,"{""margin"": 0.0, ""max_threshold_drop"": 0.05, ""method"": ""target_threshold_calibration""}",True,False,5,True
0.0,0.927635557347309,0.0,0.8650375939849624,D013,stage1_threshold_calibration,"{""margin"": 0.0, ""max_threshold_drop"": 0.05, ""method"": ""stage1_threshold_calibration""}",True,False,5,True
0.034811209977507085,0.962446767324816,0.006896551724137931,0.9345864661654135,D013,target_threshold_calibration,"{""margin"": 0.02, ""max_threshold_drop"": 0.05, ""method"": ""target_threshold_calibration""}",True,False,5,True
0.0,0.927635557347309,0.0,0.8650375939849624,D013,stage1_threshold_calibration,"{""margin"": 0.02, ""max_threshold_drop"": 0.05, ""method"": ""stage1_threshold_calibration""}",True,False,5,True
0.037020608615042194,0.9646561659623512,0.01206896551724138,0.943984962406015,D013,target_threshold_calibration,"{""margin"": 0.05, ""max_threshold_drop"": 0.05, ""method"": ""target_threshold_calibration""}",True,False,5,True
0.00043214363999721783,0.9280677009873062,0.0,0.8657894736842106,D013,stage1_threshold_calibration,"{""margin"": 0.05, ""max_threshold_drop"": 0.05, ""method"": ""stage1_threshold_calibration""}",True,False,5,True
0.002157240882423417,0.9297927982297324,0.0,0.868796992481203,D013,target_threshold_calibration,"{""margin"": 0.0, ""max_threshold_drop"": 0.1, ""method"": ""target_threshold_calibration""}",True,False,5,True
0.0,0.927635557347309,0.0,0.8650375939849624,D013,stage1_threshold_calibration,"{""margin"": 0.0, ""max_threshold_drop"": 0.1, ""method"": ""stage1_threshold_calibration""}",True,False,5,True
0.034811209977507085,0.962446767324816,0.006896551724137931,0.9345864661654135,D013,target_threshold_calibration,"{""margin"": 0.02, ""max_threshold_drop"": 0.1, ""method"": ""target_threshold_calibration""}",True,False,5,True
0.0,0.927635557347309,0.0,0.8650375939849624,D013,stage1_threshold_calibration,"{""margin"": 0.02, ""max_threshold_drop"": 0.1, ""method"": ""stage1_threshold_calibration""}",True,False,5,True
0.037020608615042194,0.9646561659623512,0.01206896551724138,0.943984962406015,D013,target_threshold_calibration,"{""margin"": 0.05, ""max_threshold_drop"": 0.1, ""method"": ""target_threshold_calibration""}",True,False,5,True
0.00043214363999721783,0.9280677009873062,0.0,0.8657894736842106,D013,stage1_threshold_calibration,"{""margin"": 0.05, ""max_threshold_drop"": 0.1, ""method"": ""stage1_threshold_calibration""}",True,False,5,True
0.002157240882423417,0.9297927982297324,0.0,0.868796992481203,D013,target_threshold_calibration,"{""margin"": 0.0, ""max_threshold_drop"": 0.2, ""method"": ""target_threshold_calibration""}",True,False,5,True
0.0,0.927635557347309,0.0,0.8650375939849624,D013,stage1_threshold_calibration,"{""margin"": 0.0, ""max_threshold_drop"": 0.2, ""method"": ""stage1_threshold_calibration""}",True,False,5,True
0.034811209977507085,0.962446767324816,0.006896551724137931,0.9345864661654135,D013,target_threshold_calibration,"{""margin"": 0.02, ""max_threshold_drop"": 0.2, ""method"": ""target_threshold_calibration""}",True,False,5,True
0.0,0.927635557347309,0.0,0.8650375939849624,D013,stage1_threshold_calibration,"{""margin"": 0.02, ""max_threshold_drop"": 0.2, ""method"": ""stage1_threshold_calibration""}",True,False,5,True
0.037020608615042194,0.9646561659623512,0.01206896551724138,0.943984962406015,D013,target_threshold_calibration,"{""margin"": 0.05, ""max_threshold_drop"": 0.2, ""method"": ""target_threshold_calibration""}",True,False,5,True
0.00043214363999721783,0.9280677009873062,0.0,0.8657894736842106,D013,stage1_threshold_calibration,"{""margin"": 0.05, ""max_threshold_drop"": 0.2, ""method"": ""stage1_threshold_calibration""}",True,False,5,True
0.002157240882423417,0.9297927982297324,0.0,0.868796992481203,D013,target_threshold_calibration,"{""margin"": 0.0, ""max_threshold_drop"": 0.3, ""method"": ""target_threshold_calibration""}",True,False,5,True
0.0,0.927635557347309,0.0,0.8650375939849624,D013,stage1_threshold_calibration,"{""margin"": 0.0, ""max_threshold_drop"": 0.3, ""method"": ""stage1_threshold_calibration""}",True,False,5,True
0.034811209977507085,0.962446767324816,0.006896551724137931,0.9345864661654135,D013,target_threshold_calibration,"{""margin"": 0.02, ""max_threshold_drop"": 0.3, ""method"": ""target_threshold_calibration""}",True,False,5,True
0.0,0.927635557347309,0.0,0.8650375939849624,D013,stage1_threshold_calibration,"{""margin"": 0.02, ""max_threshold_drop"": 0.3, ""method"": ""stage1_threshold_calibration""}",True,False,5,True
0.037020608615042194,0.9646561659623512,0.01206896551724138,0.943984962406015,D013,target_threshold_calibration,"{""margin"": 0.05, ""max_threshold_drop"": 0.3, ""method"": ""target_threshold_calibration""}",True,False,5,True
0.00043214363999721783,0.9280677009873062,0.0,0.8657894736842106,D013,stage1_threshold_calibration,"{""margin"": 0.05, ""max_threshold_drop"": 0.3, ""method"": ""stage1_threshold_calibration""}",True,False,5,True
0.03694737278623084,0.9645829301335398,0.005172413793103448,0.9368421052631579,D013,positive_bias,"{""bias"": 0.1, ""method"": ""positive_bias""}",True,False,5,True
0.03933832898141598,0.9669738863287249,0.010344827586206896,0.9466165413533835,D013,positive_bias,"{""bias"": 0.25, ""method"": ""positive_bias""}",True,False,5,True
0.041318064730115345,0.9689536220774243,0.010344827586206896,0.9503759398496241,D013,positive_bias,"{""bias"": 0.5, ""method"": ""positive_bias""}",True,False,5,True
0.04295267794680879,0.9705882352941178,0.01206896551724138,0.9552631578947368,D013,positive_bias,"{""bias"": 1.0, ""method"": ""positive_bias""}",True,True,5,True
0.03900554694716962,0.9666411042944786,0.01206896551724138,0.9477443609022557,D013,target_prototype_fusion,"{""cosine_threshold"": 0.7, ""method"": ""target_prototype_fusion""}",True,False,5,True
0.03821248563043467,0.9658480429777436,0.01206896551724138,0.9462406015037594,D013,target_prototype_fusion,"{""cosine_threshold"": 0.75, ""method"": ""target_prototype_fusion""}",True,False,5,True
0.036025277107603615,0.9636608344549126,0.01206896551724138,0.9421052631578948,D013,target_prototype_fusion,"{""cosine_threshold"": 0.8, ""method"": ""target_prototype_fusion""}",True,False,5,True
0.03635442917300691,0.9639899865203159,0.010344827586206896,0.9409774436090226,D013,target_prototype_fusion,"{""cosine_threshold"": 0.85, ""method"": ""target_prototype_fusion""}",True,False,5,True
0.03681575640848711,0.9644513137557961,0.006896551724137931,0.9383458646616541,D013,target_prototype_fusion,"{""cosine_threshold"": 0.9, ""method"": ""target_prototype_fusion""}",True,False,5,True
0.0,0.9178436443206683,0.0,0.8481617647058823,D014,no_adaptation,"{""method"": ""no_adaptation""}",True,False,3,False
0.004928632907054475,0.9227722772277228,0.0,0.8566176470588235,D014,target_threshold_calibration,"{""margin"": 0.0, ""max_threshold_drop"": 0.05, ""method"": ""target_threshold_calibration""}",True,False,3,True
0.0,0.9178436443206683,0.0,0.8481617647058823,D014,stage1_threshold_calibration,"{""margin"": 0.0, ""max_threshold_drop"": 0.05, ""method"": ""stage1_threshold_calibration""}",True,False,3,True
0.03945715628932023,0.9573008006099886,0.005319148936170213,0.9231617647058824,D014,target_threshold_calibration,"{""margin"": 0.02, ""max_threshold_drop"": 0.05, ""method"": ""target_threshold_calibration""}",True,False,3,True
0.0,0.9178436443206683,0.0,0.8481617647058823,D014,stage1_threshold_calibration,"{""margin"": 0.02, ""max_threshold_drop"": 0.05, ""method"": ""stage1_threshold_calibration""}",True,False,3,True
0.0427773325820201,0.9606209769026884,0.008865248226950355,0.9327205882352941,D014,target_threshold_calibration,"{""margin"": 0.05, ""max_threshold_drop"": 0.05, ""method"": ""target_threshold_calibration""}",True,False,3,True
0.00043036641705285206,0.9182740107377212,0.0,0.8488970588235294,D014,stage1_threshold_calibration,"{""margin"": 0.05, ""max_threshold_drop"": 0.05, ""method"": ""stage1_threshold_calibration""}",True,False,3,True
0.004928632907054475,0.9227722772277228,0.0,0.8566176470588235,D014,target_threshold_calibration,"{""margin"": 0.0, ""max_threshold_drop"": 0.1, ""method"": ""target_threshold_calibration""}",True,False,3,True
0.0,0.9178436443206683,0.0,0.8481617647058823,D014,stage1_threshold_calibration,"{""margin"": 0.0, ""max_threshold_drop"": 0.1, ""method"": ""stage1_threshold_calibration""}",True,False,3,True
0.03945715628932023,0.9573008006099886,0.005319148936170213,0.9231617647058824,D014,target_threshold_calibration,"{""margin"": 0.02, ""max_threshold_drop"": 0.1, ""method"": ""target_threshold_calibration""}",True,False,3,True
0.0,0.9178436443206683,0.0,0.8481617647058823,D014,stage1_threshold_calibration,"{""margin"": 0.02, ""max_threshold_drop"": 0.1, ""method"": ""stage1_threshold_calibration""}",True,False,3,True
0.0427773325820201,0.9606209769026884,0.008865248226950355,0.9327205882352941,D014,target_threshold_calibration,"{""margin"": 0.05, ""max_threshold_drop"": 0.1, ""method"": ""target_threshold_calibration""}",True,False,3,True
0.00043036641705285206,0.9182740107377212,0.0,0.8488970588235294,D014,stage1_threshold_calibration,"{""margin"": 0.05, ""max_threshold_drop"": 0.1, ""method"": ""stage1_threshold_calibration""}",True,False,3,True
0.005355088854311796,0.9231987331749801,0.0,0.8573529411764705,D014,target_threshold_calibration,"{""margin"": 0.0, ""max_threshold_drop"": 0.2, ""method"": ""target_threshold_calibration""}",True,False,3,True
0.0,0.9178436443206683,0.0,0.8481617647058823,D014,stage1_threshold_calibration,"{""margin"": 0.0, ""max_threshold_drop"": 0.2, ""method"": ""stage1_threshold_calibration""}",True,False,3,True
0.03985452641103904,0.9576981707317074,0.005319148936170213,0.9238970588235295,D014,target_threshold_calibration,"{""margin"": 0.02, ""max_threshold_drop"": 0.2, ""method"": ""target_threshold_calibration""}",True,False,3,True
0.0,0.9178436443206683,0.0,0.8481617647058823,D014,stage1_threshold_calibration,"{""margin"": 0.02, ""max_threshold_drop"": 0.2, ""method"": ""stage1_threshold_calibration""}",True,False,3,True
0.04317073872248067,0.961014383043149,0.008865248226950355,0.9334558823529412,D014,target_threshold_calibration,"{""margin"": 0.05, ""max_threshold_drop"": 0.2, ""method"": ""target_threshold_calibration""}",True,False,3,True
0.00043036641705285206,0.9182740107377212,0.0,0.8488970588235294,D014,stage1_threshold_calibration,"{""margin"": 0.05, ""max_threshold_drop"": 0.2, ""method"": ""stage1_threshold_calibration""}",True,False,3,True
0.005781207282022582,0.9236248516026909,0.0,0.8580882352941176,D014,target_threshold_calibration,"{""margin"": 0.0, ""max_threshold_drop"": 0.3, ""method"": ""target_threshold_calibration""}",True,False,3,True
0.0,0.9178436443206683,0.0,0.8481617647058823,D014,stage1_threshold_calibration,"{""margin"": 0.0, ""max_threshold_drop"": 0.3, ""method"": ""stage1_threshold_calibration""}",True,False,3,True
0.04025159377456988,0.9580952380952382,0.005319148936170213,0.9246323529411765,D014,target_threshold_calibration,"{""margin"": 0.02, ""max_threshold_drop"": 0.3, ""method"": ""target_threshold_calibration""}",True,False,3,True
0.0,0.9178436443206683,0.0,0.8481617647058823,D014,stage1_threshold_calibration,"{""margin"": 0.02, ""max_threshold_drop"": 0.3, ""method"": ""stage1_threshold_calibration""}",True,False,3,True
0.04356384716627826,0.9614074914869466,0.008865248226950355,0.9341911764705882,D014,target_threshold_calibration,"{""margin"": 0.05, ""max_threshold_drop"": 0.3, ""method"": ""target_threshold_calibration""}",True,False,3,True
0.00043036641705285206,0.9182740107377212,0.0,0.8488970588235294,D014,stage1_threshold_calibration,"{""margin"": 0.05, ""max_threshold_drop"": 0.3, ""method"": ""stage1_threshold_calibration""}",True,False,3,True
0.040171622854904165,0.9580152671755725,0.0035460992907801418,0.9227941176470589,D014,positive_bias,"{""bias"": 0.1, ""method"": ""positive_bias""}",True,False,3,True
0.04356384716627826,0.9614074914869466,0.008865248226950355,0.9341911764705882,D014,positive_bias,"{""bias"": 0.25, ""method"": ""positive_bias""}",True,False,3,True
0.04552493573975458,0.9633685800604229,0.008865248226950355,0.9378676470588235,D014,positive_bias,"{""bias"": 0.5, ""method"": ""positive_bias""}",True,False,3,True
0.04864731953475332,0.9664909638554217,0.008865248226950355,0.94375,D014,positive_bias,"{""bias"": 1.0, ""method"": ""positive_bias""}",True,True,3,True
0.04198962585742949,0.9598332701780978,0.008865248226950355,0.93125,D014,target_prototype_fusion,"{""cosine_threshold"": 0.7, ""method"": ""target_prototype_fusion""}",True,False,3,True
0.04080582457159265,0.958649468892261,0.008865248226950355,0.9290441176470589,D014,target_prototype_fusion,"{""cosine_threshold"": 0.75, ""method"": ""target_prototype_fusion""}",True,False,3,True
0.039223224980243554,0.9570668693009119,0.008865248226950355,0.9261029411764706,D014,target_prototype_fusion,"{""cosine_threshold"": 0.8, ""method"": ""target_prototype_fusion""}",True,False,3,True
0.03902506174051368,0.956868706061182,0.008865248226950355,0.9257352941176471,D014,target_prototype_fusion,"{""cosine_threshold"": 0.85, ""method"": ""target_prototype_fusion""}",True,False,3,True
0.03945715628932023,0.9573008006099886,0.005319148936170213,0.9231617647058824,D014,target_prototype_fusion,"{""cosine_threshold"": 0.9, ""method"": ""target_prototype_fusion""}",True,False,3,True
0.0,0.9201349831271091,0.0,0.8520833333333333,D014,no_adaptation,"{""method"": ""no_adaptation""}",True,False,5,False
0.0024239394318135155,0.9225589225589226,0.0,0.85625,D014,target_threshold_calibration,"{""margin"": 0.0, ""max_threshold_drop"": 0.05, ""method"": ""target_threshold_calibration""}",True,False,5,True
0.0,0.9201349831271091,0.0,0.8520833333333333,D014,stage1_threshold_calibration,"{""margin"": 0.0, ""max_threshold_drop"": 0.05, ""method"": ""stage1_threshold_calibration""}",True,False,5,True
0.03914103497243848,0.9592760180995475,0.005366726296958855,0.9275,D014,target_threshold_calibration,"{""margin"": 0.02, ""max_threshold_drop"": 0.05, ""method"": ""target_threshold_calibration""}",True,False,5,True
0.0,0.9201349831271091,0.0,0.8520833333333333,D014,stage1_threshold_calibration,"{""margin"": 0.02, ""max_threshold_drop"": 0.05, ""method"": ""stage1_threshold_calibration""}",True,False,5,True
0.04265372517058119,0.9627887082976903,0.008944543828264758,0.9379166666666666,D014,target_threshold_calibration,"{""margin"": 0.05, ""max_threshold_drop"": 0.05, ""method"": ""target_threshold_calibration""}",True,False,5,True
0.0004856600030910263,0.9206206431302001,0.0,0.8529166666666667,D014,stage1_threshold_calibration,"{""margin"": 0.05, ""max_threshold_drop"": 0.05, ""method"": ""stage1_threshold_calibration""}",True,False,5,True
0.0024239394318135155,0.9225589225589226,0.0,0.85625,D014,target_threshold_calibration,"{""margin"": 0.0, ""max_threshold_drop"": 0.1, ""method"": ""target_threshold_calibration""}",True,False,5,True
0.0,0.9201349831271091,0.0,0.8520833333333333,D014,stage1_threshold_calibration,"{""margin"": 0.0, ""max_threshold_drop"": 0.1, ""method"": ""stage1_threshold_calibration""}",True,False,5,True
0.03914103497243848,0.9592760180995475,0.005366726296958855,0.9275,D014,target_threshold_calibration,"{""margin"": 0.02, ""max_threshold_drop"": 0.1, ""method"": ""target_threshold_calibration""}",True,False,5,True
0.0,0.9201349831271091,0.0,0.8520833333333333,D014,stage1_threshold_calibration,"{""margin"": 0.02, ""max_threshold_drop"": 0.1, ""method"": ""stage1_threshold_calibration""}",True,False,5,True
0.04265372517058119,0.9627887082976903,0.008944543828264758,0.9379166666666666,D014,target_threshold_calibration,"{""margin"": 0.05, ""max_threshold_drop"": 0.1, ""method"": ""target_threshold_calibration""}",True,False,5,True
0.0004856600030910263,0.9206206431302001,0.0,0.8529166666666667,D014,stage1_threshold_calibration,"{""margin"": 0.05, ""max_threshold_drop"": 0.1, ""method"": ""stage1_threshold_calibration""}",True,False,5,True
0.0024239394318135155,0.9225589225589226,0.0,0.85625,D014,target_threshold_calibration,"{""margin"": 0.0, ""max_threshold_drop"": 0.2, ""method"": ""target_threshold_calibration""}",True,False,5,True
0.0,0.9201349831271091,0.0,0.8520833333333333,D014,stage1_threshold_calibration,"{""margin"": 0.0, ""max_threshold_drop"": 0.2, ""method"": ""stage1_threshold_calibration""}",True,False,5,True
0.03914103497243848,0.9592760180995475,0.005366726296958855,0.9275,D014,target_threshold_calibration,"{""margin"": 0.02, ""max_threshold_drop"": 0.2, ""method"": ""target_threshold_calibration""}",True,False,5,True
0.0,0.9201349831271091,0.0,0.8520833333333333,D014,stage1_threshold_calibration,"{""margin"": 0.02, ""max_threshold_drop"": 0.2, ""method"": ""stage1_threshold_calibration""}",True,False,5,True
0.04265372517058119,0.9627887082976903,0.008944543828264758,0.9379166666666666,D014,target_threshold_calibration,"{""margin"": 0.05, ""max_threshold_drop"": 0.2, ""method"": ""target_threshold_calibration""}",True,False,5,True
0.0004856600030910263,0.9206206431302001,0.0,0.8529166666666667,D014,stage1_threshold_calibration,"{""margin"": 0.05, ""max_threshold_drop"": 0.2, ""method"": ""stage1_threshold_calibration""}",True,False,5,True
0.0024239394318135155,0.9225589225589226,0.0,0.85625,D014,target_threshold_calibration,"{""margin"": 0.0, ""max_threshold_drop"": 0.3, ""method"": ""target_threshold_calibration""}",True,False,5,True
0.0,0.9201349831271091,0.0,0.8520833333333333,D014,stage1_threshold_calibration,"{""margin"": 0.0, ""max_threshold_drop"": 0.3, ""method"": ""stage1_threshold_calibration""}",True,False,5,True
0.03914103497243848,0.9592760180995475,0.005366726296958855,0.9275,D014,target_threshold_calibration,"{""margin"": 0.02, ""max_threshold_drop"": 0.3, ""method"": ""target_threshold_calibration""}",True,False,5,True
0.0,0.9201349831271091,0.0,0.8520833333333333,D014,stage1_threshold_calibration,"{""margin"": 0.02, ""max_threshold_drop"": 0.3, ""method"": ""stage1_threshold_calibration""}",True,False,5,True
0.04265372517058119,0.9627887082976903,0.008944543828264758,0.9379166666666666,D014,target_threshold_calibration,"{""margin"": 0.05, ""max_threshold_drop"": 0.3, ""method"": ""target_threshold_calibration""}",True,False,5,True
0.0004856600030910263,0.9206206431302001,0.0,0.8529166666666667,D014,stage1_threshold_calibration,"{""margin"": 0.05, ""max_threshold_drop"": 0.3, ""method"": ""stage1_threshold_calibration""}",True,False,5,True
0.041519476157682034,0.9616544592847911,0.0035778175313059034,0.93,D014,positive_bias,"{""bias"": 0.1, ""method"": ""positive_bias""}",True,False,5,True
0.044204115741137806,0.9643390988682469,0.008944543828264758,0.9408333333333333,D014,positive_bias,"{""bias"": 0.25, ""method"": ""positive_bias""}",True,False,5,True
0.04641093632739768,0.9665459194545067,0.008944543828264758,0.945,D014,positive_bias,"{""bias"": 0.5, ""method"": ""positive_bias""}",True,False,5,True
0.0492657818537664,0.9694007649808755,0.008944543828264758,0.9504166666666667,D014,positive_bias,"{""bias"": 1.0, ""method"": ""positive_bias""}",True,True,5,True
0.04486715088910953,0.9650021340162186,0.008944543828264758,0.9420833333333334,D014,target_prototype_fusion,"{""cosine_threshold"": 0.7, ""method"": ""target_prototype_fusion""}",True,False,5,True
0.0439829152069362,0.9641178983340453,0.008944543828264758,0.9404166666666667,D014,target_prototype_fusion,"{""cosine_threshold"": 0.75, ""method"": ""target_prototype_fusion""}",True,False,5,True
0.04154345832011852,0.9616784414472276,0.008944543828264758,0.9358333333333333,D014,target_prototype_fusion,"{""cosine_threshold"": 0.8, ""method"": ""target_prototype_fusion""}",True,False,5,True
0.040876156547269726,0.9610111396743788,0.008944543828264758,0.9345833333333333,D014,target_prototype_fusion,"{""cosine_threshold"": 0.85, ""method"": ""target_prototype_fusion""}",True,False,5,True
0.04137866985074512,0.9615136529778542,0.005366726296958855,0.9316666666666666,D014,target_prototype_fusion,"{""cosine_threshold"": 0.9, ""method"": ""target_prototype_fusion""}",True,False,5,True
0.0,0.9245937557056783,0.0,0.8597623089983022,D016,no_adaptation,"{""method"": ""no_adaptation""}",True,False,3,False
0.004497153385230823,0.9290909090909091,0.0,0.8675721561969439,D016,target_threshold_calibration,"{""margin"": 0.0, ""max_threshold_drop"": 0.05, ""method"": ""target_threshold_calibration""}",True,False,3,True
0.0,0.9245937557056783,0.0,0.8597623089983022,D016,stage1_threshold_calibration,"{""margin"": 0.0, ""max_threshold_drop"": 0.05, ""method"": ""stage1_threshold_calibration""}",True,False,3,True
0.03596715577547871,0.960560911481157,0.006825938566552901,0.9303904923599321,D016,target_threshold_calibration,"{""margin"": 0.02, ""max_threshold_drop"": 0.05, ""method"": ""target_threshold_calibration""}",True,False,3,True
0.0,0.9245937557056783,0.0,0.8597623089983022,D016,stage1_threshold_calibration,"{""margin"": 0.02, ""max_threshold_drop"": 0.05, ""method"": ""stage1_threshold_calibration""}",True,False,3,True
0.03816294460758318,0.9627567003132614,0.011945392491467578,0.9392190152801358,D016,target_threshold_calibration,"{""margin"": 0.05, ""max_threshold_drop"": 0.05, ""method"": ""target_threshold_calibration""}",True,False,3,True
0.0003925556650097306,0.924986311370688,0.0,0.8604414261460102,D016,stage1_threshold_calibration,"{""margin"": 0.05, ""max_threshold_drop"": 0.05, ""method"": ""stage1_threshold_calibration""}",True,False,3,True
0.004497153385230823,0.9290909090909091,0.0,0.8675721561969439,D016,target_threshold_calibration,"{""margin"": 0.0, ""max_threshold_drop"": 0.1, ""method"": ""target_threshold_calibration""}",True,False,3,True
0.0,0.9245937557056783,0.0,0.8597623089983022,D016,stage1_threshold_calibration,"{""margin"": 0.0, ""max_threshold_drop"": 0.1, ""method"": ""stage1_threshold_calibration""}",True,False,3,True
0.03596715577547871,0.960560911481157,0.006825938566552901,0.9303904923599321,D016,target_threshold_calibration,"{""margin"": 0.02, ""max_threshold_drop"": 0.1, ""method"": ""target_threshold_calibration""}",True,False,3,True
0.0,0.9245937557056783,0.0,0.8597623089983022,D016,stage1_threshold_calibration,"{""margin"": 0.02, ""max_threshold_drop"": 0.1, ""method"": ""stage1_threshold_calibration""}",True,False,3,True
0.03816294460758318,0.9627567003132614,0.011945392491467578,0.9392190152801358,D016,target_threshold_calibration,"{""margin"": 0.05, ""max_threshold_drop"": 0.1, ""method"": ""target_threshold_calibration""}",True,False,3,True
0.0003925556650097306,0.924986311370688,0.0,0.8604414261460102,D016,stage1_threshold_calibration,"{""margin"": 0.05, ""max_threshold_drop"": 0.1, ""method"": ""stage1_threshold_calibration""}",True,False,3,True
0.00488643331649552,0.9294801890221738,0.0,0.8682512733446519,D016,target_threshold_calibration,"{""margin"": 0.0, ""max_threshold_drop"": 0.2, ""method"": ""target_threshold_calibration""}",True,False,3,True
0.0,0.9245937557056783,0.0,0.8597623089983022,D016,stage1_threshold_calibration,"{""margin"": 0.0, ""max_threshold_drop"": 0.2, ""method"": ""stage1_threshold_calibration""}",True,False,3,True
0.036331423898316895,0.9609251796039951,0.006825938566552901,0.9310696095076401,D016,target_threshold_calibration,"{""margin"": 0.02, ""max_threshold_drop"": 0.2, ""method"": ""target_threshold_calibration""}",True,False,3,True
0.0,0.9245937557056783,0.0,0.8597623089983022,D016,stage1_threshold_calibration,"{""margin"": 0.02, ""max_threshold_drop"": 0.2, ""method"": ""stage1_threshold_calibration""}",True,False,3,True
0.03852385041819095,0.9631176061238692,0.011945392491467578,0.9398981324278438,D016,target_threshold_calibration,"{""margin"": 0.05, ""max_threshold_drop"": 0.2, ""method"": ""target_threshold_calibration""}",True,False,3,True
0.0003925556650097306,0.924986311370688,0.0,0.8604414261460102,D016,stage1_threshold_calibration,"{""margin"": 0.05, ""max_threshold_drop"": 0.2, ""method"": ""stage1_threshold_calibration""}",True,False,3,True
0.005275430340833442,0.9298691860465117,0.0,0.86893039049236,D016,target_threshold_calibration,"{""margin"": 0.0, ""max_threshold_drop"": 0.3, ""method"": ""target_threshold_calibration""}",True,False,3,True
0.0,0.9245937557056783,0.0,0.8597623089983022,D016,stage1_threshold_calibration,"{""margin"": 0.0, ""max_threshold_drop"": 0.3, ""method"": ""stage1_threshold_calibration""}",True,False,3,True
0.03669543679738718,0.9612891925030654,0.006825938566552901,0.931748726655348,D016,target_threshold_calibration,"{""margin"": 0.02, ""max_threshold_drop"": 0.3, ""method"": ""target_threshold_calibration""}",True,False,3,True
0.0,0.9245937557056783,0.0,0.8597623089983022,D016,stage1_threshold_calibration,"{""margin"": 0.02, ""max_threshold_drop"": 0.3, ""method"": ""stage1_threshold_calibration""}",True,False,3,True
0.03888450516388697,0.9634782608695652,0.011945392491467578,0.9405772495755518,D016,target_threshold_calibration,"{""margin"": 0.05, ""max_threshold_drop"": 0.3, ""method"": ""target_threshold_calibration""}",True,False,3,True
0.0003925556650097306,0.924986311370688,0.0,0.8604414261460102,D016,stage1_threshold_calibration,"{""margin"": 0.05, ""max_threshold_drop"": 0.3, ""method"": ""stage1_threshold_calibration""}",True,False,3,True
0.036627511183249584,0.9612212668889278,0.005119453924914676,0.9300509337860781,D016,positive_bias,"{""bias"": 0.1, ""method"": ""positive_bias""}",True,False,3,True
0.03972304150929129,0.9643167972149695,0.010238907849829351,0.9405772495755518,D016,positive_bias,"{""bias"": 0.25, ""method"": ""positive_bias""}",True,False,3,True
0.0415226647982313,0.9661164205039096,0.010238907849829351,0.9439728353140917,D016,positive_bias,"{""bias"": 0.5, ""method"": ""positive_bias""}",True,False,3,True
0.043550288615651356,0.9681440443213296,0.011945392491467578,0.9494057724957555,D016,positive_bias,"{""bias"": 1.0, ""method"": ""positive_bias""}",True,True,3,True
0.03744037874224926,0.9620341344479275,0.011945392491467578,0.9378607809847198,D016,target_prototype_fusion,"{""cosine_threshold"": 0.7, ""method"": ""target_prototype_fusion""}",True,False,3,True
0.03635464038916136,0.9609483960948396,0.011945392491467578,0.9358234295415959,D016,target_prototype_fusion,"{""cosine_threshold"": 0.75, ""method"": ""target_prototype_fusion""}",True,False,3,True
0.034903450998232444,0.9594972067039107,0.011945392491467578,0.933106960950764,D016,target_prototype_fusion,"{""cosine_threshold"": 0.8, ""method"": ""target_prototype_fusion""}",True,False,3,True
0.035560036674608275,0.9601537923802865,0.010238907849829351,0.93276740237691,D016,target_prototype_fusion,"{""cosine_threshold"": 0.85, ""method"": ""target_prototype_fusion""}",True,False,3,True
0.03596715577547871,0.960560911481157,0.006825938566552901,0.9303904923599321,D016,target_prototype_fusion,"{""cosine_threshold"": 0.9, ""method"": ""target_prototype_fusion""}",True,False,3,True
0.0,0.9272578667756436,0.0,0.8643809523809524,D016,no_adaptation,"{""method"": ""no_adaptation""}",True,False,5,False
0.002187483958451031,0.9294453507340946,0.0,0.8681904761904762,D016,target_threshold_calibration,"{""margin"": 0.0, ""max_threshold_drop"": 0.05, ""method"": ""target_threshold_calibration""}",True,False,5,True
0.0,0.9272578667756436,0.0,0.8643809523809524,D016,stage1_threshold_calibration,"{""margin"": 0.0, ""max_threshold_drop"": 0.05, ""method"": ""stage1_threshold_calibration""}",True,False,5,True
0.03528380806256004,0.9625416748382036,0.0068846815834767644,0.9348571428571428,D016,target_threshold_calibration,"{""margin"": 0.02, ""max_threshold_drop"": 0.05, ""method"": ""target_threshold_calibration""}",True,False,5,True
0.0,0.9272578667756436,0.0,0.8643809523809524,D016,stage1_threshold_calibration,"{""margin"": 0.02, ""max_threshold_drop"": 0.05, ""method"": ""stage1_threshold_calibration""}",True,False,5,True
0.03752127313484499,0.9647791399104886,0.012048192771084338,0.9443809523809524,D016,target_threshold_calibration,"{""margin"": 0.05, ""max_threshold_drop"": 0.05, ""method"": ""target_threshold_calibration""}",True,False,5,True
0.00043821165572888177,0.9276960784313725,0.0,0.8651428571428571,D016,stage1_threshold_calibration,"{""margin"": 0.05, ""max_threshold_drop"": 0.05, ""method"": ""stage1_threshold_calibration""}",True,False,5,True
0.002187483958451031,0.9294453507340946,0.0,0.8681904761904762,D016,target_threshold_calibration,"{""margin"": 0.0, ""max_threshold_drop"": 0.1, ""method"": ""target_threshold_calibration""}",True,False,5,True
0.0,0.9272578667756436,0.0,0.8643809523809524,D016,stage1_threshold_calibration,"{""margin"": 0.0, ""max_threshold_drop"": 0.1, ""method"": ""stage1_threshold_calibration""}",True,False,5,True
0.03528380806256004,0.9625416748382036,0.0068846815834767644,0.9348571428571428,D016,target_threshold_calibration,"{""margin"": 0.02, ""max_threshold_drop"": 0.1, ""method"": ""target_threshold_calibration""}",True,False,5,True
0.0,0.9272578667756436,0.0,0.8643809523809524,D016,stage1_threshold_calibration,"{""margin"": 0.02, ""max_threshold_drop"": 0.1, ""method"": ""stage1_threshold_calibration""}",True,False,5,True
0.03752127313484499,0.9647791399104886,0.012048192771084338,0.9443809523809524,D016,target_threshold_calibration,"{""margin"": 0.05, ""max_threshold_drop"": 0.1, ""method"": ""target_threshold_calibration""}",True,False,5,True
0.00043821165572888177,0.9276960784313725,0.0,0.8651428571428571,D016,stage1_threshold_calibration,"{""margin"": 0.05, ""max_threshold_drop"": 0.1, ""method"": ""stage1_threshold_calibration""}",True,False,5,True
0.002187483958451031,0.9294453507340946,0.0,0.8681904761904762,D016,target_threshold_calibration,"{""margin"": 0.0, ""max_threshold_drop"": 0.2, ""method"": ""target_threshold_calibration""}",True,False,5,True
0.0,0.9272578667756436,0.0,0.8643809523809524,D016,stage1_threshold_calibration,"{""margin"": 0.0, ""max_threshold_drop"": 0.2, ""method"": ""stage1_threshold_calibration""}",True,False,5,True
0.03528380806256004,0.9625416748382036,0.0068846815834767644,0.9348571428571428,D016,target_threshold_calibration,"{""margin"": 0.02, ""max_threshold_drop"": 0.2, ""method"": ""target_threshold_calibration""}",True,False,5,True
0.0,0.9272578667756436,0.0,0.8643809523809524,D016,stage1_threshold_calibration,"{""margin"": 0.02, ""max_threshold_drop"": 0.2, ""method"": ""stage1_threshold_calibration""}",True,False,5,True
0.03752127313484499,0.9647791399104886,0.012048192771084338,0.9443809523809524,D016,target_threshold_calibration,"{""margin"": 0.05, ""max_threshold_drop"": 0.2, ""method"": ""target_threshold_calibration""}",True,False,5,True
0.00043821165572888177,0.9276960784313725,0.0,0.8651428571428571,D016,stage1_threshold_calibration,"{""margin"": 0.05, ""max_threshold_drop"": 0.2, ""method"": ""stage1_threshold_calibration""}",True,False,5,True
0.002187483958451031,0.9294453507340946,0.0,0.8681904761904762,D016,target_threshold_calibration,"{""margin"": 0.0, ""max_threshold_drop"": 0.3, ""method"": ""target_threshold_calibration""}",True,False,5,True
0.0,0.9272578667756436,0.0,0.8643809523809524,D016,stage1_threshold_calibration,"{""margin"": 0.0, ""max_threshold_drop"": 0.3, ""method"": ""stage1_threshold_calibration""}",True,False,5,True
0.03528380806256004,0.9625416748382036,0.0068846815834767644,0.9348571428571428,D016,target_threshold_calibration,"{""margin"": 0.02, ""max_threshold_drop"": 0.3, ""method"": ""target_threshold_calibration""}",True,False,5,True
0.0,0.9272578667756436,0.0,0.8643809523809524,D016,stage1_threshold_calibration,"{""margin"": 0.02, ""max_threshold_drop"": 0.3, ""method"": ""stage1_threshold_calibration""}",True,False,5,True
0.03752127313484499,0.9647791399104886,0.012048192771084338,0.9443809523809524,D016,target_threshold_calibration,"{""margin"": 0.05, ""max_threshold_drop"": 0.3, ""method"": ""target_threshold_calibration""}",True,False,5,True
0.00043821165572888177,0.9276960784313725,0.0,0.8651428571428571,D016,stage1_threshold_calibration,"{""margin"": 0.05, ""max_threshold_drop"": 0.3, ""method"": ""stage1_threshold_calibration""}",True,False,5,True
0.0374480155772976,0.9647058823529412,0.0051635111876075735,0.9371428571428572,D016,positive_bias,"{""bias"": 0.1, ""method"": ""positive_bias""}",True,False,5,True
0.039869151314222195,0.9671270180898658,0.010327022375215147,0.947047619047619,D016,positive_bias,"{""bias"": 0.25, ""method"": ""positive_bias""}",True,False,5,True
0.0418743405627372,0.9691322073383808,0.010327022375215147,0.9508571428571428,D016,positive_bias,"{""bias"": 0.5, ""method"": ""positive_bias""}",True,False,5,True
0.0435295195660087,0.9707873863416523,0.012048192771084338,0.9558095238095238,D016,positive_bias,"{""bias"": 1.0, ""method"": ""positive_bias""}",True,True,5,True
0.03953180112103527,0.9667896678966789,0.012048192771084338,0.9481904761904761,D016,target_prototype_fusion,"{""cosine_threshold"": 0.7, ""method"": ""target_prototype_fusion""}",True,False,5,True
0.0387285277821795,0.9659863945578231,0.012048192771084338,0.9466666666666667,D016,target_prototype_fusion,"{""cosine_threshold"": 0.75, ""method"": ""target_prototype_fusion""}",True,False,5,True
0.03651307206346821,0.9637709388391118,0.012048192771084338,0.9424761904761905,D016,target_prototype_fusion,"{""cosine_threshold"": 0.8, ""method"": ""target_prototype_fusion""}",True,False,5,True
0.03684669818729058,0.9641045649629342,0.010327022375215147,0.9413333333333334,D016,target_prototype_fusion,"{""cosine_threshold"": 0.85, ""method"": ""target_prototype_fusion""}",True,False,5,True
0.03731445657530563,0.9645723233509492,0.0068846815834767644,0.9386666666666666,D016,target_prototype_fusion,"{""cosine_threshold"": 0.9, ""method"": ""target_prototype_fusion""}",True,False,5,True
0.0,0.9265232974910393,0.0,0.8631051752921536,D017,no_adaptation,"{""method"": ""no_adaptation""}",True,False,3,False
0.004406561513065621,0.930929859004105,0.0,0.8707846410684474,D017,target_threshold_calibration,"{""margin"": 0.0, ""max_threshold_drop"": 0.05, ""method"": ""target_threshold_calibration""}",True,False,3,True
0.0,0.9265232974910393,0.0,0.8631051752921536,D017,stage1_threshold_calibration,"{""margin"": 0.0, ""max_threshold_drop"": 0.05, ""method"": ""stage1_threshold_calibration""}",True,False,3,True
0.03525356201309282,0.9617768595041322,0.0067226890756302525,0.9325542570951586,D017,target_threshold_calibration,"{""margin"": 0.02, ""max_threshold_drop"": 0.05, ""method"": ""target_threshold_calibration""}",True,False,3,True
0.0,0.9265232974910393,0.0,0.8631051752921536,D017,stage1_threshold_calibration,"{""margin"": 0.02, ""max_threshold_drop"": 0.05, ""method"": ""stage1_threshold_calibration""}",True,False,3,True
0.03740215985209627,0.9639254573431356,0.011764705882352941,0.9412353923205342,D017,target_threshold_calibration,"{""margin"": 0.05, ""max_threshold_drop"": 0.05, ""method"": ""target_threshold_calibration""}",True,False,3,True
0.0003846208178106547,0.92690791830885,0.0,0.8637729549248748,D017,stage1_threshold_calibration,"{""margin"": 0.05, ""max_threshold_drop"": 0.05, ""method"": ""stage1_threshold_calibration""}",True,False,3,True
0.004406561513065621,0.930929859004105,0.0,0.8707846410684474,D017,target_threshold_calibration,"{""margin"": 0.0, ""max_threshold_drop"": 0.1, ""method"": ""target_threshold_calibration""}",True,False,3,True
0.0,0.9265232974910393,0.0,0.8631051752921536,D017,stage1_threshold_calibration,"{""margin"": 0.0, ""max_threshold_drop"": 0.1, ""method"": ""stage1_threshold_calibration""}",True,False,3,True
0.03525356201309282,0.9617768595041322,0.0067226890756302525,0.9325542570951586,D017,target_threshold_calibration,"{""margin"": 0.02, ""max_threshold_drop"": 0.1, ""method"": ""target_threshold_calibration""}",True,False,3,True
0.0,0.9265232974910393,0.0,0.8631051752921536,D017,stage1_threshold_calibration,"{""margin"": 0.02, ""max_threshold_drop"": 0.1, ""method"": ""stage1_threshold_calibration""}",True,False,3,True
0.03740215985209627,0.9639254573431356,0.011764705882352941,0.9412353923205342,D017,target_threshold_calibration,"{""margin"": 0.05, ""max_threshold_drop"": 0.1, ""method"": ""target_threshold_calibration""}",True,False,3,True
0.0003846208178106547,0.92690791830885,0.0,0.8637729549248748,D017,stage1_threshold_calibration,"{""margin"": 0.05, ""max_threshold_drop"": 0.1, ""method"": ""stage1_threshold_calibration""}",True,False,3,True
0.004788031679344162,0.9313113291703835,0.0,0.8714524207011686,D017,target_threshold_calibration,"{""margin"": 0.0, ""max_threshold_drop"": 0.2, ""method"": ""target_threshold_calibration""}",True,False,3,True
0.0,0.9265232974910393,0.0,0.8631051752921536,D017,stage1_threshold_calibration,"{""margin"": 0.0, ""max_threshold_drop"": 0.2, ""method"": ""stage1_threshold_calibration""}",True,False,3,True
0.035610953799838585,0.9621342512908779,0.0067226890756302525,0.9332220367278798,D017,target_threshold_calibration,"{""margin"": 0.02, ""max_threshold_drop"": 0.2, ""method"": ""target_threshold_calibration""}",True,False,3,True
0.0,0.9265232974910393,0.0,0.8631051752921536,D017,stage1_threshold_calibration,"{""margin"": 0.02, ""max_threshold_drop"": 0.2, ""method"": ""stage1_threshold_calibration""}",True,False,3,True
0.03775631283198233,0.9642796103230217,0.011764705882352941,0.9419031719532555,D017,target_threshold_calibration,"{""margin"": 0.05, ""max_threshold_drop"": 0.2, ""method"": ""target_threshold_calibration""}",True,False,3,True
0.0003846208178106547,0.92690791830885,0.0,0.8637729549248748,D017,stage1_threshold_calibration,"{""margin"": 0.05, ""max_threshold_drop"": 0.2, ""method"": ""stage1_threshold_calibration""}",True,False,3,True
0.005169229707105871,0.9316925271981452,0.0,0.8721202003338898,D017,target_threshold_calibration,"{""margin"": 0.0, ""max_threshold_drop"": 0.3, ""method"": ""target_threshold_calibration""}",True,False,3,True
0.0,0.9265232974910393,0.0,0.8631051752921536,D017,stage1_threshold_calibration,"{""margin"": 0.0, ""max_threshold_drop"": 0.3, ""method"": ""stage1_threshold_calibration""}",True,False,3,True
0.035968099618389315,0.9624913971094287,0.0067226890756302525,0.933889816360601,D017,target_threshold_calibration,"{""margin"": 0.02, ""max_threshold_drop"": 0.3, ""method"": ""target_threshold_calibration""}",True,False,3,True
0.0,0.9265232974910393,0.0,0.8631051752921536,D017,stage1_threshold_calibration,"{""margin"": 0.02, ""max_threshold_drop"": 0.3, ""method"": ""stage1_threshold_calibration""}",True,False,3,True
0.03811022378010365,0.964633521271143,0.011764705882352941,0.9425709515859766,D017,target_threshold_calibration,"{""margin"": 0.05, ""max_threshold_drop"": 0.3, ""method"": ""target_threshold_calibration""}",True,False,3,True
0.0003846208178106547,0.92690791830885,0.0,0.8637729549248748,D017,stage1_threshold_calibration,"{""margin"": 0.05, ""max_threshold_drop"": 0.3, ""method"": ""stage1_threshold_calibration""}",True,False,3,True
0.03590345190572031,0.9624267493967597,0.005042016806722689,0.932220367278798,D017,positive_bias,"{""bias"": 0.1, ""method"": ""positive_bias""}",True,False,3,True
0.03893497884274988,0.9654582763337892,0.010084033613445379,0.9425709515859766,D017,positive_bias,"{""bias"": 0.25, ""method"": ""positive_bias""}",True,False,3,True
0.04070101114672098,0.9672243086377603,0.010084033613445379,0.9459098497495826,D017,positive_bias,"{""bias"": 0.5, ""method"": ""positive_bias""}",True,False,3,True
0.04268915360608605,0.9692124510971254,0.011764705882352941,0.9512520868113522,D017,positive_bias,"{""bias"": 1.0, ""method"": ""positive_bias""}",True,True,3,True
0.03669312680322934,0.9632164242942687,0.011764705882352941,0.9398998330550918,D017,target_prototype_fusion,"{""cosine_threshold"": 0.7, ""method"": ""target_prototype_fusion""}",True,False,3,True
0.035627755771505565,0.9621510532625449,0.011764705882352941,0.9378964941569282,D017,target_prototype_fusion,"{""cosine_threshold"": 0.75, ""method"": ""target_prototype_fusion""}",True,False,3,True
0.034203850511018596,0.9607271480020579,0.011764705882352941,0.9352253756260434,D017,target_prototype_fusion,"{""cosine_threshold"": 0.8, ""method"": ""target_prototype_fusion""}",True,False,3,True
0.03485009306690057,0.9613733905579399,0.010084033613445379,0.9348914858096828,D017,target_prototype_fusion,"{""cosine_threshold"": 0.85, ""method"": ""target_prototype_fusion""}",True,False,3,True
0.03525356201309282,0.9617768595041322,0.0067226890756302525,0.9325542570951586,D017,target_prototype_fusion,"{""cosine_threshold"": 0.9, ""method"": ""target_prototype_fusion""}",True,False,3,True
0.0,0.9287144573488185,0.0,0.8669158878504672,D017,no_adaptation,"{""method"": ""no_adaptation""}",True,False,5,False
0.0021408583985835783,0.9308553157474021,0.0,0.8706542056074766,D017,target_threshold_calibration,"{""margin"": 0.0, ""max_threshold_drop"": 0.05, ""method"": ""target_threshold_calibration""}",True,False,5,True
0.0,0.9287144573488185,0.0,0.8669158878504672,D017,stage1_threshold_calibration,"{""margin"": 0.0, ""max_threshold_drop"": 0.05, ""method"": ""stage1_threshold_calibration""}",True,False,5,True
0.034547708452297154,0.9632621658011157,0.006779661016949152,0.9360747663551402,D017,target_threshold_calibration,"{""margin"": 0.02, ""max_threshold_drop"": 0.05, ""method"": ""target_threshold_calibration""}",True,False,5,True
0.0,0.9287144573488185,0.0,0.8669158878504672,D017,stage1_threshold_calibration,"{""margin"": 0.02, ""max_threshold_drop"": 0.05, ""method"": ""stage1_threshold_calibration""}",True,False,5,True
0.03673696467828591,0.9654514220271044,0.011864406779661017,0.9454205607476636,D017,target_threshold_calibration,"{""margin"": 0.05, ""max_threshold_drop"": 0.05, ""method"": ""target_threshold_calibration""}",True,False,5,True
0.00042885730290287416,0.9291433146517214,0.0,0.8676635514018691,D017,stage1_threshold_calibration,"{""margin"": 0.05, ""max_threshold_drop"": 0.05, ""method"": ""stage1_threshold_calibration""}",True,False,5,True
0.0021408583985835783,0.9308553157474021,0.0,0.8706542056074766,D017,target_threshold_calibration,"{""margin"": 0.0, ""max_threshold_drop"": 0.1, ""method"": ""target_threshold_calibration""}",True,False,5,True
0.0,0.9287144573488185,0.0,0.8669158878504672,D017,stage1_threshold_calibration,"{""margin"": 0.0, ""max_threshold_drop"": 0.1, ""method"": ""stage1_threshold_calibration""}",True,False,5,True
0.034547708452297154,0.9632621658011157,0.006779661016949152,0.9360747663551402,D017,target_threshold_calibration,"{""margin"": 0.02, ""max_threshold_drop"": 0.1, ""method"": ""target_threshold_calibration""}",True,False,5,True
0.0,0.9287144573488185,0.0,0.8669158878504672,D017,stage1_threshold_calibration,"{""margin"": 0.02, ""max_threshold_drop"": 0.1, ""method"": ""stage1_threshold_calibration""}",True,False,5,True
0.03673696467828591,0.9654514220271044,0.011864406779661017,0.9454205607476636,D017,target_threshold_calibration,"{""margin"": 0.05, ""max_threshold_drop"": 0.1, ""method"": ""target_threshold_calibration""}",True,False,5,True
0.00042885730290287416,0.9291433146517214,0.0,0.8676635514018691,D017,stage1_threshold_calibration,"{""margin"": 0.05, ""max_threshold_drop"": 0.1, ""method"": ""stage1_threshold_calibration""}",True,False,5,True
0.0021408583985835783,0.9308553157474021,0.0,0.8706542056074766,D017,target_threshold_calibration,"{""margin"": 0.0, ""max_threshold_drop"": 0.2, ""method"": ""target_threshold_calibration""}",True,False,5,True
0.0,0.9287144573488185,0.0,0.8669158878504672,D017,stage1_threshold_calibration,"{""margin"": 0.0, ""max_threshold_drop"": 0.2, ""method"": ""stage1_threshold_calibration""}",True,False,5,True
0.034547708452297154,0.9632621658011157,0.006779661016949152,0.9360747663551402,D017,target_threshold_calibration,"{""margin"": 0.02, ""max_threshold_drop"": 0.2, ""method"": ""target_threshold_calibration""}",True,False,5,True
0.0,0.9287144573488185,0.0,0.8669158878504672,D017,stage1_threshold_calibration,"{""margin"": 0.02, ""max_threshold_drop"": 0.2, ""method"": ""stage1_threshold_calibration""}",True,False,5,True
0.03673696467828591,0.9654514220271044,0.011864406779661017,0.9454205607476636,D017,target_threshold_calibration,"{""margin"": 0.05, ""max_threshold_drop"": 0.2, ""method"": ""target_threshold_calibration""}",True,False,5,True
0.00042885730290287416,0.9291433146517214,0.0,0.8676635514018691,D017,stage1_threshold_calibration,"{""margin"": 0.05, ""max_threshold_drop"": 0.2, ""method"": ""stage1_threshold_calibration""}",True,False,5,True
0.0021408583985835783,0.9308553157474021,0.0,0.8706542056074766,D017,target_threshold_calibration,"{""margin"": 0.0, ""max_threshold_drop"": 0.3, ""method"": ""target_threshold_calibration""}",True,False,5,True
0.0,0.9287144573488185,0.0,0.8669158878504672,D017,stage1_threshold_calibration,"{""margin"": 0.0, ""max_threshold_drop"": 0.3, ""method"": ""stage1_threshold_calibration""}",True,False,5,True
0.034547708452297154,0.9632621658011157,0.006779661016949152,0.9360747663551402,D017,target_threshold_calibration,"{""margin"": 0.02, ""max_threshold_drop"": 0.3, ""method"": ""target_threshold_calibration""}",True,False,5,True
0.0,0.9287144573488185,0.0,0.8669158878504672,D017,stage1_threshold_calibration,"{""margin"": 0.02, ""max_threshold_drop"": 0.3, ""method"": ""stage1_threshold_calibration""}",True,False,5,True
0.03673696467828591,0.9654514220271044,0.011864406779661017,0.9454205607476636,D017,target_threshold_calibration,"{""margin"": 0.05, ""max_threshold_drop"": 0.3, ""method"": ""target_threshold_calibration""}",True,False,5,True
0.00042885730290287416,0.9291433146517214,0.0,0.8676635514018691,D017,stage1_threshold_calibration,"{""margin"": 0.05, ""max_threshold_drop"": 0.3, ""method"": ""stage1_threshold_calibration""}",True,False,5,True
0.036670158035796874,0.9653846153846154,0.005084745762711864,0.9383177570093458,D017,positive_bias,"{""bias"": 0.1, ""method"": ""positive_bias""}",True,False,5,True
0.03903978802420194,0.9677542453730205,0.010169491525423728,0.9480373831775701,D017,positive_bias,"{""bias"": 0.25, ""method"": ""positive_bias""}",True,False,5,True
0.041005595974358044,0.9697200533231766,0.010169491525423728,0.9517757009345794,D017,positive_bias,"{""bias"": 0.5, ""method"": ""positive_bias""}",True,False,5,True
0.0426273532414263,0.9713418105902448,0.011864406779661017,0.9566355140186916,D017,positive_bias,"{""bias"": 1.0, ""method"": ""positive_bias""}",True,True,5,True
0.03870790881616526,0.9674223661649838,0.011864406779661017,0.9491588785046728,D017,target_prototype_fusion,"{""cosine_threshold"": 0.7, ""method"": ""target_prototype_fusion""}",True,False,5,True
0.03792043302296422,0.9666348903717827,0.011864406779661017,0.9476635514018692,D017,target_prototype_fusion,"{""cosine_threshold"": 0.75, ""method"": ""target_prototype_fusion""}",True,False,5,True
0.03574866836765078,0.9644631257164693,0.011864406779661017,0.9435514018691589,D017,target_prototype_fusion,"{""cosine_threshold"": 0.8, ""method"": ""target_prototype_fusion""}",True,False,5,True
0.0360769701291761,0.9647914274779946,0.010169491525423728,0.942429906542056,D017,target_prototype_fusion,"{""cosine_threshold"": 0.85, ""method"": ""target_prototype_fusion""}",True,False,5,True
0.036537990337877635,0.9652524476866962,0.006779661016949152,0.9398130841121496,D017,target_prototype_fusion,"{""cosine_threshold"": 0.9, ""method"": ""target_prototype_fusion""}",True,False,5,True
0.0,0.921975122502827,0.0,0.8552447552447553,D018,no_adaptation,"{""method"": ""no_adaptation""}",True,False,3,False
0.00465276265386283,0.9266278851566898,0.0,0.8632867132867132,D018,target_threshold_calibration,"{""margin"": 0.0, ""max_threshold_drop"": 0.05, ""method"": ""target_threshold_calibration""}",True,False,3,True
0.0,0.921975122502827,0.0,0.8552447552447553,D018,stage1_threshold_calibration,"{""margin"": 0.0, ""max_threshold_drop"": 0.05, ""method"": ""stage1_threshold_calibration""}",True,False,3,True
0.03718642429876329,0.9591615468015903,0.006872852233676976,0.9279720279720279,D018,target_threshold_calibration,"{""margin"": 0.02, ""max_threshold_drop"": 0.05, ""method"": ""target_threshold_calibration""}",True,False,3,True
0.0,0.921975122502827,0.0,0.8552447552447553,D018,stage1_threshold_calibration,"{""margin"": 0.02, ""max_threshold_drop"": 0.05, ""method"": ""stage1_threshold_calibration""}",True,False,3,True
0.03945985507564831,0.9614349775784753,0.012027491408934709,0.9370629370629371,D018,target_threshold_calibration,"{""margin"": 0.05, ""max_threshold_drop"": 0.05, ""method"": ""target_threshold_calibration""}",True,False,3,True
0.00040618872550757246,0.9223813112283346,0.0,0.855944055944056,D018,stage1_threshold_calibration,"{""margin"": 0.05, ""max_threshold_drop"": 0.05, ""method"": ""stage1_threshold_calibration""}",True,False,3,True
0.00465276265386283,0.9266278851566898,0.0,0.8632867132867132,D018,target_threshold_calibration,"{""margin"": 0.0, ""max_threshold_drop"": 0.1, ""method"": ""target_threshold_calibration""}",True,False,3,True
0.0,0.921975122502827,0.0,0.8552447552447553,D018,stage1_threshold_calibration,"{""margin"": 0.0, ""max_threshold_drop"": 0.1, ""method"": ""stage1_threshold_calibration""}",True,False,3,True
0.03718642429876329,0.9591615468015903,0.006872852233676976,0.9279720279720279,D018,target_threshold_calibration,"{""margin"": 0.02, ""max_threshold_drop"": 0.1, ""method"": ""target_threshold_calibration""}",True,False,3,True
0.0,0.921975122502827,0.0,0.8552447552447553,D018,stage1_threshold_calibration,"{""margin"": 0.02, ""max_threshold_drop"": 0.1, ""method"": ""stage1_threshold_calibration""}",True,False,3,True
0.03945985507564831,0.9614349775784753,0.012027491408934709,0.9370629370629371,D018,target_threshold_calibration,"{""margin"": 0.05, ""max_threshold_drop"": 0.1, ""method"": ""target_threshold_calibration""}",True,False,3,True
0.00040618872550757246,0.9223813112283346,0.0,0.855944055944056,D018,stage1_threshold_calibration,"{""margin"": 0.05, ""max_threshold_drop"": 0.1, ""method"": ""stage1_threshold_calibration""}",True,False,3,True
0.005055453374119168,0.9270305758769462,0.0,0.8639860139860139,D018,target_threshold_calibration,"{""margin"": 0.0, ""max_threshold_drop"": 0.2, ""method"": ""target_threshold_calibration""}",True,False,3,True
0.0,0.921975122502827,0.0,0.8552447552447553,D018,stage1_threshold_calibration,"{""margin"": 0.0, ""max_threshold_drop"": 0.2, ""method"": ""stage1_threshold_calibration""}",True,False,3,True
0.03756244975150835,0.9595375722543353,0.006872852233676976,0.9286713286713286,D018,target_threshold_calibration,"{""margin"": 0.02, ""max_threshold_drop"": 0.2, ""method"": ""target_threshold_calibration""}",True,False,3,True
0.0,0.921975122502827,0.0,0.8552447552447553,D018,stage1_threshold_calibration,"{""margin"": 0.02, ""max_threshold_drop"": 0.2, ""method"": ""stage1_threshold_calibration""}",True,False,3,True
0.039832300843058,0.961807423345885,0.012027491408934709,0.9377622377622378,D018,target_threshold_calibration,"{""margin"": 0.05, ""max_threshold_drop"": 0.2, ""method"": ""target_threshold_calibration""}",True,False,3,True
0.00040618872550757246,0.9223813112283346,0.0,0.855944055944056,D018,stage1_threshold_calibration,"{""margin"": 0.05, ""max_threshold_drop"": 0.2, ""method"": ""stage1_threshold_calibration""}",True,False,3,True
0.005457842057458029,0.927432964560285,0.0,0.8646853146853147,D018,target_threshold_calibration,"{""margin"": 0.0, ""max_threshold_drop"": 0.3, ""method"": ""target_threshold_calibration""}",True,False,3,True
0.0,0.921975122502827,0.0,0.8552447552447553,D018,stage1_threshold_calibration,"{""margin"": 0.0, ""max_threshold_drop"": 0.3, ""method"": ""stage1_threshold_calibration""}",True,False,3,True
0.0379382036076823,0.9599133261105093,0.006872852233676976,0.9293706293706294,D018,target_threshold_calibration,"{""margin"": 0.02, ""max_threshold_drop"": 0.3, ""method"": ""target_threshold_calibration""}",True,False,3,True
0.0,0.921975122502827,0.0,0.8552447552447553,D018,stage1_threshold_calibration,"{""margin"": 0.02, ""max_threshold_drop"": 0.3, ""method"": ""stage1_threshold_calibration""}",True,False,3,True
0.04020447957639861,0.9621796020792256,0.012027491408934709,0.9384615384615385,D018,target_threshold_calibration,"{""margin"": 0.05, ""max_threshold_drop"": 0.3, ""method"": ""target_threshold_calibration""}",True,False,3,True
0.00040618872550757246,0.9223813112283346,0.0,0.855944055944056,D018,stage1_threshold_calibration,"{""margin"": 0.05, ""max_threshold_drop"": 0.3, ""method"": ""stage1_threshold_calibration""}",True,False,3,True
0.03786568791685474,0.9598408104196817,0.005154639175257732,0.9276223776223776,D018,positive_bias,"{""bias"": 0.1, ""method"": ""positive_bias""}",True,False,3,True
0.0410675757390101,0.9630426982418371,0.010309278350515464,0.9384615384615385,D018,positive_bias,"{""bias"": 0.25, ""method"": ""positive_bias""}",True,False,3,True
0.04292459096422174,0.9648997134670487,0.010309278350515464,0.941958041958042,D018,positive_bias,"{""bias"": 0.5, ""method"": ""positive_bias""}",True,False,3,True
0.04446543444112161,0.9664405569439486,0.012027491408934709,0.9465034965034965,D018,positive_bias,"{""bias"": 1.0, ""method"": ""positive_bias""}",True,True,3,True
0.038714161288233906,0.9606892837910609,0.012027491408934709,0.9356643356643357,D018,target_prototype_fusion,"{""cosine_threshold"": 0.7, ""method"": ""target_prototype_fusion""}",True,False,3,True
0.037593610650811904,0.9595687331536389,0.012027491408934709,0.9335664335664335,D018,target_prototype_fusion,"{""cosine_threshold"": 0.75, ""method"": ""target_prototype_fusion""}",True,False,3,True
0.036095779062766065,0.958070901565593,0.012027491408934709,0.9307692307692308,D018,target_prototype_fusion,"{""cosine_threshold"": 0.8, ""method"": ""target_prototype_fusion""}",True,False,3,True
0.03677104935809894,0.9587461718609259,0.010309278350515464,0.9304195804195804,D018,target_prototype_fusion,"{""cosine_threshold"": 0.85, ""method"": ""target_prototype_fusion""}",True,False,3,True
0.03718642429876329,0.9591615468015903,0.006872852233676976,0.9279720279720279,D018,target_prototype_fusion,"{""cosine_threshold"": 0.9, ""method"": ""target_prototype_fusion""}",True,False,3,True
0.0,0.9244124497141648,0.0,0.8594488188976378,D018,no_adaptation,"{""method"": ""no_adaptation""}",True,False,5,False
0.002272528101174398,0.9266849778153392,0.0,0.8633858267716535,D018,target_threshold_calibration,"{""margin"": 0.0, ""max_threshold_drop"": 0.05, ""method"": ""target_threshold_calibration""}",True,False,5,True
0.0,0.9244124497141648,0.0,0.8594488188976378,D018,stage1_threshold_calibration,"{""margin"": 0.0, ""max_threshold_drop"": 0.05, ""method"": ""stage1_threshold_calibration""}",True,False,5,True
0.03662651132479622,0.961038961038961,0.006932409012131715,0.9322834645669291,D018,target_threshold_calibration,"{""margin"": 0.02, ""max_threshold_drop"": 0.05, ""method"": ""target_threshold_calibration""}",True,False,5,True
0.0,0.9244124497141648,0.0,0.8594488188976378,D018,stage1_threshold_calibration,"{""margin"": 0.02, ""max_threshold_drop"": 0.05, ""method"": ""stage1_threshold_calibration""}",True,False,5,True
0.038953089738331115,0.9633655394524959,0.012131715771230503,0.9421259842519685,D018,target_threshold_calibration,"{""margin"": 0.05, ""max_threshold_drop"": 0.05, ""method"": ""target_threshold_calibration""}",True,False,5,True
0.0004552751535600308,0.9248677248677248,0.0,0.860236220472441,D018,stage1_threshold_calibration,"{""margin"": 0.05, ""max_threshold_drop"": 0.05, ""method"": ""stage1_threshold_calibration""}",True,False,5,True
0.002272528101174398,0.9266849778153392,0.0,0.8633858267716535,D018,target_threshold_calibration,"{""margin"": 0.0, ""max_threshold_drop"": 0.1, ""method"": ""target_threshold_calibration""}",True,False,5,True
0.0,0.9244124497141648,0.0,0.8594488188976378,D018,stage1_threshold_calibration,"{""margin"": 0.0, ""max_threshold_drop"": 0.1, ""method"": ""stage1_threshold_calibration""}",True,False,5,True
0.03662651132479622,0.961038961038961,0.006932409012131715,0.9322834645669291,D018,target_threshold_calibration,"{""margin"": 0.02, ""max_threshold_drop"": 0.1, ""method"": ""target_threshold_calibration""}",True,False,5,True
0.0,0.9244124497141648,0.0,0.8594488188976378,D018,stage1_threshold_calibration,"{""margin"": 0.02, ""max_threshold_drop"": 0.1, ""method"": ""stage1_threshold_calibration""}",True,False,5,True
0.038953089738331115,0.9633655394524959,0.012131715771230503,0.9421259842519685,D018,target_threshold_calibration,"{""margin"": 0.05, ""max_threshold_drop"": 0.1, ""method"": ""target_threshold_calibration""}",True,False,5,True
0.0004552751535600308,0.9248677248677248,0.0,0.860236220472441,D018,stage1_threshold_calibration,"{""margin"": 0.05, ""max_threshold_drop"": 0.1, ""method"": ""stage1_threshold_calibration""}",True,False,5,True
0.002272528101174398,0.9266849778153392,0.0,0.8633858267716535,D018,target_threshold_calibration,"{""margin"": 0.0, ""max_threshold_drop"": 0.2, ""method"": ""target_threshold_calibration""}",True,False,5,True
0.0,0.9244124497141648,0.0,0.8594488188976378,D018,stage1_threshold_calibration,"{""margin"": 0.0, ""max_threshold_drop"": 0.2, ""method"": ""stage1_threshold_calibration""}",True,False,5,True
0.03662651132479622,0.961038961038961,0.006932409012131715,0.9322834645669291,D018,target_threshold_calibration,"{""margin"": 0.02, ""max_threshold_drop"": 0.2, ""method"": ""target_threshold_calibration""}",True,False,5,True
0.0,0.9244124497141648,0.0,0.8594488188976378,D018,stage1_threshold_calibration,"{""margin"": 0.02, ""max_threshold_drop"": 0.2, ""method"": ""stage1_threshold_calibration""}",True,False,5,True
0.038953089738331115,0.9633655394524959,0.012131715771230503,0.9421259842519685,D018,target_threshold_calibration,"{""margin"": 0.05, ""max_threshold_drop"": 0.2, ""method"": ""target_threshold_calibration""}",True,False,5,True
0.0004552751535600308,0.9248677248677248,0.0,0.860236220472441,D018,stage1_threshold_calibration,"{""margin"": 0.05, ""max_threshold_drop"": 0.2, ""method"": ""stage1_threshold_calibration""}",True,False,5,True
0.002272528101174398,0.9266849778153392,0.0,0.8633858267716535,D018,target_threshold_calibration,"{""margin"": 0.0, ""max_threshold_drop"": 0.3, ""method"": ""target_threshold_calibration""}",True,False,5,True
0.0,0.9244124497141648,0.0,0.8594488188976378,D018,stage1_threshold_calibration,"{""margin"": 0.0, ""max_threshold_drop"": 0.3, ""method"": ""stage1_threshold_calibration""}",True,False,5,True
0.03662651132479622,0.961038961038961,0.006932409012131715,0.9322834645669291,D018,target_threshold_calibration,"{""margin"": 0.02, ""max_threshold_drop"": 0.3, ""method"": ""target_threshold_calibration""}",True,False,5,True
0.0,0.9244124497141648,0.0,0.8594488188976378,D018,stage1_threshold_calibration,"{""margin"": 0.02, ""max_threshold_drop"": 0.3, ""method"": ""stage1_threshold_calibration""}",True,False,5,True
0.038953089738331115,0.9633655394524959,0.012131715771230503,0.9421259842519685,D018,target_threshold_calibration,"{""margin"": 0.05, ""max_threshold_drop"": 0.3, ""method"": ""target_threshold_calibration""}",True,False,5,True
0.0004552751535600308,0.9248677248677248,0.0,0.860236220472441,D018,stage1_threshold_calibration,"{""margin"": 0.05, ""max_threshold_drop"": 0.3, ""method"": ""stage1_threshold_calibration""}",True,False,5,True
0.038866105773763815,0.9632785554879286,0.005199306759098787,0.9346456692913386,D018,positive_bias,"{""bias"": 0.1, ""method"": ""positive_bias""}",True,False,5,True
0.0413823188975051,0.9657947686116699,0.010398613518197574,0.9448818897637795,D018,positive_bias,"{""bias"": 0.25, ""method"": ""positive_bias""}",True,False,5,True
0.04345903622961034,0.9678714859437751,0.010398613518197574,0.9488188976377953,D018,positive_bias,"{""bias"": 0.5, ""method"": ""positive_bias""}",True,False,5,True
0.04476289055805294,0.9691753402722177,0.012131715771230503,0.9531496062992126,D018,positive_bias,"{""bias"": 1.0, ""method"": ""positive_bias""}",True,True,5,True
0.04103552135855526,0.9654479710727201,0.012131715771230503,0.9460629921259842,D018,target_prototype_fusion,"{""cosine_threshold"": 0.7, ""method"": ""target_prototype_fusion""}",True,False,5,True
0.04020355350256222,0.964616003216727,0.012131715771230503,0.944488188976378,D018,target_prototype_fusion,"{""cosine_threshold"": 0.75, ""method"": ""target_prototype_fusion""}",True,False,5,True
0.0379087269934717,0.9623211767076365,0.012131715771230503,0.9401574803149606,D018,target_prototype_fusion,"{""cosine_threshold"": 0.8, ""method"": ""target_prototype_fusion""}",True,False,5,True
0.03825152606787363,0.9626639757820384,0.010398613518197574,0.9389763779527559,D018,target_prototype_fusion,"{""cosine_threshold"": 0.85, ""method"": ""target_prototype_fusion""}",True,False,5,True
0.038730523149342666,0.9631429728635075,0.006932409012131715,0.9362204724409449,D018,target_prototype_fusion,"{""cosine_threshold"": 0.9, ""method"": ""target_prototype_fusion""}",True,False,5,True
0.0,0.9215132693393564,0.0,0.8544502617801047,D019,no_adaptation,"{""method"": ""no_adaptation""}",True,False,3,False
0.004648649701123331,0.9261619190404797,0.0,0.862478184991274,D019,target_threshold_calibration,"{""margin"": 0.0, ""max_threshold_drop"": 0.05, ""method"": ""target_threshold_calibration""}",True,False,3,True
0.0,0.9215132693393564,0.0,0.8544502617801047,D019,stage1_threshold_calibration,"{""margin"": 0.0, ""max_threshold_drop"": 0.05, ""method"": ""stage1_threshold_calibration""}",True,False,3,True
0.037158450566797785,0.9586717199061542,0.007207207207207207,0.9270506108202443,D019,target_threshold_calibration,"{""margin"": 0.02, ""max_threshold_drop"": 0.05, ""method"": ""target_threshold_calibration""}",True,False,3,True
0.0,0.9215132693393564,0.0,0.8544502617801047,D019,stage1_threshold_calibration,"{""margin"": 0.02, ""max_threshold_drop"": 0.05, ""method"": ""stage1_threshold_calibration""}",True,False,3,True
0.039432628188411534,0.9609458975277679,0.012612612612612612,0.9361256544502617,D019,target_threshold_calibration,"{""margin"": 0.05, ""max_threshold_drop"": 0.05, ""method"": ""target_threshold_calibration""}",True,False,3,True
0.0004058275562222047,0.9219190968955786,0.0,0.8551483420593369,D019,stage1_threshold_calibration,"{""margin"": 0.05, ""max_threshold_drop"": 0.05, ""method"": ""stage1_threshold_calibration""}",True,False,3,True
0.004648649701123331,0.9261619190404797,0.0,0.862478184991274,D019,target_threshold_calibration,"{""margin"": 0.0, ""max_threshold_drop"": 0.1, ""method"": ""target_threshold_calibration""}",True,False,3,True
0.0,0.9215132693393564,0.0,0.8544502617801047,D019,stage1_threshold_calibration,"{""margin"": 0.0, ""max_threshold_drop"": 0.1, ""method"": ""stage1_threshold_calibration""}",True,False,3,True
0.037158450566797785,0.9586717199061542,0.007207207207207207,0.9270506108202443,D019,target_threshold_calibration,"{""margin"": 0.02, ""max_threshold_drop"": 0.1, ""method"": ""target_threshold_calibration""}",True,False,3,True
0.0,0.9215132693393564,0.0,0.8544502617801047,D019,stage1_threshold_calibration,"{""margin"": 0.02, ""max_threshold_drop"": 0.1, ""method"": ""stage1_threshold_calibration""}",True,False,3,True
0.039432628188411534,0.9609458975277679,0.012612612612612612,0.9361256544502617,D019,target_threshold_calibration,"{""margin"": 0.05, ""max_threshold_drop"": 0.1, ""method"": ""target_threshold_calibration""}",True,False,3,True
0.0004058275562222047,0.9219190968955786,0.0,0.8551483420593369,D019,stage1_threshold_calibration,"{""margin"": 0.05, ""max_threshold_drop"": 0.1, ""method"": ""stage1_threshold_calibration""}",True,False,3,True
0.005050986936402269,0.9265642562757587,0.0,0.8631762652705061,D019,target_threshold_calibration,"{""margin"": 0.0, ""max_threshold_drop"": 0.2, ""method"": ""target_threshold_calibration""}",True,False,3,True
0.0,0.9215132693393564,0.0,0.8544502617801047,D019,stage1_threshold_calibration,"{""margin"": 0.0, ""max_threshold_drop"": 0.2, ""method"": ""stage1_threshold_calibration""}",True,False,3,True
0.037534177891385134,0.9590474472307415,0.007207207207207207,0.9277486910994764,D019,target_threshold_calibration,"{""margin"": 0.02, ""max_threshold_drop"": 0.2, ""method"": ""target_threshold_calibration""}",True,False,3,True
0.0,0.9215132693393564,0.0,0.8544502617801047,D019,stage1_threshold_calibration,"{""margin"": 0.02, ""max_threshold_drop"": 0.2, ""method"": ""stage1_threshold_calibration""}",True,False,3,True
0.0398047822365748,0.9613180515759312,0.012612612612612612,0.9368237347294939,D019,target_threshold_calibration,"{""margin"": 0.05, ""max_threshold_drop"": 0.2, ""method"": ""target_threshold_calibration""}",True,False,3,True
0.0004058275562222047,0.9219190968955786,0.0,0.8551483420593369,D019,stage1_threshold_calibration,"{""margin"": 0.05, ""max_threshold_drop"": 0.2, ""method"": ""stage1_threshold_calibration""}",True,False,3,True
0.005453022795474993,0.9269662921348314,0.0,0.8638743455497382,D019,target_threshold_calibration,"{""margin"": 0.0, ""max_threshold_drop"": 0.3, ""method"": ""target_threshold_calibration""}",True,False,3,True
0.0,0.9215132693393564,0.0,0.8544502617801047,D019,stage1_threshold_calibration,"{""margin"": 0.0, ""max_threshold_drop"": 0.3, ""method"": ""stage1_threshold_calibration""}",True,False,3,True
0.03790963417732529,0.9594229035166817,0.007207207207207207,0.9284467713787086,D019,target_threshold_calibration,"{""margin"": 0.02, ""max_threshold_drop"": 0.3, ""method"": ""target_threshold_calibration""}",True,False,3,True
0.0,0.9215132693393564,0.0,0.8544502617801047,D019,stage1_threshold_calibration,"{""margin"": 0.02, ""max_threshold_drop"": 0.3, ""method"": ""stage1_threshold_calibration""}",True,False,3,True
0.040176669794191766,0.9616899391335482,0.012612612612612612,0.937521815008726,D019,target_threshold_calibration,"{""margin"": 0.05, ""max_threshold_drop"": 0.3, ""method"": ""target_threshold_calibration""}",True,False,3,True
0.0004058275562222047,0.9219190968955786,0.0,0.8551483420593369,D019,stage1_threshold_calibration,"{""margin"": 0.05, ""max_threshold_drop"": 0.3, ""method"": ""stage1_threshold_calibration""}",True,False,3,True
0.03783632415657845,0.9593495934959348,0.005405405405405406,0.9267015706806283,D019,positive_bias,"{""bias"": 0.1, ""method"": ""positive_bias""}",True,False,3,True
0.041038244726223194,0.9625515140655796,0.010810810810810811,0.937521815008726,D019,positive_bias,"{""bias"": 0.25, ""method"": ""positive_bias""}",True,False,3,True
0.04289381347230514,0.9644070828116615,0.010810810810810811,0.9410122164048865,D019,positive_bias,"{""bias"": 0.5, ""method"": ""positive_bias""}",True,False,3,True
0.04498708703983101,0.9665003563791874,0.012612612612612612,0.9465968586387434,D019,positive_bias,"{""bias"": 1.0, ""method"": ""positive_bias""}",True,True,3,True
0.038687519473838305,0.9602007888131947,0.012612612612612612,0.9347294938917976,D019,target_prototype_fusion,"{""cosine_threshold"": 0.7, ""method"": ""target_prototype_fusion""}",True,False,3,True
0.0375678505457836,0.95908111988514,0.012612612612612612,0.9326352530541012,D019,target_prototype_fusion,"{""cosine_threshold"": 0.75, ""method"": ""target_prototype_fusion""}",True,False,3,True
0.03607120226380678,0.9575844716031632,0.012612612612612612,0.9298429319371728,D019,target_prototype_fusion,"{""cosine_threshold"": 0.8, ""method"": ""target_prototype_fusion""}",True,False,3,True
0.036745096979463265,0.9582583663188197,0.010810810810810811,0.9294938917975567,D019,target_prototype_fusion,"{""cosine_threshold"": 0.85, ""method"": ""target_prototype_fusion""}",True,False,3,True
0.037158450566797785,0.9586717199061542,0.007207207207207207,0.9270506108202443,D019,target_prototype_fusion,"{""cosine_threshold"": 0.9, ""method"": ""target_prototype_fusion""}",True,False,3,True
0.0,0.9241175227224688,0.0,0.8589390962671906,D019,no_adaptation,"{""method"": ""no_adaptation""}",True,False,5,False
0.0022693154973161267,0.926386838219785,0.0,0.86286836935167,D019,target_threshold_calibration,"{""margin"": 0.0, ""max_threshold_drop"": 0.05, ""method"": ""target_threshold_calibration""}",True,False,5,True
0.0,0.9241175227224688,0.0,0.8589390962671906,D019,stage1_threshold_calibration,"{""margin"": 0.0, ""max_threshold_drop"": 0.05, ""method"": ""stage1_threshold_calibration""}",True,False,5,True
0.03657939786099951,0.9606969205834683,0.007272727272727273,0.9316306483300589,D019,target_threshold_calibration,"{""margin"": 0.02, ""max_threshold_drop"": 0.05, ""method"": ""target_threshold_calibration""}",True,False,5,True
0.0,0.9241175227224688,0.0,0.8589390962671906,D019,stage1_threshold_calibration,"{""margin"": 0.02, ""max_threshold_drop"": 0.05, ""method"": ""stage1_threshold_calibration""}",True,False,5,True
0.038904985316116414,0.9630225080385852,0.012727272727272728,0.9414538310412573,D019,target_threshold_calibration,"{""margin"": 0.05, ""max_threshold_drop"": 0.05, ""method"": ""target_threshold_calibration""}",True,False,5,True
0.0004546302460499696,0.9245721529685188,0.0,0.8597249508840864,D019,stage1_threshold_calibration,"{""margin"": 0.05, ""max_threshold_drop"": 0.05, ""method"": ""stage1_threshold_calibration""}",True,False,5,True
0.0022693154973161267,0.926386838219785,0.0,0.86286836935167,D019,target_threshold_calibration,"{""margin"": 0.0, ""max_threshold_drop"": 0.1, ""method"": ""target_threshold_calibration""}",True,False,5,True
0.0,0.9241175227224688,0.0,0.8589390962671906,D019,stage1_threshold_calibration,"{""margin"": 0.0, ""max_threshold_drop"": 0.1, ""method"": ""stage1_threshold_calibration""}",True,False,5,True
0.03657939786099951,0.9606969205834683,0.007272727272727273,0.9316306483300589,D019,target_threshold_calibration,"{""margin"": 0.02, ""max_threshold_drop"": 0.1, ""method"": ""target_threshold_calibration""}",True,False,5,True
0.0,0.9241175227224688,0.0,0.8589390962671906,D019,stage1_threshold_calibration,"{""margin"": 0.02, ""max_threshold_drop"": 0.1, ""method"": ""stage1_threshold_calibration""}",True,False,5,True
0.038904985316116414,0.9630225080385852,0.012727272727272728,0.9414538310412573,D019,target_threshold_calibration,"{""margin"": 0.05, ""max_threshold_drop"": 0.1, ""method"": ""target_threshold_calibration""}",True,False,5,True
0.0004546302460499696,0.9245721529685188,0.0,0.8597249508840864,D019,stage1_threshold_calibration,"{""margin"": 0.05, ""max_threshold_drop"": 0.1, ""method"": ""stage1_threshold_calibration""}",True,False,5,True
0.0022693154973161267,0.926386838219785,0.0,0.86286836935167,D019,target_threshold_calibration,"{""margin"": 0.0, ""max_threshold_drop"": 0.2, ""method"": ""target_threshold_calibration""}",True,False,5,True
0.0,0.9241175227224688,0.0,0.8589390962671906,D019,stage1_threshold_calibration,"{""margin"": 0.0, ""max_threshold_drop"": 0.2, ""method"": ""stage1_threshold_calibration""}",True,False,5,True
0.03657939786099951,0.9606969205834683,0.007272727272727273,0.9316306483300589,D019,target_threshold_calibration,"{""margin"": 0.02, ""max_threshold_drop"": 0.2, ""method"": ""target_threshold_calibration""}",True,False,5,True
0.0,0.9241175227224688,0.0,0.8589390962671906,D019,stage1_threshold_calibration,"{""margin"": 0.02, ""max_threshold_drop"": 0.2, ""method"": ""stage1_threshold_calibration""}",True,False,5,True
0.038904985316116414,0.9630225080385852,0.012727272727272728,0.9414538310412573,D019,target_threshold_calibration,"{""margin"": 0.05, ""max_threshold_drop"": 0.2, ""method"": ""target_threshold_calibration""}",True,False,5,True
0.0004546302460499696,0.9245721529685188,0.0,0.8597249508840864,D019,stage1_threshold_calibration,"{""margin"": 0.05, ""max_threshold_drop"": 0.2, ""method"": ""stage1_threshold_calibration""}",True,False,5,True
0.0022693154973161267,0.926386838219785,0.0,0.86286836935167,D019,target_threshold_calibration,"{""margin"": 0.0, ""max_threshold_drop"": 0.3, ""method"": ""target_threshold_calibration""}",True,False,5,True
0.0,0.9241175227224688,0.0,0.8589390962671906,D019,stage1_threshold_calibration,"{""margin"": 0.0, ""max_threshold_drop"": 0.3, ""method"": ""stage1_threshold_calibration""}",True,False,5,True
0.03657939786099951,0.9606969205834683,0.007272727272727273,0.9316306483300589,D019,target_threshold_calibration,"{""margin"": 0.02, ""max_threshold_drop"": 0.3, ""method"": ""target_threshold_calibration""}",True,False,5,True
0.0,0.9241175227224688,0.0,0.8589390962671906,D019,stage1_threshold_calibration,"{""margin"": 0.02, ""max_threshold_drop"": 0.3, ""method"": ""stage1_threshold_calibration""}",True,False,5,True
0.038904985316116414,0.9630225080385852,0.012727272727272728,0.9414538310412573,D019,target_threshold_calibration,"{""margin"": 0.05, ""max_threshold_drop"": 0.3, ""method"": ""target_threshold_calibration""}",True,False,5,True
0.0004546302460499696,0.9245721529685188,0.0,0.8597249508840864,D019,stage1_threshold_calibration,"{""margin"": 0.05, ""max_threshold_drop"": 0.3, ""method"": ""stage1_threshold_calibration""}",True,False,5,True
0.0388154325135045,0.9629329552359733,0.005454545454545455,0.9339882121807466,D019,positive_bias,"{""bias"": 0.1, ""method"": ""positive_bias""}",True,False,5,True
0.04133044835025124,0.9654479710727201,0.01090909090909091,0.944204322200393,D019,positive_bias,"{""bias"": 0.25, ""method"": ""positive_bias""}",True,False,5,True
0.043404530204555924,0.9675220529270248,0.01090909090909091,0.9481335952848723,D019,positive_bias,"{""bias"": 0.5, ""method"": ""positive_bias""}",True,False,5,True
0.04511939297868972,0.9692369157011586,0.012727272727272728,0.9532416502946954,D019,positive_bias,"{""bias"": 1.0, ""method"": ""positive_bias""}",True,True,5,True
0.04098476367945669,0.9651022864019255,0.012727272727272728,0.9453831041257368,D019,target_prototype_fusion,"{""cosine_threshold"": 0.7, ""method"": ""target_prototype_fusion""}",True,False,5,True
0.040153854234576514,0.9642713769570453,0.012727272727272728,0.943811394891945,D019,target_prototype_fusion,"{""cosine_threshold"": 0.75, ""method"": ""target_prototype_fusion""}",True,False,5,True
0.03786195826727168,0.9619794809897405,0.012727272727272728,0.9394891944990177,D019,target_prototype_fusion,"{""cosine_threshold"": 0.8, ""method"": ""target_prototype_fusion""}",True,False,5,True
0.038203653985167674,0.9623211767076365,0.01090909090909091,0.9383104125736739,D019,target_prototype_fusion,"{""cosine_threshold"": 0.85, ""method"": ""target_prototype_fusion""}",True,False,5,True
0.03868069806200347,0.9627982207844723,0.007272727272727273,0.9355599214145384,D019,target_prototype_fusion,"{""cosine_threshold"": 0.9, ""method"": ""target_prototype_fusion""}",True,False,5,True
0.0,0.9250275633958104,0.0,0.8605128205128205,D020,no_adaptation,"{""method"": ""no_adaptation""}",True,False,3,False
0.004524129193393622,0.929551692589204,0.0,0.8683760683760684,D020,target_threshold_calibration,"{""margin"": 0.0, ""max_threshold_drop"": 0.05, ""method"": ""target_threshold_calibration""}",True,False,3,True
0.0,0.9250275633958104,0.0,0.8605128205128205,D020,stage1_threshold_calibration,"{""margin"": 0.0, ""max_threshold_drop"": 0.05, ""method"": ""stage1_threshold_calibration""}",True,False,3,True
0.036171731136817376,0.9611992945326278,0.007017543859649123,0.9316239316239316,D020,target_threshold_calibration,"{""margin"": 0.02, ""max_threshold_drop"": 0.05, ""method"": ""target_threshold_calibration""}",True,False,3,True
0.0,0.9250275633958104,0.0,0.8605128205128205,D020,stage1_threshold_calibration,"{""margin"": 0.02, ""max_threshold_drop"": 0.05, ""method"": ""stage1_threshold_calibration""}",True,False,3,True
0.03746805525122787,0.9624956186470383,0.012280701754385965,0.9388034188034188,D020,target_threshold_calibration,"{""margin"": 0.05, ""max_threshold_drop"": 0.05, ""method"": ""target_threshold_calibration""}",True,False,3,True
0.00039492007222785563,0.9254224834680382,0.0,0.8611965811965812,D020,stage1_threshold_calibration,"{""margin"": 0.05, ""max_threshold_drop"": 0.05, ""method"": ""stage1_threshold_calibration""}",True,False,3,True
0.004524129193393622,0.929551692589204,0.0,0.8683760683760684,D020,target_threshold_calibration,"{""margin"": 0.0, ""max_threshold_drop"": 0.1, ""method"": ""target_threshold_calibration""}",True,False,3,True
0.0,0.9250275633958104,0.0,0.8605128205128205,D020,stage1_threshold_calibration,"{""margin"": 0.0, ""max_threshold_drop"": 0.1, ""method"": ""stage1_threshold_calibration""}",True,False,3,True
0.036171731136817376,0.9611992945326278,0.007017543859649123,0.9316239316239316,D020,target_threshold_calibration,"{""margin"": 0.02, ""max_threshold_drop"": 0.1, ""method"": ""target_threshold_calibration""}",True,False,3,True
0.0,0.9250275633958104,0.0,0.8605128205128205,D020,stage1_threshold_calibration,"{""margin"": 0.02, ""max_threshold_drop"": 0.1, ""method"": ""stage1_threshold_calibration""}",True,False,3,True
0.03746805525122787,0.9624956186470383,0.012280701754385965,0.9388034188034188,D020,target_threshold_calibration,"{""margin"": 0.05, ""max_threshold_drop"": 0.1, ""method"": ""target_threshold_calibration""}",True,False,3,True
0.00039492007222785563,0.9254224834680382,0.0,0.8611965811965812,D020,stage1_threshold_calibration,"{""margin"": 0.05, ""max_threshold_drop"": 0.1, ""method"": ""stage1_threshold_calibration""}",True,False,3,True
0.004915732744668833,0.9299432961404792,0.0,0.869059829059829,D020,target_threshold_calibration,"{""margin"": 0.0, ""max_threshold_drop"": 0.2, ""method"": ""target_threshold_calibration""}",True,False,3,True
0.0,0.9250275633958104,0.0,0.8605128205128205,D020,stage1_threshold_calibration,"{""margin"": 0.0, ""max_threshold_drop"": 0.2, ""method"": ""stage1_threshold_calibration""}",True,False,3,True
0.03653802193564237,0.9615655853314528,0.007017543859649123,0.9323076923076923,D020,target_threshold_calibration,"{""margin"": 0.02, ""max_threshold_drop"": 0.2, ""method"": ""target_threshold_calibration""}",True,False,3,True
0.0,0.9250275633958104,0.0,0.8605128205128205,D020,stage1_threshold_calibration,"{""margin"": 0.02, ""max_threshold_drop"": 0.2, ""method"": ""stage1_threshold_calibration""}",True,False,3,True
0.03783158166375511,0.9628591450595655,0.012280701754385965,0.9394871794871795,D020,target_threshold_calibration,"{""margin"": 0.05, ""max_threshold_drop"": 0.2, ""method"": ""target_threshold_calibration""}",True,False,3,True
0.00039492007222785563,0.9254224834680382,0.0,0.8611965811965812,D020,stage1_threshold_calibration,"{""margin"": 0.05, ""max_threshold_drop"": 0.2, ""method"": ""stage1_threshold_calibration""}",True,False,3,True
0.005307049879011427,0.9303346132748218,0.0,0.8697435897435898,D020,target_threshold_calibration,"{""margin"": 0.0, ""max_threshold_drop"": 0.3, ""method"": ""target_threshold_calibration""}",True,False,3,True
0.0,0.9250275633958104,0.0,0.8605128205128205,D020,stage1_threshold_calibration,"{""margin"": 0.0, ""max_threshold_drop"": 0.3, ""method"": ""stage1_threshold_calibration""}",True,False,3,True
0.03690405451042855,0.9619316179062389,0.007017543859649123,0.932991452991453,D020,target_threshold_calibration,"{""margin"": 0.02, ""max_threshold_drop"": 0.3, ""method"": ""target_threshold_calibration""}",True,False,3,True
0.0,0.9250275633958104,0.0,0.8605128205128205,D020,stage1_threshold_calibration,"{""margin"": 0.02, ""max_threshold_drop"": 0.3, ""method"": ""stage1_threshold_calibration""}",True,False,3,True
0.03819485341679896,0.9632224168126093,0.012280701754385965,0.9401709401709402,D020,target_threshold_calibration,"{""margin"": 0.05, ""max_threshold_drop"": 0.3, ""method"": ""target_threshold_calibration""}",True,False,3,True
0.00039492007222785563,0.9254224834680382,0.0,0.8611965811965812,D020,stage1_threshold_calibration,"{""margin"": 0.05, ""max_threshold_drop"": 0.3, ""method"": ""stage1_threshold_calibration""}",True,False,3,True
0.036836843383850626,0.961864406779661,0.005263157894736842,0.9312820512820513,D020,positive_bias,"{""bias"": 0.1, ""method"": ""positive_bias""}",True,False,3,True
0.03903904484257703,0.9640666082383874,0.010526315789473684,0.9401709401709402,D020,positive_bias,"{""bias"": 0.25, ""method"": ""positive_bias""}",True,False,3,True
0.04085170169605312,0.9658792650918635,0.010526315789473684,0.9435897435897436,D020,positive_bias,"{""bias"": 0.5, ""method"": ""positive_bias""}",True,False,3,True
0.04289433339637927,0.9679218967921897,0.012280701754385965,0.9490598290598291,D020,positive_bias,"{""bias"": 1.0, ""method"": ""positive_bias""}",True,True,3,True
0.03674023737584875,0.9617678007716591,0.012280701754385965,0.9374358974358974,D020,target_prototype_fusion,"{""cosine_threshold"": 0.7, ""method"": ""target_prototype_fusion""}",True,False,3,True
0.03564659390756031,0.9606741573033707,0.012280701754385965,0.9353846153846154,D020,target_prototype_fusion,"{""cosine_threshold"": 0.75, ""method"": ""target_prototype_fusion""}",True,False,3,True
0.034184813538085446,0.9592123769338958,0.012280701754385965,0.9326495726495726,D020,target_prototype_fusion,"{""cosine_threshold"": 0.8, ""method"": ""target_prototype_fusion""}",True,False,3,True
0.034845720659099855,0.9598732840549102,0.010526315789473684,0.9323076923076923,D020,target_prototype_fusion,"{""cosine_threshold"": 0.85, ""method"": ""target_prototype_fusion""}",True,False,3,True
0.03525487261478111,0.9602824360105915,0.007017543859649123,0.9299145299145299,D020,target_prototype_fusion,"{""cosine_threshold"": 0.9, ""method"": ""target_prototype_fusion""}",True,False,3,True
0.0,0.9277629141798724,0.0,0.8652591170825336,D020,no_adaptation,"{""method"": ""no_adaptation""}",True,False,5,False
0.002202171053234947,0.9299650852331074,0.0,0.8690978886756238,D020,target_threshold_calibration,"{""margin"": 0.0, ""max_threshold_drop"": 0.05, ""method"": ""target_threshold_calibration""}",True,False,5,True
0.0,0.9277629141798724,0.0,0.8652591170825336,D020,stage1_threshold_calibration,"{""margin"": 0.0, ""max_threshold_drop"": 0.05, ""method"": ""stage1_threshold_calibration""}",True,False,5,True
0.035507228000222324,0.9632701421800948,0.007079646017699115,0.9362763915547025,D020,target_threshold_calibration,"{""margin"": 0.02, ""max_threshold_drop"": 0.05, ""method"": ""target_threshold_calibration""}",True,False,5,True
0.0,0.9277629141798724,0.0,0.8652591170825336,D020,stage1_threshold_calibration,"{""margin"": 0.02, ""max_threshold_drop"": 0.05, ""method"": ""stage1_threshold_calibration""}",True,False,5,True
0.036942968173068635,0.9647058823529411,0.012389380530973451,0.944337811900192,D020,target_threshold_calibration,"{""margin"": 0.05, ""max_threshold_drop"": 0.05, ""method"": ""target_threshold_calibration""}",True,False,5,True
0.00044115905608721473,0.9282040732359597,0.0,0.8660268714011516,D020,stage1_threshold_calibration,"{""margin"": 0.05, ""max_threshold_drop"": 0.05, ""method"": ""stage1_threshold_calibration""}",True,False,5,True
0.002202171053234947,0.9299650852331074,0.0,0.8690978886756238,D020,target_threshold_calibration,"{""margin"": 0.0, ""max_threshold_drop"": 0.1, ""method"": ""target_threshold_calibration""}",True,False,5,True
0.0,0.9277629141798724,0.0,0.8652591170825336,D020,stage1_threshold_calibration,"{""margin"": 0.0, ""max_threshold_drop"": 0.1, ""method"": ""stage1_threshold_calibration""}",True,False,5,True
0.035507228000222324,0.9632701421800948,0.007079646017699115,0.9362763915547025,D020,target_threshold_calibration,"{""margin"": 0.02, ""max_threshold_drop"": 0.1, ""method"": ""target_threshold_calibration""}",True,False,5,True
0.0,0.9277629141798724,0.0,0.8652591170825336,D020,stage1_threshold_calibration,"{""margin"": 0.02, ""max_threshold_drop"": 0.1, ""method"": ""stage1_threshold_calibration""}",True,False,5,True
0.036942968173068635,0.9647058823529411,0.012389380530973451,0.944337811900192,D020,target_threshold_calibration,"{""margin"": 0.05, ""max_threshold_drop"": 0.1, ""method"": ""target_threshold_calibration""}",True,False,5,True
0.00044115905608721473,0.9282040732359597,0.0,0.8660268714011516,D020,stage1_threshold_calibration,"{""margin"": 0.05, ""max_threshold_drop"": 0.1, ""method"": ""stage1_threshold_calibration""}",True,False,5,True
0.002202171053234947,0.9299650852331074,0.0,0.8690978886756238,D020,target_threshold_calibration,"{""margin"": 0.0, ""max_threshold_drop"": 0.2, ""method"": ""target_threshold_calibration""}",True,False,5,True
0.0,0.9277629141798724,0.0,0.8652591170825336,D020,stage1_threshold_calibration,"{""margin"": 0.0, ""max_threshold_drop"": 0.2, ""method"": ""stage1_threshold_calibration""}",True,False,5,True
0.035507228000222324,0.9632701421800948,0.007079646017699115,0.9362763915547025,D020,target_threshold_calibration,"{""margin"": 0.02, ""max_threshold_drop"": 0.2, ""method"": ""target_threshold_calibration""}",True,False,5,True
0.0,0.9277629141798724,0.0,0.8652591170825336,D020,stage1_threshold_calibration,"{""margin"": 0.02, ""max_threshold_drop"": 0.2, ""method"": ""stage1_threshold_calibration""}",True,False,5,True
0.036942968173068635,0.9647058823529411,0.012389380530973451,0.944337811900192,D020,target_threshold_calibration,"{""margin"": 0.05, ""max_threshold_drop"": 0.2, ""method"": ""target_threshold_calibration""}",True,False,5,True
0.00044115905608721473,0.9282040732359597,0.0,0.8660268714011516,D020,stage1_threshold_calibration,"{""margin"": 0.05, ""max_threshold_drop"": 0.2, ""method"": ""stage1_threshold_calibration""}",True,False,5,True
0.002202171053234947,0.9299650852331074,0.0,0.8690978886756238,D020,target_threshold_calibration,"{""margin"": 0.0, ""max_threshold_drop"": 0.3, ""method"": ""target_threshold_calibration""}",True,False,5,True
0.0,0.9277629141798724,0.0,0.8652591170825336,D020,stage1_threshold_calibration,"{""margin"": 0.0, ""max_threshold_drop"": 0.3, ""method"": ""stage1_threshold_calibration""}",True,False,5,True
0.035507228000222324,0.9632701421800948,0.007079646017699115,0.9362763915547025,D020,target_threshold_calibration,"{""margin"": 0.02, ""max_threshold_drop"": 0.3, ""method"": ""target_threshold_calibration""}",True,False,5,True
0.0,0.9277629141798724,0.0,0.8652591170825336,D020,stage1_threshold_calibration,"{""margin"": 0.02, ""max_threshold_drop"": 0.3, ""method"": ""stage1_threshold_calibration""}",True,False,5,True
0.036942968173068635,0.9647058823529411,0.012389380530973451,0.944337811900192,D020,target_threshold_calibration,"{""margin"": 0.05, ""max_threshold_drop"": 0.3, ""method"": ""target_threshold_calibration""}",True,False,5,True
0.00044115905608721473,0.9282040732359597,0.0,0.8660268714011516,D020,stage1_threshold_calibration,"{""margin"": 0.05, ""max_threshold_drop"": 0.3, ""method"": ""stage1_threshold_calibration""}",True,False,5,True
0.037686246728321104,0.9654491609081935,0.005309734513274336,0.9385796545105566,D020,positive_bias,"{""bias"": 0.1, ""method"": ""positive_bias""}",True,False,5,True
0.039308822394020226,0.9670717365738927,0.010619469026548672,0.9470249520153551,D020,positive_bias,"{""bias"": 0.25, ""method"": ""positive_bias""}",True,False,5,True
0.041329417588515605,0.969092331768388,0.010619469026548672,0.9508637236084453,D020,positive_bias,"{""bias"": 0.5, ""method"": ""positive_bias""}",True,False,5,True
0.04299731973825627,0.9707602339181287,0.012389380530973451,0.9558541266794626,D020,positive_bias,"{""bias"": 1.0, ""method"": ""positive_bias""}",True,True,5,True
0.03896898405887517,0.9667318982387476,0.012389380530973451,0.9481765834932822,D020,target_prototype_fusion,"{""cosine_threshold"": 0.7, ""method"": ""target_prototype_fusion""}",True,False,5,True
0.0381595300034413,0.9659224441833137,0.012389380530973451,0.9466410748560461,D020,target_prototype_fusion,"{""cosine_threshold"": 0.75, ""method"": ""target_prototype_fusion""}",True,False,5,True
0.03592697787115795,0.9636898920510304,0.012389380530973451,0.9424184261036468,D020,target_prototype_fusion,"{""cosine_threshold"": 0.8, ""method"": ""target_prototype_fusion""}",True,False,5,True
0.036263034316294185,0.9640259484961666,0.010619469026548672,0.9412667946257197,D020,target_prototype_fusion,"{""cosine_threshold"": 0.85, ""method"": ""target_prototype_fusion""}",True,False,5,True
0.03673412724024594,0.9644970414201184,0.007079646017699115,0.9385796545105566,D020,target_prototype_fusion,"{""cosine_threshold"": 0.9, ""method"": ""target_prototype_fusion""}",True,False,5,True
0.0,0.9465439592715881,0.0,0.8985130111524163,D022,no_adaptation,"{""method"": ""no_adaptation""}",True,False,3,False
0.0047230972586264075,0.9512670565302145,0.0,0.9070631970260223,D022,target_threshold_calibration,"{""margin"": 0.0, ""max_threshold_drop"": 0.05, ""method"": ""target_threshold_calibration""}",True,False,3,True
0.0,0.9465439592715881,0.0,0.8985130111524163,D022,stage1_threshold_calibration,"{""margin"": 0.0, ""max_threshold_drop"": 0.05, ""method"": ""stage1_threshold_calibration""}",True,False,3,True
0.012949225600748293,0.9594931848723364,0.007017543859649123,0.928996282527881,D022,target_threshold_calibration,"{""margin"": 0.02, ""max_threshold_drop"": 0.05, ""method"": ""target_threshold_calibration""}",True,False,3,True
0.0,0.9465439592715881,0.0,0.8985130111524163,D022,stage1_threshold_calibration,"{""margin"": 0.02, ""max_threshold_drop"": 0.05, ""method"": ""stage1_threshold_calibration""}",True,False,3,True
0.014371198021071674,0.9609151572926597,0.012280701754385965,0.9368029739776952,D022,target_threshold_calibration,"{""margin"": 0.05, ""max_threshold_drop"": 0.05, ""method"": ""target_threshold_calibration""}",True,False,3,True
0.0004123922649160727,0.9469563515365041,0.0,0.8992565055762082,D022,stage1_threshold_calibration,"{""margin"": 0.05, ""max_threshold_drop"": 0.05, ""method"": ""stage1_threshold_calibration""}",True,False,3,True
0.0047230972586264075,0.9512670565302145,0.0,0.9070631970260223,D022,target_threshold_calibration,"{""margin"": 0.0, ""max_threshold_drop"": 0.1, ""method"": ""target_threshold_calibration""}",True,False,3,True
0.0,0.9465439592715881,0.0,0.8985130111524163,D022,stage1_threshold_calibration,"{""margin"": 0.0, ""max_threshold_drop"": 0.1, ""method"": ""stage1_threshold_calibration""}",True,False,3,True
0.012949225600748293,0.9594931848723364,0.007017543859649123,0.928996282527881,D022,target_threshold_calibration,"{""margin"": 0.02, ""max_threshold_drop"": 0.1, ""method"": ""target_threshold_calibration""}",True,False,3,True
0.0,0.9465439592715881,0.0,0.8985130111524163,D022,stage1_threshold_calibration,"{""margin"": 0.02, ""max_threshold_drop"": 0.1, ""method"": ""stage1_threshold_calibration""}",True,False,3,True
0.014371198021071674,0.9609151572926597,0.012280701754385965,0.9368029739776952,D022,target_threshold_calibration,"{""margin"": 0.05, ""max_threshold_drop"": 0.1, ""method"": ""target_threshold_calibration""}",True,False,3,True
0.0004123922649160727,0.9469563515365041,0.0,0.8992565055762082,D022,stage1_threshold_calibration,"{""margin"": 0.05, ""max_threshold_drop"": 0.1, ""method"": ""stage1_threshold_calibration""}",True,False,3,True
0.005131800666058006,0.9516757599376461,0.0,0.9078066914498141,D022,target_threshold_calibration,"{""margin"": 0.0, ""max_threshold_drop"": 0.2, ""method"": ""target_threshold_calibration""}",True,False,3,True
0.0,0.9465439592715881,0.0,0.8985130111524163,D022,stage1_threshold_calibration,"{""margin"": 0.0, ""max_threshold_drop"": 0.2, ""method"": ""stage1_threshold_calibration""}",True,False,3,True
0.01334857575048054,0.9598925350220686,0.007017543859649123,0.9297397769516729,D022,target_threshold_calibration,"{""margin"": 0.02, ""max_threshold_drop"": 0.2, ""method"": ""target_threshold_calibration""}",True,False,3,True
0.0,0.9465439592715881,0.0,0.8985130111524163,D022,stage1_threshold_calibration,"{""margin"": 0.02, ""max_threshold_drop"": 0.2, ""method"": ""stage1_threshold_calibration""}",True,False,3,True
0.014767266190580774,0.9613112254621689,0.012280701754385965,0.937546468401487,D022,target_threshold_calibration,"{""margin"": 0.05, ""max_threshold_drop"": 0.2, ""method"": ""target_threshold_calibration""}",True,False,3,True
0.0004123922649160727,0.9469563515365041,0.0,0.8992565055762082,D022,stage1_threshold_calibration,"{""margin"": 0.05, ""max_threshold_drop"": 0.2, ""method"": ""stage1_threshold_calibration""}",True,False,3,True
0.005540185644656637,0.9520841449162447,0.0,0.9085501858736059,D022,target_threshold_calibration,"{""margin"": 0.0, ""max_threshold_drop"": 0.3, ""method"": ""target_threshold_calibration""}",True,False,3,True
0.0,0.9465439592715881,0.0,0.8985130111524163,D022,stage1_threshold_calibration,"{""margin"": 0.0, ""max_threshold_drop"": 0.3, ""method"": ""stage1_threshold_calibration""}",True,False,3,True
0.013747619473856054,0.9602915787454441,0.007017543859649123,0.9304832713754647,D022,target_threshold_calibration,"{""margin"": 0.02, ""max_threshold_drop"": 0.3, ""method"": ""target_threshold_calibration""}",True,False,3,True
0.0,0.9465439592715881,0.0,0.8985130111524163,D022,stage1_threshold_calibration,"{""margin"": 0.02, ""max_threshold_drop"": 0.3, ""method"": ""stage1_threshold_calibration""}",True,False,3,True
0.015163032536375298,0.9617069918079634,0.012280701754385965,0.9382899628252788,D022,target_threshold_calibration,"{""margin"": 0.05, ""max_threshold_drop"": 0.3, ""method"": ""target_threshold_calibration""}",True,False,3,True
0.0004123922649160727,0.9469563515365041,0.0,0.8992565055762082,D022,stage1_threshold_calibration,"{""margin"": 0.05, ""max_threshold_drop"": 0.3, ""method"": ""stage1_threshold_calibration""}",True,False,3,True
0.013671301155088855,0.9602152604266769,0.005263157894736842,0.9286245353159851,D022,positive_bias,"{""bias"": 0.1, ""method"": ""positive_bias""}",True,False,3,True
0.01607999191071552,0.9626239511823036,0.010526315789473684,0.9382899628252788,D022,positive_bias,"{""bias"": 0.25, ""method"": ""positive_bias""}",True,False,3,True
0.017068157322048805,0.9636121165936369,0.010526315789473684,0.9401486988847584,D022,positive_bias,"{""bias"": 0.5, ""method"": ""positive_bias""}",True,False,3,True
0.01930044300545164,0.9658444022770397,0.012280701754385965,0.9460966542750929,D022,positive_bias,"{""bias"": 1.0, ""method"": ""positive_bias""}",True,True,3,True
0.012585146916341605,0.9591291061879297,0.012280701754385965,0.933457249070632,D022,target_prototype_fusion,"{""cosine_threshold"": 0.7, ""method"": ""target_prototype_fusion""}",True,False,3,True
0.012386317710264771,0.9589302769818528,0.012280701754385965,0.9330855018587361,D022,target_prototype_fusion,"{""cosine_threshold"": 0.75, ""method"": ""target_prototype_fusion""}",True,False,3,True
0.010792945262561582,0.9573369045341497,0.012280701754385965,0.9301115241635688,D022,target_prototype_fusion,"{""cosine_threshold"": 0.8, ""method"": ""target_prototype_fusion""}",True,False,3,True
0.011510053369668372,0.9580540126412564,0.010526315789473684,0.9297397769516729,D022,target_prototype_fusion,"{""cosine_threshold"": 0.85, ""method"": ""target_prototype_fusion""}",True,False,3,True
0.012549568671565314,0.9590935279431534,0.007017543859649123,0.9282527881040892,D022,target_prototype_fusion,"{""cosine_threshold"": 0.9, ""method"": ""target_prototype_fusion""}",True,False,3,True
0.0,0.9517912428129146,0.0,0.9080168776371308,D022,no_adaptation,"{""method"": ""no_adaptation""}",True,False,5,False
0.0023129054659909443,0.9541041482789056,0.0,0.9122362869198313,D022,target_threshold_calibration,"{""margin"": 0.0, ""max_threshold_drop"": 0.05, ""method"": ""target_threshold_calibration""}",True,False,5,True
0.0,0.9517912428129146,0.0,0.9080168776371308,D022,stage1_threshold_calibration,"{""margin"": 0.0, ""max_threshold_drop"": 0.05, ""method"": ""stage1_threshold_calibration""}",True,False,5,True
0.010206585634425225,0.9619978284473398,0.007079646017699115,0.9345991561181435,D022,target_threshold_calibration,"{""margin"": 0.02, ""max_threshold_drop"": 0.05, ""method"": ""target_threshold_calibration""}",True,False,5,True
0.0,0.9517912428129146,0.0,0.9080168776371308,D022,stage1_threshold_calibration,"{""margin"": 0.02, ""max_threshold_drop"": 0.05, ""method"": ""stage1_threshold_calibration""}",True,False,5,True
0.011347364645589386,0.963138607458504,0.012389380530973451,0.9426160337552743,D022,target_threshold_calibration,"{""margin"": 0.05, ""max_threshold_drop"": 0.05, ""method"": ""target_threshold_calibration""}",True,False,5,True
0.00046339909689974146,0.9522546419098143,0.0,0.9088607594936708,D022,stage1_threshold_calibration,"{""margin"": 0.05, ""max_threshold_drop"": 0.05, ""method"": ""stage1_threshold_calibration""}",True,False,5,True
0.0023129054659909443,0.9541041482789056,0.0,0.9122362869198313,D022,target_threshold_calibration,"{""margin"": 0.0, ""max_threshold_drop"": 0.1, ""method"": ""target_threshold_calibration""}",True,False,5,True
0.0,0.9517912428129146,0.0,0.9080168776371308,D022,stage1_threshold_calibration,"{""margin"": 0.0, ""max_threshold_drop"": 0.1, ""method"": ""stage1_threshold_calibration""}",True,False,5,True
0.010206585634425225,0.9619978284473398,0.007079646017699115,0.9345991561181435,D022,target_threshold_calibration,"{""margin"": 0.02, ""max_threshold_drop"": 0.1, ""method"": ""target_threshold_calibration""}",True,False,5,True
0.0,0.9517912428129146,0.0,0.9080168776371308,D022,stage1_threshold_calibration,"{""margin"": 0.02, ""max_threshold_drop"": 0.1, ""method"": ""stage1_threshold_calibration""}",True,False,5,True
0.011347364645589386,0.963138607458504,0.012389380530973451,0.9426160337552743,D022,target_threshold_calibration,"{""margin"": 0.05, ""max_threshold_drop"": 0.1, ""method"": ""target_threshold_calibration""}",True,False,5,True
0.00046339909689974146,0.9522546419098143,0.0,0.9088607594936708,D022,stage1_threshold_calibration,"{""margin"": 0.05, ""max_threshold_drop"": 0.1, ""method"": ""stage1_threshold_calibration""}",True,False,5,True
0.0023129054659909443,0.9541041482789056,0.0,0.9122362869198313,D022,target_threshold_calibration,"{""margin"": 0.0, ""max_threshold_drop"": 0.2, ""method"": ""target_threshold_calibration""}",True,False,5,True
0.0,0.9517912428129146,0.0,0.9080168776371308,D022,stage1_threshold_calibration,"{""margin"": 0.0, ""max_threshold_drop"": 0.2, ""method"": ""stage1_threshold_calibration""}",True,False,5,True
0.010206585634425225,0.9619978284473398,0.007079646017699115,0.9345991561181435,D022,target_threshold_calibration,"{""margin"": 0.02, ""max_threshold_drop"": 0.2, ""method"": ""target_threshold_calibration""}",True,False,5,True
0.0,0.9517912428129146,0.0,0.9080168776371308,D022,stage1_threshold_calibration,"{""margin"": 0.02, ""max_threshold_drop"": 0.2, ""method"": ""stage1_threshold_calibration""}",True,False,5,True
0.011347364645589386,0.963138607458504,0.012389380530973451,0.9426160337552743,D022,target_threshold_calibration,"{""margin"": 0.05, ""max_threshold_drop"": 0.2, ""method"": ""target_threshold_calibration""}",True,False,5,True
0.00046339909689974146,0.9522546419098143,0.0,0.9088607594936708,D022,stage1_threshold_calibration,"{""margin"": 0.05, ""max_threshold_drop"": 0.2, ""method"": ""stage1_threshold_calibration""}",True,False,5,True
0.0023129054659909443,0.9541041482789056,0.0,0.9122362869198313,D022,target_threshold_calibration,"{""margin"": 0.0, ""max_threshold_drop"": 0.3, ""method"": ""target_threshold_calibration""}",True,False,5,True
0.0,0.9517912428129146,0.0,0.9080168776371308,D022,stage1_threshold_calibration,"{""margin"": 0.0, ""max_threshold_drop"": 0.3, ""method"": ""stage1_threshold_calibration""}",True,False,5,True
0.010206585634425225,0.9619978284473398,0.007079646017699115,0.9345991561181435,D022,target_threshold_calibration,"{""margin"": 0.02, ""max_threshold_drop"": 0.3, ""method"": ""target_threshold_calibration""}",True,False,5,True
0.0,0.9517912428129146,0.0,0.9080168776371308,D022,stage1_threshold_calibration,"{""margin"": 0.02, ""max_threshold_drop"": 0.3, ""method"": ""stage1_threshold_calibration""}",True,False,5,True
0.011347364645589386,0.963138607458504,0.012389380530973451,0.9426160337552743,D022,target_threshold_calibration,"{""margin"": 0.05, ""max_threshold_drop"": 0.3, ""method"": ""target_threshold_calibration""}",True,False,5,True
0.00046339909689974146,0.9522546419098143,0.0,0.9088607594936708,D022,stage1_threshold_calibration,"{""margin"": 0.05, ""max_threshold_drop"": 0.3, ""method"": ""stage1_threshold_calibration""}",True,False,5,True
0.012378138294577234,0.9641693811074918,0.005309734513274336,0.9367088607594937,D022,positive_bias,"{""bias"": 0.1, ""method"": ""positive_bias""}",True,False,5,True
0.013948899397815961,0.9657401422107306,0.010619469026548672,0.9455696202531646,D022,positive_bias,"{""bias"": 0.25, ""method"": ""positive_bias""}",True,False,5,True
0.015061964246921744,0.9668532070598364,0.010619469026548672,0.9476793248945148,D022,positive_bias,"{""bias"": 0.5, ""method"": ""positive_bias""}",True,False,5,True
0.016905155128766336,0.9686963979416809,0.012389380530973451,0.9531645569620253,D022,positive_bias,"{""bias"": 1.0, ""method"": ""positive_bias""}",True,True,5,True
0.012909575094963155,0.9647008179078778,0.012389380530973451,0.9455696202531646,D022,target_prototype_fusion,"{""cosine_threshold"": 0.7, ""method"": ""target_prototype_fusion""}",True,False,5,True
0.012686690448657001,0.9644779332615716,0.012389380530973451,0.9451476793248945,D022,target_prototype_fusion,"{""cosine_threshold"": 0.75, ""method"": ""target_prototype_fusion""}",True,False,5,True
0.01022861044560941,0.962019853258524,0.012389380530973451,0.9405063291139241,D022,target_prototype_fusion,"{""cosine_threshold"": 0.8, ""method"": ""target_prototype_fusion""}",True,False,5,True
0.010595268211728737,0.9623865110246433,0.010619469026548672,0.9392405063291139,D022,target_prototype_fusion,"{""cosine_threshold"": 0.85, ""method"": ""target_prototype_fusion""}",True,False,5,True
0.01155727160911968,0.9633485144220343,0.007079646017699115,0.9371308016877637,D022,target_prototype_fusion,"{""cosine_threshold"": 0.9, ""method"": ""target_prototype_fusion""}",True,False,5,True
0.0,0.9247699801551507,0.0,0.8600671140939598,D023,no_adaptation,"{""method"": ""no_adaptation""}",True,False,3,False
0.004443099255557192,0.9292130794107079,0.0,0.8677852348993289,D023,target_threshold_calibration,"{""margin"": 0.0, ""max_threshold_drop"": 0.05, ""method"": ""target_threshold_calibration""}",True,False,3,True
0.0,0.9247699801551507,0.0,0.8600671140939598,D023,stage1_threshold_calibration,"{""margin"": 0.0, ""max_threshold_drop"": 0.05, ""method"": ""stage1_threshold_calibration""}",True,False,3,True
0.03554885540194508,0.9603188355570957,0.006734006734006734,0.9298657718120805,D023,target_threshold_calibration,"{""margin"": 0.02, ""max_threshold_drop"": 0.05, ""method"": ""target_threshold_calibration""}",True,False,3,True
0.0,0.9247699801551507,0.0,0.8600671140939598,D023,stage1_threshold_calibration,"{""margin"": 0.02, ""max_threshold_drop"": 0.05, ""method"": ""stage1_threshold_calibration""}",True,False,3,True
0.03772141695427811,0.9624913971094288,0.011784511784511785,0.9385906040268457,D023,target_threshold_calibration,"{""margin"": 0.05, ""max_threshold_drop"": 0.05, ""method"": ""target_threshold_calibration""}",True,False,3,True
0.0003878196645067389,0.9251577998196574,0.0,0.860738255033557,D023,stage1_threshold_calibration,"{""margin"": 0.05, ""max_threshold_drop"": 0.05, ""method"": ""stage1_threshold_calibration""}",True,False,3,True
0.004443099255557192,0.9292130794107079,0.0,0.8677852348993289,D023,target_threshold_calibration,"{""margin"": 0.0, ""max_threshold_drop"": 0.1, ""method"": ""target_threshold_calibration""}",True,False,3,True
0.0,0.9247699801551507,0.0,0.8600671140939598,D023,stage1_threshold_calibration,"{""margin"": 0.0, ""max_threshold_drop"": 0.1, ""method"": ""stage1_threshold_calibration""}",True,False,3,True
0.03554885540194508,0.9603188355570957,0.006734006734006734,0.9298657718120805,D023,target_threshold_calibration,"{""margin"": 0.02, ""max_threshold_drop"": 0.1, ""method"": ""target_threshold_calibration""}",True,False,3,True
0.0,0.9247699801551507,0.0,0.8600671140939598,D023,stage1_threshold_calibration,"{""margin"": 0.02, ""max_threshold_drop"": 0.1, ""method"": ""stage1_threshold_calibration""}",True,False,3,True
0.03772141695427811,0.9624913971094288,0.011784511784511785,0.9385906040268457,D023,target_threshold_calibration,"{""margin"": 0.05, ""max_threshold_drop"": 0.1, ""method"": ""target_threshold_calibration""}",True,False,3,True
0.0003878196645067389,0.9251577998196574,0.0,0.860738255033557,D023,stage1_threshold_calibration,"{""margin"": 0.05, ""max_threshold_drop"": 0.1, ""method"": ""stage1_threshold_calibration""}",True,False,3,True
0.004827720994274642,0.9295977011494253,0.0,0.8684563758389262,D023,target_threshold_calibration,"{""margin"": 0.0, ""max_threshold_drop"": 0.2, ""method"": ""target_threshold_calibration""}",True,False,3,True
0.0,0.9247699801551507,0.0,0.8600671140939598,D023,stage1_threshold_calibration,"{""margin"": 0.0, ""max_threshold_drop"": 0.2, ""method"": ""stage1_threshold_calibration""}",True,False,3,True
0.035909042883131015,0.9606790230382817,0.006734006734006734,0.9305369127516778,D023,target_threshold_calibration,"{""margin"": 0.02, ""max_threshold_drop"": 0.2, ""method"": ""target_threshold_calibration""}",True,False,3,True
0.0,0.9247699801551507,0.0,0.8600671140939598,D023,stage1_threshold_calibration,"{""margin"": 0.02, ""max_threshold_drop"": 0.2, ""method"": ""stage1_threshold_calibration""}",True,False,3,True
0.038078317058471645,0.9628482972136223,0.011784511784511785,0.939261744966443,D023,target_threshold_calibration,"{""margin"": 0.05, ""max_threshold_drop"": 0.2, ""method"": ""target_threshold_calibration""}",True,False,3,True
0.0003878196645067389,0.9251577998196574,0.0,0.860738255033557,D023,stage1_threshold_calibration,"{""margin"": 0.05, ""max_threshold_drop"": 0.2, ""method"": ""stage1_threshold_calibration""}",True,False,3,True
0.005212066523484937,0.9299820466786356,0.0,0.8691275167785235,D023,target_threshold_calibration,"{""margin"": 0.0, ""max_threshold_drop"": 0.3, ""method"": ""target_threshold_calibration""}",True,False,3,True
0.0,0.9247699801551507,0.0,0.8600671140939598,D023,stage1_threshold_calibration,"{""margin"": 0.0, ""max_threshold_drop"": 0.3, ""method"": ""stage1_threshold_calibration""}",True,False,3,True
0.03626898088381025,0.9610389610389609,0.006734006734006734,0.9312080536912751,D023,target_threshold_calibration,"{""margin"": 0.02, ""max_threshold_drop"": 0.3, ""method"": ""target_threshold_calibration""}",True,False,3,True
0.0,0.9247699801551507,0.0,0.8600671140939598,D023,stage1_threshold_calibration,"{""margin"": 0.02, ""max_threshold_drop"": 0.3, ""method"": ""stage1_threshold_calibration""}",True,False,3,True
0.03843497170179566,0.9632049518569463,0.011784511784511785,0.9399328859060403,D023,target_threshold_calibration,"{""margin"": 0.05, ""max_threshold_drop"": 0.3, ""method"": ""target_threshold_calibration""}",True,False,3,True
0.0003878196645067389,0.9251577998196574,0.0,0.860738255033557,D023,stage1_threshold_calibration,"{""margin"": 0.05, ""max_threshold_drop"": 0.3, ""method"": ""stage1_threshold_calibration""}",True,False,3,True
0.03620139885612439,0.960971379011275,0.005050505050505051,0.9295302013422819,D023,positive_bias,"{""bias"": 0.1, ""method"": ""positive_bias""}",True,False,3,True
0.03926374897924956,0.9640337291344002,0.010101010101010102,0.9399328859060403,D023,positive_bias,"{""bias"": 0.25, ""method"": ""positive_bias""}",True,False,3,True
0.041043453962698484,0.9658134341178491,0.010101010101010102,0.9432885906040268,D023,positive_bias,"{""bias"": 0.5, ""method"": ""positive_bias""}",True,False,3,True
0.04304925983115526,0.9678192399863059,0.011784511784511785,0.9486577181208053,D023,positive_bias,"{""bias"": 1.0, ""method"": ""positive_bias""}",True,True,3,True
0.037006879348981614,0.9617768595041323,0.011784511784511785,0.937248322147651,D023,target_prototype_fusion,"{""cosine_threshold"": 0.7, ""method"": ""target_prototype_fusion""}",True,False,3,True
0.03593322563595591,0.9607032057911066,0.011784511784511785,0.9352348993288591,D023,target_prototype_fusion,"{""cosine_threshold"": 0.75, ""method"": ""target_prototype_fusion""}",True,False,3,True
0.03449822833639238,0.959268208491543,0.011784511784511785,0.9325503355704698,D023,target_prototype_fusion,"{""cosine_threshold"": 0.8, ""method"": ""target_prototype_fusion""}",True,False,3,True
0.03514708964443469,0.9599170697995854,0.010101010101010102,0.9322147651006711,D023,target_prototype_fusion,"{""cosine_threshold"": 0.85, ""method"": ""target_prototype_fusion""}",True,False,3,True
0.03554885540194508,0.9603188355570957,0.006734006734006734,0.9298657718120805,D023,target_prototype_fusion,"{""cosine_threshold"": 0.9, ""method"": ""target_prototype_fusion""}",True,False,3,True
0.0,0.927635557347309,0.0,0.8650375939849624,D023,no_adaptation,"{""method"": ""no_adaptation""}",True,False,5,False
0.002157240882423417,0.9297927982297324,0.0,0.868796992481203,D023,target_threshold_calibration,"{""margin"": 0.0, ""max_threshold_drop"": 0.05, ""method"": ""target_threshold_calibration""}",True,False,5,True
0.0,0.927635557347309,0.0,0.8650375939849624,D023,stage1_threshold_calibration,"{""margin"": 0.0, ""max_threshold_drop"": 0.05, ""method"": ""stage1_threshold_calibration""}",True,False,5,True
0.034811209977507085,0.962446767324816,0.006791171477079796,0.9345864661654135,D023,target_threshold_calibration,"{""margin"": 0.02, ""max_threshold_drop"": 0.05, ""method"": ""target_threshold_calibration""}",True,False,5,True
0.0,0.927635557347309,0.0,0.8650375939849624,D023,stage1_threshold_calibration,"{""margin"": 0.02, ""max_threshold_drop"": 0.05, ""method"": ""stage1_threshold_calibration""}",True,False,5,True
0.037020608615042194,0.9646561659623512,0.011884550084889643,0.943984962406015,D023,target_threshold_calibration,"{""margin"": 0.05, ""max_threshold_drop"": 0.05, ""method"": ""target_threshold_calibration""}",True,False,5,True
0.00043214363999721783,0.9280677009873062,0.0,0.8657894736842106,D023,stage1_threshold_calibration,"{""margin"": 0.05, ""max_threshold_drop"": 0.05, ""method"": ""stage1_threshold_calibration""}",True,False,5,True
0.002157240882423417,0.9297927982297324,0.0,0.868796992481203,D023,target_threshold_calibration,"{""margin"": 0.0, ""max_threshold_drop"": 0.1, ""method"": ""target_threshold_calibration""}",True,False,5,True
0.0,0.927635557347309,0.0,0.8650375939849624,D023,stage1_threshold_calibration,"{""margin"": 0.0, ""max_threshold_drop"": 0.1, ""method"": ""stage1_threshold_calibration""}",True,False,5,True
0.034811209977507085,0.962446767324816,0.006791171477079796,0.9345864661654135,D023,target_threshold_calibration,"{""margin"": 0.02, ""max_threshold_drop"": 0.1, ""method"": ""target_threshold_calibration""}",True,False,5,True
0.0,0.927635557347309,0.0,0.8650375939849624,D023,stage1_threshold_calibration,"{""margin"": 0.02, ""max_threshold_drop"": 0.1, ""method"": ""stage1_threshold_calibration""}",True,False,5,True
0.037020608615042194,0.9646561659623512,0.011884550084889643,0.943984962406015,D023,target_threshold_calibration,"{""margin"": 0.05, ""max_threshold_drop"": 0.1, ""method"": ""target_threshold_calibration""}",True,False,5,True
0.00043214363999721783,0.9280677009873062,0.0,0.8657894736842106,D023,stage1_threshold_calibration,"{""margin"": 0.05, ""max_threshold_drop"": 0.1, ""method"": ""stage1_threshold_calibration""}",True,False,5,True
0.002157240882423417,0.9297927982297324,0.0,0.868796992481203,D023,target_threshold_calibration,"{""margin"": 0.0, ""max_threshold_drop"": 0.2, ""method"": ""target_threshold_calibration""}",True,False,5,True
0.0,0.927635557347309,0.0,0.8650375939849624,D023,stage1_threshold_calibration,"{""margin"": 0.0, ""max_threshold_drop"": 0.2, ""method"": ""stage1_threshold_calibration""}",True,False,5,True
0.034811209977507085,0.962446767324816,0.006791171477079796,0.9345864661654135,D023,target_threshold_calibration,"{""margin"": 0.02, ""max_threshold_drop"": 0.2, ""method"": ""target_threshold_calibration""}",True,False,5,True
0.0,0.927635557347309,0.0,0.8650375939849624,D023,stage1_threshold_calibration,"{""margin"": 0.02, ""max_threshold_drop"": 0.2, ""method"": ""stage1_threshold_calibration""}",True,False,5,True
0.037020608615042194,0.9646561659623512,0.011884550084889643,0.943984962406015,D023,target_threshold_calibration,"{""margin"": 0.05, ""max_threshold_drop"": 0.2, ""method"": ""target_threshold_calibration""}",True,False,5,True
0.00043214363999721783,0.9280677009873062,0.0,0.8657894736842106,D023,stage1_threshold_calibration,"{""margin"": 0.05, ""max_threshold_drop"": 0.2, ""method"": ""stage1_threshold_calibration""}",True,False,5,True
0.002157240882423417,0.9297927982297324,0.0,0.868796992481203,D023,target_threshold_calibration,"{""margin"": 0.0, ""max_threshold_drop"": 0.3, ""method"": ""target_threshold_calibration""}",True,False,5,True
0.0,0.927635557347309,0.0,0.8650375939849624,D023,stage1_threshold_calibration,"{""margin"": 0.0, ""max_threshold_drop"": 0.3, ""method"": ""stage1_threshold_calibration""}",True,False,5,True
0.034811209977507085,0.962446767324816,0.006791171477079796,0.9345864661654135,D023,target_threshold_calibration,"{""margin"": 0.02, ""max_threshold_drop"": 0.3, ""method"": ""target_threshold_calibration""}",True,False,5,True
0.0,0.927635557347309,0.0,0.8650375939849624,D023,stage1_threshold_calibration,"{""margin"": 0.02, ""max_threshold_drop"": 0.3, ""method"": ""stage1_threshold_calibration""}",True,False,5,True
0.037020608615042194,0.9646561659623512,0.011884550084889643,0.943984962406015,D023,target_threshold_calibration,"{""margin"": 0.05, ""max_threshold_drop"": 0.3, ""method"": ""target_threshold_calibration""}",True,False,5,True
0.00043214363999721783,0.9280677009873062,0.0,0.8657894736842106,D023,stage1_threshold_calibration,"{""margin"": 0.05, ""max_threshold_drop"": 0.3, ""method"": ""stage1_threshold_calibration""}",True,False,5,True
0.03694737278623084,0.9645829301335398,0.0050933786078098476,0.9368421052631579,D023,positive_bias,"{""bias"": 0.1, ""method"": ""positive_bias""}",True,False,5,True
0.03933832898141598,0.9669738863287249,0.010186757215619695,0.9466165413533835,D023,positive_bias,"{""bias"": 0.25, ""method"": ""positive_bias""}",True,False,5,True
0.041318064730115345,0.9689536220774243,0.010186757215619695,0.9503759398496241,D023,positive_bias,"{""bias"": 0.5, ""method"": ""positive_bias""}",True,False,5,True
0.04295267794680879,0.9705882352941178,0.011884550084889643,0.9552631578947368,D023,positive_bias,"{""bias"": 1.0, ""method"": ""positive_bias""}",True,True,5,True
0.03900554694716962,0.9666411042944786,0.011884550084889643,0.9477443609022557,D023,target_prototype_fusion,"{""cosine_threshold"": 0.7, ""method"": ""target_prototype_fusion""}",True,False,5,True
0.03821248563043467,0.9658480429777436,0.011884550084889643,0.9462406015037594,D023,target_prototype_fusion,"{""cosine_threshold"": 0.75, ""method"": ""target_prototype_fusion""}",True,False,5,True
0.036025277107603615,0.9636608344549126,0.011884550084889643,0.9421052631578948,D023,target_prototype_fusion,"{""cosine_threshold"": 0.8, ""method"": ""target_prototype_fusion""}",True,False,5,True
0.03635442917300691,0.9639899865203159,0.010186757215619695,0.9409774436090226,D023,target_prototype_fusion,"{""cosine_threshold"": 0.85, ""method"": ""target_prototype_fusion""}",True,False,5,True
0.03681575640848711,0.9644513137557961,0.006791171477079796,0.9383458646616541,D023,target_prototype_fusion,"{""cosine_threshold"": 0.9, ""method"": ""target_prototype_fusion""}",True,False,5,True
0.0,0.9255453398233279,0.0,0.8614093959731544,D024,no_adaptation,"{""method"": ""no_adaptation""}",True,False,3,False
0.004436706855307726,0.9299820466786356,0.0,0.8691275167785235,D024,target_threshold_calibration,"{""margin"": 0.0, ""max_threshold_drop"": 0.05, ""method"": ""target_threshold_calibration""}",True,False,3,True
0.0,0.9255453398233279,0.0,0.8614093959731544,D024,stage1_threshold_calibration,"{""margin"": 0.0, ""max_threshold_drop"": 0.05, ""method"": ""stage1_threshold_calibration""}",True,False,3,True
0.03477349573376787,0.9603188355570957,0.006700167504187605,0.9298657718120805,D024,target_threshold_calibration,"{""margin"": 0.02, ""max_threshold_drop"": 0.05, ""method"": ""target_threshold_calibration""}",True,False,3,True
0.0,0.9255453398233279,0.0,0.8614093959731544,D024,stage1_threshold_calibration,"{""margin"": 0.02, ""max_threshold_drop"": 0.05, ""method"": ""stage1_threshold_calibration""}",True,False,3,True
0.0369460572861009,0.9624913971094288,0.011725293132328308,0.9385906040268457,D024,target_threshold_calibration,"{""margin"": 0.05, ""max_threshold_drop"": 0.05, ""method"": ""target_threshold_calibration""}",True,False,3,True
0.00038726064522498493,0.9259326004685529,0.0,0.8620805369127517,D024,stage1_threshold_calibration,"{""margin"": 0.05, ""max_threshold_drop"": 0.05, ""method"": ""stage1_threshold_calibration""}",True,False,3,True
0.004436706855307726,0.9299820466786356,0.0,0.8691275167785235,D024,target_threshold_calibration,"{""margin"": 0.0, ""max_threshold_drop"": 0.1, ""method"": ""target_threshold_calibration""}",True,False,3,True
0.0,0.9255453398233279,0.0,0.8614093959731544,D024,stage1_threshold_calibration,"{""margin"": 0.0, ""max_threshold_drop"": 0.1, ""method"": ""stage1_threshold_calibration""}",True,False,3,True
0.03477349573376787,0.9603188355570957,0.006700167504187605,0.9298657718120805,D024,target_threshold_calibration,"{""margin"": 0.02, ""max_threshold_drop"": 0.1, ""method"": ""target_threshold_calibration""}",True,False,3,True
0.0,0.9255453398233279,0.0,0.8614093959731544,D024,stage1_threshold_calibration,"{""margin"": 0.02, ""max_threshold_drop"": 0.1, ""method"": ""stage1_threshold_calibration""}",True,False,3,True
0.0369460572861009,0.9624913971094288,0.011725293132328308,0.9385906040268457,D024,target_threshold_calibration,"{""margin"": 0.05, ""max_threshold_drop"": 0.1, ""method"": ""target_threshold_calibration""}",True,False,3,True
0.00038726064522498493,0.9259326004685529,0.0,0.8620805369127517,D024,stage1_threshold_calibration,"{""margin"": 0.05, ""max_threshold_drop"": 0.1, ""method"": ""stage1_threshold_calibration""}",True,False,3,True
0.0048207764724367275,0.9303661162957646,0.0,0.8697986577181208,D024,target_threshold_calibration,"{""margin"": 0.0, ""max_threshold_drop"": 0.2, ""method"": ""target_threshold_calibration""}",True,False,3,True
0.0,0.9255453398233279,0.0,0.8614093959731544,D024,stage1_threshold_calibration,"{""margin"": 0.0, ""max_threshold_drop"": 0.2, ""method"": ""stage1_threshold_calibration""}",True,False,3,True
0.035133683214953804,0.9606790230382817,0.006700167504187605,0.9305369127516778,D024,target_threshold_calibration,"{""margin"": 0.02, ""max_threshold_drop"": 0.2, ""method"": ""target_threshold_calibration""}",True,False,3,True
0.0,0.9255453398233279,0.0,0.8614093959731544,D024,stage1_threshold_calibration,"{""margin"": 0.02, ""max_threshold_drop"": 0.2, ""method"": ""stage1_threshold_calibration""}",True,False,3,True
0.03730295739029443,0.9628482972136223,0.011725293132328308,0.939261744966443,D024,target_threshold_calibration,"{""margin"": 0.05, ""max_threshold_drop"": 0.2, ""method"": ""target_threshold_calibration""}",True,False,3,True
0.00038726064522498493,0.9259326004685529,0.0,0.8620805369127517,D024,stage1_threshold_calibration,"{""margin"": 0.05, ""max_threshold_drop"": 0.2, ""method"": ""stage1_threshold_calibration""}",True,False,3,True
0.0052045704744834165,0.9307499102978113,0.0,0.8704697986577181,D024,target_threshold_calibration,"{""margin"": 0.0, ""max_threshold_drop"": 0.3, ""method"": ""target_threshold_calibration""}",True,False,3,True
0.0,0.9255453398233279,0.0,0.8614093959731544,D024,stage1_threshold_calibration,"{""margin"": 0.0, ""max_threshold_drop"": 0.3, ""method"": ""stage1_threshold_calibration""}",True,False,3,True
0.03549362121563304,0.9610389610389609,0.006700167504187605,0.9312080536912751,D024,target_threshold_calibration,"{""margin"": 0.02, ""max_threshold_drop"": 0.3, ""method"": ""target_threshold_calibration""}",True,False,3,True
0.0,0.9255453398233279,0.0,0.8614093959731544,D024,stage1_threshold_calibration,"{""margin"": 0.02, ""max_threshold_drop"": 0.3, ""method"": ""stage1_threshold_calibration""}",True,False,3,True
0.03765961203361845,0.9632049518569463,0.011725293132328308,0.9399328859060403,D024,target_threshold_calibration,"{""margin"": 0.05, ""max_threshold_drop"": 0.3, ""method"": ""target_threshold_calibration""}",True,False,3,True
0.00038726064522498493,0.9259326004685529,0.0,0.8620805369127517,D024,stage1_threshold_calibration,"{""margin"": 0.05, ""max_threshold_drop"": 0.3, ""method"": ""stage1_threshold_calibration""}",True,False,3,True
0.03542603918794718,0.960971379011275,0.005025125628140704,0.9295302013422819,D024,positive_bias,"{""bias"": 0.1, ""method"": ""positive_bias""}",True,False,3,True
0.038488389311072346,0.9640337291344002,0.010050251256281407,0.9399328859060403,D024,positive_bias,"{""bias"": 0.25, ""method"": ""positive_bias""}",True,False,3,True
0.04026809429452127,0.9658134341178491,0.010050251256281407,0.9432885906040268,D024,positive_bias,"{""bias"": 0.5, ""method"": ""positive_bias""}",True,False,3,True
0.04227390016297805,0.9678192399863059,0.011725293132328308,0.9486577181208053,D024,positive_bias,"{""bias"": 1.0, ""method"": ""positive_bias""}",True,True,3,True
0.0362315196808044,0.9617768595041323,0.011725293132328308,0.937248322147651,D024,target_prototype_fusion,"{""cosine_threshold"": 0.7, ""method"": ""target_prototype_fusion""}",True,False,3,True
0.0351578659677787,0.9607032057911066,0.011725293132328308,0.9352348993288591,D024,target_prototype_fusion,"{""cosine_threshold"": 0.75, ""method"": ""target_prototype_fusion""}",True,False,3,True
0.03372286866821517,0.959268208491543,0.011725293132328308,0.9325503355704698,D024,target_prototype_fusion,"{""cosine_threshold"": 0.8, ""method"": ""target_prototype_fusion""}",True,False,3,True
0.03437172997625748,0.9599170697995854,0.010050251256281407,0.9322147651006711,D024,target_prototype_fusion,"{""cosine_threshold"": 0.85, ""method"": ""target_prototype_fusion""}",True,False,3,True
0.03477349573376787,0.9603188355570957,0.006700167504187605,0.9298657718120805,D024,target_prototype_fusion,"{""cosine_threshold"": 0.9, ""method"": ""target_prototype_fusion""}",True,False,3,True
0.0,0.9282836422240129,0.0,0.8661654135338346,D024,no_adaptation,"{""method"": ""no_adaptation""}",True,False,5,False
0.002154636827052525,0.9304382790510655,0.0,0.8699248120300752,D024,target_threshold_calibration,"{""margin"": 0.0, ""max_threshold_drop"": 0.05, ""method"": ""target_threshold_calibration""}",True,False,5,True
0.0,0.9282836422240129,0.0,0.8661654135338346,D024,stage1_threshold_calibration,"{""margin"": 0.0, ""max_threshold_drop"": 0.05, ""method"": ""stage1_threshold_calibration""}",True,False,5,True
0.034163125100803104,0.962446767324816,0.006756756756756757,0.9345864661654135,D024,target_threshold_calibration,"{""margin"": 0.02, ""max_threshold_drop"": 0.05, ""method"": ""target_threshold_calibration""}",True,False,5,True
0.0,0.9282836422240129,0.0,0.8661654135338346,D024,stage1_threshold_calibration,"{""margin"": 0.02, ""max_threshold_drop"": 0.05, ""method"": ""stage1_threshold_calibration""}",True,False,5,True
0.036372523738338214,0.9646561659623512,0.011824324324324325,0.943984962406015,D024,target_threshold_calibration,"{""margin"": 0.05, ""max_threshold_drop"": 0.05, ""method"": ""target_threshold_calibration""}",True,False,5,True
0.0004316215697849346,0.9287152637937979,0.0,0.8669172932330828,D024,stage1_threshold_calibration,"{""margin"": 0.05, ""max_threshold_drop"": 0.05, ""method"": ""stage1_threshold_calibration""}",True,False,5,True
0.002154636827052525,0.9304382790510655,0.0,0.8699248120300752,D024,target_threshold_calibration,"{""margin"": 0.0, ""max_threshold_drop"": 0.1, ""method"": ""target_threshold_calibration""}",True,False,5,True
0.0,0.9282836422240129,0.0,0.8661654135338346,D024,stage1_threshold_calibration,"{""margin"": 0.0, ""max_threshold_drop"": 0.1, ""method"": ""stage1_threshold_calibration""}",True,False,5,True
0.034163125100803104,0.962446767324816,0.006756756756756757,0.9345864661654135,D024,target_threshold_calibration,"{""margin"": 0.02, ""max_threshold_drop"": 0.1, ""method"": ""target_threshold_calibration""}",True,False,5,True
0.0,0.9282836422240129,0.0,0.8661654135338346,D024,stage1_threshold_calibration,"{""margin"": 0.02, ""max_threshold_drop"": 0.1, ""method"": ""stage1_threshold_calibration""}",True,False,5,True
0.036372523738338214,0.9646561659623512,0.011824324324324325,0.943984962406015,D024,target_threshold_calibration,"{""margin"": 0.05, ""max_threshold_drop"": 0.1, ""method"": ""target_threshold_calibration""}",True,False,5,True
0.0004316215697849346,0.9287152637937979,0.0,0.8669172932330828,D024,stage1_threshold_calibration,"{""margin"": 0.05, ""max_threshold_drop"": 0.1, ""method"": ""stage1_threshold_calibration""}",True,False,5,True
0.002154636827052525,0.9304382790510655,0.0,0.8699248120300752,D024,target_threshold_calibration,"{""margin"": 0.0, ""max_threshold_drop"": 0.2, ""method"": ""target_threshold_calibration""}",True,False,5,True
0.0,0.9282836422240129,0.0,0.8661654135338346,D024,stage1_threshold_calibration,"{""margin"": 0.0, ""max_threshold_drop"": 0.2, ""method"": ""stage1_threshold_calibration""}",True,False,5,True
0.034163125100803104,0.962446767324816,0.006756756756756757,0.9345864661654135,D024,target_threshold_calibration,"{""margin"": 0.02, ""max_threshold_drop"": 0.2, ""method"": ""target_threshold_calibration""}",True,False,5,True
0.0,0.9282836422240129,0.0,0.8661654135338346,D024,stage1_threshold_calibration,"{""margin"": 0.02, ""max_threshold_drop"": 0.2, ""method"": ""stage1_threshold_calibration""}",True,False,5,True
0.036372523738338214,0.9646561659623512,0.011824324324324325,0.943984962406015,D024,target_threshold_calibration,"{""margin"": 0.05, ""max_threshold_drop"": 0.2, ""method"": ""target_threshold_calibration""}",True,False,5,True
0.0004316215697849346,0.9287152637937979,0.0,0.8669172932330828,D024,stage1_threshold_calibration,"{""margin"": 0.05, ""max_threshold_drop"": 0.2, ""method"": ""stage1_threshold_calibration""}",True,False,5,True
0.002154636827052525,0.9304382790510655,0.0,0.8699248120300752,D024,target_threshold_calibration,"{""margin"": 0.0, ""max_threshold_drop"": 0.3, ""method"": ""target_threshold_calibration""}",True,False,5,True
0.0,0.9282836422240129,0.0,0.8661654135338346,D024,stage1_threshold_calibration,"{""margin"": 0.0, ""max_threshold_drop"": 0.3, ""method"": ""stage1_threshold_calibration""}",True,False,5,True
0.034163125100803104,0.962446767324816,0.006756756756756757,0.9345864661654135,D024,target_threshold_calibration,"{""margin"": 0.02, ""max_threshold_drop"": 0.3, ""method"": ""target_threshold_calibration""}",True,False,5,True
0.0,0.9282836422240129,0.0,0.8661654135338346,D024,stage1_threshold_calibration,"{""margin"": 0.02, ""max_threshold_drop"": 0.3, ""method"": ""stage1_threshold_calibration""}",True,False,5,True
0.036372523738338214,0.9646561659623512,0.011824324324324325,0.943984962406015,D024,target_threshold_calibration,"{""margin"": 0.05, ""max_threshold_drop"": 0.3, ""method"": ""target_threshold_calibration""}",True,False,5,True
0.0004316215697849346,0.9287152637937979,0.0,0.8669172932330828,D024,stage1_threshold_calibration,"{""margin"": 0.05, ""max_threshold_drop"": 0.3, ""method"": ""stage1_threshold_calibration""}",True,False,5,True
0.036299287909526856,0.9645829301335398,0.005067567567567568,0.9368421052631579,D024,positive_bias,"{""bias"": 0.1, ""method"": ""positive_bias""}",True,False,5,True
0.038690244104712,0.9669738863287249,0.010135135135135136,0.9466165413533835,D024,positive_bias,"{""bias"": 0.25, ""method"": ""positive_bias""}",True,False,5,True
0.040669979853411364,0.9689536220774243,0.010135135135135136,0.9503759398496241,D024,positive_bias,"{""bias"": 0.5, ""method"": ""positive_bias""}",True,False,5,True
0.04230459307010481,0.9705882352941178,0.011824324324324325,0.9552631578947368,D024,positive_bias,"{""bias"": 1.0, ""method"": ""positive_bias""}",True,True,5,True
0.03835746207046564,0.9666411042944786,0.011824324324324325,0.9477443609022557,D024,target_prototype_fusion,"{""cosine_threshold"": 0.7, ""method"": ""target_prototype_fusion""}",True,False,5,True
0.03756440075373069,0.9658480429777436,0.011824324324324325,0.9462406015037594,D024,target_prototype_fusion,"{""cosine_threshold"": 0.75, ""method"": ""target_prototype_fusion""}",True,False,5,True
0.035377192230899634,0.9636608344549126,0.011824324324324325,0.9421052631578948,D024,target_prototype_fusion,"{""cosine_threshold"": 0.8, ""method"": ""target_prototype_fusion""}",True,False,5,True
0.03570634429630293,0.9639899865203159,0.010135135135135136,0.9409774436090226,D024,target_prototype_fusion,"{""cosine_threshold"": 0.85, ""method"": ""target_prototype_fusion""}",True,False,5,True
0.03616767153178313,0.9644513137557961,0.006756756756756757,0.9383458646616541,D024,target_prototype_fusion,"{""cosine_threshold"": 0.9, ""method"": ""target_prototype_fusion""}",True,False,5,True
0.0,0.9310470631156512,0.0,0.8709897610921502,D025,no_adaptation,"{""method"": ""no_adaptation""}",True,False,3,False
0.004466106729943631,0.9355131698455948,0.0,0.878839590443686,D025,target_threshold_calibration,"{""margin"": 0.0, ""max_threshold_drop"": 0.05, ""method"": ""target_threshold_calibration""}",True,False,3,True
0.0,0.9310470631156512,0.0,0.8709897610921502,D025,stage1_threshold_calibration,"{""margin"": 0.0, ""max_threshold_drop"": 0.05, ""method"": ""stage1_threshold_calibration""}",True,False,3,True
0.03495363790082262,0.9660007010164738,0.006837606837606838,0.9406143344709897,D025,target_threshold_calibration,"{""margin"": 0.02, ""max_threshold_drop"": 0.05, ""method"": ""target_threshold_calibration""}",True,False,3,True
0.0,0.9310470631156512,0.0,0.8709897610921502,D025,stage1_threshold_calibration,"{""margin"": 0.02, ""max_threshold_drop"": 0.05, ""method"": ""stage1_threshold_calibration""}",True,False,3,True
0.03693066051818106,0.9679777236338323,0.011965811965811967,0.9491467576791809,D025,target_threshold_calibration,"{""margin"": 0.05, ""max_threshold_drop"": 0.05, ""method"": ""target_threshold_calibration""}",True,False,3,True
0.0,0.9310470631156512,0.0,0.8709897610921502,D025,stage1_threshold_calibration,"{""margin"": 0.05, ""max_threshold_drop"": 0.05, ""method"": ""stage1_threshold_calibration""}",True,False,3,True
0.004466106729943631,0.9355131698455948,0.0,0.878839590443686,D025,target_threshold_calibration,"{""margin"": 0.0, ""max_threshold_drop"": 0.1, ""method"": ""target_threshold_calibration""}",True,False,3,True
0.0,0.9310470631156512,0.0,0.8709897610921502,D025,stage1_threshold_calibration,"{""margin"": 0.0, ""max_threshold_drop"": 0.1, ""method"": ""stage1_threshold_calibration""}",True,False,3,True
0.03495363790082262,0.9660007010164738,0.006837606837606838,0.9406143344709897,D025,target_threshold_calibration,"{""margin"": 0.02, ""max_threshold_drop"": 0.1, ""method"": ""target_threshold_calibration""}",True,False,3,True
0.0,0.9310470631156512,0.0,0.8709897610921502,D025,stage1_threshold_calibration,"{""margin"": 0.02, ""max_threshold_drop"": 0.1, ""method"": ""stage1_threshold_calibration""}",True,False,3,True
0.03693066051818106,0.9679777236338323,0.011965811965811967,0.9491467576791809,D025,target_threshold_calibration,"{""margin"": 0.05, ""max_threshold_drop"": 0.1, ""method"": ""target_threshold_calibration""}",True,False,3,True
0.0,0.9310470631156512,0.0,0.8709897610921502,D025,stage1_threshold_calibration,"{""margin"": 0.05, ""max_threshold_drop"": 0.1, ""method"": ""stage1_threshold_calibration""}",True,False,3,True
0.004852700821156519,0.9358997639368077,0.0,0.8795221843003413,D025,target_threshold_calibration,"{""margin"": 0.0, ""max_threshold_drop"": 0.2, ""method"": ""target_threshold_calibration""}",True,False,3,True
0.0,0.9310470631156512,0.0,0.8709897610921502,D025,stage1_threshold_calibration,"{""margin"": 0.0, ""max_threshold_drop"": 0.2, ""method"": ""stage1_threshold_calibration""}",True,False,3,True
0.03531593618357787,0.9663629992992291,0.006837606837606838,0.941296928327645,D025,target_threshold_calibration,"{""margin"": 0.02, ""max_threshold_drop"": 0.2, ""method"": ""target_threshold_calibration""}",True,False,3,True
0.0,0.9310470631156512,0.0,0.8709897610921502,D025,stage1_threshold_calibration,"{""margin"": 0.02, ""max_threshold_drop"": 0.2, ""method"": ""stage1_threshold_calibration""}",True,False,3,True
0.0372897496888025,0.9683368128044537,0.011965811965811967,0.9498293515358361,D025,target_threshold_calibration,"{""margin"": 0.05, ""max_threshold_drop"": 0.2, ""method"": ""target_threshold_calibration""}",True,False,3,True
0.0,0.9310470631156512,0.0,0.8709897610921502,D025,stage1_threshold_calibration,"{""margin"": 0.05, ""max_threshold_drop"": 0.2, ""method"": ""stage1_threshold_calibration""}",True,False,3,True
0.005239014212357507,0.9362860773280087,0.0,0.8802047781569966,D025,target_threshold_calibration,"{""margin"": 0.0, ""max_threshold_drop"": 0.3, ""method"": ""target_threshold_calibration""}",True,False,3,True
0.0,0.9310470631156512,0.0,0.8709897610921502,D025,stage1_threshold_calibration,"{""margin"": 0.0, ""max_threshold_drop"": 0.3, ""method"": ""stage1_threshold_calibration""}",True,False,3,True
0.03567798066718597,0.9667250437828372,0.006837606837606838,0.9419795221843004,D025,target_threshold_calibration,"{""margin"": 0.02, ""max_threshold_drop"": 0.3, ""method"": ""target_threshold_calibration""}",True,False,3,True
0.0,0.9310470631156512,0.0,0.8709897610921502,D025,stage1_threshold_calibration,"{""margin"": 0.02, ""max_threshold_drop"": 0.3, ""method"": ""stage1_threshold_calibration""}",True,False,3,True
0.03764858905826185,0.9686956521739131,0.011965811965811967,0.9505119453924915,D025,target_threshold_calibration,"{""margin"": 0.05, ""max_threshold_drop"": 0.3, ""method"": ""target_threshold_calibration""}",True,False,3,True
0.0,0.9310470631156512,0.0,0.8709897610921502,D025,stage1_threshold_calibration,"{""margin"": 0.05, ""max_threshold_drop"": 0.3, ""method"": ""stage1_threshold_calibration""}",True,False,3,True
0.035438285191069174,0.9664853483067204,0.005128205128205128,0.9399317406143345,D025,positive_bias,"{""bias"": 0.1, ""method"": ""positive_bias""}",True,False,3,True
0.03849166621420086,0.9695387293298521,0.010256410256410256,0.9505119453924915,D025,positive_bias,"{""bias"": 0.25, ""method"": ""positive_bias""}",True,False,3,True
0.0402822157722722,0.9713292788879234,0.010256410256410256,0.9539249146757679,D025,positive_bias,"{""bias"": 0.5, ""method"": ""positive_bias""}",True,False,3,True
0.04157940951082151,0.9726264726264727,0.011965811965811967,0.9580204778156997,D025,positive_bias,"{""bias"": 1.0, ""method"": ""positive_bias""}",True,True,3,True
0.03621173172935044,0.9672587948450017,0.011965811965811967,0.9477815699658703,D025,target_prototype_fusion,"{""cosine_threshold"": 0.7, ""method"": ""target_prototype_fusion""}",True,False,3,True
0.03513145850220101,0.9661785216178522,0.011965811965811967,0.9457337883959044,D025,target_prototype_fusion,"{""cosine_threshold"": 0.75, ""method"": ""target_prototype_fusion""}",True,False,3,True
0.03368757375585718,0.9647346368715084,0.011965811965811967,0.9430034129692833,D025,target_prototype_fusion,"{""cosine_threshold"": 0.8, ""method"": ""target_prototype_fusion""}",True,False,3,True
0.034349651319860675,0.9653967144355119,0.010256410256410256,0.9426621160409556,D025,target_prototype_fusion,"{""cosine_threshold"": 0.85, ""method"": ""target_prototype_fusion""}",True,False,3,True
0.034772393501351306,0.9658194566170025,0.006837606837606838,0.9402730375426621,D025,target_prototype_fusion,"{""cosine_threshold"": 0.9, ""method"": ""target_prototype_fusion""}",True,False,3,True
0.0,0.9342588811759902,0.0,0.8766283524904215,D025,no_adaptation,"{""method"": ""no_adaptation""}",True,False,5,False
0.0021714366724204792,0.9364303178484107,0.0,0.8804597701149425,D025,target_threshold_calibration,"{""margin"": 0.0, ""max_threshold_drop"": 0.05, ""method"": ""target_threshold_calibration""}",True,False,5,True
0.0,0.9342588811759902,0.0,0.8766283524904215,D025,stage1_threshold_calibration,"{""margin"": 0.0, ""max_threshold_drop"": 0.05, ""method"": ""stage1_threshold_calibration""}",True,False,5,True
0.034166300232128965,0.9684251814081192,0.006896551724137931,0.9459770114942528,D025,target_threshold_calibration,"{""margin"": 0.02, ""max_threshold_drop"": 0.05, ""method"": ""target_threshold_calibration""}",True,False,5,True
0.0,0.9342588811759902,0.0,0.8766283524904215,D025,stage1_threshold_calibration,"{""margin"": 0.02, ""max_threshold_drop"": 0.05, ""method"": ""stage1_threshold_calibration""}",True,False,5,True
0.036157623300459796,0.97041650447645,0.01206896551724138,0.9551724137931035,D025,target_threshold_calibration,"{""margin"": 0.05, ""max_threshold_drop"": 0.05, ""method"": ""target_threshold_calibration""}",True,False,5,True
0.0,0.9342588811759902,0.0,0.8766283524904215,D025,stage1_threshold_calibration,"{""margin"": 0.05, ""max_threshold_drop"": 0.05, ""method"": ""stage1_threshold_calibration""}",True,False,5,True
0.0021714366724204792,0.9364303178484107,0.0,0.8804597701149425,D025,target_threshold_calibration,"{""margin"": 0.0, ""max_threshold_drop"": 0.1, ""method"": ""target_threshold_calibration""}",True,False,5,True
0.0,0.9342588811759902,0.0,0.8766283524904215,D025,stage1_threshold_calibration,"{""margin"": 0.0, ""max_threshold_drop"": 0.1, ""method"": ""stage1_threshold_calibration""}",True,False,5,True
0.034166300232128965,0.9684251814081192,0.006896551724137931,0.9459770114942528,D025,target_threshold_calibration,"{""margin"": 0.02, ""max_threshold_drop"": 0.1, ""method"": ""target_threshold_calibration""}",True,False,5,True
0.0,0.9342588811759902,0.0,0.8766283524904215,D025,stage1_threshold_calibration,"{""margin"": 0.02, ""max_threshold_drop"": 0.1, ""method"": ""stage1_threshold_calibration""}",True,False,5,True
0.036157623300459796,0.97041650447645,0.01206896551724138,0.9551724137931035,D025,target_threshold_calibration,"{""margin"": 0.05, ""max_threshold_drop"": 0.1, ""method"": ""target_threshold_calibration""}",True,False,5,True
0.0,0.9342588811759902,0.0,0.8766283524904215,D025,stage1_threshold_calibration,"{""margin"": 0.05, ""max_threshold_drop"": 0.1, ""method"": ""stage1_threshold_calibration""}",True,False,5,True
0.0021714366724204792,0.9364303178484107,0.0,0.8804597701149425,D025,target_threshold_calibration,"{""margin"": 0.0, ""max_threshold_drop"": 0.2, ""method"": ""target_threshold_calibration""}",True,False,5,True
0.0,0.9342588811759902,0.0,0.8766283524904215,D025,stage1_threshold_calibration,"{""margin"": 0.0, ""max_threshold_drop"": 0.2, ""method"": ""stage1_threshold_calibration""}",True,False,5,True
0.034166300232128965,0.9684251814081192,0.006896551724137931,0.9459770114942528,D025,target_threshold_calibration,"{""margin"": 0.02, ""max_threshold_drop"": 0.2, ""method"": ""target_threshold_calibration""}",True,False,5,True
0.0,0.9342588811759902,0.0,0.8766283524904215,D025,stage1_threshold_calibration,"{""margin"": 0.02, ""max_threshold_drop"": 0.2, ""method"": ""stage1_threshold_calibration""}",True,False,5,True
0.036157623300459796,0.97041650447645,0.01206896551724138,0.9551724137931035,D025,target_threshold_calibration,"{""margin"": 0.05, ""max_threshold_drop"": 0.2, ""method"": ""target_threshold_calibration""}",True,False,5,True
0.0,0.9342588811759902,0.0,0.8766283524904215,D025,stage1_threshold_calibration,"{""margin"": 0.05, ""max_threshold_drop"": 0.2, ""method"": ""stage1_threshold_calibration""}",True,False,5,True
0.0021714366724204792,0.9364303178484107,0.0,0.8804597701149425,D025,target_threshold_calibration,"{""margin"": 0.0, ""max_threshold_drop"": 0.3, ""method"": ""target_threshold_calibration""}",True,False,5,True
0.0,0.9342588811759902,0.0,0.8766283524904215,D025,stage1_threshold_calibration,"{""margin"": 0.0, ""max_threshold_drop"": 0.3, ""method"": ""stage1_threshold_calibration""}",True,False,5,True
0.034166300232128965,0.9684251814081192,0.006896551724137931,0.9459770114942528,D025,target_threshold_calibration,"{""margin"": 0.02, ""max_threshold_drop"": 0.3, ""method"": ""target_threshold_calibration""}",True,False,5,True
0.0,0.9342588811759902,0.0,0.8766283524904215,D025,stage1_threshold_calibration,"{""margin"": 0.02, ""max_threshold_drop"": 0.3, ""method"": ""stage1_threshold_calibration""}",True,False,5,True
0.036157623300459796,0.97041650447645,0.01206896551724138,0.9551724137931035,D025,target_threshold_calibration,"{""margin"": 0.05, ""max_threshold_drop"": 0.3, ""method"": ""target_threshold_calibration""}",True,False,5,True
0.0,0.9342588811759902,0.0,0.8766283524904215,D025,stage1_threshold_calibration,"{""margin"": 0.05, ""max_threshold_drop"": 0.3, ""method"": ""stage1_threshold_calibration""}",True,False,5,True
0.03612746908876763,0.9703863502647578,0.005172413793103448,0.9478927203065134,D025,positive_bias,"{""bias"": 0.1, ""method"": ""positive_bias""}",True,False,5,True
0.038503764738406665,0.9727626459143969,0.010344827586206896,0.9578544061302682,D025,positive_bias,"{""bias"": 0.25, ""method"": ""positive_bias""}",True,False,5,True
0.04049840037740782,0.974757281553398,0.010344827586206896,0.9616858237547893,D025,positive_bias,"{""bias"": 0.5, ""method"": ""positive_bias""}",True,False,5,True
0.04134142866134527,0.9756003098373355,0.01206896551724138,0.9651340996168583,D025,positive_bias,"{""bias"": 1.0, ""method"": ""positive_bias""}",True,True,5,True
0.038157591240482125,0.9724164724164723,0.01206896551724138,0.9590038314176246,D025,target_prototype_fusion,"{""cosine_threshold"": 0.7, ""method"": ""target_prototype_fusion""}",True,False,5,True
0.037358537175487205,0.9716174183514774,0.01206896551724138,0.957471264367816,D025,target_prototype_fusion,"{""cosine_threshold"": 0.75, ""method"": ""target_prototype_fusion""}",True,False,5,True
0.03515471710961282,0.969413598285603,0.01206896551724138,0.9532567049808429,D025,target_prototype_fusion,"{""cosine_threshold"": 0.8, ""method"": ""target_prototype_fusion""}",True,False,5,True
0.035497216384985486,0.9697560975609757,0.010344827586206896,0.9521072796934866,D025,target_prototype_fusion,"{""cosine_threshold"": 0.85, ""method"": ""target_prototype_fusion""}",True,False,5,True
0.035983875284464006,0.9702427564604542,0.006896551724137931,0.9494252873563218,D025,target_prototype_fusion,"{""cosine_threshold"": 0.9, ""method"": ""target_prototype_fusion""}",True,False,5,True
0.0,0.9247699801551507,0.0,0.8600671140939598,D026,no_adaptation,"{""method"": ""no_adaptation""}",True,False,3,False
0.004443099255557192,0.9292130794107079,0.0,0.8677852348993289,D026,target_threshold_calibration,"{""margin"": 0.0, ""max_threshold_drop"": 0.05, ""method"": ""target_threshold_calibration""}",True,False,3,True
0.0,0.9247699801551507,0.0,0.8600671140939598,D026,stage1_threshold_calibration,"{""margin"": 0.0, ""max_threshold_drop"": 0.05, ""method"": ""stage1_threshold_calibration""}",True,False,3,True
0.03554885540194508,0.9603188355570957,0.006837606837606838,0.9298657718120805,D026,target_threshold_calibration,"{""margin"": 0.02, ""max_threshold_drop"": 0.05, ""method"": ""target_threshold_calibration""}",True,False,3,True
0.0,0.9247699801551507,0.0,0.8600671140939598,D026,stage1_threshold_calibration,"{""margin"": 0.02, ""max_threshold_drop"": 0.05, ""method"": ""stage1_threshold_calibration""}",True,False,3,True
0.03772141695427811,0.9624913971094288,0.011965811965811967,0.9385906040268457,D026,target_threshold_calibration,"{""margin"": 0.05, ""max_threshold_drop"": 0.05, ""method"": ""target_threshold_calibration""}",True,False,3,True
0.0003878196645067389,0.9251577998196574,0.0,0.860738255033557,D026,stage1_threshold_calibration,"{""margin"": 0.05, ""max_threshold_drop"": 0.05, ""method"": ""stage1_threshold_calibration""}",True,False,3,True
0.004443099255557192,0.9292130794107079,0.0,0.8677852348993289,D026,target_threshold_calibration,"{""margin"": 0.0, ""max_threshold_drop"": 0.1, ""method"": ""target_threshold_calibration""}",True,False,3,True
0.0,0.9247699801551507,0.0,0.8600671140939598,D026,stage1_threshold_calibration,"{""margin"": 0.0, ""max_threshold_drop"": 0.1, ""method"": ""stage1_threshold_calibration""}",True,False,3,True
0.03554885540194508,0.9603188355570957,0.006837606837606838,0.9298657718120805,D026,target_threshold_calibration,"{""margin"": 0.02, ""max_threshold_drop"": 0.1, ""method"": ""target_threshold_calibration""}",True,False,3,True
0.0,0.9247699801551507,0.0,0.8600671140939598,D026,stage1_threshold_calibration,"{""margin"": 0.02, ""max_threshold_drop"": 0.1, ""method"": ""stage1_threshold_calibration""}",True,False,3,True
0.03772141695427811,0.9624913971094288,0.011965811965811967,0.9385906040268457,D026,target_threshold_calibration,"{""margin"": 0.05, ""max_threshold_drop"": 0.1, ""method"": ""target_threshold_calibration""}",True,False,3,True
0.0003878196645067389,0.9251577998196574,0.0,0.860738255033557,D026,stage1_threshold_calibration,"{""margin"": 0.05, ""max_threshold_drop"": 0.1, ""method"": ""stage1_threshold_calibration""}",True,False,3,True
0.004827720994274642,0.9295977011494253,0.0,0.8684563758389262,D026,target_threshold_calibration,"{""margin"": 0.0, ""max_threshold_drop"": 0.2, ""method"": ""target_threshold_calibration""}",True,False,3,True
0.0,0.9247699801551507,0.0,0.8600671140939598,D026,stage1_threshold_calibration,"{""margin"": 0.0, ""max_threshold_drop"": 0.2, ""method"": ""stage1_threshold_calibration""}",True,False,3,True
0.035909042883131015,0.9606790230382817,0.006837606837606838,0.9305369127516778,D026,target_threshold_calibration,"{""margin"": 0.02, ""max_threshold_drop"": 0.2, ""method"": ""target_threshold_calibration""}",True,False,3,True
0.0,0.9247699801551507,0.0,0.8600671140939598,D026,stage1_threshold_calibration,"{""margin"": 0.02, ""max_threshold_drop"": 0.2, ""method"": ""stage1_threshold_calibration""}",True,False,3,True
0.038078317058471645,0.9628482972136223,0.011965811965811967,0.939261744966443,D026,target_threshold_calibration,"{""margin"": 0.05, ""max_threshold_drop"": 0.2, ""method"": ""target_threshold_calibration""}",True,False,3,True
0.0003878196645067389,0.9251577998196574,0.0,0.860738255033557,D026,stage1_threshold_calibration,"{""margin"": 0.05, ""max_threshold_drop"": 0.2, ""method"": ""stage1_threshold_calibration""}",True,False,3,True
0.005212066523484937,0.9299820466786356,0.0,0.8691275167785235,D026,target_threshold_calibration,"{""margin"": 0.0, ""max_threshold_drop"": 0.3, ""method"": ""target_threshold_calibration""}",True,False,3,True
0.0,0.9247699801551507,0.0,0.8600671140939598,D026,stage1_threshold_calibration,"{""margin"": 0.0, ""max_threshold_drop"": 0.3, ""method"": ""stage1_threshold_calibration""}",True,False,3,True
0.03626898088381025,0.9610389610389609,0.006837606837606838,0.9312080536912751,D026,target_threshold_calibration,"{""margin"": 0.02, ""max_threshold_drop"": 0.3, ""method"": ""target_threshold_calibration""}",True,False,3,True
0.0,0.9247699801551507,0.0,0.8600671140939598,D026,stage1_threshold_calibration,"{""margin"": 0.02, ""max_threshold_drop"": 0.3, ""method"": ""stage1_threshold_calibration""}",True,False,3,True
0.03843497170179566,0.9632049518569463,0.011965811965811967,0.9399328859060403,D026,target_threshold_calibration,"{""margin"": 0.05, ""max_threshold_drop"": 0.3, ""method"": ""target_threshold_calibration""}",True,False,3,True
0.0003878196645067389,0.9251577998196574,0.0,0.860738255033557,D026,stage1_threshold_calibration,"{""margin"": 0.05, ""max_threshold_drop"": 0.3, ""method"": ""stage1_threshold_calibration""}",True,False,3,True
0.03620139885612439,0.960971379011275,0.005128205128205128,0.9295302013422819,D026,positive_bias,"{""bias"": 0.1, ""method"": ""positive_bias""}",True,False,3,True
0.03926374897924956,0.9640337291344002,0.010256410256410256,0.9399328859060403,D026,positive_bias,"{""bias"": 0.25, ""method"": ""positive_bias""}",True,False,3,True
0.041043453962698484,0.9658134341178491,0.010256410256410256,0.9432885906040268,D026,positive_bias,"{""bias"": 0.5, ""method"": ""positive_bias""}",True,False,3,True
0.04304925983115526,0.9678192399863059,0.011965811965811967,0.9486577181208053,D026,positive_bias,"{""bias"": 1.0, ""method"": ""positive_bias""}",True,True,3,True
0.037006879348981614,0.9617768595041323,0.011965811965811967,0.937248322147651,D026,target_prototype_fusion,"{""cosine_threshold"": 0.7, ""method"": ""target_prototype_fusion""}",True,False,3,True
0.03593322563595591,0.9607032057911066,0.011965811965811967,0.9352348993288591,D026,target_prototype_fusion,"{""cosine_threshold"": 0.75, ""method"": ""target_prototype_fusion""}",True,False,3,True
0.03449822833639238,0.959268208491543,0.011965811965811967,0.9325503355704698,D026,target_prototype_fusion,"{""cosine_threshold"": 0.8, ""method"": ""target_prototype_fusion""}",True,False,3,True
0.03514708964443469,0.9599170697995854,0.010256410256410256,0.9322147651006711,D026,target_prototype_fusion,"{""cosine_threshold"": 0.85, ""method"": ""target_prototype_fusion""}",True,False,3,True
0.03554885540194508,0.9603188355570957,0.006837606837606838,0.9298657718120805,D026,target_prototype_fusion,"{""cosine_threshold"": 0.9, ""method"": ""target_prototype_fusion""}",True,False,3,True
0.0,0.927635557347309,0.0,0.8650375939849624,D026,no_adaptation,"{""method"": ""no_adaptation""}",True,False,5,False
0.002157240882423417,0.9297927982297324,0.0,0.868796992481203,D026,target_threshold_calibration,"{""margin"": 0.0, ""max_threshold_drop"": 0.05, ""method"": ""target_threshold_calibration""}",True,False,5,True
0.0,0.927635557347309,0.0,0.8650375939849624,D026,stage1_threshold_calibration,"{""margin"": 0.0, ""max_threshold_drop"": 0.05, ""method"": ""stage1_threshold_calibration""}",True,False,5,True
0.034811209977507085,0.962446767324816,0.006896551724137931,0.9345864661654135,D026,target_threshold_calibration,"{""margin"": 0.02, ""max_threshold_drop"": 0.05, ""method"": ""target_threshold_calibration""}",True,False,5,True
0.0,0.927635557347309,0.0,0.8650375939849624,D026,stage1_threshold_calibration,"{""margin"": 0.02, ""max_threshold_drop"": 0.05, ""method"": ""stage1_threshold_calibration""}",True,False,5,True
0.037020608615042194,0.9646561659623512,0.01206896551724138,0.943984962406015,D026,target_threshold_calibration,"{""margin"": 0.05, ""max_threshold_drop"": 0.05, ""method"": ""target_threshold_calibration""}",True,False,5,True
0.00043214363999721783,0.9280677009873062,0.0,0.8657894736842106,D026,stage1_threshold_calibration,"{""margin"": 0.05, ""max_threshold_drop"": 0.05, ""method"": ""stage1_threshold_calibration""}",True,False,5,True
0.002157240882423417,0.9297927982297324,0.0,0.868796992481203,D026,target_threshold_calibration,"{""margin"": 0.0, ""max_threshold_drop"": 0.1, ""method"": ""target_threshold_calibration""}",True,False,5,True
0.0,0.927635557347309,0.0,0.8650375939849624,D026,stage1_threshold_calibration,"{""margin"": 0.0, ""max_threshold_drop"": 0.1, ""method"": ""stage1_threshold_calibration""}",True,False,5,True
0.034811209977507085,0.962446767324816,0.006896551724137931,0.9345864661654135,D026,target_threshold_calibration,"{""margin"": 0.02, ""max_threshold_drop"": 0.1, ""method"": ""target_threshold_calibration""}",True,False,5,True
0.0,0.927635557347309,0.0,0.8650375939849624,D026,stage1_threshold_calibration,"{""margin"": 0.02, ""max_threshold_drop"": 0.1, ""method"": ""stage1_threshold_calibration""}",True,False,5,True
0.037020608615042194,0.9646561659623512,0.01206896551724138,0.943984962406015,D026,target_threshold_calibration,"{""margin"": 0.05, ""max_threshold_drop"": 0.1, ""method"": ""target_threshold_calibration""}",True,False,5,True
0.00043214363999721783,0.9280677009873062,0.0,0.8657894736842106,D026,stage1_threshold_calibration,"{""margin"": 0.05, ""max_threshold_drop"": 0.1, ""method"": ""stage1_threshold_calibration""}",True,False,5,True
0.002157240882423417,0.9297927982297324,0.0,0.868796992481203,D026,target_threshold_calibration,"{""margin"": 0.0, ""max_threshold_drop"": 0.2, ""method"": ""target_threshold_calibration""}",True,False,5,True
0.0,0.927635557347309,0.0,0.8650375939849624,D026,stage1_threshold_calibration,"{""margin"": 0.0, ""max_threshold_drop"": 0.2, ""method"": ""stage1_threshold_calibration""}",True,False,5,True
0.034811209977507085,0.962446767324816,0.006896551724137931,0.9345864661654135,D026,target_threshold_calibration,"{""margin"": 0.02, ""max_threshold_drop"": 0.2, ""method"": ""target_threshold_calibration""}",True,False,5,True
0.0,0.927635557347309,0.0,0.8650375939849624,D026,stage1_threshold_calibration,"{""margin"": 0.02, ""max_threshold_drop"": 0.2, ""method"": ""stage1_threshold_calibration""}",True,False,5,True
0.037020608615042194,0.9646561659623512,0.01206896551724138,0.943984962406015,D026,target_threshold_calibration,"{""margin"": 0.05, ""max_threshold_drop"": 0.2, ""method"": ""target_threshold_calibration""}",True,False,5,True
0.00043214363999721783,0.9280677009873062,0.0,0.8657894736842106,D026,stage1_threshold_calibration,"{""margin"": 0.05, ""max_threshold_drop"": 0.2, ""method"": ""stage1_threshold_calibration""}",True,False,5,True
0.002157240882423417,0.9297927982297324,0.0,0.868796992481203,D026,target_threshold_calibration,"{""margin"": 0.0, ""max_threshold_drop"": 0.3, ""method"": ""target_threshold_calibration""}",True,False,5,True
0.0,0.927635557347309,0.0,0.8650375939849624,D026,stage1_threshold_calibration,"{""margin"": 0.0, ""max_threshold_drop"": 0.3, ""method"": ""stage1_threshold_calibration""}",True,False,5,True
0.034811209977507085,0.962446767324816,0.006896551724137931,0.9345864661654135,D026,target_threshold_calibration,"{""margin"": 0.02, ""max_threshold_drop"": 0.3, ""method"": ""target_threshold_calibration""}",True,False,5,True
0.0,0.927635557347309,0.0,0.8650375939849624,D026,stage1_threshold_calibration,"{""margin"": 0.02, ""max_threshold_drop"": 0.3, ""method"": ""stage1_threshold_calibration""}",True,False,5,True
0.037020608615042194,0.9646561659623512,0.01206896551724138,0.943984962406015,D026,target_threshold_calibration,"{""margin"": 0.05, ""max_threshold_drop"": 0.3, ""method"": ""target_threshold_calibration""}",True,False,5,True
0.00043214363999721783,0.9280677009873062,0.0,0.8657894736842106,D026,stage1_threshold_calibration,"{""margin"": 0.05, ""max_threshold_drop"": 0.3, ""method"": ""stage1_threshold_calibration""}",True,False,5,True
0.03694737278623084,0.9645829301335398,0.005172413793103448,0.9368421052631579,D026,positive_bias,"{""bias"": 0.1, ""method"": ""positive_bias""}",True,False,5,True
0.03933832898141598,0.9669738863287249,0.010344827586206896,0.9466165413533835,D026,positive_bias,"{""bias"": 0.25, ""method"": ""positive_bias""}",True,False,5,True
0.041318064730115345,0.9689536220774243,0.010344827586206896,0.9503759398496241,D026,positive_bias,"{""bias"": 0.5, ""method"": ""positive_bias""}",True,False,5,True
0.04295267794680879,0.9705882352941178,0.01206896551724138,0.9552631578947368,D026,positive_bias,"{""bias"": 1.0, ""method"": ""positive_bias""}",True,True,5,True
0.03900554694716962,0.9666411042944786,0.01206896551724138,0.9477443609022557,D026,target_prototype_fusion,"{""cosine_threshold"": 0.7, ""method"": ""target_prototype_fusion""}",True,False,5,True
0.03821248563043467,0.9658480429777436,0.01206896551724138,0.9462406015037594,D026,target_prototype_fusion,"{""cosine_threshold"": 0.75, ""method"": ""target_prototype_fusion""}",True,False,5,True
0.036025277107603615,0.9636608344549126,0.01206896551724138,0.9421052631578948,D026,target_prototype_fusion,"{""cosine_threshold"": 0.8, ""method"": ""target_prototype_fusion""}",True,False,5,True
0.03635442917300691,0.9639899865203159,0.010344827586206896,0.9409774436090226,D026,target_prototype_fusion,"{""cosine_threshold"": 0.85, ""method"": ""target_prototype_fusion""}",True,False,5,True
0.03681575640848711,0.9644513137557961,0.006896551724137931,0.9383458646616541,D026,target_prototype_fusion,"{""cosine_threshold"": 0.9, ""method"": ""target_prototype_fusion""}",True,False,5,True
0.0,0.9277347269778339,0.0,0.8652100840336134,D027,no_adaptation,"{""method"": ""no_adaptation""}",True,False,3,False
0.004426077042266607,0.9321608040201005,0.0,0.8729411764705882,D027,target_threshold_calibration,"{""margin"": 0.0, ""max_threshold_drop"": 0.05, ""method"": ""target_threshold_calibration""}",True,False,3,True
0.0,0.9277347269778339,0.0,0.8652100840336134,D027,stage1_threshold_calibration,"{""margin"": 0.0, ""max_threshold_drop"": 0.05, ""method"": ""stage1_threshold_calibration""}",True,False,3,True
0.032515229626922215,0.9602499566047561,0.00686106346483705,0.9297478991596638,D027,target_threshold_calibration,"{""margin"": 0.02, ""max_threshold_drop"": 0.05, ""method"": ""target_threshold_calibration""}",True,False,3,True
0.0,0.9277347269778339,0.0,0.8652100840336134,D027,stage1_threshold_calibration,"{""margin"": 0.02, ""max_threshold_drop"": 0.05, ""method"": ""stage1_threshold_calibration""}",True,False,3,True
0.03469202241892588,0.9624267493967598,0.012006861063464836,0.9384873949579832,D027,target_threshold_calibration,"{""margin"": 0.05, ""max_threshold_drop"": 0.05, ""method"": ""target_threshold_calibration""}",True,False,3,True
0.0003863322907664557,0.9281210592686003,0.0,0.8658823529411764,D027,stage1_threshold_calibration,"{""margin"": 0.05, ""max_threshold_drop"": 0.05, ""method"": ""stage1_threshold_calibration""}",True,False,3,True
0.004426077042266607,0.9321608040201005,0.0,0.8729411764705882,D027,target_threshold_calibration,"{""margin"": 0.0, ""max_threshold_drop"": 0.1, ""method"": ""target_threshold_calibration""}",True,False,3,True
0.0,0.9277347269778339,0.0,0.8652100840336134,D027,stage1_threshold_calibration,"{""margin"": 0.0, ""max_threshold_drop"": 0.1, ""method"": ""stage1_threshold_calibration""}",True,False,3,True
0.032515229626922215,0.9602499566047561,0.00686106346483705,0.9297478991596638,D027,target_threshold_calibration,"{""margin"": 0.02, ""max_threshold_drop"": 0.1, ""method"": ""target_threshold_calibration""}",True,False,3,True
0.0,0.9277347269778339,0.0,0.8652100840336134,D027,stage1_threshold_calibration,"{""margin"": 0.02, ""max_threshold_drop"": 0.1, ""method"": ""stage1_threshold_calibration""}",True,False,3,True
0.03469202241892588,0.9624267493967598,0.012006861063464836,0.9384873949579832,D027,target_threshold_calibration,"{""margin"": 0.05, ""max_threshold_drop"": 0.1, ""method"": ""target_threshold_calibration""}",True,False,3,True
0.0003863322907664557,0.9281210592686003,0.0,0.8658823529411764,D027,stage1_threshold_calibration,"{""margin"": 0.05, ""max_threshold_drop"": 0.1, ""method"": ""stage1_threshold_calibration""}",True,False,3,True
0.004809227094645485,0.9325439540724794,0.0,0.8736134453781512,D027,target_threshold_calibration,"{""margin"": 0.0, ""max_threshold_drop"": 0.2, ""method"": ""target_threshold_calibration""}",True,False,3,True
0.0,0.9277347269778339,0.0,0.8652100840336134,D027,stage1_threshold_calibration,"{""margin"": 0.0, ""max_threshold_drop"": 0.2, ""method"": ""stage1_threshold_calibration""}",True,False,3,True
0.032876066011928384,0.9606107929897623,0.00686106346483705,0.9304201680672269,D027,target_threshold_calibration,"{""margin"": 0.02, ""max_threshold_drop"": 0.2, ""method"": ""target_threshold_calibration""}",True,False,3,True
0.0,0.9277347269778339,0.0,0.8652100840336134,D027,stage1_threshold_calibration,"{""margin"": 0.02, ""max_threshold_drop"": 0.2, ""method"": ""stage1_threshold_calibration""}",True,False,3,True
0.03504955972099455,0.9627842866988284,0.012006861063464836,0.9391596638655462,D027,target_threshold_calibration,"{""margin"": 0.05, ""max_threshold_drop"": 0.2, ""method"": ""target_threshold_calibration""}",True,False,3,True
0.0003863322907664557,0.9281210592686003,0.0,0.8658823529411764,D027,stage1_threshold_calibration,"{""margin"": 0.05, ""max_threshold_drop"": 0.2, ""method"": ""stage1_threshold_calibration""}",True,False,3,True
0.005192102290458855,0.9329268292682927,0.0,0.8742857142857143,D027,target_threshold_calibration,"{""margin"": 0.0, ""max_threshold_drop"": 0.3, ""method"": ""target_threshold_calibration""}",True,False,3,True
0.0,0.9277347269778339,0.0,0.8652100840336134,D027,stage1_threshold_calibration,"{""margin"": 0.0, ""max_threshold_drop"": 0.3, ""method"": ""stage1_threshold_calibration""}",True,False,3,True
0.03323665203344117,0.960971379011275,0.00686106346483705,0.9310924369747899,D027,target_threshold_calibration,"{""margin"": 0.02, ""max_threshold_drop"": 0.3, ""method"": ""target_threshold_calibration""}",True,False,3,True
0.0,0.9277347269778339,0.0,0.8652100840336134,D027,stage1_threshold_calibration,"{""margin"": 0.02, ""max_threshold_drop"": 0.3, ""method"": ""stage1_threshold_calibration""}",True,False,3,True
0.03540685070043004,0.9631415776782639,0.012006861063464836,0.9398319327731093,D027,target_threshold_calibration,"{""margin"": 0.05, ""max_threshold_drop"": 0.3, ""method"": ""target_threshold_calibration""}",True,False,3,True
0.0003863322907664557,0.9281210592686003,0.0,0.8658823529411764,D027,stage1_threshold_calibration,"{""margin"": 0.05, ""max_threshold_drop"": 0.3, ""method"": ""stage1_threshold_calibration""}",True,False,3,True
0.033168835142061925,0.9609035621198958,0.005145797598627788,0.9294117647058824,D027,positive_bias,"{""bias"": 0.1, ""method"": ""positive_bias""}",True,False,3,True
0.036237002034405386,0.9639717290122393,0.010291595197255575,0.9398319327731093,D027,positive_bias,"{""bias"": 0.25, ""method"": ""positive_bias""}",True,False,3,True
0.038019876360662175,0.965754603338496,0.010291595197255575,0.9431932773109244,D027,positive_bias,"{""bias"": 0.5, ""method"": ""positive_bias""}",True,False,3,True
0.04002933337881909,0.967764060356653,0.012006861063464836,0.9485714285714286,D027,positive_bias,"{""bias"": 1.0, ""method"": ""positive_bias""}",True,True,3,True
0.0339762078272714,0.9617109348051053,0.012006861063464836,0.9371428571428572,D027,target_prototype_fusion,"{""cosine_threshold"": 0.7, ""method"": ""target_prototype_fusion""}",True,False,3,True
0.03290063213818828,0.9606353591160222,0.012006861063464836,0.935126050420168,D027,target_prototype_fusion,"{""cosine_threshold"": 0.75, ""method"": ""target_prototype_fusion""}",True,False,3,True
0.03146306002078303,0.9591977869986169,0.012006861063464836,0.9324369747899159,D027,target_prototype_fusion,"{""cosine_threshold"": 0.8, ""method"": ""target_prototype_fusion""}",True,False,3,True
0.03211297118762135,0.9598476981654552,0.010291595197255575,0.9321008403361345,D027,target_prototype_fusion,"{""cosine_threshold"": 0.85, ""method"": ""target_prototype_fusion""}",True,False,3,True
0.032515229626922215,0.9602499566047561,0.00686106346483705,0.9297478991596638,D027,target_prototype_fusion,"{""cosine_threshold"": 0.9, ""method"": ""target_prototype_fusion""}",True,False,3,True
0.0,0.9305135951661632,0.0,0.8700564971751412,D027,no_adaptation,"{""method"": ""no_adaptation""}",True,False,5,False
0.0021497214167514045,0.9326633165829146,0.0,0.8738229755178908,D027,target_threshold_calibration,"{""margin"": 0.0, ""max_threshold_drop"": 0.05, ""method"": ""target_threshold_calibration""}",True,False,5,True
0.0,0.9305135951661632,0.0,0.8700564971751412,D027,stage1_threshold_calibration,"{""margin"": 0.0, ""max_threshold_drop"": 0.05, ""method"": ""stage1_threshold_calibration""}",True,False,5,True
0.031860338115450415,0.9623739332816136,0.006920415224913495,0.9344632768361582,D027,target_threshold_calibration,"{""margin"": 0.02, ""max_threshold_drop"": 0.05, ""method"": ""target_threshold_calibration""}",True,False,5,True
0.0,0.9305135951661632,0.0,0.8700564971751412,D027,stage1_threshold_calibration,"{""margin"": 0.02, ""max_threshold_drop"": 0.05, ""method"": ""stage1_threshold_calibration""}",True,False,5,True
0.03407454956054967,0.9645881447267128,0.012110726643598616,0.943879472693032,D027,target_threshold_calibration,"{""margin"": 0.05, ""max_threshold_drop"": 0.05, ""method"": ""target_threshold_calibration""}",True,False,5,True
0.0004306367645797726,0.9309442319307429,0.0,0.8708097928436912,D027,stage1_threshold_calibration,"{""margin"": 0.05, ""max_threshold_drop"": 0.05, ""method"": ""stage1_threshold_calibration""}",True,False,5,True
0.0021497214167514045,0.9326633165829146,0.0,0.8738229755178908,D027,target_threshold_calibration,"{""margin"": 0.0, ""max_threshold_drop"": 0.1, ""method"": ""target_threshold_calibration""}",True,False,5,True
0.0,0.9305135951661632,0.0,0.8700564971751412,D027,stage1_threshold_calibration,"{""margin"": 0.0, ""max_threshold_drop"": 0.1, ""method"": ""stage1_threshold_calibration""}",True,False,5,True
0.031860338115450415,0.9623739332816136,0.006920415224913495,0.9344632768361582,D027,target_threshold_calibration,"{""margin"": 0.02, ""max_threshold_drop"": 0.1, ""method"": ""target_threshold_calibration""}",True,False,5,True
0.0,0.9305135951661632,0.0,0.8700564971751412,D027,stage1_threshold_calibration,"{""margin"": 0.02, ""max_threshold_drop"": 0.1, ""method"": ""stage1_threshold_calibration""}",True,False,5,True
0.03407454956054967,0.9645881447267128,0.012110726643598616,0.943879472693032,D027,target_threshold_calibration,"{""margin"": 0.05, ""max_threshold_drop"": 0.1, ""method"": ""target_threshold_calibration""}",True,False,5,True
0.0004306367645797726,0.9309442319307429,0.0,0.8708097928436912,D027,stage1_threshold_calibration,"{""margin"": 0.05, ""max_threshold_drop"": 0.1, ""method"": ""stage1_threshold_calibration""}",True,False,5,True
0.0021497214167514045,0.9326633165829146,0.0,0.8738229755178908,D027,target_threshold_calibration,"{""margin"": 0.0, ""max_threshold_drop"": 0.2, ""method"": ""target_threshold_calibration""}",True,False,5,True
0.0,0.9305135951661632,0.0,0.8700564971751412,D027,stage1_threshold_calibration,"{""margin"": 0.0, ""max_threshold_drop"": 0.2, ""method"": ""stage1_threshold_calibration""}",True,False,5,True
0.031860338115450415,0.9623739332816136,0.006920415224913495,0.9344632768361582,D027,target_threshold_calibration,"{""margin"": 0.02, ""max_threshold_drop"": 0.2, ""method"": ""target_threshold_calibration""}",True,False,5,True
0.0,0.9305135951661632,0.0,0.8700564971751412,D027,stage1_threshold_calibration,"{""margin"": 0.02, ""max_threshold_drop"": 0.2, ""method"": ""stage1_threshold_calibration""}",True,False,5,True
0.03407454956054967,0.9645881447267128,0.012110726643598616,0.943879472693032,D027,target_threshold_calibration,"{""margin"": 0.05, ""max_threshold_drop"": 0.2, ""method"": ""target_threshold_calibration""}",True,False,5,True
0.0004306367645797726,0.9309442319307429,0.0,0.8708097928436912,D027,stage1_threshold_calibration,"{""margin"": 0.05, ""max_threshold_drop"": 0.2, ""method"": ""stage1_threshold_calibration""}",True,False,5,True
0.0021497214167514045,0.9326633165829146,0.0,0.8738229755178908,D027,target_threshold_calibration,"{""margin"": 0.0, ""max_threshold_drop"": 0.3, ""method"": ""target_threshold_calibration""}",True,False,5,True
0.0,0.9305135951661632,0.0,0.8700564971751412,D027,stage1_threshold_calibration,"{""margin"": 0.0, ""max_threshold_drop"": 0.3, ""method"": ""stage1_threshold_calibration""}",True,False,5,True
0.031860338115450415,0.9623739332816136,0.006920415224913495,0.9344632768361582,D027,target_threshold_calibration,"{""margin"": 0.02, ""max_threshold_drop"": 0.3, ""method"": ""target_threshold_calibration""}",True,False,5,True
0.0,0.9305135951661632,0.0,0.8700564971751412,D027,stage1_threshold_calibration,"{""margin"": 0.02, ""max_threshold_drop"": 0.3, ""method"": ""stage1_threshold_calibration""}",True,False,5,True
0.03407454956054967,0.9645881447267128,0.012110726643598616,0.943879472693032,D027,target_threshold_calibration,"{""margin"": 0.05, ""max_threshold_drop"": 0.3, ""method"": ""target_threshold_calibration""}",True,False,5,True
0.0004306367645797726,0.9309442319307429,0.0,0.8708097928436912,D027,stage1_threshold_calibration,"{""margin"": 0.05, ""max_threshold_drop"": 0.3, ""method"": ""stage1_threshold_calibration""}",True,False,5,True
0.034000657306204496,0.9645142524723677,0.005190311418685121,0.9367231638418079,D027,positive_bias,"{""bias"": 0.1, ""method"": ""positive_bias""}",True,False,5,True
0.03639675496850403,0.9669103501346672,0.010380622837370242,0.9465160075329567,D027,positive_bias,"{""bias"": 0.25, ""method"": ""positive_bias""}",True,False,5,True
0.03838041405042669,0.9688940092165899,0.010380622837370242,0.9502824858757062,D027,positive_bias,"{""bias"": 0.5, ""method"": ""positive_bias""}",True,False,5,True
0.04001836044041929,0.9705319556065825,0.012110726643598616,0.9551789077212806,D027,positive_bias,"{""bias"": 1.0, ""method"": ""positive_bias""}",True,True,5,True
0.036063431341712304,0.9665770265078755,0.012110726643598616,0.9476459510357815,D027,target_prototype_fusion,"{""cosine_threshold"": 0.7, ""method"": ""target_prototype_fusion""}",True,False,5,True
0.03526879622176471,0.9657823913879279,0.012110726643598616,0.9461393596986817,D027,target_prototype_fusion,"{""cosine_threshold"": 0.75, ""method"": ""target_prototype_fusion""}",True,False,5,True
0.03307723511701932,0.9635908302831825,0.012110726643598616,0.9419962335216573,D027,target_prototype_fusion,"{""cosine_threshold"": 0.8, ""method"": ""target_prototype_fusion""}",True,False,5,True
0.03340691419135178,0.9639205093575149,0.010380622837370242,0.9408662900188324,D027,target_prototype_fusion,"{""cosine_threshold"": 0.85, ""method"": ""target_prototype_fusion""}",True,False,5,True
0.03386890580170365,0.9643825009678668,0.006920415224913495,0.9382297551789077,D027,target_prototype_fusion,"{""cosine_threshold"": 0.9, ""method"": ""target_prototype_fusion""}",True,False,5,True
0.0,0.9242231510085408,0.0,0.8591216216216216,D028,no_adaptation,"{""method"": ""no_adaptation""}",True,False,3,False
0.004477536649801661,0.9287006876583425,0.0,0.8668918918918919,D028,target_threshold_calibration,"{""margin"": 0.0, ""max_threshold_drop"": 0.05, ""method"": ""target_threshold_calibration""}",True,False,3,True
0.0,0.9242231510085408,0.0,0.8591216216216216,D028,stage1_threshold_calibration,"{""margin"": 0.0, ""max_threshold_drop"": 0.05, ""method"": ""stage1_threshold_calibration""}",True,False,3,True
0.03581872649974749,0.9600418775082883,0.006837606837606838,0.9293918918918919,D028,target_threshold_calibration,"{""margin"": 0.02, ""max_threshold_drop"": 0.05, ""method"": ""target_threshold_calibration""}",True,False,3,True
0.0,0.9242231510085408,0.0,0.8591216216216216,D028,stage1_threshold_calibration,"{""margin"": 0.02, ""max_threshold_drop"": 0.05, ""method"": ""stage1_threshold_calibration""}",True,False,3,True
0.038008311222921476,0.9622314622314623,0.011965811965811967,0.9381756756756757,D028,target_threshold_calibration,"{""margin"": 0.05, ""max_threshold_drop"": 0.05, ""method"": ""target_threshold_calibration""}",True,False,3,True
0.00039083627574609814,0.9246139872842869,0.0,0.8597972972972973,D028,stage1_threshold_calibration,"{""margin"": 0.05, ""max_threshold_drop"": 0.05, ""method"": ""stage1_threshold_calibration""}",True,False,3,True
0.004477536649801661,0.9287006876583425,0.0,0.8668918918918919,D028,target_threshold_calibration,"{""margin"": 0.0, ""max_threshold_drop"": 0.1, ""method"": ""target_threshold_calibration""}",True,False,3,True
0.0,0.9242231510085408,0.0,0.8591216216216216,D028,stage1_threshold_calibration,"{""margin"": 0.0, ""max_threshold_drop"": 0.1, ""method"": ""stage1_threshold_calibration""}",True,False,3,True
0.03581872649974749,0.9600418775082883,0.006837606837606838,0.9293918918918919,D028,target_threshold_calibration,"{""margin"": 0.02, ""max_threshold_drop"": 0.1, ""method"": ""target_threshold_calibration""}",True,False,3,True
0.0,0.9242231510085408,0.0,0.8591216216216216,D028,stage1_threshold_calibration,"{""margin"": 0.02, ""max_threshold_drop"": 0.1, ""method"": ""stage1_threshold_calibration""}",True,False,3,True
0.038008311222921476,0.9622314622314623,0.011965811965811967,0.9381756756756757,D028,target_threshold_calibration,"{""margin"": 0.05, ""max_threshold_drop"": 0.1, ""method"": ""target_threshold_calibration""}",True,False,3,True
0.00039083627574609814,0.9246139872842869,0.0,0.8597972972972973,D028,stage1_threshold_calibration,"{""margin"": 0.05, ""max_threshold_drop"": 0.1, ""method"": ""stage1_threshold_calibration""}",True,False,3,True
0.0048651268496358036,0.9290882778581766,0.0,0.8675675675675676,D028,target_threshold_calibration,"{""margin"": 0.0, ""max_threshold_drop"": 0.2, ""method"": ""target_threshold_calibration""}",True,False,3,True
0.0,0.9242231510085408,0.0,0.8591216216216216,D028,stage1_threshold_calibration,"{""margin"": 0.0, ""max_threshold_drop"": 0.2, ""method"": ""stage1_threshold_calibration""}",True,False,3,True
0.03618152368184835,0.9604046746903891,0.006837606837606838,0.9300675675675676,D028,target_threshold_calibration,"{""margin"": 0.02, ""max_threshold_drop"": 0.2, ""method"": ""target_threshold_calibration""}",True,False,3,True
0.0,0.9242231510085408,0.0,0.8591216216216216,D028,stage1_threshold_calibration,"{""margin"": 0.02, ""max_threshold_drop"": 0.2, ""method"": ""stage1_threshold_calibration""}",True,False,3,True
0.038367773826928464,0.9625909248354693,0.011965811965811967,0.9388513513513513,D028,target_threshold_calibration,"{""margin"": 0.05, ""max_threshold_drop"": 0.2, ""method"": ""target_threshold_calibration""}",True,False,3,True
0.00039083627574609814,0.9246139872842869,0.0,0.8597972972972973,D028,stage1_threshold_calibration,"{""margin"": 0.05, ""max_threshold_drop"": 0.2, ""method"": ""stage1_threshold_calibration""}",True,False,3,True
0.005252436694894946,0.9294755877034357,0.0,0.8682432432432432,D028,target_threshold_calibration,"{""margin"": 0.0, ""max_threshold_drop"": 0.3, ""method"": ""target_threshold_calibration""}",True,False,3,True
0.0,0.9242231510085408,0.0,0.8591216216216216,D028,stage1_threshold_calibration,"{""margin"": 0.0, ""max_threshold_drop"": 0.3, ""method"": ""stage1_threshold_calibration""}",True,False,3,True
0.03654406782319419,0.960767218831735,0.006837606837606838,0.9307432432432432,D028,target_threshold_calibration,"{""margin"": 0.02, ""max_threshold_drop"": 0.3, ""method"": ""target_threshold_calibration""}",True,False,3,True
0.0,0.9242231510085408,0.0,0.8591216216216216,D028,stage1_threshold_calibration,"{""margin"": 0.02, ""max_threshold_drop"": 0.3, ""method"": ""stage1_threshold_calibration""}",True,False,3,True
0.03872698749561432,0.9629501385041551,0.011965811965811967,0.9395270270270271,D028,target_threshold_calibration,"{""margin"": 0.05, ""max_threshold_drop"": 0.3, ""method"": ""target_threshold_calibration""}",True,False,3,True
0.00039083627574609814,0.9246139872842869,0.0,0.8597972972972973,D028,stage1_threshold_calibration,"{""margin"": 0.05, ""max_threshold_drop"": 0.3, ""method"": ""stage1_threshold_calibration""}",True,False,3,True
0.036475538947790986,0.9606986899563318,0.005128205128205128,0.9290540540540541,D028,positive_bias,"{""bias"": 0.1, ""method"": ""positive_bias""}",True,False,3,True
0.03956128843003137,0.9637844394385722,0.010256410256410256,0.9395270270270271,D028,positive_bias,"{""bias"": 0.25, ""method"": ""positive_bias""}",True,False,3,True
0.04135373880291049,0.9655768898114513,0.010256410256410256,0.9429054054054054,D028,positive_bias,"{""bias"": 0.5, ""method"": ""positive_bias""}",True,False,3,True
0.04337422920517853,0.9675973802137193,0.011965811965811967,0.9483108108108108,D028,positive_bias,"{""bias"": 1.0, ""method"": ""positive_bias""}",True,True,3,True
0.03728863817315131,0.9615117891816921,0.011965811965811967,0.9368243243243243,D028,target_prototype_fusion,"{""cosine_threshold"": 0.7, ""method"": ""target_prototype_fusion""}",True,False,3,True
0.03620725510044909,0.9604304061089899,0.011965811965811967,0.9347972972972973,D028,target_prototype_fusion,"{""cosine_threshold"": 0.75, ""method"": ""target_prototype_fusion""}",True,False,3,True
0.034761902867024075,0.9589850538755649,0.011965811965811967,0.9320945945945946,D028,target_prototype_fusion,"{""cosine_threshold"": 0.8, ""method"": ""target_prototype_fusion""}",True,False,3,True
0.03541498399493859,0.9596381350034794,0.010256410256410256,0.9317567567567567,D028,target_prototype_fusion,"{""cosine_threshold"": 0.85, ""method"": ""target_prototype_fusion""}",True,False,3,True
0.03581872649974749,0.9600418775082883,0.006837606837606838,0.9293918918918919,D028,target_prototype_fusion,"{""cosine_threshold"": 0.9, ""method"": ""target_prototype_fusion""}",True,False,3,True
0.0,0.9270473480999797,0.0,0.8640151515151515,D028,no_adaptation,"{""method"": ""no_adaptation""}",True,False,5,False
0.002175933181707612,0.9292232812816873,0.0,0.8678030303030303,D028,target_threshold_calibration,"{""margin"": 0.0, ""max_threshold_drop"": 0.05, ""method"": ""target_threshold_calibration""}",True,False,5,True
0.0,0.9270473480999797,0.0,0.8640151515151515,D028,stage1_threshold_calibration,"{""margin"": 0.0, ""max_threshold_drop"": 0.05, ""method"": ""stage1_threshold_calibration""}",True,False,5,True
0.035106378002244254,0.9621537261022239,0.006896551724137931,0.9340909090909091,D028,target_threshold_calibration,"{""margin"": 0.02, ""max_threshold_drop"": 0.05, ""method"": ""target_threshold_calibration""}",True,False,5,True
0.0,0.9270473480999797,0.0,0.8640151515151515,D028,stage1_threshold_calibration,"{""margin"": 0.02, ""max_threshold_drop"": 0.05, ""method"": ""stage1_threshold_calibration""}",True,False,5,True
0.037335152867887245,0.9643825009678669,0.01206896551724138,0.9435606060606061,D028,target_threshold_calibration,"{""margin"": 0.05, ""max_threshold_drop"": 0.05, ""method"": ""target_threshold_calibration""}",True,False,5,True
0.00043589382567543744,0.9274832419256551,0.0,0.8647727272727272,D028,stage1_threshold_calibration,"{""margin"": 0.05, ""max_threshold_drop"": 0.05, ""method"": ""stage1_threshold_calibration""}",True,False,5,True
0.002175933181707612,0.9292232812816873,0.0,0.8678030303030303,D028,target_threshold_calibration,"{""margin"": 0.0, ""max_threshold_drop"": 0.1, ""method"": ""target_threshold_calibration""}",True,False,5,True
0.0,0.9270473480999797,0.0,0.8640151515151515,D028,stage1_threshold_calibration,"{""margin"": 0.0, ""max_threshold_drop"": 0.1, ""method"": ""stage1_threshold_calibration""}",True,False,5,True
0.035106378002244254,0.9621537261022239,0.006896551724137931,0.9340909090909091,D028,target_threshold_calibration,"{""margin"": 0.02, ""max_threshold_drop"": 0.1, ""method"": ""target_threshold_calibration""}",True,False,5,True
0.0,0.9270473480999797,0.0,0.8640151515151515,D028,stage1_threshold_calibration,"{""margin"": 0.02, ""max_threshold_drop"": 0.1, ""method"": ""stage1_threshold_calibration""}",True,False,5,True
0.037335152867887245,0.9643825009678669,0.01206896551724138,0.9435606060606061,D028,target_threshold_calibration,"{""margin"": 0.05, ""max_threshold_drop"": 0.1, ""method"": ""target_threshold_calibration""}",True,False,5,True
0.00043589382567543744,0.9274832419256551,0.0,0.8647727272727272,D028,stage1_threshold_calibration,"{""margin"": 0.05, ""max_threshold_drop"": 0.1, ""method"": ""stage1_threshold_calibration""}",True,False,5,True
0.002175933181707612,0.9292232812816873,0.0,0.8678030303030303,D028,target_threshold_calibration,"{""margin"": 0.0, ""max_threshold_drop"": 0.2, ""method"": ""target_threshold_calibration""}",True,False,5,True
0.0,0.9270473480999797,0.0,0.8640151515151515,D028,stage1_threshold_calibration,"{""margin"": 0.0, ""max_threshold_drop"": 0.2, ""method"": ""stage1_threshold_calibration""}",True,False,5,True
0.035106378002244254,0.9621537261022239,0.006896551724137931,0.9340909090909091,D028,target_threshold_calibration,"{""margin"": 0.02, ""max_threshold_drop"": 0.2, ""method"": ""target_threshold_calibration""}",True,False,5,True
0.0,0.9270473480999797,0.0,0.8640151515151515,D028,stage1_threshold_calibration,"{""margin"": 0.02, ""max_threshold_drop"": 0.2, ""method"": ""stage1_threshold_calibration""}",True,False,5,True
0.037335152867887245,0.9643825009678669,0.01206896551724138,0.9435606060606061,D028,target_threshold_calibration,"{""margin"": 0.05, ""max_threshold_drop"": 0.2, ""method"": ""target_threshold_calibration""}",True,False,5,True
0.00043589382567543744,0.9274832419256551,0.0,0.8647727272727272,D028,stage1_threshold_calibration,"{""margin"": 0.05, ""max_threshold_drop"": 0.2, ""method"": ""stage1_threshold_calibration""}",True,False,5,True
0.002175933181707612,0.9292232812816873,0.0,0.8678030303030303,D028,target_threshold_calibration,"{""margin"": 0.0, ""max_threshold_drop"": 0.3, ""method"": ""target_threshold_calibration""}",True,False,5,True
0.0,0.9270473480999797,0.0,0.8640151515151515,D028,stage1_threshold_calibration,"{""margin"": 0.0, ""max_threshold_drop"": 0.3, ""method"": ""stage1_threshold_calibration""}",True,False,5,True
0.035106378002244254,0.9621537261022239,0.006896551724137931,0.9340909090909091,D028,target_threshold_calibration,"{""margin"": 0.02, ""max_threshold_drop"": 0.3, ""method"": ""target_threshold_calibration""}",True,False,5,True
0.0,0.9270473480999797,0.0,0.8640151515151515,D028,stage1_threshold_calibration,"{""margin"": 0.02, ""max_threshold_drop"": 0.3, ""method"": ""stage1_threshold_calibration""}",True,False,5,True
0.037335152867887245,0.9643825009678669,0.01206896551724138,0.9435606060606061,D028,target_threshold_calibration,"{""margin"": 0.05, ""max_threshold_drop"": 0.3, ""method"": ""target_threshold_calibration""}",True,False,5,True
0.00043589382567543744,0.9274832419256551,0.0,0.8647727272727272,D028,stage1_threshold_calibration,"{""margin"": 0.05, ""max_threshold_drop"": 0.3, ""method"": ""stage1_threshold_calibration""}",True,False,5,True
0.03725926395385293,0.9643066120538326,0.005172413793103448,0.9363636363636364,D028,positive_bias,"{""bias"": 0.1, ""method"": ""positive_bias""}",True,False,5,True
0.039670918153890344,0.96671826625387,0.010344827586206896,0.9462121212121212,D028,positive_bias,"{""bias"": 0.25, ""method"": ""positive_bias""}",True,False,5,True
0.04166644100778383,0.9687137891077635,0.010344827586206896,0.95,D028,positive_bias,"{""bias"": 0.5, ""method"": ""positive_bias""}",True,False,5,True
0.04331446868216049,0.9703618167821402,0.01206896551724138,0.9549242424242425,D028,positive_bias,"{""bias"": 1.0, ""method"": ""positive_bias""}",True,True,5,True
0.039335959473436155,0.9663833075734158,0.01206896551724138,0.9473484848484849,D028,target_prototype_fusion,"{""cosine_threshold"": 0.7, ""method"": ""target_prototype_fusion""}",True,False,5,True
0.03853656527975735,0.965583913379737,0.01206896551724138,0.9458333333333333,D028,target_prototype_fusion,"{""cosine_threshold"": 0.75, ""method"": ""target_prototype_fusion""}",True,False,5,True
0.036331841979462265,0.963379190079442,0.01206896551724138,0.9416666666666667,D028,target_prototype_fusion,"{""cosine_threshold"": 0.8, ""method"": ""target_prototype_fusion""}",True,False,5,True
0.036663111826276795,0.9637104599262565,0.010344827586206896,0.940530303030303,D028,target_prototype_fusion,"{""cosine_threshold"": 0.85, ""method"": ""target_prototype_fusion""}",True,False,5,True
0.0371271067286808,0.9641744548286605,0.006896551724137931,0.9378787878787879,D028,target_prototype_fusion,"{""cosine_threshold"": 0.9, ""method"": ""target_prototype_fusion""}",True,False,5,True
0.0,0.922245012120082,0.0,0.8557093425605536,D029,no_adaptation,"{""method"": ""no_adaptation""}",True,False,3,False
0.004602369981663301,0.9268473821017453,0.0,0.8636678200692042,D029,target_threshold_calibration,"{""margin"": 0.0, ""max_threshold_drop"": 0.05, ""method"": ""target_threshold_calibration""}",True,False,3,True
0.0,0.922245012120082,0.0,0.8557093425605536,D029,stage1_threshold_calibration,"{""margin"": 0.0, ""max_threshold_drop"": 0.05, ""method"": ""stage1_threshold_calibration""}",True,False,3,True
0.03679630428127734,0.9590413164013594,0.007017543859649123,0.927681660899654,D029,target_threshold_calibration,"{""margin"": 0.02, ""max_threshold_drop"": 0.05, ""method"": ""target_threshold_calibration""}",True,False,3,True
0.0,0.922245012120082,0.0,0.8557093425605536,D029,stage1_threshold_calibration,"{""margin"": 0.02, ""max_threshold_drop"": 0.05, ""method"": ""stage1_threshold_calibration""}",True,False,3,True
0.039047601516281616,0.9612926136363636,0.012280701754385965,0.9366782006920416,D029,target_threshold_calibration,"{""margin"": 0.05, ""max_threshold_drop"": 0.05, ""method"": ""target_threshold_calibration""}",True,False,3,True
0.0004017725956683149,0.9226467847157503,0.0,0.856401384083045,D029,stage1_threshold_calibration,"{""margin"": 0.05, ""max_threshold_drop"": 0.05, ""method"": ""stage1_threshold_calibration""}",True,False,3,True
0.004602369981663301,0.9268473821017453,0.0,0.8636678200692042,D029,target_threshold_calibration,"{""margin"": 0.0, ""max_threshold_drop"": 0.1, ""method"": ""target_threshold_calibration""}",True,False,3,True
0.0,0.922245012120082,0.0,0.8557093425605536,D029,stage1_threshold_calibration,"{""margin"": 0.0, ""max_threshold_drop"": 0.1, ""method"": ""stage1_threshold_calibration""}",True,False,3,True
0.03679630428127734,0.9590413164013594,0.007017543859649123,0.927681660899654,D029,target_threshold_calibration,"{""margin"": 0.02, ""max_threshold_drop"": 0.1, ""method"": ""target_threshold_calibration""}",True,False,3,True
0.0,0.922245012120082,0.0,0.8557093425605536,D029,stage1_threshold_calibration,"{""margin"": 0.02, ""max_threshold_drop"": 0.1, ""method"": ""stage1_threshold_calibration""}",True,False,3,True
0.039047601516281616,0.9612926136363636,0.012280701754385965,0.9366782006920416,D029,target_threshold_calibration,"{""margin"": 0.05, ""max_threshold_drop"": 0.1, ""method"": ""target_threshold_calibration""}",True,False,3,True
0.0004017725956683149,0.9226467847157503,0.0,0.856401384083045,D029,stage1_threshold_calibration,"{""margin"": 0.05, ""max_threshold_drop"": 0.1, ""method"": ""stage1_threshold_calibration""}",True,False,3,True
0.005000719134557907,0.9272457312546399,0.0,0.8643598615916955,D029,target_threshold_calibration,"{""margin"": 0.0, ""max_threshold_drop"": 0.2, ""method"": ""target_threshold_calibration""}",True,False,3,True
0.0,0.922245012120082,0.0,0.8557093425605536,D029,stage1_threshold_calibration,"{""margin"": 0.0, ""max_threshold_drop"": 0.2, ""method"": ""stage1_threshold_calibration""}",True,False,3,True
0.03716854053502272,0.9594135526551048,0.007017543859649123,0.9283737024221453,D029,target_threshold_calibration,"{""margin"": 0.02, ""max_threshold_drop"": 0.2, ""method"": ""target_threshold_calibration""}",True,False,3,True
0.0,0.922245012120082,0.0,0.8557093425605536,D029,stage1_threshold_calibration,"{""margin"": 0.02, ""max_threshold_drop"": 0.2, ""method"": ""stage1_threshold_calibration""}",True,False,3,True
0.03941632973295306,0.9616613418530351,0.012280701754385965,0.9373702422145329,D029,target_threshold_calibration,"{""margin"": 0.05, ""max_threshold_drop"": 0.2, ""method"": ""target_threshold_calibration""}",True,False,3,True
0.0004017725956683149,0.9226467847157503,0.0,0.856401384083045,D029,stage1_threshold_calibration,"{""margin"": 0.05, ""max_threshold_drop"": 0.2, ""method"": ""stage1_threshold_calibration""}",True,False,3,True
0.00539877266655997,0.927643784786642,0.0,0.8650519031141869,D029,target_threshold_calibration,"{""margin"": 0.0, ""max_threshold_drop"": 0.3, ""method"": ""target_threshold_calibration""}",True,False,3,True
0.0,0.922245012120082,0.0,0.8557093425605536,D029,stage1_threshold_calibration,"{""margin"": 0.0, ""max_threshold_drop"": 0.3, ""method"": ""stage1_threshold_calibration""}",True,False,3,True
0.037540510668121696,0.9597855227882037,0.007017543859649123,0.9290657439446367,D029,target_threshold_calibration,"{""margin"": 0.02, ""max_threshold_drop"": 0.3, ""method"": ""target_threshold_calibration""}",True,False,3,True
0.0,0.922245012120082,0.0,0.8557093425605536,D029,stage1_threshold_calibration,"{""margin"": 0.02, ""max_threshold_drop"": 0.3, ""method"": ""stage1_threshold_calibration""}",True,False,3,True
0.03978479625465181,0.9620298083747338,0.012280701754385965,0.9380622837370243,D029,target_threshold_calibration,"{""margin"": 0.05, ""max_threshold_drop"": 0.3, ""method"": ""target_threshold_calibration""}",True,False,3,True
0.0004017725956683149,0.9226467847157503,0.0,0.856401384083045,D029,stage1_threshold_calibration,"{""margin"": 0.05, ""max_threshold_drop"": 0.3, ""method"": ""stage1_threshold_calibration""}",True,False,3,True
0.037468506232648524,0.9597135183527306,0.005263157894736842,0.9273356401384083,D029,positive_bias,"{""bias"": 0.1, ""method"": ""positive_bias""}",True,False,3,True
0.04063902268723463,0.9628840348073167,0.010526315789473684,0.9380622837370243,D029,positive_bias,"{""bias"": 0.25, ""method"": ""positive_bias""}",True,False,3,True
0.04247755480067672,0.9647225669207588,0.010526315789473684,0.941522491349481,D029,positive_bias,"{""bias"": 0.5, ""method"": ""positive_bias""}",True,False,3,True
0.0445511729735244,0.9667961850936064,0.012280701754385965,0.9470588235294117,D029,positive_bias,"{""bias"": 1.0, ""method"": ""positive_bias""}",True,True,3,True
0.038309358882050226,0.9605543710021323,0.012280701754385965,0.9352941176470588,D029,target_prototype_fusion,"{""cosine_threshold"": 0.7, ""method"": ""target_prototype_fusion""}",True,False,3,True
0.037200025233173006,0.959445037353255,0.012280701754385965,0.9332179930795848,D029,target_prototype_fusion,"{""cosine_threshold"": 0.75, ""method"": ""target_prototype_fusion""}",True,False,3,True
0.035717225143900855,0.9579622372639829,0.012280701754385965,0.9304498269896194,D029,target_prototype_fusion,"{""cosine_threshold"": 0.8, ""method"": ""target_prototype_fusion""}",True,False,3,True
0.036385515697321735,0.9586305278174038,0.010526315789473684,0.9301038062283737,D029,target_prototype_fusion,"{""cosine_threshold"": 0.85, ""method"": ""target_prototype_fusion""}",True,False,3,True
0.03679630428127734,0.9590413164013594,0.007017543859649123,0.927681660899654,D029,target_prototype_fusion,"{""cosine_threshold"": 0.9, ""method"": ""target_prototype_fusion""}",True,False,3,True
0.0,0.924911106463083,0.0,0.8603112840466927,D029,no_adaptation,"{""method"": ""no_adaptation""}",True,False,5,False
0.0022439759831703876,0.9271550824462534,0.0,0.8642023346303502,D029,target_threshold_calibration,"{""margin"": 0.0, ""max_threshold_drop"": 0.05, ""method"": ""target_threshold_calibration""}",True,False,5,True
0.0,0.924911106463083,0.0,0.8603112840466927,D029,stage1_threshold_calibration,"{""margin"": 0.0, ""max_threshold_drop"": 0.05, ""method"": ""stage1_threshold_calibration""}",True,False,5,True
0.03617994849078787,0.9610910549538709,0.007079646017699115,0.932295719844358,D029,target_threshold_calibration,"{""margin"": 0.02, ""max_threshold_drop"": 0.05, ""method"": ""target_threshold_calibration""}",True,False,5,True
0.0,0.924911106463083,0.0,0.8603112840466927,D029,stage1_threshold_calibration,"{""margin"": 0.02, ""max_threshold_drop"": 0.05, ""method"": ""stage1_threshold_calibration""}",True,False,5,True
0.03847926361252385,0.9633903700756069,0.012389380530973451,0.9420233463035019,D029,target_threshold_calibration,"{""margin"": 0.05, ""max_threshold_drop"": 0.05, ""method"": ""target_threshold_calibration""}",True,False,5,True
0.00044954584718248647,0.9253606523102655,0.0,0.8610894941634242,D029,stage1_threshold_calibration,"{""margin"": 0.05, ""max_threshold_drop"": 0.05, ""method"": ""stage1_threshold_calibration""}",True,False,5,True
0.0022439759831703876,0.9271550824462534,0.0,0.8642023346303502,D029,target_threshold_calibration,"{""margin"": 0.0, ""max_threshold_drop"": 0.1, ""method"": ""target_threshold_calibration""}",True,False,5,True
0.0,0.924911106463083,0.0,0.8603112840466927,D029,stage1_threshold_calibration,"{""margin"": 0.0, ""max_threshold_drop"": 0.1, ""method"": ""stage1_threshold_calibration""}",True,False,5,True
0.03617994849078787,0.9610910549538709,0.007079646017699115,0.932295719844358,D029,target_threshold_calibration,"{""margin"": 0.02, ""max_threshold_drop"": 0.1, ""method"": ""target_threshold_calibration""}",True,False,5,True
0.0,0.924911106463083,0.0,0.8603112840466927,D029,stage1_threshold_calibration,"{""margin"": 0.02, ""max_threshold_drop"": 0.1, ""method"": ""stage1_threshold_calibration""}",True,False,5,True
0.03847926361252385,0.9633903700756069,0.012389380530973451,0.9420233463035019,D029,target_threshold_calibration,"{""margin"": 0.05, ""max_threshold_drop"": 0.1, ""method"": ""target_threshold_calibration""}",True,False,5,True
0.00044954584718248647,0.9253606523102655,0.0,0.8610894941634242,D029,stage1_threshold_calibration,"{""margin"": 0.05, ""max_threshold_drop"": 0.1, ""method"": ""stage1_threshold_calibration""}",True,False,5,True
0.0022439759831703876,0.9271550824462534,0.0,0.8642023346303502,D029,target_threshold_calibration,"{""margin"": 0.0, ""max_threshold_drop"": 0.2, ""method"": ""target_threshold_calibration""}",True,False,5,True
0.0,0.924911106463083,0.0,0.8603112840466927,D029,stage1_threshold_calibration,"{""margin"": 0.0, ""max_threshold_drop"": 0.2, ""method"": ""stage1_threshold_calibration""}",True,False,5,True
0.03617994849078787,0.9610910549538709,0.007079646017699115,0.932295719844358,D029,target_threshold_calibration,"{""margin"": 0.02, ""max_threshold_drop"": 0.2, ""method"": ""target_threshold_calibration""}",True,False,5,True
0.0,0.924911106463083,0.0,0.8603112840466927,D029,stage1_threshold_calibration,"{""margin"": 0.02, ""max_threshold_drop"": 0.2, ""method"": ""stage1_threshold_calibration""}",True,False,5,True
0.03847926361252385,0.9633903700756069,0.012389380530973451,0.9420233463035019,D029,target_threshold_calibration,"{""margin"": 0.05, ""max_threshold_drop"": 0.2, ""method"": ""target_threshold_calibration""}",True,False,5,True
0.00044954584718248647,0.9253606523102655,0.0,0.8610894941634242,D029,stage1_threshold_calibration,"{""margin"": 0.05, ""max_threshold_drop"": 0.2, ""method"": ""stage1_threshold_calibration""}",True,False,5,True
0.0022439759831703876,0.9271550824462534,0.0,0.8642023346303502,D029,target_threshold_calibration,"{""margin"": 0.0, ""max_threshold_drop"": 0.3, ""method"": ""target_threshold_calibration""}",True,False,5,True
0.0,0.924911106463083,0.0,0.8603112840466927,D029,stage1_threshold_calibration,"{""margin"": 0.0, ""max_threshold_drop"": 0.3, ""method"": ""stage1_threshold_calibration""}",True,False,5,True
0.03617994849078787,0.9610910549538709,0.007079646017699115,0.932295719844358,D029,target_threshold_calibration,"{""margin"": 0.02, ""max_threshold_drop"": 0.3, ""method"": ""target_threshold_calibration""}",True,False,5,True
0.0,0.924911106463083,0.0,0.8603112840466927,D029,stage1_threshold_calibration,"{""margin"": 0.02, ""max_threshold_drop"": 0.3, ""method"": ""stage1_threshold_calibration""}",True,False,5,True
0.03847926361252385,0.9633903700756069,0.012389380530973451,0.9420233463035019,D029,target_threshold_calibration,"{""margin"": 0.05, ""max_threshold_drop"": 0.3, ""method"": ""target_threshold_calibration""}",True,False,5,True
0.00044954584718248647,0.9253606523102655,0.0,0.8610894941634242,D029,stage1_threshold_calibration,"{""margin"": 0.05, ""max_threshold_drop"": 0.3, ""method"": ""stage1_threshold_calibration""}",True,False,5,True
0.038393485475958444,0.9633045919390415,0.005309734513274336,0.9346303501945525,D029,positive_bias,"{""bias"": 0.1, ""method"": ""positive_bias""}",True,False,5,True
0.04088046076046503,0.9657915672235481,0.010619469026548672,0.9447470817120622,D029,positive_bias,"{""bias"": 0.25, ""method"": ""positive_bias""}",True,False,5,True
0.042933276228461215,0.9678443826915443,0.010619469026548672,0.9486381322957198,D029,positive_bias,"{""bias"": 0.5, ""method"": ""positive_bias""}",True,False,5,True
0.04463003277742328,0.9695411392405063,0.012389380530973451,0.9536964980544748,D029,positive_bias,"{""bias"": 1.0, ""method"": ""positive_bias""}",True,True,5,True
0.0405376624010948,0.9654487688641779,0.012389380530973451,0.9459143968871595,D029,target_prototype_fusion,"{""cosine_threshold"": 0.7, ""method"": ""target_prototype_fusion""}",True,False,5,True
0.039715284633896286,0.9646263910969793,0.012389380530973451,0.9443579766536965,D029,target_prototype_fusion,"{""cosine_threshold"": 0.75, ""method"": ""target_prototype_fusion""}",True,False,5,True
0.03744698953373038,0.9623580959968134,0.012389380530973451,0.9400778210116731,D029,target_prototype_fusion,"{""cosine_threshold"": 0.8, ""method"": ""target_prototype_fusion""}",True,False,5,True
0.03778588136855465,0.9626969878316377,0.010619469026548672,0.9389105058365759,D029,target_prototype_fusion,"{""cosine_threshold"": 0.85, ""method"": ""target_prototype_fusion""}",True,False,5,True
0.038259429966060354,0.9631705364291434,0.007079646017699115,0.9361867704280156,D029,target_prototype_fusion,"{""cosine_threshold"": 0.9, ""method"": ""target_prototype_fusion""}",True,False,5,True
0.0,0.9270462633451957,0.0,0.8640132669983416,D030,no_adaptation,"{""method"": ""no_adaptation""}",True,False,3,False
0.00437319439005146,0.9314194577352471,0.0,0.8716417910447761,D030,target_threshold_calibration,"{""margin"": 0.0, ""max_threshold_drop"": 0.05, ""method"": ""target_threshold_calibration""}",True,False,3,True
0.0,0.9270462633451957,0.0,0.8640132669983416,D030,stage1_threshold_calibration,"{""margin"": 0.0, ""max_threshold_drop"": 0.05, ""method"": ""stage1_threshold_calibration""}",True,False,3,True
0.03445929696275973,0.9615055603079554,0.006688963210702341,0.9320066334991708,D030,target_threshold_calibration,"{""margin"": 0.02, ""max_threshold_drop"": 0.05, ""method"": ""target_threshold_calibration""}",True,False,3,True
0.0,0.9270462633451957,0.0,0.8640132669983416,D030,stage1_threshold_calibration,"{""margin"": 0.02, ""max_threshold_drop"": 0.05, ""method"": ""stage1_threshold_calibration""}",True,False,3,True
0.03659627827899725,0.9636425416241929,0.011705685618729096,0.9406301824212272,D030,target_threshold_calibration,"{""margin"": 0.05, ""max_threshold_drop"": 0.05, ""method"": ""target_threshold_calibration""}",True,False,3,True
0.0003816982343133324,0.927427961579509,0.0,0.8646766169154229,D030,stage1_threshold_calibration,"{""margin"": 0.05, ""max_threshold_drop"": 0.05, ""method"": ""stage1_threshold_calibration""}",True,False,3,True
0.00437319439005146,0.9314194577352471,0.0,0.8716417910447761,D030,target_threshold_calibration,"{""margin"": 0.0, ""max_threshold_drop"": 0.1, ""method"": ""target_threshold_calibration""}",True,False,3,True
0.0,0.9270462633451957,0.0,0.8640132669983416,D030,stage1_threshold_calibration,"{""margin"": 0.0, ""max_threshold_drop"": 0.1, ""method"": ""stage1_threshold_calibration""}",True,False,3,True
0.03445929696275973,0.9615055603079554,0.006688963210702341,0.9320066334991708,D030,target_threshold_calibration,"{""margin"": 0.02, ""max_threshold_drop"": 0.1, ""method"": ""target_threshold_calibration""}",True,False,3,True
0.0,0.9270462633451957,0.0,0.8640132669983416,D030,stage1_threshold_calibration,"{""margin"": 0.02, ""max_threshold_drop"": 0.1, ""method"": ""stage1_threshold_calibration""}",True,False,3,True
0.03659627827899725,0.9636425416241929,0.011705685618729096,0.9406301824212272,D030,target_threshold_calibration,"{""margin"": 0.05, ""max_threshold_drop"": 0.1, ""method"": ""target_threshold_calibration""}",True,False,3,True
0.0003816982343133324,0.927427961579509,0.0,0.8646766169154229,D030,stage1_threshold_calibration,"{""margin"": 0.05, ""max_threshold_drop"": 0.1, ""method"": ""stage1_threshold_calibration""}",True,False,3,True
0.00475178802770071,0.9317980513728964,0.0,0.8723051409618574,D030,target_threshold_calibration,"{""margin"": 0.0, ""max_threshold_drop"": 0.2, ""method"": ""target_threshold_calibration""}",True,False,3,True
0.0,0.9270462633451957,0.0,0.8640132669983416,D030,stage1_threshold_calibration,"{""margin"": 0.0, ""max_threshold_drop"": 0.2, ""method"": ""stage1_threshold_calibration""}",True,False,3,True
0.034814519962483415,0.9618607833076791,0.006688963210702341,0.9326699834162521,D030,target_threshold_calibration,"{""margin"": 0.02, ""max_threshold_drop"": 0.2, ""method"": ""target_threshold_calibration""}",True,False,3,True
0.0,0.9270462633451957,0.0,0.8640132669983416,D030,stage1_threshold_calibration,"{""margin"": 0.02, ""max_threshold_drop"": 0.2, ""method"": ""stage1_threshold_calibration""}",True,False,3,True
0.036948301872195666,0.9639945652173914,0.011705685618729096,0.9412935323383085,D030,target_threshold_calibration,"{""margin"": 0.05, ""max_threshold_drop"": 0.2, ""method"": ""target_threshold_calibration""}",True,False,3,True
0.0003816982343133324,0.927427961579509,0.0,0.8646766169154229,D030,stage1_threshold_calibration,"{""margin"": 0.05, ""max_threshold_drop"": 0.2, ""method"": ""stage1_threshold_calibration""}",True,False,3,True
0.00513011349206316,0.9321763768372588,0.0,0.8729684908789387,D030,target_threshold_calibration,"{""margin"": 0.0, ""max_threshold_drop"": 0.3, ""method"": ""target_threshold_calibration""}",True,False,3,True
0.0,0.9270462633451957,0.0,0.8640132669983416,D030,stage1_threshold_calibration,"{""margin"": 0.0, ""max_threshold_drop"": 0.3, ""method"": ""stage1_threshold_calibration""}",True,False,3,True
0.03516950003315966,0.9622157633783553,0.006688963210702341,0.9333333333333333,D030,target_threshold_calibration,"{""margin"": 0.02, ""max_threshold_drop"": 0.3, ""method"": ""target_threshold_calibration""}",True,False,3,True
0.0,0.9270462633451957,0.0,0.8640132669983416,D030,stage1_threshold_calibration,"{""margin"": 0.02, ""max_threshold_drop"": 0.3, ""method"": ""stage1_threshold_calibration""}",True,False,3,True
0.03730008640013538,0.9643463497453311,0.011705685618729096,0.9419568822553898,D030,target_threshold_calibration,"{""margin"": 0.05, ""max_threshold_drop"": 0.3, ""method"": ""target_threshold_calibration""}",True,False,3,True
0.0003816982343133324,0.927427961579509,0.0,0.8646766169154229,D030,stage1_threshold_calibration,"{""margin"": 0.05, ""max_threshold_drop"": 0.3, ""method"": ""stage1_threshold_calibration""}",True,False,3,True
0.03510478991734933,0.962151053262545,0.005016722408026756,0.9316749585406302,D030,positive_bias,"{""bias"": 0.1, ""method"": ""positive_bias""}",True,False,3,True
0.03811941210085357,0.9651656754460493,0.010033444816053512,0.9419568822553898,D030,positive_bias,"{""bias"": 0.25, ""method"": ""positive_bias""}",True,False,3,True
0.03987485624767961,0.9669211195928753,0.010033444816053512,0.945273631840796,D030,positive_bias,"{""bias"": 0.5, ""method"": ""positive_bias""}",True,False,3,True
0.041851640643986165,0.9688979039891819,0.011705685618729096,0.9505804311774461,D030,positive_bias,"{""bias"": 1.0, ""method"": ""positive_bias""}",True,True,3,True
0.035891512921380375,0.9629377762665761,0.011705685618729096,0.9393034825870646,D030,target_prototype_fusion,"{""cosine_threshold"": 0.7, ""method"": ""target_prototype_fusion""}",True,False,3,True
0.03483256579027061,0.9618788291354663,0.011705685618729096,0.9373134328358209,D030,target_prototype_fusion,"{""cosine_threshold"": 0.75, ""method"": ""target_prototype_fusion""}",True,False,3,True
0.03341726767048259,0.9604635310156783,0.011705685618729096,0.9346600331674959,D030,target_prototype_fusion,"{""cosine_threshold"": 0.8, ""method"": ""target_prototype_fusion""}",True,False,3,True
0.03405916142450749,0.9611054247697032,0.010033444816053512,0.9343283582089552,D030,target_prototype_fusion,"{""cosine_threshold"": 0.85, ""method"": ""target_prototype_fusion""}",True,False,3,True
0.034636938844335496,0.9616832021895312,0.006688963210702341,0.9323383084577115,D030,target_prototype_fusion,"{""cosine_threshold"": 0.9, ""method"": ""target_prototype_fusion""}",True,False,3,True
0.0,0.9297239153818573,0.0,0.8686767169179229,D031,no_adaptation,"{""method"": ""no_adaptation""}",True,False,3,False
0.0022975515233305543,0.9320214669051878,0.0,0.8726968174204355,D031,target_threshold_calibration,"{""margin"": 0.0, ""max_threshold_drop"": 0.05, ""method"": ""target_threshold_calibration""}",True,False,3,True
0.0,0.9297239153818573,0.0,0.8686767169179229,D031,stage1_threshold_calibration,"{""margin"": 0.0, ""max_threshold_drop"": 0.05, ""method"": ""stage1_threshold_calibration""}",True,False,3,True
0.03192086692636675,0.961644782308224,0.006837606837606838,0.9323283082077052,D031,target_threshold_calibration,"{""margin"": 0.02, ""max_threshold_drop"": 0.05, ""method"": ""target_threshold_calibration""}",True,False,3,True
0.0,0.9297239153818573,0.0,0.8686767169179229,D031,stage1_threshold_calibration,"{""margin"": 0.02, ""max_threshold_drop"": 0.05, ""method"": ""stage1_threshold_calibration""}",True,False,3,True
0.03407776586707034,0.9638016812489276,0.011965811965811967,0.9410385259631491,D031,target_threshold_calibration,"{""margin"": 0.05, ""max_threshold_drop"": 0.05, ""method"": ""target_threshold_calibration""}",True,False,3,True
0.0003836114998631013,0.9301075268817204,0.0,0.8693467336683417,D031,stage1_threshold_calibration,"{""margin"": 0.05, ""max_threshold_drop"": 0.05, ""method"": ""stage1_threshold_calibration""}",True,False,3,True
0.0022975515233305543,0.9320214669051878,0.0,0.8726968174204355,D031,target_threshold_calibration,"{""margin"": 0.0, ""max_threshold_drop"": 0.1, ""method"": ""target_threshold_calibration""}",True,False,3,True
0.0,0.9297239153818573,0.0,0.8686767169179229,D031,stage1_threshold_calibration,"{""margin"": 0.0, ""max_threshold_drop"": 0.1, ""method"": ""stage1_threshold_calibration""}",True,False,3,True
0.03192086692636675,0.961644782308224,0.006837606837606838,0.9323283082077052,D031,target_threshold_calibration,"{""margin"": 0.02, ""max_threshold_drop"": 0.1, ""method"": ""target_threshold_calibration""}",True,False,3,True
0.0,0.9297239153818573,0.0,0.8686767169179229,D031,stage1_threshold_calibration,"{""margin"": 0.02, ""max_threshold_drop"": 0.1, ""method"": ""stage1_threshold_calibration""}",True,False,3,True
0.03407776586707034,0.9638016812489276,0.011965811965811967,0.9410385259631491,D031,target_threshold_calibration,"{""margin"": 0.05, ""max_threshold_drop"": 0.1, ""method"": ""target_threshold_calibration""}",True,False,3,True
0.0003836114998631013,0.9301075268817204,0.0,0.8693467336683417,D031,stage1_threshold_calibration,"{""margin"": 0.05, ""max_threshold_drop"": 0.1, ""method"": ""stage1_threshold_calibration""}",True,False,3,True
0.002679518094537592,0.9324034334763949,0.0,0.8733668341708543,D031,target_threshold_calibration,"{""margin"": 0.0, ""max_threshold_drop"": 0.2, ""method"": ""target_threshold_calibration""}",True,False,3,True
0.0,0.9297239153818573,0.0,0.8686767169179229,D031,stage1_threshold_calibration,"{""margin"": 0.0, ""max_threshold_drop"": 0.2, ""method"": ""stage1_threshold_calibration""}",True,False,3,True
0.03227953884957624,0.9620034542314335,0.006837606837606838,0.932998324958124,D031,target_threshold_calibration,"{""margin"": 0.02, ""max_threshold_drop"": 0.2, ""method"": ""target_threshold_calibration""}",True,False,3,True
0.0,0.9297239153818573,0.0,0.8686767169179229,D031,stage1_threshold_calibration,"{""margin"": 0.02, ""max_threshold_drop"": 0.2, ""method"": ""stage1_threshold_calibration""}",True,False,3,True
0.03443317602613449,0.9641570914079918,0.011965811965811967,0.9417085427135679,D031,target_threshold_calibration,"{""margin"": 0.05, ""max_threshold_drop"": 0.2, ""method"": ""target_threshold_calibration""}",True,False,3,True
0.0003836114998631013,0.9301075268817204,0.0,0.8693467336683417,D031,stage1_threshold_calibration,"{""margin"": 0.05, ""max_threshold_drop"": 0.2, ""method"": ""stage1_threshold_calibration""}",True,False,3,True
0.002679518094537592,0.9324034334763949,0.0,0.8733668341708543,D031,target_threshold_calibration,"{""margin"": 0.0, ""max_threshold_drop"": 0.3, ""method"": ""target_threshold_calibration""}",True,False,3,True
0.0,0.9297239153818573,0.0,0.8686767169179229,D031,stage1_threshold_calibration,"{""margin"": 0.0, ""max_threshold_drop"": 0.3, ""method"": ""stage1_threshold_calibration""}",True,False,3,True
0.03227953884957624,0.9620034542314335,0.006837606837606838,0.932998324958124,D031,target_threshold_calibration,"{""margin"": 0.02, ""max_threshold_drop"": 0.3, ""method"": ""target_threshold_calibration""}",True,False,3,True
0.0,0.9297239153818573,0.0,0.8686767169179229,D031,stage1_threshold_calibration,"{""margin"": 0.02, ""max_threshold_drop"": 0.3, ""method"": ""stage1_threshold_calibration""}",True,False,3,True
0.03443317602613449,0.9641570914079918,0.011965811965811967,0.9417085427135679,D031,target_threshold_calibration,"{""margin"": 0.05, ""max_threshold_drop"": 0.3, ""method"": ""target_threshold_calibration""}",True,False,3,True
0.0003836114998631013,0.9301075268817204,0.0,0.8693467336683417,D031,stage1_threshold_calibration,"{""margin"": 0.05, ""max_threshold_drop"": 0.3, ""method"": ""stage1_threshold_calibration""}",True,False,3,True
0.032572867738170364,0.9622967831200276,0.005128205128205128,0.9319932998324958,D031,positive_bias,"{""bias"": 0.1, ""method"": ""positive_bias""}",True,False,3,True
0.03561582380825956,0.9653397391901168,0.010256410256410256,0.9423785594639866,D031,positive_bias,"{""bias"": 0.25, ""method"": ""positive_bias""}",True,False,3,True
0.03738810928412417,0.9671120246659815,0.010256410256410256,0.9457286432160804,D031,positive_bias,"{""bias"": 0.5, ""method"": ""positive_bias""}",True,False,3,True
0.039383440822273186,0.9691073562041305,0.011965811965811967,0.9510887772194305,D031,positive_bias,"{""bias"": 1.0, ""method"": ""positive_bias""}",True,True,3,True
0.035320635680514134,0.9650445510623714,0.011965811965811967,0.9433835845896147,D031,target_prototype_fusion,"{""cosine_threshold"": 0.7, ""method"": ""target_prototype_fusion""}",True,False,3,True
0.034255501427748136,0.9639794168096054,0.011965811965811967,0.9413735343383585,D031,target_prototype_fusion,"{""cosine_threshold"": 0.75, ""method"": ""target_prototype_fusion""}",True,False,3,True
0.032831907359468615,0.9625558227413259,0.011965811965811967,0.9386934673366835,D031,target_prototype_fusion,"{""cosine_threshold"": 0.8, ""method"": ""target_prototype_fusion""}",True,False,3,True
0.033481036475089154,0.9632049518569464,0.010256410256410256,0.9383584589614741,D031,target_prototype_fusion,"{""cosine_threshold"": 0.85, ""method"": ""target_prototype_fusion""}",True,False,3,True
0.03389050089681134,0.9636144162786686,0.006837606837606838,0.9360134003350083,D031,target_prototype_fusion,"{""cosine_threshold"": 0.9, ""method"": ""target_prototype_fusion""}",True,False,3,True
0.0,0.9316496291842052,0.0,0.8720450281425891,D031,no_adaptation,"{""method"": ""no_adaptation""}",True,False,5,False
0.0006420374824614994,0.9322916666666667,0.0,0.8731707317073171,D031,target_threshold_calibration,"{""margin"": 0.0, ""max_threshold_drop"": 0.05, ""method"": ""target_threshold_calibration""}",True,False,5,True
0.0,0.9316496291842052,0.0,0.8720450281425891,D031,stage1_threshold_calibration,"{""margin"": 0.0, ""max_threshold_drop"": 0.05, ""method"": ""stage1_threshold_calibration""}",True,False,5,True
0.03167083413625815,0.9633204633204634,0.006896551724137931,0.9362101313320825,D031,target_threshold_calibration,"{""margin"": 0.02, ""max_threshold_drop"": 0.05, ""method"": ""target_threshold_calibration""}",True,False,5,True
0.0,0.9316496291842052,0.0,0.8720450281425891,D031,stage1_threshold_calibration,"{""margin"": 0.02, ""max_threshold_drop"": 0.05, ""method"": ""stage1_threshold_calibration""}",True,False,5,True
0.033867612195105146,0.9655172413793104,0.01206896551724138,0.9455909943714822,D031,target_threshold_calibration,"{""margin"": 0.05, ""max_threshold_drop"": 0.05, ""method"": ""target_threshold_calibration""}",True,False,5,True
0.000428110747672239,0.9320777399318775,0.0,0.8727954971857411,D031,stage1_threshold_calibration,"{""margin"": 0.05, ""max_threshold_drop"": 0.05, ""method"": ""stage1_threshold_calibration""}",True,False,5,True
0.0006420374824614994,0.9322916666666667,0.0,0.8731707317073171,D031,target_threshold_calibration,"{""margin"": 0.0, ""max_threshold_drop"": 0.1, ""method"": ""target_threshold_calibration""}",True,False,5,True
0.0,0.9316496291842052,0.0,0.8720450281425891,D031,stage1_threshold_calibration,"{""margin"": 0.0, ""max_threshold_drop"": 0.1, ""method"": ""stage1_threshold_calibration""}",True,False,5,True
0.03167083413625815,0.9633204633204634,0.006896551724137931,0.9362101313320825,D031,target_threshold_calibration,"{""margin"": 0.02, ""max_threshold_drop"": 0.1, ""method"": ""target_threshold_calibration""}",True,False,5,True
0.0,0.9316496291842052,0.0,0.8720450281425891,D031,stage1_threshold_calibration,"{""margin"": 0.02, ""max_threshold_drop"": 0.1, ""method"": ""stage1_threshold_calibration""}",True,False,5,True
0.033867612195105146,0.9655172413793104,0.01206896551724138,0.9455909943714822,D031,target_threshold_calibration,"{""margin"": 0.05, ""max_threshold_drop"": 0.1, ""method"": ""target_threshold_calibration""}",True,False,5,True
0.000428110747672239,0.9320777399318775,0.0,0.8727954971857411,D031,stage1_threshold_calibration,"{""margin"": 0.05, ""max_threshold_drop"": 0.1, ""method"": ""stage1_threshold_calibration""}",True,False,5,True
0.0006420374824614994,0.9322916666666667,0.0,0.8731707317073171,D031,target_threshold_calibration,"{""margin"": 0.0, ""max_threshold_drop"": 0.2, ""method"": ""target_threshold_calibration""}",True,False,5,True
0.0,0.9316496291842052,0.0,0.8720450281425891,D031,stage1_threshold_calibration,"{""margin"": 0.0, ""max_threshold_drop"": 0.2, ""method"": ""stage1_threshold_calibration""}",True,False,5,True
0.03167083413625815,0.9633204633204634,0.006896551724137931,0.9362101313320825,D031,target_threshold_calibration,"{""margin"": 0.02, ""max_threshold_drop"": 0.2, ""method"": ""target_threshold_calibration""}",True,False,5,True
0.0,0.9316496291842052,0.0,0.8720450281425891,D031,stage1_threshold_calibration,"{""margin"": 0.02, ""max_threshold_drop"": 0.2, ""method"": ""stage1_threshold_calibration""}",True,False,5,True
0.033867612195105146,0.9655172413793104,0.01206896551724138,0.9455909943714822,D031,target_threshold_calibration,"{""margin"": 0.05, ""max_threshold_drop"": 0.2, ""method"": ""target_threshold_calibration""}",True,False,5,True
0.000428110747672239,0.9320777399318775,0.0,0.8727954971857411,D031,stage1_threshold_calibration,"{""margin"": 0.05, ""max_threshold_drop"": 0.2, ""method"": ""stage1_threshold_calibration""}",True,False,5,True
0.0006420374824614994,0.9322916666666667,0.0,0.8731707317073171,D031,target_threshold_calibration,"{""margin"": 0.0, ""max_threshold_drop"": 0.3, ""method"": ""target_threshold_calibration""}",True,False,5,True
0.0,0.9316496291842052,0.0,0.8720450281425891,D031,stage1_threshold_calibration,"{""margin"": 0.0, ""max_threshold_drop"": 0.3, ""method"": ""stage1_threshold_calibration""}",True,False,5,True
0.03167083413625815,0.9633204633204634,0.006896551724137931,0.9362101313320825,D031,target_threshold_calibration,"{""margin"": 0.02, ""max_threshold_drop"": 0.3, ""method"": ""target_threshold_calibration""}",True,False,5,True
0.0,0.9316496291842052,0.0,0.8720450281425891,D031,stage1_threshold_calibration,"{""margin"": 0.02, ""max_threshold_drop"": 0.3, ""method"": ""stage1_threshold_calibration""}",True,False,5,True
0.033867612195105146,0.9655172413793104,0.01206896551724138,0.9455909943714822,D031,target_threshold_calibration,"{""margin"": 0.05, ""max_threshold_drop"": 0.3, ""method"": ""target_threshold_calibration""}",True,False,5,True
0.000428110747672239,0.9320777399318775,0.0,0.8727954971857411,D031,stage1_threshold_calibration,"{""margin"": 0.05, ""max_threshold_drop"": 0.3, ""method"": ""stage1_threshold_calibration""}",True,False,5,True
0.03380105601170291,0.9654506851959082,0.005172413793103448,0.9384615384615385,D031,positive_bias,"{""bias"": 0.1, ""method"": ""positive_bias""}",True,False,5,True
0.03617878904635774,0.967828418230563,0.010344827586206896,0.9482176360225141,D031,positive_bias,"{""bias"": 0.25, ""method"": ""positive_bias""}",True,False,5,True
0.038151594057385,0.9698012232415902,0.010344827586206896,0.9519699812382739,D031,positive_bias,"{""bias"": 0.5, ""method"": ""positive_bias""}",True,False,5,True
0.03977894224436629,0.9714285714285715,0.01206896551724138,0.9568480300187617,D031,positive_bias,"{""bias"": 1.0, ""method"": ""positive_bias""}",True,True,5,True
0.037028751258881054,0.9686783804430863,0.01206896551724138,0.951594746716698,D031,target_prototype_fusion,"{""cosine_threshold"": 0.7, ""method"": ""target_prototype_fusion""}",True,False,5,True
0.03624027907267546,0.9678899082568807,0.01206896551724138,0.9500938086303939,D031,target_prototype_fusion,"{""cosine_threshold"": 0.75, ""method"": ""target_prototype_fusion""}",True,False,5,True
0.034065751011159606,0.9657153801953648,0.01206896551724138,0.9459662288930581,D031,target_prototype_fusion,"{""cosine_threshold"": 0.8, ""method"": ""target_prototype_fusion""}",True,False,5,True
0.03439679322131939,0.9660464224055246,0.010344827586206896,0.9448405253283302,D031,target_prototype_fusion,"{""cosine_threshold"": 0.85, ""method"": ""target_prototype_fusion""}",True,False,5,True
0.0350619351798509,0.9667115643640561,0.006896551724137931,0.9425891181988743,D031,target_prototype_fusion,"{""cosine_threshold"": 0.9, ""method"": ""target_prototype_fusion""}",True,False,5,True
0.0,0.9260783962770717,0.0,0.8623333333333333,D032,no_adaptation,"{""method"": ""no_adaptation""}",True,False,3,False
0.004402887145388168,0.9304812834224598,0.0,0.87,D032,target_threshold_calibration,"{""margin"": 0.0, ""max_threshold_drop"": 0.05, ""method"": ""target_threshold_calibration""}",True,False,3,True
0.0,0.9260783962770717,0.0,0.8623333333333333,D032,stage1_threshold_calibration,"{""margin"": 0.0, ""max_threshold_drop"": 0.05, ""method"": ""stage1_threshold_calibration""}",True,False,3,True
0.03522856846927391,0.9613069647463456,0.006688963210702341,0.9316666666666666,D032,target_threshold_calibration,"{""margin"": 0.02, ""max_threshold_drop"": 0.05, ""method"": ""target_threshold_calibration""}",True,False,3,True
0.0,0.9260783962770717,0.0,0.8623333333333333,D032,stage1_threshold_calibration,"{""margin"": 0.02, ""max_threshold_drop"": 0.05, ""method"": ""stage1_threshold_calibration""}",True,False,3,True
0.037023756097373184,0.9631021523744449,0.011705685618729096,0.9396666666666667,D032,target_threshold_calibration,"{""margin"": 0.05, ""max_threshold_drop"": 0.05, ""method"": ""target_threshold_calibration""}",True,False,3,True
0.0003842983015649448,0.9264626945786366,0.0,0.863,D032,stage1_threshold_calibration,"{""margin"": 0.05, ""max_threshold_drop"": 0.05, ""method"": ""stage1_threshold_calibration""}",True,False,3,True
0.004402887145388168,0.9304812834224598,0.0,0.87,D032,target_threshold_calibration,"{""margin"": 0.0, ""max_threshold_drop"": 0.1, ""method"": ""target_threshold_calibration""}",True,False,3,True
0.0,0.9260783962770717,0.0,0.8623333333333333,D032,stage1_threshold_calibration,"{""margin"": 0.0, ""max_threshold_drop"": 0.1, ""method"": ""stage1_threshold_calibration""}",True,False,3,True
0.03522856846927391,0.9613069647463456,0.006688963210702341,0.9316666666666666,D032,target_threshold_calibration,"{""margin"": 0.02, ""max_threshold_drop"": 0.1, ""method"": ""target_threshold_calibration""}",True,False,3,True
0.0,0.9260783962770717,0.0,0.8623333333333333,D032,stage1_threshold_calibration,"{""margin"": 0.02, ""max_threshold_drop"": 0.1, ""method"": ""stage1_threshold_calibration""}",True,False,3,True
0.037023756097373184,0.9631021523744449,0.011705685618729096,0.9396666666666667,D032,target_threshold_calibration,"{""margin"": 0.05, ""max_threshold_drop"": 0.1, ""method"": ""target_threshold_calibration""}",True,False,3,True
0.0003842983015649448,0.9264626945786366,0.0,0.863,D032,stage1_threshold_calibration,"{""margin"": 0.05, ""max_threshold_drop"": 0.1, ""method"": ""stage1_threshold_calibration""}",True,False,3,True
0.004784041356570512,0.9308624376336422,0.0,0.8706666666666667,D032,target_threshold_calibration,"{""margin"": 0.0, ""max_threshold_drop"": 0.2, ""method"": ""target_threshold_calibration""}",True,False,3,True
0.0,0.9260783962770717,0.0,0.8623333333333333,D032,stage1_threshold_calibration,"{""margin"": 0.0, ""max_threshold_drop"": 0.2, ""method"": ""stage1_threshold_calibration""}",True,False,3,True
0.03558569174080706,0.9616640880178787,0.006688963210702341,0.9323333333333333,D032,target_threshold_calibration,"{""margin"": 0.02, ""max_threshold_drop"": 0.2, ""method"": ""target_threshold_calibration""}",True,False,3,True
0.0,0.9260783962770717,0.0,0.8623333333333333,D032,stage1_threshold_calibration,"{""margin"": 0.02, ""max_threshold_drop"": 0.2, ""method"": ""stage1_threshold_calibration""}",True,False,3,True
0.03737788787593388,0.9634562841530055,0.011705685618729096,0.9403333333333334,D032,target_threshold_calibration,"{""margin"": 0.05, ""max_threshold_drop"": 0.2, ""method"": ""target_threshold_calibration""}",True,False,3,True
0.0003842983015649448,0.9264626945786366,0.0,0.863,D032,stage1_threshold_calibration,"{""margin"": 0.05, ""max_threshold_drop"": 0.2, ""method"": ""stage1_threshold_calibration""}",True,False,3,True
0.00516492399367996,0.9312433202707516,0.0,0.8713333333333333,D032,target_threshold_calibration,"{""margin"": 0.0, ""max_threshold_drop"": 0.3, ""method"": ""target_threshold_calibration""}",True,False,3,True
0.0,0.9260783962770717,0.0,0.8623333333333333,D032,stage1_threshold_calibration,"{""margin"": 0.0, ""max_threshold_drop"": 0.3, ""method"": ""stage1_threshold_calibration""}",True,False,3,True
0.0359425695246125,0.9620209658016842,0.006688963210702341,0.933,D032,target_threshold_calibration,"{""margin"": 0.02, ""max_threshold_drop"": 0.3, ""method"": ""target_threshold_calibration""}",True,False,3,True
0.0,0.9260783962770717,0.0,0.8623333333333333,D032,stage1_threshold_calibration,"{""margin"": 0.02, ""max_threshold_drop"": 0.3, ""method"": ""stage1_threshold_calibration""}",True,False,3,True
0.03773177784378867,0.9638101741208603,0.011705685618729096,0.941,D032,target_threshold_calibration,"{""margin"": 0.05, ""max_threshold_drop"": 0.3, ""method"": ""target_threshold_calibration""}",True,False,3,True
0.0003842983015649448,0.9264626945786366,0.0,0.863,D032,stage1_threshold_calibration,"{""margin"": 0.05, ""max_threshold_drop"": 0.3, ""method"": ""stage1_threshold_calibration""}",True,False,3,True
0.03516191380044764,0.9612403100775193,0.005016722408026756,0.93,D032,positive_bias,"{""bias"": 0.1, ""method"": ""positive_bias""}",True,False,3,True
0.038201214045950116,0.9642796103230218,0.010033444816053512,0.9403333333333334,D032,positive_bias,"{""bias"": 0.25, ""method"": ""positive_bias""}",True,False,3,True
0.03996835342434446,0.9660467497014161,0.010033444816053512,0.9436666666666667,D032,positive_bias,"{""bias"": 0.5, ""method"": ""positive_bias""}",True,False,3,True
0.04195968600786537,0.968038082284937,0.011705685618729096,0.949,D032,positive_bias,"{""bias"": 1.0, ""method"": ""positive_bias""}",True,True,3,True
0.03595990741649879,0.9620383036935705,0.011705685618729096,0.9376666666666666,D032,target_prototype_fusion,"{""cosine_threshold"": 0.7, ""method"": ""target_prototype_fusion""}",True,False,3,True
0.03489387349355477,0.9609722697706264,0.011705685618729096,0.9356666666666666,D032,target_prototype_fusion,"{""cosine_threshold"": 0.75, ""method"": ""target_prototype_fusion""}",True,False,3,True
0.03346908401089532,0.959547480287967,0.011705685618729096,0.933,D032,target_prototype_fusion,"{""cosine_threshold"": 0.8, ""method"": ""target_prototype_fusion""}",True,False,3,True
0.03411377942642857,0.9601921757035002,0.010033444816053512,0.9326666666666666,D032,target_prototype_fusion,"{""cosine_threshold"": 0.85, ""method"": ""target_prototype_fusion""}",True,False,3,True
0.034513584449137324,0.960591980726209,0.006688963210702341,0.9303333333333333,D032,target_prototype_fusion,"{""cosine_threshold"": 0.9, ""method"": ""target_prototype_fusion""}",True,False,3,True
0.0,0.9288569144684252,0.0,0.8671641791044776,D032,no_adaptation,"{""method"": ""no_adaptation""}",True,False,5,False
0.0021363045184116247,0.9309932189868368,0.0,0.8708955223880597,D032,target_threshold_calibration,"{""margin"": 0.0, ""max_threshold_drop"": 0.05, ""method"": ""target_threshold_calibration""}",True,False,5,True
0.0,0.9288569144684252,0.0,0.8671641791044776,D032,stage1_threshold_calibration,"{""margin"": 0.0, ""max_threshold_drop"": 0.05, ""method"": ""stage1_threshold_calibration""}",True,False,5,True
0.03447577894681764,0.9633326934152429,0.006745362563237774,0.9361940298507463,D032,target_threshold_calibration,"{""margin"": 0.02, ""max_threshold_drop"": 0.05, ""method"": ""target_threshold_calibration""}",True,False,5,True
0.0,0.9288569144684252,0.0,0.8671641791044776,D032,stage1_threshold_calibration,"{""margin"": 0.02, ""max_threshold_drop"": 0.05, ""method"": ""stage1_threshold_calibration""}",True,False,5,True
0.0364632074827943,0.9653201219512195,0.011804384485666104,0.9451492537313433,D032,target_threshold_calibration,"{""margin"": 0.05, ""max_threshold_drop"": 0.05, ""method"": ""target_threshold_calibration""}",True,False,5,True
0.0004279437017705723,0.9292848581701958,0.0,0.8679104477611941,D032,stage1_threshold_calibration,"{""margin"": 0.05, ""max_threshold_drop"": 0.05, ""method"": ""stage1_threshold_calibration""}",True,False,5,True
0.0021363045184116247,0.9309932189868368,0.0,0.8708955223880597,D032,target_threshold_calibration,"{""margin"": 0.0, ""max_threshold_drop"": 0.1, ""method"": ""target_threshold_calibration""}",True,False,5,True
0.0,0.9288569144684252,0.0,0.8671641791044776,D032,stage1_threshold_calibration,"{""margin"": 0.0, ""max_threshold_drop"": 0.1, ""method"": ""stage1_threshold_calibration""}",True,False,5,True
0.03447577894681764,0.9633326934152429,0.006745362563237774,0.9361940298507463,D032,target_threshold_calibration,"{""margin"": 0.02, ""max_threshold_drop"": 0.1, ""method"": ""target_threshold_calibration""}",True,False,5,True
0.0,0.9288569144684252,0.0,0.8671641791044776,D032,stage1_threshold_calibration,"{""margin"": 0.02, ""max_threshold_drop"": 0.1, ""method"": ""stage1_threshold_calibration""}",True,False,5,True
0.0364632074827943,0.9653201219512195,0.011804384485666104,0.9451492537313433,D032,target_threshold_calibration,"{""margin"": 0.05, ""max_threshold_drop"": 0.1, ""method"": ""target_threshold_calibration""}",True,False,5,True
0.0004279437017705723,0.9292848581701958,0.0,0.8679104477611941,D032,stage1_threshold_calibration,"{""margin"": 0.05, ""max_threshold_drop"": 0.1, ""method"": ""stage1_threshold_calibration""}",True,False,5,True
0.0021363045184116247,0.9309932189868368,0.0,0.8708955223880597,D032,target_threshold_calibration,"{""margin"": 0.0, ""max_threshold_drop"": 0.2, ""method"": ""target_threshold_calibration""}",True,False,5,True
0.0,0.9288569144684252,0.0,0.8671641791044776,D032,stage1_threshold_calibration,"{""margin"": 0.0, ""max_threshold_drop"": 0.2, ""method"": ""stage1_threshold_calibration""}",True,False,5,True
0.03447577894681764,0.9633326934152429,0.006745362563237774,0.9361940298507463,D032,target_threshold_calibration,"{""margin"": 0.02, ""max_threshold_drop"": 0.2, ""method"": ""target_threshold_calibration""}",True,False,5,True
0.0,0.9288569144684252,0.0,0.8671641791044776,D032,stage1_threshold_calibration,"{""margin"": 0.02, ""max_threshold_drop"": 0.2, ""method"": ""stage1_threshold_calibration""}",True,False,5,True
0.0364632074827943,0.9653201219512195,0.011804384485666104,0.9451492537313433,D032,target_threshold_calibration,"{""margin"": 0.05, ""max_threshold_drop"": 0.2, ""method"": ""target_threshold_calibration""}",True,False,5,True
0.0004279437017705723,0.9292848581701958,0.0,0.8679104477611941,D032,stage1_threshold_calibration,"{""margin"": 0.05, ""max_threshold_drop"": 0.2, ""method"": ""stage1_threshold_calibration""}",True,False,5,True
0.0021363045184116247,0.9309932189868368,0.0,0.8708955223880597,D032,target_threshold_calibration,"{""margin"": 0.0, ""max_threshold_drop"": 0.3, ""method"": ""target_threshold_calibration""}",True,False,5,True
0.0,0.9288569144684252,0.0,0.8671641791044776,D032,stage1_threshold_calibration,"{""margin"": 0.0, ""max_threshold_drop"": 0.3, ""method"": ""stage1_threshold_calibration""}",True,False,5,True
0.03447577894681764,0.9633326934152429,0.006745362563237774,0.9361940298507463,D032,target_threshold_calibration,"{""margin"": 0.02, ""max_threshold_drop"": 0.3, ""method"": ""target_threshold_calibration""}",True,False,5,True
0.0,0.9288569144684252,0.0,0.8671641791044776,D032,stage1_threshold_calibration,"{""margin"": 0.02, ""max_threshold_drop"": 0.3, ""method"": ""stage1_threshold_calibration""}",True,False,5,True
0.0364632074827943,0.9653201219512195,0.011804384485666104,0.9451492537313433,D032,target_threshold_calibration,"{""margin"": 0.05, ""max_threshold_drop"": 0.3, ""method"": ""target_threshold_calibration""}",True,False,5,True
0.0004279437017705723,0.9292848581701958,0.0,0.8679104477611941,D032,stage1_threshold_calibration,"{""margin"": 0.05, ""max_threshold_drop"": 0.3, ""method"": ""stage1_threshold_calibration""}",True,False,5,True
0.035998088412312335,0.9648550028807376,0.00505902192242833,0.9373134328358209,D032,positive_bias,"{""bias"": 0.1, ""method"": ""positive_bias""}",True,False,5,True
0.03836869528767228,0.9672256097560975,0.01011804384485666,0.9470149253731344,D032,positive_bias,"{""bias"": 0.25, ""method"": ""positive_bias""}",True,False,5,True
0.040332891541464466,0.9691898060098897,0.01011804384485666,0.9507462686567164,D032,positive_bias,"{""bias"": 0.5, ""method"": ""positive_bias""}",True,False,5,True
0.0419543061532579,0.9708112206216831,0.011804384485666104,0.9555970149253732,D032,positive_bias,"{""bias"": 1.0, ""method"": ""positive_bias""}",True,True,5,True
0.038038062700524566,0.9668949771689498,0.011804384485666104,0.948134328358209,D032,target_prototype_fusion,"{""cosine_threshold"": 0.7, ""method"": ""target_prototype_fusion""}",True,False,5,True
0.037251234808040934,0.9661081492764662,0.011804384485666104,0.9466417910447761,D032,target_prototype_fusion,"{""cosine_threshold"": 0.75, ""method"": ""target_prototype_fusion""}",True,False,5,True
0.03508126526826627,0.9639381797366915,0.011804384485666104,0.9425373134328359,D032,target_prototype_fusion,"{""cosine_threshold"": 0.8, ""method"": ""target_prototype_fusion""}",True,False,5,True
0.03540832535576732,0.9642652398241925,0.01011804384485666,0.9414179104477612,D032,target_prototype_fusion,"{""cosine_threshold"": 0.85, ""method"": ""target_prototype_fusion""}",True,False,5,True
0.03586701191194286,0.9647239263803681,0.006745362563237774,0.9388059701492537,D032,target_prototype_fusion,"{""cosine_threshold"": 0.9, ""method"": ""target_prototype_fusion""}",True,False,5,True
0.0,0.9303661162957646,0.0,0.8697986577181208,D033,no_adaptation,"{""method"": ""no_adaptation""}",True,False,3,False
0.004397065116210297,0.9347631814119749,0.0,0.87751677852349,D033,target_threshold_calibration,"{""margin"": 0.0, ""max_threshold_drop"": 0.05, ""method"": ""target_threshold_calibration""}",True,False,3,True
0.0,0.9303661162957646,0.0,0.8697986577181208,D033,stage1_threshold_calibration,"{""margin"": 0.0, ""max_threshold_drop"": 0.05, ""method"": ""stage1_threshold_calibration""}",True,False,3,True
0.03461577088726109,0.9649818871830257,0.0067226890756302525,0.9385906040268457,D033,target_threshold_calibration,"{""margin"": 0.02, ""max_threshold_drop"": 0.05, ""method"": ""target_threshold_calibration""}",True,False,3,True
0.0,0.9303661162957646,0.0,0.8697986577181208,D033,stage1_threshold_calibration,"{""margin"": 0.02, ""max_threshold_drop"": 0.05, ""method"": ""stage1_threshold_calibration""}",True,False,3,True
0.03532856638005011,0.9656946826758147,0.011764705882352941,0.9446308724832215,D033,target_threshold_calibration,"{""margin"": 0.05, ""max_threshold_drop"": 0.05, ""method"": ""target_threshold_calibration""}",True,False,3,True
0.000383794002046689,0.9307499102978113,0.0,0.8704697986577181,D033,stage1_threshold_calibration,"{""margin"": 0.05, ""max_threshold_drop"": 0.05, ""method"": ""stage1_threshold_calibration""}",True,False,3,True
0.004397065116210297,0.9347631814119749,0.0,0.87751677852349,D033,target_threshold_calibration,"{""margin"": 0.0, ""max_threshold_drop"": 0.1, ""method"": ""target_threshold_calibration""}",True,False,3,True
0.0,0.9303661162957646,0.0,0.8697986577181208,D033,stage1_threshold_calibration,"{""margin"": 0.0, ""max_threshold_drop"": 0.1, ""method"": ""stage1_threshold_calibration""}",True,False,3,True
0.03461577088726109,0.9649818871830257,0.0067226890756302525,0.9385906040268457,D033,target_threshold_calibration,"{""margin"": 0.02, ""max_threshold_drop"": 0.1, ""method"": ""target_threshold_calibration""}",True,False,3,True
0.0,0.9303661162957646,0.0,0.8697986577181208,D033,stage1_threshold_calibration,"{""margin"": 0.02, ""max_threshold_drop"": 0.1, ""method"": ""stage1_threshold_calibration""}",True,False,3,True
0.03532856638005011,0.9656946826758147,0.011764705882352941,0.9446308724832215,D033,target_threshold_calibration,"{""margin"": 0.05, ""max_threshold_drop"": 0.1, ""method"": ""target_threshold_calibration""}",True,False,3,True
0.000383794002046689,0.9307499102978113,0.0,0.8704697986577181,D033,stage1_threshold_calibration,"{""margin"": 0.05, ""max_threshold_drop"": 0.1, ""method"": ""stage1_threshold_calibration""}",True,False,3,True
0.004777710754440889,0.9351438270502055,0.0,0.8781879194630873,D033,target_threshold_calibration,"{""margin"": 0.0, ""max_threshold_drop"": 0.2, ""method"": ""target_threshold_calibration""}",True,False,3,True
0.0,0.9303661162957646,0.0,0.8697986577181208,D033,stage1_threshold_calibration,"{""margin"": 0.0, ""max_threshold_drop"": 0.2, ""method"": ""stage1_threshold_calibration""}",True,False,3,True
0.034972735230360597,0.9653388515261252,0.0067226890756302525,0.939261744966443,D033,target_threshold_calibration,"{""margin"": 0.02, ""max_threshold_drop"": 0.2, ""method"": ""target_threshold_calibration""}",True,False,3,True
0.0,0.9303661162957646,0.0,0.8697986577181208,D033,stage1_threshold_calibration,"{""margin"": 0.02, ""max_threshold_drop"": 0.2, ""method"": ""stage1_threshold_calibration""}",True,False,3,True
0.03568326642028474,0.9660493827160493,0.011764705882352941,0.9453020134228188,D033,target_threshold_calibration,"{""margin"": 0.05, ""max_threshold_drop"": 0.2, ""method"": ""target_threshold_calibration""}",True,False,3,True
0.000383794002046689,0.9307499102978113,0.0,0.8704697986577181,D033,stage1_threshold_calibration,"{""margin"": 0.05, ""max_threshold_drop"": 0.2, ""method"": ""stage1_threshold_calibration""}",True,False,3,True
0.005158084454369383,0.935524200750134,0.0,0.8788590604026846,D033,target_threshold_calibration,"{""margin"": 0.0, ""max_threshold_drop"": 0.3, ""method"": ""target_threshold_calibration""}",True,False,3,True
0.0,0.9303661162957646,0.0,0.8697986577181208,D033,stage1_threshold_calibration,"{""margin"": 0.0, ""max_threshold_drop"": 0.3, ""method"": ""stage1_threshold_calibration""}",True,False,3,True
0.035329453433592395,0.965695569729357,0.0067226890756302525,0.9399328859060403,D033,target_threshold_calibration,"{""margin"": 0.02, ""max_threshold_drop"": 0.3, ""method"": ""target_threshold_calibration""}",True,False,3,True
0.0,0.9303661162957646,0.0,0.8697986577181208,D033,stage1_threshold_calibration,"{""margin"": 0.02, ""max_threshold_drop"": 0.3, ""method"": ""stage1_threshold_calibration""}",True,False,3,True
0.03603772326542831,0.9664038395611929,0.011764705882352941,0.9459731543624161,D033,target_threshold_calibration,"{""margin"": 0.05, ""max_threshold_drop"": 0.3, ""method"": ""target_threshold_calibration""}",True,False,3,True
0.000383794002046689,0.9307499102978113,0.0,0.8704697986577181,D033,stage1_threshold_calibration,"{""margin"": 0.05, ""max_threshold_drop"": 0.3, ""method"": ""stage1_threshold_calibration""}",True,False,3,True
0.03527021594391766,0.9656363322396823,0.005042016806722689,0.938255033557047,D033,positive_bias,"{""bias"": 0.1, ""method"": ""positive_bias""}",True,False,3,True
0.03686668521392833,0.9672328015096929,0.010084033613445379,0.9459731543624161,D033,positive_bias,"{""bias"": 0.25, ""method"": ""positive_bias""}",True,False,3,True
0.03863542506405726,0.9690015413598219,0.010084033613445379,0.9493288590604027,D033,positive_bias,"{""bias"": 0.5, ""method"": ""positive_bias""}",True,False,3,True
0.039744899929683664,0.9701110162254483,0.011764705882352941,0.9530201342281879,D033,positive_bias,"{""bias"": 1.0, ""method"": ""positive_bias""}",True,True,3,True
0.03461843571247436,0.964984552008239,0.011764705882352941,0.9432885906040268,D033,target_prototype_fusion,"{""cosine_threshold"": 0.7, ""method"": ""target_prototype_fusion""}",True,False,3,True
0.03355140947743118,0.9639175257731958,0.011764705882352941,0.9412751677852349,D033,target_prototype_fusion,"{""cosine_threshold"": 0.75, ""method"": ""target_prototype_fusion""}",True,False,3,True
0.03212528081366417,0.9624913971094288,0.011764705882352941,0.9385906040268457,D033,target_prototype_fusion,"{""cosine_threshold"": 0.8, ""method"": ""target_prototype_fusion""}",True,False,3,True
0.032775461382499316,0.9631415776782639,0.010084033613445379,0.938255033557047,D033,target_prototype_fusion,"{""cosine_threshold"": 0.85, ""method"": ""target_prototype_fusion""}",True,False,3,True
0.033185447013960756,0.9635515633097254,0.0067226890756302525,0.9359060402684564,D033,target_prototype_fusion,"{""cosine_threshold"": 0.9, ""method"": ""target_prototype_fusion""}",True,False,3,True
0.0,0.9323700581978728,0.0,0.8733082706766917,D033,no_adaptation,"{""method"": ""no_adaptation""}",True,False,5,False
0.0017112882256895556,0.9340813464235623,0.0,0.8763157894736842,D033,target_threshold_calibration,"{""margin"": 0.0, ""max_threshold_drop"": 0.05, ""method"": ""target_threshold_calibration""}",True,False,5,True
0.0,0.9323700581978728,0.0,0.8733082706766917,D033,stage1_threshold_calibration,"{""margin"": 0.0, ""max_threshold_drop"": 0.05, ""method"": ""stage1_threshold_calibration""}",True,False,5,True
0.03367932451817657,0.9660493827160493,0.006779661016949152,0.9413533834586466,D033,target_threshold_calibration,"{""margin"": 0.02, ""max_threshold_drop"": 0.05, ""method"": ""target_threshold_calibration""}",True,False,5,True
0.0,0.9323700581978728,0.0,0.8733082706766917,D033,stage1_threshold_calibration,"{""margin"": 0.02, ""max_threshold_drop"": 0.05, ""method"": ""stage1_threshold_calibration""}",True,False,5,True
0.03486504431218662,0.9672351025100594,0.011864406779661017,0.9488721804511279,D033,target_threshold_calibration,"{""margin"": 0.05, ""max_threshold_drop"": 0.05, ""method"": ""target_threshold_calibration""}",True,False,5,True
0.0004283369876839638,0.9327983951855567,0.0,0.8740601503759399,D033,stage1_threshold_calibration,"{""margin"": 0.05, ""max_threshold_drop"": 0.05, ""method"": ""stage1_threshold_calibration""}",True,False,5,True
0.0017112882256895556,0.9340813464235623,0.0,0.8763157894736842,D033,target_threshold_calibration,"{""margin"": 0.0, ""max_threshold_drop"": 0.1, ""method"": ""target_threshold_calibration""}",True,False,5,True
0.0,0.9323700581978728,0.0,0.8733082706766917,D033,stage1_threshold_calibration,"{""margin"": 0.0, ""max_threshold_drop"": 0.1, ""method"": ""stage1_threshold_calibration""}",True,False,5,True
0.03367932451817657,0.9660493827160493,0.006779661016949152,0.9413533834586466,D033,target_threshold_calibration,"{""margin"": 0.02, ""max_threshold_drop"": 0.1, ""method"": ""target_threshold_calibration""}",True,False,5,True
0.0,0.9323700581978728,0.0,0.8733082706766917,D033,stage1_threshold_calibration,"{""margin"": 0.02, ""max_threshold_drop"": 0.1, ""method"": ""stage1_threshold_calibration""}",True,False,5,True
0.03486504431218662,0.9672351025100594,0.011864406779661017,0.9488721804511279,D033,target_threshold_calibration,"{""margin"": 0.05, ""max_threshold_drop"": 0.1, ""method"": ""target_threshold_calibration""}",True,False,5,True
0.0004283369876839638,0.9327983951855567,0.0,0.8740601503759399,D033,stage1_threshold_calibration,"{""margin"": 0.05, ""max_threshold_drop"": 0.1, ""method"": ""stage1_threshold_calibration""}",True,False,5,True
0.0017112882256895556,0.9340813464235623,0.0,0.8763157894736842,D033,target_threshold_calibration,"{""margin"": 0.0, ""max_threshold_drop"": 0.2, ""method"": ""target_threshold_calibration""}",True,False,5,True
0.0,0.9323700581978728,0.0,0.8733082706766917,D033,stage1_threshold_calibration,"{""margin"": 0.0, ""max_threshold_drop"": 0.2, ""method"": ""stage1_threshold_calibration""}",True,False,5,True
0.03367932451817657,0.9660493827160493,0.006779661016949152,0.9413533834586466,D033,target_threshold_calibration,"{""margin"": 0.02, ""max_threshold_drop"": 0.2, ""method"": ""target_threshold_calibration""}",True,False,5,True
0.0,0.9323700581978728,0.0,0.8733082706766917,D033,stage1_threshold_calibration,"{""margin"": 0.02, ""max_threshold_drop"": 0.2, ""method"": ""stage1_threshold_calibration""}",True,False,5,True
0.03486504431218662,0.9672351025100594,0.011864406779661017,0.9488721804511279,D033,target_threshold_calibration,"{""margin"": 0.05, ""max_threshold_drop"": 0.2, ""method"": ""target_threshold_calibration""}",True,False,5,True
0.0004283369876839638,0.9327983951855567,0.0,0.8740601503759399,D033,stage1_threshold_calibration,"{""margin"": 0.05, ""max_threshold_drop"": 0.2, ""method"": ""stage1_threshold_calibration""}",True,False,5,True
0.0017112882256895556,0.9340813464235623,0.0,0.8763157894736842,D033,target_threshold_calibration,"{""margin"": 0.0, ""max_threshold_drop"": 0.3, ""method"": ""target_threshold_calibration""}",True,False,5,True
0.0,0.9323700581978728,0.0,0.8733082706766917,D033,stage1_threshold_calibration,"{""margin"": 0.0, ""max_threshold_drop"": 0.3, ""method"": ""stage1_threshold_calibration""}",True,False,5,True
0.03367932451817657,0.9660493827160493,0.006779661016949152,0.9413533834586466,D033,target_threshold_calibration,"{""margin"": 0.02, ""max_threshold_drop"": 0.3, ""method"": ""target_threshold_calibration""}",True,False,5,True
0.0,0.9323700581978728,0.0,0.8733082706766917,D033,stage1_threshold_calibration,"{""margin"": 0.02, ""max_threshold_drop"": 0.3, ""method"": ""stage1_threshold_calibration""}",True,False,5,True
0.03486504431218662,0.9672351025100594,0.011864406779661017,0.9488721804511279,D033,target_threshold_calibration,"{""margin"": 0.05, ""max_threshold_drop"": 0.3, ""method"": ""target_threshold_calibration""}",True,False,5,True
0.0004283369876839638,0.9327983951855567,0.0,0.8740601503759399,D033,stage1_threshold_calibration,"{""margin"": 0.05, ""max_threshold_drop"": 0.3, ""method"": ""stage1_threshold_calibration""}",True,False,5,True
0.03600633979672796,0.9683763979946007,0.005084745762711864,0.943984962406015,D033,positive_bias,"{""bias"": 0.1, ""method"": ""positive_bias""}",True,False,5,True
0.03717600577454616,0.9695460639724189,0.010169491525423728,0.9515037593984963,D033,positive_bias,"{""bias"": 0.25, ""method"": ""positive_bias""}",True,False,5,True
0.03914590433319198,0.9715159625310648,0.010169491525423728,0.9552631578947368,D033,positive_bias,"{""bias"": 0.5, ""method"": ""positive_bias""}",True,False,5,True
0.040180456479977034,0.9725505146778498,0.011864406779661017,0.9590225563909774,D033,positive_bias,"{""bias"": 1.0, ""method"": ""positive_bias""}",True,True,5,True
0.036642948688125676,0.9690130068859985,0.011864406779661017,0.9522556390977444,D033,target_prototype_fusion,"{""cosine_threshold"": 0.7, ""method"": ""target_prototype_fusion""}",True,False,5,True
0.036050994433706185,0.968421052631579,0.011864406779661017,0.9511278195488722,D033,target_prototype_fusion,"{""cosine_threshold"": 0.75, ""method"": ""target_prototype_fusion""}",True,False,5,True
0.03387466754052382,0.9662447257383966,0.011864406779661017,0.9469924812030075,D033,target_prototype_fusion,"{""cosine_threshold"": 0.8, ""method"": ""target_prototype_fusion""}",True,False,5,True
0.034206968310002805,0.9665770265078756,0.010169491525423728,0.9458646616541353,D033,target_prototype_fusion,"{""cosine_threshold"": 0.85, ""method"": ""target_prototype_fusion""}",True,False,5,True
0.03467561534230834,0.9670456735401811,0.006779661016949152,0.9432330827067669,D033,target_prototype_fusion,"{""cosine_threshold"": 0.9, ""method"": ""target_prototype_fusion""}",True,False,5,True
0.0,0.9249054565099946,0.0,0.8603015075376884,D034,no_adaptation,"{""method"": ""no_adaptation""}",True,False,3,False
0.004434572184409902,0.9293400286944045,0.0,0.8680067001675041,D034,target_threshold_calibration,"{""margin"": 0.0, ""max_threshold_drop"": 0.05, ""method"": ""target_threshold_calibration""}",True,False,3,True
0.0,0.9249054565099946,0.0,0.8603015075376884,D034,stage1_threshold_calibration,"{""margin"": 0.0, ""max_threshold_drop"": 0.05, ""method"": ""stage1_threshold_calibration""}",True,False,3,True
0.03548201970519327,0.9603874762151878,0.006837606837606838,0.9299832495812396,D034,target_threshold_calibration,"{""margin"": 0.02, ""max_threshold_drop"": 0.05, ""method"": ""target_threshold_calibration""}",True,False,3,True
0.0,0.9249054565099946,0.0,0.8603015075376884,D034,stage1_threshold_calibration,"{""margin"": 0.02, ""max_threshold_drop"": 0.05, ""method"": ""stage1_threshold_calibration""}",True,False,3,True
0.037650366231331334,0.9625558227413259,0.011965811965811967,0.9386934673366835,D034,target_threshold_calibration,"{""margin"": 0.05, ""max_threshold_drop"": 0.05, ""method"": ""target_threshold_calibration""}",True,False,3,True
0.00038707274293070526,0.9252925292529253,0.0,0.8609715242881072,D034,stage1_threshold_calibration,"{""margin"": 0.05, ""max_threshold_drop"": 0.05, ""method"": ""stage1_threshold_calibration""}",True,False,3,True
0.004434572184409902,0.9293400286944045,0.0,0.8680067001675041,D034,target_threshold_calibration,"{""margin"": 0.0, ""max_threshold_drop"": 0.1, ""method"": ""target_threshold_calibration""}",True,False,3,True
0.0,0.9249054565099946,0.0,0.8603015075376884,D034,stage1_threshold_calibration,"{""margin"": 0.0, ""max_threshold_drop"": 0.1, ""method"": ""stage1_threshold_calibration""}",True,False,3,True
0.03548201970519327,0.9603874762151878,0.006837606837606838,0.9299832495812396,D034,target_threshold_calibration,"{""margin"": 0.02, ""max_threshold_drop"": 0.1, ""method"": ""target_threshold_calibration""}",True,False,3,True
0.0,0.9249054565099946,0.0,0.8603015075376884,D034,stage1_threshold_calibration,"{""margin"": 0.02, ""max_threshold_drop"": 0.1, ""method"": ""stage1_threshold_calibration""}",True,False,3,True
0.037650366231331334,0.9625558227413259,0.011965811965811967,0.9386934673366835,D034,target_threshold_calibration,"{""margin"": 0.05, ""max_threshold_drop"": 0.1, ""method"": ""target_threshold_calibration""}",True,False,3,True
0.00038707274293070526,0.9252925292529253,0.0,0.8609715242881072,D034,stage1_threshold_calibration,"{""margin"": 0.05, ""max_threshold_drop"": 0.1, ""method"": ""stage1_threshold_calibration""}",True,False,3,True
0.004818458871862719,0.9297239153818573,0.0,0.8686767169179229,D034,target_threshold_calibration,"{""margin"": 0.0, ""max_threshold_drop"": 0.2, ""method"": ""target_threshold_calibration""}",True,False,3,True
0.0,0.9249054565099946,0.0,0.8603015075376884,D034,stage1_threshold_calibration,"{""margin"": 0.0, ""max_threshold_drop"": 0.2, ""method"": ""stage1_threshold_calibration""}",True,False,3,True
0.03584156060914767,0.9607470171191422,0.006837606837606838,0.9306532663316583,D034,target_threshold_calibration,"{""margin"": 0.02, ""max_threshold_drop"": 0.2, ""method"": ""target_threshold_calibration""}",True,False,3,True
0.0,0.9249054565099946,0.0,0.8603015075376884,D034,stage1_threshold_calibration,"{""margin"": 0.02, ""max_threshold_drop"": 0.2, ""method"": ""stage1_threshold_calibration""}",True,False,3,True
0.03800663140209326,0.9629120879120878,0.011965811965811967,0.9393634840871021,D034,target_threshold_calibration,"{""margin"": 0.05, ""max_threshold_drop"": 0.2, ""method"": ""target_threshold_calibration""}",True,False,3,True
0.00038707274293070526,0.9252925292529253,0.0,0.8609715242881072,D034,stage1_threshold_calibration,"{""margin"": 0.05, ""max_threshold_drop"": 0.2, ""method"": ""stage1_threshold_calibration""}",True,False,3,True
0.00520207037172582,0.9301075268817204,0.0,0.8693467336683417,D034,target_threshold_calibration,"{""margin"": 0.0, ""max_threshold_drop"": 0.3, ""method"": ""target_threshold_calibration""}",True,False,3,True
0.0,0.9249054565099946,0.0,0.8603015075376884,D034,stage1_threshold_calibration,"{""margin"": 0.0, ""max_threshold_drop"": 0.3, ""method"": ""stage1_threshold_calibration""}",True,False,3,True
0.03620085291092168,0.9611063094209162,0.006837606837606838,0.931323283082077,D034,target_threshold_calibration,"{""margin"": 0.02, ""max_threshold_drop"": 0.3, ""method"": ""target_threshold_calibration""}",True,False,3,True
0.0,0.9249054565099946,0.0,0.8603015075376884,D034,stage1_threshold_calibration,"{""margin"": 0.02, ""max_threshold_drop"": 0.3, ""method"": ""stage1_threshold_calibration""}",True,False,3,True
0.038362651969236494,0.9632681084792311,0.011965811965811967,0.9400335008375209,D034,target_threshold_calibration,"{""margin"": 0.05, ""max_threshold_drop"": 0.3, ""method"": ""target_threshold_calibration""}",True,False,3,True
0.00038707274293070526,0.9252925292529253,0.0,0.8609715242881072,D034,stage1_threshold_calibration,"{""margin"": 0.05, ""max_threshold_drop"": 0.3, ""method"": ""stage1_threshold_calibration""}",True,False,3,True
0.036133504528966576,0.9610389610389611,0.005128205128205128,0.9296482412060302,D034,positive_bias,"{""bias"": 0.1, ""method"": ""positive_bias""}",True,False,3,True
0.03919005972432954,0.9640955162343241,0.010256410256410256,0.9400335008375209,D034,positive_bias,"{""bias"": 0.25, ""method"": ""positive_bias""}",True,False,3,True
0.040966606600964184,0.9658720631109587,0.010256410256410256,0.9433835845896147,D034,positive_bias,"{""bias"": 0.5, ""method"": ""positive_bias""}",True,False,3,True
0.042968774522131215,0.9678742310321258,0.011965811965811967,0.9487437185929648,D034,positive_bias,"{""bias"": 1.0, ""method"": ""positive_bias""}",True,True,3,True
0.03693710106992987,0.9618425575799244,0.011965811965811967,0.9373534338358459,D034,target_prototype_fusion,"{""cosine_threshold"": 0.7, ""method"": ""target_prototype_fusion""}",True,False,3,True
0.03586536248518779,0.9607708189951824,0.011965811965811967,0.9353433835845896,D034,target_prototype_fusion,"{""cosine_threshold"": 0.75, ""method"": ""target_prototype_fusion""}",True,False,3,True
0.03443293080909571,0.9593383873190903,0.011965811965811967,0.9326633165829146,D034,target_prototype_fusion,"{""cosine_threshold"": 0.8, ""method"": ""target_prototype_fusion""}",True,False,3,True
0.035080745628673915,0.9599862021386685,0.010256410256410256,0.9323283082077052,D034,target_prototype_fusion,"{""cosine_threshold"": 0.85, ""method"": ""target_prototype_fusion""}",True,False,3,True
0.03548201970519327,0.9603874762151878,0.006837606837606838,0.9299832495812396,D034,target_prototype_fusion,"{""cosine_threshold"": 0.9, ""method"": ""target_prototype_fusion""}",True,False,3,True
0.0,0.9277811305572319,0.0,0.8652908067542214,D034,no_adaptation,"{""method"": ""no_adaptation""}",True,False,5,False
0.0021526176860927615,0.9299337482433246,0.0,0.8690431519699813,D034,target_threshold_calibration,"{""margin"": 0.0, ""max_threshold_drop"": 0.05, ""method"": ""target_threshold_calibration""}",True,False,5,True
0.0,0.9277811305572319,0.0,0.8652908067542214,D034,stage1_threshold_calibration,"{""margin"": 0.0, ""max_threshold_drop"": 0.05, ""method"": ""stage1_threshold_calibration""}",True,False,5,True
0.034738189380944307,0.9625193199381762,0.006896551724137931,0.9347091932457786,D034,target_threshold_calibration,"{""margin"": 0.02, ""max_threshold_drop"": 0.05, ""method"": ""target_threshold_calibration""}",True,False,5,True
0.0,0.9277811305572319,0.0,0.8652908067542214,D034,stage1_threshold_calibration,"{""margin"": 0.02, ""max_threshold_drop"": 0.05, ""method"": ""stage1_threshold_calibration""}",True,False,5,True
0.03694279582313631,0.9647239263803682,0.01206896551724138,0.9440900562851783,D034,target_threshold_calibration,"{""margin"": 0.05, ""max_threshold_drop"": 0.05, ""method"": ""target_threshold_calibration""}",True,False,5,True
0.00043121611479701727,0.9282123466720289,0.0,0.8660412757973733,D034,stage1_threshold_calibration,"{""margin"": 0.05, ""max_threshold_drop"": 0.05, ""method"": ""stage1_threshold_calibration""}",True,False,5,True
0.0021526176860927615,0.9299337482433246,0.0,0.8690431519699813,D034,target_threshold_calibration,"{""margin"": 0.0, ""max_threshold_drop"": 0.1, ""method"": ""target_threshold_calibration""}",True,False,5,True
0.0,0.9277811305572319,0.0,0.8652908067542214,D034,stage1_threshold_calibration,"{""margin"": 0.0, ""max_threshold_drop"": 0.1, ""method"": ""stage1_threshold_calibration""}",True,False,5,True
0.034738189380944307,0.9625193199381762,0.006896551724137931,0.9347091932457786,D034,target_threshold_calibration,"{""margin"": 0.02, ""max_threshold_drop"": 0.1, ""method"": ""target_threshold_calibration""}",True,False,5,True
0.0,0.9277811305572319,0.0,0.8652908067542214,D034,stage1_threshold_calibration,"{""margin"": 0.02, ""max_threshold_drop"": 0.1, ""method"": ""stage1_threshold_calibration""}",True,False,5,True
0.03694279582313631,0.9647239263803682,0.01206896551724138,0.9440900562851783,D034,target_threshold_calibration,"{""margin"": 0.05, ""max_threshold_drop"": 0.1, ""method"": ""target_threshold_calibration""}",True,False,5,True
0.00043121611479701727,0.9282123466720289,0.0,0.8660412757973733,D034,stage1_threshold_calibration,"{""margin"": 0.05, ""max_threshold_drop"": 0.1, ""method"": ""stage1_threshold_calibration""}",True,False,5,True
0.0021526176860927615,0.9299337482433246,0.0,0.8690431519699813,D034,target_threshold_calibration,"{""margin"": 0.0, ""max_threshold_drop"": 0.2, ""method"": ""target_threshold_calibration""}",True,False,5,True
0.0,0.9277811305572319,0.0,0.8652908067542214,D034,stage1_threshold_calibration,"{""margin"": 0.0, ""max_threshold_drop"": 0.2, ""method"": ""stage1_threshold_calibration""}",True,False,5,True
0.034738189380944307,0.9625193199381762,0.006896551724137931,0.9347091932457786,D034,target_threshold_calibration,"{""margin"": 0.02, ""max_threshold_drop"": 0.2, ""method"": ""target_threshold_calibration""}",True,False,5,True
0.0,0.9277811305572319,0.0,0.8652908067542214,D034,stage1_threshold_calibration,"{""margin"": 0.02, ""max_threshold_drop"": 0.2, ""method"": ""stage1_threshold_calibration""}",True,False,5,True
0.03694279582313631,0.9647239263803682,0.01206896551724138,0.9440900562851783,D034,target_threshold_calibration,"{""margin"": 0.05, ""max_threshold_drop"": 0.2, ""method"": ""target_threshold_calibration""}",True,False,5,True
0.00043121611479701727,0.9282123466720289,0.0,0.8660412757973733,D034,stage1_threshold_calibration,"{""margin"": 0.05, ""max_threshold_drop"": 0.2, ""method"": ""stage1_threshold_calibration""}",True,False,5,True
0.0021526176860927615,0.9299337482433246,0.0,0.8690431519699813,D034,target_threshold_calibration,"{""margin"": 0.0, ""max_threshold_drop"": 0.3, ""method"": ""target_threshold_calibration""}",True,False,5,True
0.0,0.9277811305572319,0.0,0.8652908067542214,D034,stage1_threshold_calibration,"{""margin"": 0.0, ""max_threshold_drop"": 0.3, ""method"": ""stage1_threshold_calibration""}",True,False,5,True
0.034738189380944307,0.9625193199381762,0.006896551724137931,0.9347091932457786,D034,target_threshold_calibration,"{""margin"": 0.02, ""max_threshold_drop"": 0.3, ""method"": ""target_threshold_calibration""}",True,False,5,True
0.0,0.9277811305572319,0.0,0.8652908067542214,D034,stage1_threshold_calibration,"{""margin"": 0.02, ""max_threshold_drop"": 0.3, ""method"": ""stage1_threshold_calibration""}",True,False,5,True
0.03694279582313631,0.9647239263803682,0.01206896551724138,0.9440900562851783,D034,target_threshold_calibration,"{""margin"": 0.05, ""max_threshold_drop"": 0.3, ""method"": ""target_threshold_calibration""}",True,False,5,True
0.00043121611479701727,0.9282123466720289,0.0,0.8660412757973733,D034,stage1_threshold_calibration,"{""margin"": 0.05, ""max_threshold_drop"": 0.3, ""method"": ""stage1_threshold_calibration""}",True,False,5,True
0.03687021191910578,0.9646513424763377,0.005172413793103448,0.9369606003752345,D034,positive_bias,"{""bias"": 0.1, ""method"": ""positive_bias""}",True,False,5,True
0.039256048438552016,0.9670371789957839,0.010344827586206896,0.9467166979362102,D034,positive_bias,"{""bias"": 0.25, ""method"": ""positive_bias""}",True,False,5,True
0.04123187632876668,0.9690130068859986,0.010344827586206896,0.95046904315197,D034,positive_bias,"{""bias"": 0.5, ""method"": ""positive_bias""}",True,False,5,True
0.04286316986213534,0.9706443004193672,0.01206896551724138,0.9553470919324578,D034,positive_bias,"{""bias"": 1.0, ""method"": ""positive_bias""}",True,True,5,True
0.038923806296958685,0.9667049368541906,0.01206896551724138,0.9478424015009381,D034,target_prototype_fusion,"{""cosine_threshold"": 0.7, ""method"": ""target_prototype_fusion""}",True,False,5,True
0.03813231256800742,0.9659134431252393,0.01206896551724138,0.9463414634146341,D034,target_prototype_fusion,"{""cosine_threshold"": 0.75, ""method"": ""target_prototype_fusion""}",True,False,5,True
0.03594943939095463,0.9637305699481865,0.01206896551724138,0.9422138836772983,D034,target_prototype_fusion,"{""cosine_threshold"": 0.8, ""method"": ""target_prototype_fusion""}",True,False,5,True
0.03627806606010431,0.9640591966173362,0.010344827586206896,0.9410881801125703,D034,target_prototype_fusion,"{""cosine_threshold"": 0.85, ""method"": ""target_prototype_fusion""}",True,False,5,True
0.03673873060744215,0.964519861164674,0.006896551724137931,0.9384615384615385,D034,target_prototype_fusion,"{""cosine_threshold"": 0.9, ""method"": ""target_prototype_fusion""}",True,False,5,True
0.0,0.9261866089153583,0.0,0.8625210084033613,D035,no_adaptation,"{""method"": ""no_adaptation""}",True,False,3,False
0.0044388404016797445,0.9306254493170381,0.0,0.8702521008403361,D035,target_threshold_calibration,"{""margin"": 0.0, ""max_threshold_drop"": 0.05, ""method"": ""target_threshold_calibration""}",True,False,3,True
0.0,0.9261866089153583,0.0,0.8625210084033613,D035,stage1_threshold_calibration,"{""margin"": 0.0, ""max_threshold_drop"": 0.05, ""method"": ""stage1_threshold_calibration""}",True,False,3,True
0.035505192090015236,0.9616918010053735,0.006837606837606838,0.9324369747899159,D035,target_threshold_calibration,"{""margin"": 0.02, ""max_threshold_drop"": 0.05, ""method"": ""target_threshold_calibration""}",True,False,3,True
0.0,0.9261866089153583,0.0,0.8625210084033613,D035,stage1_threshold_calibration,"{""margin"": 0.02, ""max_threshold_drop"": 0.05, ""method"": ""stage1_threshold_calibration""}",True,False,3,True
0.03766881277138867,0.963855421686747,0.011965811965811967,0.9411764705882353,D035,target_threshold_calibration,"{""margin"": 0.05, ""max_threshold_drop"": 0.05, ""method"": ""target_threshold_calibration""}",True,False,3,True
0.0003874484542970569,0.9265740573696554,0.0,0.8631932773109243,D035,stage1_threshold_calibration,"{""margin"": 0.05, ""max_threshold_drop"": 0.05, ""method"": ""stage1_threshold_calibration""}",True,False,3,True
0.0044388404016797445,0.9306254493170381,0.0,0.8702521008403361,D035,target_threshold_calibration,"{""margin"": 0.0, ""max_threshold_drop"": 0.1, ""method"": ""target_threshold_calibration""}",True,False,3,True
0.0,0.9261866089153583,0.0,0.8625210084033613,D035,stage1_threshold_calibration,"{""margin"": 0.0, ""max_threshold_drop"": 0.1, ""method"": ""stage1_threshold_calibration""}",True,False,3,True
0.035505192090015236,0.9616918010053735,0.006837606837606838,0.9324369747899159,D035,target_threshold_calibration,"{""margin"": 0.02, ""max_threshold_drop"": 0.1, ""method"": ""target_threshold_calibration""}",True,False,3,True
0.0,0.9261866089153583,0.0,0.8625210084033613,D035,stage1_threshold_calibration,"{""margin"": 0.02, ""max_threshold_drop"": 0.1, ""method"": ""stage1_threshold_calibration""}",True,False,3,True
0.03766881277138867,0.963855421686747,0.011965811965811967,0.9411764705882353,D035,target_threshold_calibration,"{""margin"": 0.05, ""max_threshold_drop"": 0.1, ""method"": ""target_threshold_calibration""}",True,False,3,True
0.0003874484542970569,0.9265740573696554,0.0,0.8631932773109243,D035,stage1_threshold_calibration,"{""margin"": 0.05, ""max_threshold_drop"": 0.1, ""method"": ""stage1_threshold_calibration""}",True,False,3,True
0.004823092845331667,0.93100970176069,0.0,0.8709243697478991,D035,target_threshold_calibration,"{""margin"": 0.0, ""max_threshold_drop"": 0.2, ""method"": ""target_threshold_calibration""}",True,False,3,True
0.0,0.9261866089153583,0.0,0.8625210084033613,D035,stage1_threshold_calibration,"{""margin"": 0.0, ""max_threshold_drop"": 0.2, ""method"": ""stage1_threshold_calibration""}",True,False,3,True
0.035865028582475755,0.9620516374978341,0.006837606837606838,0.9331092436974789,D035,target_threshold_calibration,"{""margin"": 0.02, ""max_threshold_drop"": 0.2, ""method"": ""target_threshold_calibration""}",True,False,3,True
0.0,0.9261866089153583,0.0,0.8625210084033613,D035,stage1_threshold_calibration,"{""margin"": 0.02, ""max_threshold_drop"": 0.2, ""method"": ""stage1_threshold_calibration""}",True,False,3,True
0.038025366308316766,0.9642119752236751,0.011965811965811967,0.9418487394957983,D035,target_threshold_calibration,"{""margin"": 0.05, ""max_threshold_drop"": 0.2, ""method"": ""target_threshold_calibration""}",True,False,3,True
0.0003874484542970569,0.9265740573696554,0.0,0.8631932773109243,D035,stage1_threshold_calibration,"{""margin"": 0.05, ""max_threshold_drop"": 0.2, ""method"": ""stage1_threshold_calibration""}",True,False,3,True
0.005207069245561358,0.9313936781609197,0.0,0.8715966386554622,D035,target_threshold_calibration,"{""margin"": 0.0, ""max_threshold_drop"": 0.3, ""method"": ""target_threshold_calibration""}",True,False,3,True
0.0,0.9261866089153583,0.0,0.8625210084033613,D035,stage1_threshold_calibration,"{""margin"": 0.0, ""max_threshold_drop"": 0.3, ""method"": ""stage1_threshold_calibration""}",True,False,3,True
0.036224615751192735,0.962411224666551,0.006837606837606838,0.933781512605042,D035,target_threshold_calibration,"{""margin"": 0.02, ""max_threshold_drop"": 0.3, ""method"": ""target_threshold_calibration""}",True,False,3,True
0.0,0.9261866089153583,0.0,0.8625210084033613,D035,stage1_threshold_calibration,"{""margin"": 0.02, ""max_threshold_drop"": 0.3, ""method"": ""stage1_threshold_calibration""}",True,False,3,True
0.038381674538374044,0.9645682834537324,0.011965811965811967,0.9425210084033614,D035,target_threshold_calibration,"{""margin"": 0.05, ""max_threshold_drop"": 0.3, ""method"": ""target_threshold_calibration""}",True,False,3,True
0.0003874484542970569,0.9265740573696554,0.0,0.8631932773109243,D035,stage1_threshold_calibration,"{""margin"": 0.05, ""max_threshold_drop"": 0.3, ""method"": ""stage1_threshold_calibration""}",True,False,3,True
0.03615939143168312,0.9623460003470414,0.005128205128205128,0.9321008403361345,D035,positive_bias,"{""bias"": 0.1, ""method"": ""positive_bias""}",True,False,3,True
0.03921191062328866,0.965398519538647,0.010256410256410256,0.9425210084033614,D035,positive_bias,"{""bias"": 0.25, ""method"": ""positive_bias""}",True,False,3,True
0.04098988189062214,0.9671764908059804,0.010256410256410256,0.9458823529411765,D035,positive_bias,"{""bias"": 0.5, ""method"": ""positive_bias""}",True,False,3,True
0.0429914732764225,0.9691780821917808,0.011965811965811967,0.9512605042016806,D035,positive_bias,"{""bias"": 1.0, ""method"": ""positive_bias""}",True,True,3,True
0.036954968762905605,0.9631415776782639,0.011965811965811967,0.9398319327731093,D035,target_prototype_fusion,"{""cosine_threshold"": 0.7, ""method"": ""target_prototype_fusion""}",True,False,3,True
0.03588235660188299,0.9620689655172413,0.011965811965811967,0.9378151260504202,D035,target_prototype_fusion,"{""cosine_threshold"": 0.75, ""method"": ""target_prototype_fusion""}",True,False,3,True
0.03444875020066385,0.9606353591160222,0.011965811965811967,0.935126050420168,D035,target_prototype_fusion,"{""cosine_threshold"": 0.8, ""method"": ""target_prototype_fusion""}",True,False,3,True
0.03509925351118848,0.9612858624265468,0.010256410256410256,0.9347899159663866,D035,target_prototype_fusion,"{""cosine_threshold"": 0.85, ""method"": ""target_prototype_fusion""}",True,False,3,True
0.035505192090015236,0.9616918010053735,0.006837606837606838,0.9324369747899159,D035,target_prototype_fusion,"{""cosine_threshold"": 0.9, ""method"": ""target_prototype_fusion""}",True,False,3,True
0.0,0.9292196007259528,0.0,0.8677966101694915,D035,no_adaptation,"{""method"": ""no_adaptation""}",True,False,5,False
0.002154921310674296,0.9313745220366271,0.0,0.8715630885122411,D035,target_threshold_calibration,"{""margin"": 0.0, ""max_threshold_drop"": 0.05, ""method"": ""target_threshold_calibration""}",True,False,5,True
0.0,0.9292196007259528,0.0,0.8677966101694915,D035,stage1_threshold_calibration,"{""margin"": 0.0, ""max_threshold_drop"": 0.05, ""method"": ""stage1_threshold_calibration""}",True,False,5,True
0.03476180903392323,0.963981409759876,0.006896551724137931,0.9374764595103579,D035,target_threshold_calibration,"{""margin"": 0.02, ""max_threshold_drop"": 0.05, ""method"": ""target_threshold_calibration""}",True,False,5,True
0.0,0.9292196007259528,0.0,0.8677966101694915,D035,stage1_threshold_calibration,"{""margin"": 0.02, ""max_threshold_drop"": 0.05, ""method"": ""stage1_threshold_calibration""}",True,False,5,True
0.03696026091893578,0.9661798616448886,0.01206896551724138,0.9468926553672317,D035,target_threshold_calibration,"{""margin"": 0.05, ""max_threshold_drop"": 0.05, ""method"": ""target_threshold_calibration""}",True,False,5,True
0.0004316792579214246,0.9296512799838742,0.0,0.8685499058380415,D035,stage1_threshold_calibration,"{""margin"": 0.05, ""max_threshold_drop"": 0.05, ""method"": ""stage1_threshold_calibration""}",True,False,5,True
0.002154921310674296,0.9313745220366271,0.0,0.8715630885122411,D035,target_threshold_calibration,"{""margin"": 0.0, ""max_threshold_drop"": 0.1, ""method"": ""target_threshold_calibration""}",True,False,5,True
0.0,0.9292196007259528,0.0,0.8677966101694915,D035,stage1_threshold_calibration,"{""margin"": 0.0, ""max_threshold_drop"": 0.1, ""method"": ""stage1_threshold_calibration""}",True,False,5,True
0.03476180903392323,0.963981409759876,0.006896551724137931,0.9374764595103579,D035,target_threshold_calibration,"{""margin"": 0.02, ""max_threshold_drop"": 0.1, ""method"": ""target_threshold_calibration""}",True,False,5,True
0.0,0.9292196007259528,0.0,0.8677966101694915,D035,stage1_threshold_calibration,"{""margin"": 0.02, ""max_threshold_drop"": 0.1, ""method"": ""stage1_threshold_calibration""}",True,False,5,True
0.03696026091893578,0.9661798616448886,0.01206896551724138,0.9468926553672317,D035,target_threshold_calibration,"{""margin"": 0.05, ""max_threshold_drop"": 0.1, ""method"": ""target_threshold_calibration""}",True,False,5,True
0.0004316792579214246,0.9296512799838742,0.0,0.8685499058380415,D035,stage1_threshold_calibration,"{""margin"": 0.05, ""max_threshold_drop"": 0.1, ""method"": ""stage1_threshold_calibration""}",True,False,5,True
0.002154921310674296,0.9313745220366271,0.0,0.8715630885122411,D035,target_threshold_calibration,"{""margin"": 0.0, ""max_threshold_drop"": 0.2, ""method"": ""target_threshold_calibration""}",True,False,5,True
0.0,0.9292196007259528,0.0,0.8677966101694915,D035,stage1_threshold_calibration,"{""margin"": 0.0, ""max_threshold_drop"": 0.2, ""method"": ""stage1_threshold_calibration""}",True,False,5,True
0.03476180903392323,0.963981409759876,0.006896551724137931,0.9374764595103579,D035,target_threshold_calibration,"{""margin"": 0.02, ""max_threshold_drop"": 0.2, ""method"": ""target_threshold_calibration""}",True,False,5,True
0.0,0.9292196007259528,0.0,0.8677966101694915,D035,stage1_threshold_calibration,"{""margin"": 0.02, ""max_threshold_drop"": 0.2, ""method"": ""stage1_threshold_calibration""}",True,False,5,True
0.03696026091893578,0.9661798616448886,0.01206896551724138,0.9468926553672317,D035,target_threshold_calibration,"{""margin"": 0.05, ""max_threshold_drop"": 0.2, ""method"": ""target_threshold_calibration""}",True,False,5,True
0.0004316792579214246,0.9296512799838742,0.0,0.8685499058380415,D035,stage1_threshold_calibration,"{""margin"": 0.05, ""max_threshold_drop"": 0.2, ""method"": ""stage1_threshold_calibration""}",True,False,5,True
0.002154921310674296,0.9313745220366271,0.0,0.8715630885122411,D035,target_threshold_calibration,"{""margin"": 0.0, ""max_threshold_drop"": 0.3, ""method"": ""target_threshold_calibration""}",True,False,5,True
0.0,0.9292196007259528,0.0,0.8677966101694915,D035,stage1_threshold_calibration,"{""margin"": 0.0, ""max_threshold_drop"": 0.3, ""method"": ""stage1_threshold_calibration""}",True,False,5,True
0.03476180903392323,0.963981409759876,0.006896551724137931,0.9374764595103579,D035,target_threshold_calibration,"{""margin"": 0.02, ""max_threshold_drop"": 0.3, ""method"": ""target_threshold_calibration""}",True,False,5,True
0.0,0.9292196007259528,0.0,0.8677966101694915,D035,stage1_threshold_calibration,"{""margin"": 0.02, ""max_threshold_drop"": 0.3, ""method"": ""stage1_threshold_calibration""}",True,False,5,True
0.03696026091893578,0.9661798616448886,0.01206896551724138,0.9468926553672317,D035,target_threshold_calibration,"{""margin"": 0.05, ""max_threshold_drop"": 0.3, ""method"": ""target_threshold_calibration""}",True,False,5,True
0.0004316792579214246,0.9296512799838742,0.0,0.8685499058380415,D035,stage1_threshold_calibration,"{""margin"": 0.05, ""max_threshold_drop"": 0.3, ""method"": ""stage1_threshold_calibration""}",True,False,5,True
0.036898501887793644,0.9661181026137464,0.005172413793103448,0.9397363465160076,D035,positive_bias,"{""bias"": 0.1, ""method"": ""positive_bias""}",True,False,5,True
0.03927828632744723,0.9684978870534,0.010344827586206896,0.9495291902071563,D035,positive_bias,"{""bias"": 0.25, ""method"": ""positive_bias""}",True,False,5,True
0.041255859396746586,0.9704754601226994,0.010344827586206896,0.9532956685499059,D035,positive_bias,"{""bias"": 0.5, ""method"": ""positive_bias""}",True,False,5,True
0.042885863546114456,0.9721054642720672,0.01206896551724138,0.9581920903954803,D035,positive_bias,"{""bias"": 1.0, ""method"": ""positive_bias""}",True,True,5,True
0.038943038322762136,0.9681626390487149,0.01206896551724138,0.9506591337099811,D035,target_prototype_fusion,"{""cosine_threshold"": 0.7, ""method"": ""target_prototype_fusion""}",True,False,5,True
0.03815084073278041,0.9673704414587332,0.01206896551724138,0.9491525423728814,D035,target_prototype_fusion,"{""cosine_threshold"": 0.75, ""method"": ""target_prototype_fusion""}",True,False,5,True
0.03596601189185844,0.9651856126178112,0.01206896551724138,0.9450094161958569,D035,target_prototype_fusion,"{""cosine_threshold"": 0.8, ""method"": ""target_prototype_fusion""}",True,False,5,True
0.0362976406533575,0.9655172413793103,0.010344827586206896,0.943879472693032,D035,target_prototype_fusion,"{""cosine_threshold"": 0.85, ""method"": ""target_prototype_fusion""}",True,False,5,True
0.03676416425278706,0.9659837649787398,0.006896551724137931,0.9412429378531073,D035,target_prototype_fusion,"{""cosine_threshold"": 0.9, ""method"": ""target_prototype_fusion""}",True,False,5,True
0.0,0.9184431840406806,0.0,0.8491862567811935,D036,no_adaptation,"{""method"": ""no_adaptation""}",True,False,3,False
0.004843420320690184,0.9232866043613708,0.0,0.8575045207956601,D036,target_threshold_calibration,"{""margin"": 0.0, ""max_threshold_drop"": 0.05, ""method"": ""target_threshold_calibration""}",True,False,3,True
0.0,0.9184431840406806,0.0,0.8491862567811935,D036,stage1_threshold_calibration,"{""margin"": 0.0, ""max_threshold_drop"": 0.05, ""method"": ""stage1_threshold_calibration""}",True,False,3,True
0.03868095001661198,0.9571241340572926,0.007142857142857143,0.9244122965641953,D036,target_threshold_calibration,"{""margin"": 0.02, ""max_threshold_drop"": 0.05, ""method"": ""target_threshold_calibration""}",True,False,3,True
0.0,0.9184431840406806,0.0,0.8491862567811935,D036,stage1_threshold_calibration,"{""margin"": 0.02, ""max_threshold_drop"": 0.05, ""method"": ""stage1_threshold_calibration""}",True,False,3,True
0.041051427627844195,0.9594946116685248,0.0125,0.9338155515370705,D036,target_threshold_calibration,"{""margin"": 0.05, ""max_threshold_drop"": 0.05, ""method"": ""target_threshold_calibration""}",True,False,3,True
0.0004228961157222155,0.9188660801564028,0.0,0.8499095840867993,D036,stage1_threshold_calibration,"{""margin"": 0.05, ""max_threshold_drop"": 0.05, ""method"": ""stage1_threshold_calibration""}",True,False,3,True
0.004843420320690184,0.9232866043613708,0.0,0.8575045207956601,D036,target_threshold_calibration,"{""margin"": 0.0, ""max_threshold_drop"": 0.1, ""method"": ""target_threshold_calibration""}",True,False,3,True
0.0,0.9184431840406806,0.0,0.8491862567811935,D036,stage1_threshold_calibration,"{""margin"": 0.0, ""max_threshold_drop"": 0.1, ""method"": ""stage1_threshold_calibration""}",True,False,3,True
0.03868095001661198,0.9571241340572926,0.007142857142857143,0.9244122965641953,D036,target_threshold_calibration,"{""margin"": 0.02, ""max_threshold_drop"": 0.1, ""method"": ""target_threshold_calibration""}",True,False,3,True
0.0,0.9184431840406806,0.0,0.8491862567811935,D036,stage1_threshold_calibration,"{""margin"": 0.02, ""max_threshold_drop"": 0.1, ""method"": ""stage1_threshold_calibration""}",True,False,3,True
0.041051427627844195,0.9594946116685248,0.0125,0.9338155515370705,D036,target_threshold_calibration,"{""margin"": 0.05, ""max_threshold_drop"": 0.1, ""method"": ""target_threshold_calibration""}",True,False,3,True
0.0004228961157222155,0.9188660801564028,0.0,0.8499095840867993,D036,stage1_threshold_calibration,"{""margin"": 0.05, ""max_threshold_drop"": 0.1, ""method"": ""stage1_threshold_calibration""}",True,False,3,True
0.005262538030164077,0.9237057220708447,0.0,0.8582278481012658,D036,target_threshold_calibration,"{""margin"": 0.0, ""max_threshold_drop"": 0.2, ""method"": ""target_threshold_calibration""}",True,False,3,True
0.0,0.9184431840406806,0.0,0.8491862567811935,D036,stage1_threshold_calibration,"{""margin"": 0.0, ""max_threshold_drop"": 0.2, ""method"": ""stage1_threshold_calibration""}",True,False,3,True
0.03907132091907983,0.9575145049597604,0.007142857142857143,0.9251356238698011,D036,target_threshold_calibration,"{""margin"": 0.02, ""max_threshold_drop"": 0.2, ""method"": ""target_threshold_calibration""}",True,False,3,True
0.0,0.9184431840406806,0.0,0.8491862567811935,D036,stage1_threshold_calibration,"{""margin"": 0.02, ""max_threshold_drop"": 0.2, ""method"": ""stage1_threshold_calibration""}",True,False,3,True
0.04143794523123623,0.9598811292719168,0.0125,0.9345388788426763,D036,target_threshold_calibration,"{""margin"": 0.05, ""max_threshold_drop"": 0.2, ""method"": ""target_threshold_calibration""}",True,False,3,True
0.0004228961157222155,0.9188660801564028,0.0,0.8499095840867993,D036,stage1_threshold_calibration,"{""margin"": 0.05, ""max_threshold_drop"": 0.2, ""method"": ""stage1_threshold_calibration""}",True,False,3,True
0.005681329577996497,0.9241245136186771,0.0,0.8589511754068716,D036,target_threshold_calibration,"{""margin"": 0.0, ""max_threshold_drop"": 0.3, ""method"": ""target_threshold_calibration""}",True,False,3,True
0.0,0.9184431840406806,0.0,0.8491862567811935,D036,stage1_threshold_calibration,"{""margin"": 0.0, ""max_threshold_drop"": 0.3, ""method"": ""stage1_threshold_calibration""}",True,False,3,True
0.039461399682425236,0.9579045837231058,0.007142857142857143,0.9258589511754068,D036,target_threshold_calibration,"{""margin"": 0.02, ""max_threshold_drop"": 0.3, ""method"": ""target_threshold_calibration""}",True,False,3,True
0.0,0.9184431840406806,0.0,0.8491862567811935,D036,stage1_threshold_calibration,"{""margin"": 0.02, ""max_threshold_drop"": 0.3, ""method"": ""stage1_threshold_calibration""}",True,False,3,True
0.04182417578107955,0.9602673598217601,0.0125,0.9352622061482821,D036,target_threshold_calibration,"{""margin"": 0.05, ""max_threshold_drop"": 0.3, ""method"": ""target_threshold_calibration""}",True,False,3,True
0.0004228961157222155,0.9188660801564028,0.0,0.8499095840867993,D036,stage1_threshold_calibration,"{""margin"": 0.05, ""max_threshold_drop"": 0.3, ""method"": ""stage1_threshold_calibration""}",True,False,3,True
0.03938249543448347,0.9578256794751641,0.005357142857142857,0.9240506329113924,D036,positive_bias,"{""bias"": 0.1, ""method"": ""positive_bias""}",True,False,3,True
0.042716451714755244,0.9611596357554358,0.010714285714285714,0.9352622061482821,D036,positive_bias,"{""bias"": 0.25, ""method"": ""positive_bias""}",True,False,3,True
0.04464344181723079,0.9630866258579114,0.010714285714285714,0.938878842676311,D036,positive_bias,"{""bias"": 0.5, ""method"": ""positive_bias""}",True,False,3,True
0.04681919585584571,0.9652623798965263,0.0125,0.9446654611211573,D036,positive_bias,"{""bias"": 1.0, ""method"": ""positive_bias""}",True,True,3,True
0.04027752997940126,0.9587207140200819,0.0125,0.932368896925859,D036,target_prototype_fusion,"{""cosine_threshold"": 0.7, ""method"": ""target_prototype_fusion""}",True,False,3,True
0.039114522586274014,0.9575577066269546,0.0125,0.9301989150090416,D036,target_prototype_fusion,"{""cosine_threshold"": 0.75, ""method"": ""target_prototype_fusion""}",True,False,3,True
0.037559798807939804,0.9560029828486204,0.0125,0.9273056057866185,D036,target_prototype_fusion,"{""cosine_threshold"": 0.8, ""method"": ""target_prototype_fusion""}",True,False,3,True
0.03825707725084615,0.9567002612915267,0.010714285714285714,0.9269439421338156,D036,target_prototype_fusion,"{""cosine_threshold"": 0.85, ""method"": ""target_prototype_fusion""}",True,False,3,True
0.03868095001661198,0.9571241340572926,0.007142857142857143,0.9244122965641953,D036,target_prototype_fusion,"{""cosine_threshold"": 0.9, ""method"": ""target_prototype_fusion""}",True,False,3,True
0.0,0.9207680423747516,0.0,0.8531697341513292,D036,no_adaptation,"{""method"": ""no_adaptation""}",True,False,5,False
0.0023766394134007163,0.9231446817881523,0.0,0.8572597137014315,D036,target_threshold_calibration,"{""margin"": 0.0, ""max_threshold_drop"": 0.05, ""method"": ""target_threshold_calibration""}",True,False,5,True
0.0,0.9207680423747516,0.0,0.8531697341513292,D036,stage1_threshold_calibration,"{""margin"": 0.0, ""max_threshold_drop"": 0.05, ""method"": ""stage1_threshold_calibration""}",True,False,5,True
0.038269119787410544,0.9590371621621622,0.007207207207207207,0.9288343558282208,D036,target_threshold_calibration,"{""margin"": 0.02, ""max_threshold_drop"": 0.05, ""method"": ""target_threshold_calibration""}",True,False,5,True
0.0,0.9207680423747516,0.0,0.8531697341513292,D036,stage1_threshold_calibration,"{""margin"": 0.02, ""max_threshold_drop"": 0.05, ""method"": ""stage1_threshold_calibration""}",True,False,5,True
0.040705994476169516,0.9614740368509211,0.012612612612612612,0.9390593047034764,D036,target_threshold_calibration,"{""margin"": 0.05, ""max_threshold_drop"": 0.05, ""method"": ""target_threshold_calibration""}",True,False,5,True
0.000476166758272778,0.9212442091330244,0.0,0.8539877300613496,D036,stage1_threshold_calibration,"{""margin"": 0.05, ""max_threshold_drop"": 0.05, ""method"": ""stage1_threshold_calibration""}",True,False,5,True
0.0023766394134007163,0.9231446817881523,0.0,0.8572597137014315,D036,target_threshold_calibration,"{""margin"": 0.0, ""max_threshold_drop"": 0.1, ""method"": ""target_threshold_calibration""}",True,False,5,True
0.0,0.9207680423747516,0.0,0.8531697341513292,D036,stage1_threshold_calibration,"{""margin"": 0.0, ""max_threshold_drop"": 0.1, ""method"": ""stage1_threshold_calibration""}",True,False,5,True
0.038269119787410544,0.9590371621621622,0.007207207207207207,0.9288343558282208,D036,target_threshold_calibration,"{""margin"": 0.02, ""max_threshold_drop"": 0.1, ""method"": ""target_threshold_calibration""}",True,False,5,True
0.0,0.9207680423747516,0.0,0.8531697341513292,D036,stage1_threshold_calibration,"{""margin"": 0.02, ""max_threshold_drop"": 0.1, ""method"": ""stage1_threshold_calibration""}",True,False,5,True
0.040705994476169516,0.9614740368509211,0.012612612612612612,0.9390593047034764,D036,target_threshold_calibration,"{""margin"": 0.05, ""max_threshold_drop"": 0.1, ""method"": ""target_threshold_calibration""}",True,False,5,True
0.000476166758272778,0.9212442091330244,0.0,0.8539877300613496,D036,stage1_threshold_calibration,"{""margin"": 0.05, ""max_threshold_drop"": 0.1, ""method"": ""stage1_threshold_calibration""}",True,False,5,True
0.0023766394134007163,0.9231446817881523,0.0,0.8572597137014315,D036,target_threshold_calibration,"{""margin"": 0.0, ""max_threshold_drop"": 0.2, ""method"": ""target_threshold_calibration""}",True,False,5,True
0.0,0.9207680423747516,0.0,0.8531697341513292,D036,stage1_threshold_calibration,"{""margin"": 0.0, ""max_threshold_drop"": 0.2, ""method"": ""stage1_threshold_calibration""}",True,False,5,True
0.038269119787410544,0.9590371621621622,0.007207207207207207,0.9288343558282208,D036,target_threshold_calibration,"{""margin"": 0.02, ""max_threshold_drop"": 0.2, ""method"": ""target_threshold_calibration""}",True,False,5,True
0.0,0.9207680423747516,0.0,0.8531697341513292,D036,stage1_threshold_calibration,"{""margin"": 0.02, ""max_threshold_drop"": 0.2, ""method"": ""stage1_threshold_calibration""}",True,False,5,True
0.040705994476169516,0.9614740368509211,0.012612612612612612,0.9390593047034764,D036,target_threshold_calibration,"{""margin"": 0.05, ""max_threshold_drop"": 0.2, ""method"": ""target_threshold_calibration""}",True,False,5,True
0.000476166758272778,0.9212442091330244,0.0,0.8539877300613496,D036,stage1_threshold_calibration,"{""margin"": 0.05, ""max_threshold_drop"": 0.2, ""method"": ""stage1_threshold_calibration""}",True,False,5,True
0.0023766394134007163,0.9231446817881523,0.0,0.8572597137014315,D036,target_threshold_calibration,"{""margin"": 0.0, ""max_threshold_drop"": 0.3, ""method"": ""target_threshold_calibration""}",True,False,5,True
0.0,0.9207680423747516,0.0,0.8531697341513292,D036,stage1_threshold_calibration,"{""margin"": 0.0, ""max_threshold_drop"": 0.3, ""method"": ""stage1_threshold_calibration""}",True,False,5,True
0.038269119787410544,0.9590371621621622,0.007207207207207207,0.9288343558282208,D036,target_threshold_calibration,"{""margin"": 0.02, ""max_threshold_drop"": 0.3, ""method"": ""target_threshold_calibration""}",True,False,5,True
0.0,0.9207680423747516,0.0,0.8531697341513292,D036,stage1_threshold_calibration,"{""margin"": 0.02, ""max_threshold_drop"": 0.3, ""method"": ""stage1_threshold_calibration""}",True,False,5,True
0.040705994476169516,0.9614740368509211,0.012612612612612612,0.9390593047034764,D036,target_threshold_calibration,"{""margin"": 0.05, ""max_threshold_drop"": 0.3, ""method"": ""target_threshold_calibration""}",True,False,5,True
0.000476166758272778,0.9212442091330244,0.0,0.8539877300613496,D036,stage1_threshold_calibration,"{""margin"": 0.05, ""max_threshold_drop"": 0.3, ""method"": ""stage1_threshold_calibration""}",True,False,5,True
0.04059991202676827,0.9613679544015199,0.005405405405405406,0.9312883435582822,D036,positive_bias,"{""bias"": 0.1, ""method"": ""positive_bias""}",True,False,5,True
0.04323363196597674,0.9640016743407284,0.010810810810810811,0.941922290388548,D036,positive_bias,"{""bias"": 0.25, ""method"": ""positive_bias""}",True,False,5,True
0.045397371159083044,0.9661654135338347,0.010810810810810811,0.9460122699386503,D036,positive_bias,"{""bias"": 0.5, ""method"": ""positive_bias""}",True,False,5,True
0.04718867839095786,0.9679567207657095,0.012612612612612612,0.9513292433537832,D036,positive_bias,"{""bias"": 1.0, ""method"": ""positive_bias""}",True,True,5,True
0.04287591917978251,0.9636439615545341,0.012612612612612612,0.9431492842535787,D036,target_prototype_fusion,"{""cosine_threshold"": 0.7, ""method"": ""target_prototype_fusion""}",True,False,5,True
0.04200903834461278,0.9627770807193644,0.012612612612612612,0.9415132924335379,D036,target_prototype_fusion,"{""cosine_threshold"": 0.75, ""method"": ""target_prototype_fusion""}",True,False,5,True
0.03961762100818689,0.9603856633829385,0.012612612612612612,0.9370143149284254,D036,target_prototype_fusion,"{""cosine_threshold"": 0.8, ""method"": ""target_prototype_fusion""}",True,False,5,True
0.03997098764834317,0.9607390300230948,0.010810810810810811,0.9357873210633947,D036,target_prototype_fusion,"{""cosine_threshold"": 0.85, ""method"": ""target_prototype_fusion""}",True,False,5,True
0.04046246752832461,0.9612305099030762,0.007207207207207207,0.9329243353783231,D036,target_prototype_fusion,"{""cosine_threshold"": 0.9, ""method"": ""target_prototype_fusion""}",True,False,5,True
0.0,0.9230479064503961,0.0,0.8570928196147111,D037,no_adaptation,"{""method"": ""no_adaptation""}",True,False,3,False
0.004651624066035809,0.927699530516432,0.0,0.8651488616462347,D037,target_threshold_calibration,"{""margin"": 0.0, ""max_threshold_drop"": 0.05, ""method"": ""target_threshold_calibration""}",True,False,3,True
0.0,0.9230479064503961,0.0,0.8570928196147111,D037,stage1_threshold_calibration,"{""margin"": 0.0, ""max_threshold_drop"": 0.05, ""method"": ""stage1_threshold_calibration""}",True,False,3,True
0.036416443893433015,0.9594643503438292,0.007366482504604052,0.9285464098073555,D037,target_threshold_calibration,"{""margin"": 0.02, ""max_threshold_drop"": 0.05, ""method"": ""target_threshold_calibration""}",True,False,3,True
0.0,0.9230479064503961,0.0,0.8570928196147111,D037,stage1_threshold_calibration,"{""margin"": 0.02, ""max_threshold_drop"": 0.05, ""method"": ""stage1_threshold_calibration""}",True,False,3,True
0.03869091158445204,0.9617388180348482,0.01289134438305709,0.9376532399299474,D037,target_threshold_calibration,"{""margin"": 0.05, ""max_threshold_drop"": 0.05, ""method"": ""target_threshold_calibration""}",True,False,3,True
0.0004060905330125486,0.9234539969834087,0.0,0.8577933450087566,D037,stage1_threshold_calibration,"{""margin"": 0.05, ""max_threshold_drop"": 0.05, ""method"": ""stage1_threshold_calibration""}",True,False,3,True
0.004651624066035809,0.927699530516432,0.0,0.8651488616462347,D037,target_threshold_calibration,"{""margin"": 0.0, ""max_threshold_drop"": 0.1, ""method"": ""target_threshold_calibration""}",True,False,3,True
0.0,0.9230479064503961,0.0,0.8570928196147111,D037,stage1_threshold_calibration,"{""margin"": 0.0, ""max_threshold_drop"": 0.1, ""method"": ""stage1_threshold_calibration""}",True,False,3,True
0.036416443893433015,0.9594643503438292,0.007366482504604052,0.9285464098073555,D037,target_threshold_calibration,"{""margin"": 0.02, ""max_threshold_drop"": 0.1, ""method"": ""target_threshold_calibration""}",True,False,3,True
0.0,0.9230479064503961,0.0,0.8570928196147111,D037,stage1_threshold_calibration,"{""margin"": 0.02, ""max_threshold_drop"": 0.1, ""method"": ""stage1_threshold_calibration""}",True,False,3,True
0.03869091158445204,0.9617388180348482,0.01289134438305709,0.9376532399299474,D037,target_threshold_calibration,"{""margin"": 0.05, ""max_threshold_drop"": 0.1, ""method"": ""target_threshold_calibration""}",True,False,3,True
0.0004060905330125486,0.9234539969834087,0.0,0.8577933450087566,D037,stage1_threshold_calibration,"{""margin"": 0.05, ""max_threshold_drop"": 0.1, ""method"": ""stage1_threshold_calibration""}",True,False,3,True
0.005054214818610903,0.928102121269007,0.0,0.8658493870402802,D037,target_threshold_calibration,"{""margin"": 0.0, ""max_threshold_drop"": 0.2, ""method"": ""target_threshold_calibration""}",True,False,3,True
0.0,0.9230479064503961,0.0,0.8570928196147111,D037,stage1_threshold_calibration,"{""margin"": 0.0, ""max_threshold_drop"": 0.2, ""method"": ""stage1_threshold_calibration""}",True,False,3,True
0.03679290396928547,0.9598408104196816,0.007366482504604052,0.929246935201401,D037,target_threshold_calibration,"{""margin"": 0.02, ""max_threshold_drop"": 0.2, ""method"": ""target_threshold_calibration""}",True,False,3,True
0.0,0.9230479064503961,0.0,0.8570928196147111,D037,stage1_threshold_calibration,"{""margin"": 0.02, ""max_threshold_drop"": 0.2, ""method"": ""stage1_threshold_calibration""}",True,False,3,True
0.039063783260503526,0.9621116897108997,0.01289134438305709,0.938353765323993,D037,target_threshold_calibration,"{""margin"": 0.05, ""max_threshold_drop"": 0.2, ""method"": ""target_threshold_calibration""}",True,False,3,True
0.0004060905330125486,0.9234539969834087,0.0,0.8577933450087566,D037,stage1_threshold_calibration,"{""margin"": 0.05, ""max_threshold_drop"": 0.2, ""method"": ""stage1_threshold_calibration""}",True,False,3,True
0.005456503382593181,0.9285044098329893,0.0,0.8665499124343258,D037,target_threshold_calibration,"{""margin"": 0.0, ""max_threshold_drop"": 0.3, ""method"": ""target_threshold_calibration""}",True,False,3,True
0.0,0.9230479064503961,0.0,0.8570928196147111,D037,stage1_threshold_calibration,"{""margin"": 0.0, ""max_threshold_drop"": 0.3, ""method"": ""stage1_threshold_calibration""}",True,False,3,True
0.037169091741285576,0.9602169981916817,0.007366482504604052,0.9299474605954466,D037,target_threshold_calibration,"{""margin"": 0.02, ""max_threshold_drop"": 0.3, ""method"": ""target_threshold_calibration""}",True,False,3,True
0.0,0.9230479064503961,0.0,0.8570928196147111,D037,stage1_threshold_calibration,"{""margin"": 0.02, ""max_threshold_drop"": 0.3, ""method"": ""stage1_threshold_calibration""}",True,False,3,True
0.03943638721321896,0.9624842936636151,0.01289134438305709,0.9390542907180385,D037,target_threshold_calibration,"{""margin"": 0.05, ""max_threshold_drop"": 0.3, ""method"": ""target_threshold_calibration""}",True,False,3,True
0.0004060905330125486,0.9234539969834087,0.0,0.8577933450087566,D037,stage1_threshold_calibration,"{""margin"": 0.05, ""max_threshold_drop"": 0.3, ""method"": ""stage1_threshold_calibration""}",True,False,3,True
0.03709702108583568,0.9601449275362318,0.0055248618784530384,0.9281961471103327,D037,positive_bias,"{""bias"": 0.1, ""method"": ""positive_bias""}",True,False,3,True
0.04030099760997041,0.9633489040603666,0.011049723756906077,0.9390542907180385,D037,positive_bias,"{""bias"": 0.25, ""method"": ""positive_bias""}",True,False,3,True
0.04123139708577339,0.9642793035361695,0.011049723756906077,0.9408056042031524,D037,positive_bias,"{""bias"": 0.5, ""method"": ""positive_bias""}",True,False,3,True
0.04333263718336633,0.9663805436337625,0.01289134438305709,0.9464098073555166,D037,positive_bias,"{""bias"": 1.0, ""method"": ""positive_bias""}",True,True,3,True
0.037009668216750224,0.9600575746671464,0.01289134438305709,0.9345008756567426,D037,target_prototype_fusion,"{""cosine_threshold"": 0.7, ""method"": ""target_prototype_fusion""}",True,False,3,True
0.035885811128854694,0.9589337175792508,0.01289134438305709,0.932399299474606,D037,target_prototype_fusion,"{""cosine_threshold"": 0.75, ""method"": ""target_prototype_fusion""}",True,False,3,True
0.03532297118521388,0.95837087763561,0.01289134438305709,0.9313485113835377,D037,target_prototype_fusion,"{""cosine_threshold"": 0.8, ""method"": ""target_prototype_fusion""}",True,False,3,True
0.035999540780345396,0.9590474472307415,0.011049723756906077,0.9309982486865149,D037,target_prototype_fusion,"{""cosine_threshold"": 0.85, ""method"": ""target_prototype_fusion""}",True,False,3,True
0.036416443893433015,0.9594643503438292,0.007366482504604052,0.9285464098073555,D037,target_prototype_fusion,"{""cosine_threshold"": 0.9, ""method"": ""target_prototype_fusion""}",True,False,3,True
0.0,0.9256198347107438,0.0,0.8615384615384616,D037,no_adaptation,"{""method"": ""no_adaptation""}",True,False,5,False
0.00227189715645848,0.9278917318672023,0.0,0.8654832347140039,D037,target_threshold_calibration,"{""margin"": 0.0, ""max_threshold_drop"": 0.05, ""method"": ""target_threshold_calibration""}",True,False,5,True
0.0,0.9256198347107438,0.0,0.8615384615384616,D037,stage1_threshold_calibration,"{""margin"": 0.0, ""max_threshold_drop"": 0.05, ""method"": ""stage1_threshold_calibration""}",True,False,5,True
0.03597333740874409,0.9615931721194879,0.007434944237918215,0.9333333333333333,D037,target_threshold_calibration,"{""margin"": 0.02, ""max_threshold_drop"": 0.05, ""method"": ""target_threshold_calibration""}",True,False,5,True
0.0,0.9256198347107438,0.0,0.8615384615384616,D037,stage1_threshold_calibration,"{""margin"": 0.02, ""max_threshold_drop"": 0.05, ""method"": ""stage1_threshold_calibration""}",True,False,5,True
0.03829873009473894,0.9639185648054828,0.013011152416356878,0.9431952662721893,D037,target_threshold_calibration,"{""margin"": 0.05, ""max_threshold_drop"": 0.05, ""method"": ""target_threshold_calibration""}",True,False,5,True
0.0004551494027914549,0.9260749841135353,0.0,0.86232741617357,D037,stage1_threshold_calibration,"{""margin"": 0.05, ""max_threshold_drop"": 0.05, ""method"": ""stage1_threshold_calibration""}",True,False,5,True
0.00227189715645848,0.9278917318672023,0.0,0.8654832347140039,D037,target_threshold_calibration,"{""margin"": 0.0, ""max_threshold_drop"": 0.1, ""method"": ""target_threshold_calibration""}",True,False,5,True
0.0,0.9256198347107438,0.0,0.8615384615384616,D037,stage1_threshold_calibration,"{""margin"": 0.0, ""max_threshold_drop"": 0.1, ""method"": ""stage1_threshold_calibration""}",True,False,5,True
0.03597333740874409,0.9615931721194879,0.007434944237918215,0.9333333333333333,D037,target_threshold_calibration,"{""margin"": 0.02, ""max_threshold_drop"": 0.1, ""method"": ""target_threshold_calibration""}",True,False,5,True
0.0,0.9256198347107438,0.0,0.8615384615384616,D037,stage1_threshold_calibration,"{""margin"": 0.02, ""max_threshold_drop"": 0.1, ""method"": ""stage1_threshold_calibration""}",True,False,5,True
0.03829873009473894,0.9639185648054828,0.013011152416356878,0.9431952662721893,D037,target_threshold_calibration,"{""margin"": 0.05, ""max_threshold_drop"": 0.1, ""method"": ""target_threshold_calibration""}",True,False,5,True
0.0004551494027914549,0.9260749841135353,0.0,0.86232741617357,D037,stage1_threshold_calibration,"{""margin"": 0.05, ""max_threshold_drop"": 0.1, ""method"": ""stage1_threshold_calibration""}",True,False,5,True
0.00227189715645848,0.9278917318672023,0.0,0.8654832347140039,D037,target_threshold_calibration,"{""margin"": 0.0, ""max_threshold_drop"": 0.2, ""method"": ""target_threshold_calibration""}",True,False,5,True
0.0,0.9256198347107438,0.0,0.8615384615384616,D037,stage1_threshold_calibration,"{""margin"": 0.0, ""max_threshold_drop"": 0.2, ""method"": ""stage1_threshold_calibration""}",True,False,5,True
0.03597333740874409,0.9615931721194879,0.007434944237918215,0.9333333333333333,D037,target_threshold_calibration,"{""margin"": 0.02, ""max_threshold_drop"": 0.2, ""method"": ""target_threshold_calibration""}",True,False,5,True
0.0,0.9256198347107438,0.0,0.8615384615384616,D037,stage1_threshold_calibration,"{""margin"": 0.02, ""max_threshold_drop"": 0.2, ""method"": ""stage1_threshold_calibration""}",True,False,5,True
0.03829873009473894,0.9639185648054828,0.013011152416356878,0.9431952662721893,D037,target_threshold_calibration,"{""margin"": 0.05, ""max_threshold_drop"": 0.2, ""method"": ""target_threshold_calibration""}",True,False,5,True
0.0004551494027914549,0.9260749841135353,0.0,0.86232741617357,D037,stage1_threshold_calibration,"{""margin"": 0.05, ""max_threshold_drop"": 0.2, ""method"": ""stage1_threshold_calibration""}",True,False,5,True
0.00227189715645848,0.9278917318672023,0.0,0.8654832347140039,D037,target_threshold_calibration,"{""margin"": 0.0, ""max_threshold_drop"": 0.3, ""method"": ""target_threshold_calibration""}",True,False,5,True
0.0,0.9256198347107438,0.0,0.8615384615384616,D037,stage1_threshold_calibration,"{""margin"": 0.0, ""max_threshold_drop"": 0.3, ""method"": ""stage1_threshold_calibration""}",True,False,5,True
0.03597333740874409,0.9615931721194879,0.007434944237918215,0.9333333333333333,D037,target_threshold_calibration,"{""margin"": 0.02, ""max_threshold_drop"": 0.3, ""method"": ""target_threshold_calibration""}",True,False,5,True
0.0,0.9256198347107438,0.0,0.8615384615384616,D037,stage1_threshold_calibration,"{""margin"": 0.02, ""max_threshold_drop"": 0.3, ""method"": ""stage1_threshold_calibration""}",True,False,5,True
0.03829873009473894,0.9639185648054828,0.013011152416356878,0.9431952662721893,D037,target_threshold_calibration,"{""margin"": 0.05, ""max_threshold_drop"": 0.3, ""method"": ""target_threshold_calibration""}",True,False,5,True
0.0004551494027914549,0.9260749841135353,0.0,0.86232741617357,D037,stage1_threshold_calibration,"{""margin"": 0.05, ""max_threshold_drop"": 0.3, ""method"": ""stage1_threshold_calibration""}",True,False,5,True
0.038216004379057145,0.963835839089801,0.0055762081784386614,0.9357001972386588,D037,positive_bias,"{""bias"": 0.1, ""method"": ""positive_bias""}",True,False,5,True
0.040731162669872756,0.9663509973806166,0.011152416356877323,0.945956607495069,D037,positive_bias,"{""bias"": 0.25, ""method"": ""positive_bias""}",True,False,5,True
0.041771469637082226,0.967391304347826,0.011152416356877323,0.9479289940828403,D037,positive_bias,"{""bias"": 0.5, ""method"": ""positive_bias""}",True,False,5,True
0.04349368313923607,0.9691135178499799,0.013011152416356878,0.9530571992110454,D037,positive_bias,"{""bias"": 1.0, ""method"": ""positive_bias""}",True,True,5,True
0.039341905120105936,0.9649617398308498,0.013011152416356878,0.9451676528599605,D037,target_prototype_fusion,"{""cosine_threshold"": 0.7, ""method"": ""target_prototype_fusion""}",True,False,5,True
0.038507533286031737,0.9641273679967756,0.013011152416356878,0.9435897435897436,D037,target_prototype_fusion,"{""cosine_threshold"": 0.75, ""method"": ""target_prototype_fusion""}",True,False,5,True
0.03725345019643944,0.9628732849071833,0.013011152416356878,0.9412228796844182,D037,target_prototype_fusion,"{""cosine_threshold"": 0.8, ""method"": ""target_prototype_fusion""}",True,False,5,True
0.03759762688990298,0.9632174616006468,0.011152416356877323,0.9400394477317554,D037,target_prototype_fusion,"{""cosine_threshold"": 0.85, ""method"": ""target_prototype_fusion""}",True,False,5,True
0.03807921213573762,0.9636990468464814,0.007434944237918215,0.9372781065088758,D037,target_prototype_fusion,"{""cosine_threshold"": 0.9, ""method"": ""target_prototype_fusion""}",True,False,5,True
