change_label,changed_stage,delta_f1,delta_fpr,delta_recall,doctor_alias,f1,final_false_accepts,fpr,fpr_unstable,method,negative_query_count,positive_query_count,precision,recall,safety_pass,shot,stage1_misses,stage2_rejects,support_seed,zero_f1,zero_fpr,zero_precision,zero_recall
unchanged,stage1,0.0,0.0,0.0,D001,0.7272727272727273,0,0.0,False,stage1_finetune_bias_only,30,21,1.0,0.5714285714285714,True,3,2,7,20260620,0.7272727272727273,0.0,1.0,0.5714285714285714
unchanged,stage1,0.0,0.0,0.0,D001,0.7272727272727273,0,0.0,False,stage1_finetune_head,30,21,1.0,0.5714285714285714,True,3,2,7,20260620,0.7272727272727273,0.0,1.0,0.5714285714285714
unchanged,stage1+stage2,0.0,0.0,0.0,D001,0.7272727272727273,0,0.0,False,stage1_stage2_combined,30,21,1.0,0.5714285714285714,True,3,2,7,20260620,0.7272727272727273,0.0,1.0,0.5714285714285714
improved,stage2,0.16746411483253587,0.0,0.23809523809523814,D001,0.8947368421052632,0,0.0,False,stage2_cosine_prototype,30,21,1.0,0.8095238095238095,True,3,2,7,20260620,0.7272727272727273,0.0,1.0,0.5714285714285714
unchanged,stage2,0.0,0.0,0.0,D001,0.7272727272727273,0,0.0,False,stage2_finetune_bias_only,30,21,1.0,0.5714285714285714,True,3,2,7,20260620,0.7272727272727273,0.0,1.0,0.5714285714285714
unchanged,stage2,0.0,0.0,0.0,D001,0.7272727272727273,0,0.0,False,stage2_finetune_head,30,21,1.0,0.5714285714285714,True,3,2,7,20260620,0.7272727272727273,0.0,1.0,0.5714285714285714
improved,stage2,0.16746411483253587,0.0,0.23809523809523814,D001,0.8947368421052632,0,0.0,False,stage2_positive_bias,30,21,1.0,0.8095238095238095,True,3,2,7,20260620,0.7272727272727273,0.0,1.0,0.5714285714285714
unchanged,none,0.0,0.0,0.0,D001,0.7272727272727273,0,0.0,False,zero_shot,30,21,1.0,0.5714285714285714,True,3,2,7,20260620,0.7272727272727273,0.0,1.0,0.5714285714285714
unchanged,stage1,0.0,0.0,0.0,D001,0.7272727272727273,0,0.0,False,stage1_finetune_bias_only,30,21,1.0,0.5714285714285714,True,3,1,8,20260621,0.7272727272727273,0.0,1.0,0.5714285714285714
unchanged,stage1,0.0,0.0,0.0,D001,0.7272727272727273,0,0.0,False,stage1_finetune_head,30,21,1.0,0.5714285714285714,True,3,1,8,20260621,0.7272727272727273,0.0,1.0,0.5714285714285714
unchanged,stage1+stage2,0.0,0.0,0.0,D001,0.7272727272727273,0,0.0,False,stage1_stage2_combined,30,21,1.0,0.5714285714285714,True,3,1,8,20260621,0.7272727272727273,0.0,1.0,0.5714285714285714
degraded,stage2,-0.4772727272727273,0.0,-0.42857142857142855,D001,0.25,0,0.0,False,stage2_cosine_prototype,30,21,1.0,0.14285714285714285,True,3,1,8,20260621,0.7272727272727273,0.0,1.0,0.5714285714285714
unchanged,stage2,0.0,0.0,0.0,D001,0.7272727272727273,0,0.0,False,stage2_finetune_bias_only,30,21,1.0,0.5714285714285714,True,3,1,8,20260621,0.7272727272727273,0.0,1.0,0.5714285714285714
unchanged,stage2,0.0,0.0,0.0,D001,0.7272727272727273,0,0.0,False,stage2_finetune_head,30,21,1.0,0.5714285714285714,True,3,1,8,20260621,0.7272727272727273,0.0,1.0,0.5714285714285714
improved,stage2,0.19580419580419572,0.0,0.2857142857142857,D001,0.923076923076923,0,0.0,False,stage2_positive_bias,30,21,1.0,0.8571428571428571,True,3,1,8,20260621,0.7272727272727273,0.0,1.0,0.5714285714285714
unchanged,none,0.0,0.0,0.0,D001,0.7272727272727273,0,0.0,False,zero_shot,30,21,1.0,0.5714285714285714,True,3,1,8,20260621,0.7272727272727273,0.0,1.0,0.5714285714285714
unchanged,stage1,0.0,0.0,0.0,D001,0.7272727272727273,0,0.0,False,stage1_finetune_bias_only,30,21,1.0,0.5714285714285714,True,3,2,7,20260622,0.7272727272727273,0.0,1.0,0.5714285714285714
unchanged,stage1,0.0,0.0,0.0,D001,0.7272727272727273,0,0.0,False,stage1_finetune_head,30,21,1.0,0.5714285714285714,True,3,2,7,20260622,0.7272727272727273,0.0,1.0,0.5714285714285714
unchanged,stage1+stage2,0.0,0.0,0.0,D001,0.7272727272727273,0,0.0,False,stage1_stage2_combined,30,21,1.0,0.5714285714285714,True,3,2,7,20260622,0.7272727272727273,0.0,1.0,0.5714285714285714
improved,stage2,0.10606060606060597,0.0,0.1428571428571429,D001,0.8333333333333333,0,0.0,False,stage2_cosine_prototype,30,21,1.0,0.7142857142857143,True,3,2,7,20260622,0.7272727272727273,0.0,1.0,0.5714285714285714
unchanged,stage2,0.0,0.0,0.0,D001,0.7272727272727273,0,0.0,False,stage2_finetune_bias_only,30,21,1.0,0.5714285714285714,True,3,2,7,20260622,0.7272727272727273,0.0,1.0,0.5714285714285714
unchanged,stage2,0.0,0.0,0.0,D001,0.7272727272727273,0,0.0,False,stage2_finetune_head,30,21,1.0,0.5714285714285714,True,3,2,7,20260622,0.7272727272727273,0.0,1.0,0.5714285714285714
improved,stage2,0.10606060606060597,0.0,0.1428571428571429,D001,0.8333333333333333,0,0.0,False,stage2_positive_bias,30,21,1.0,0.7142857142857143,True,3,2,7,20260622,0.7272727272727273,0.0,1.0,0.5714285714285714
unchanged,none,0.0,0.0,0.0,D001,0.7272727272727273,0,0.0,False,zero_shot,30,21,1.0,0.5714285714285714,True,3,2,7,20260622,0.7272727272727273,0.0,1.0,0.5714285714285714
unchanged,stage1,0.0,0.0,0.0,D001,0.6875000000000001,0,0.0,False,stage1_finetune_bias_only,30,21,1.0,0.5238095238095238,True,3,2,8,20260623,0.6875000000000001,0.0,1.0,0.5238095238095238
unchanged,stage1,0.0,0.0,0.0,D001,0.6875000000000001,0,0.0,False,stage1_finetune_head,30,21,1.0,0.5238095238095238,True,3,2,8,20260623,0.6875000000000001,0.0,1.0,0.5238095238095238
unchanged,stage1+stage2,0.0,0.0,0.0,D001,0.6875000000000001,0,0.0,False,stage1_stage2_combined,30,21,1.0,0.5238095238095238,True,3,2,8,20260623,0.6875000000000001,0.0,1.0,0.5238095238095238
improved,stage2,0.14583333333333315,0.0,0.19047619047619047,D001,0.8333333333333333,0,0.0,False,stage2_cosine_prototype,30,21,1.0,0.7142857142857143,True,3,2,8,20260623,0.6875000000000001,0.0,1.0,0.5238095238095238
unchanged,stage2,0.0,0.0,0.0,D001,0.6875000000000001,0,0.0,False,stage2_finetune_bias_only,30,21,1.0,0.5238095238095238,True,3,2,8,20260623,0.6875000000000001,0.0,1.0,0.5238095238095238
unchanged,stage2,0.0,0.0,0.0,D001,0.6875000000000001,0,0.0,False,stage2_finetune_head,30,21,1.0,0.5238095238095238,True,3,2,8,20260623,0.6875000000000001,0.0,1.0,0.5238095238095238
improved,stage2,0.11249999999999993,0.0,0.1428571428571428,D001,0.8,0,0.0,False,stage2_positive_bias,30,21,1.0,0.6666666666666666,True,3,2,8,20260623,0.6875000000000001,0.0,1.0,0.5238095238095238
unchanged,none,0.0,0.0,0.0,D001,0.6875000000000001,0,0.0,False,zero_shot,30,21,1.0,0.5238095238095238,True,3,2,8,20260623,0.6875000000000001,0.0,1.0,0.5238095238095238
unchanged,stage1,0.0,0.0,0.0,D001,0.6875000000000001,0,0.0,False,stage1_finetune_bias_only,30,21,1.0,0.5238095238095238,True,3,2,8,20260624,0.6875000000000001,0.0,1.0,0.5238095238095238
unchanged,stage1,0.0,0.0,0.0,D001,0.6875000000000001,0,0.0,False,stage1_finetune_head,30,21,1.0,0.5238095238095238,True,3,2,8,20260624,0.6875000000000001,0.0,1.0,0.5238095238095238
unchanged,stage1+stage2,0.0,0.0,0.0,D001,0.6875000000000001,0,0.0,False,stage1_stage2_combined,30,21,1.0,0.5238095238095238,True,3,2,8,20260624,0.6875000000000001,0.0,1.0,0.5238095238095238
improved,stage2,0.1773648648648647,0.0,0.23809523809523803,D001,0.8648648648648648,0,0.0,False,stage2_cosine_prototype,30,21,1.0,0.7619047619047619,True,3,2,8,20260624,0.6875000000000001,0.0,1.0,0.5238095238095238
unchanged,stage2,0.0,0.0,0.0,D001,0.6875000000000001,0,0.0,False,stage2_finetune_bias_only,30,21,1.0,0.5238095238095238,True,3,2,8,20260624,0.6875000000000001,0.0,1.0,0.5238095238095238
unchanged,stage2,0.0,0.0,0.0,D001,0.6875000000000001,0,0.0,False,stage2_finetune_head,30,21,1.0,0.5238095238095238,True,3,2,8,20260624,0.6875000000000001,0.0,1.0,0.5238095238095238
improved,stage2,0.20723684210526305,0.0,0.2857142857142857,D001,0.8947368421052632,0,0.0,False,stage2_positive_bias,30,21,1.0,0.8095238095238095,True,3,2,8,20260624,0.6875000000000001,0.0,1.0,0.5238095238095238
unchanged,none,0.0,0.0,0.0,D001,0.6875000000000001,0,0.0,False,zero_shot,30,21,1.0,0.5238095238095238,True,3,2,8,20260624,0.6875000000000001,0.0,1.0,0.5238095238095238
unchanged,stage1,0.0,0.0,0.0,D001,0.7333333333333334,0,0.0,False,stage1_finetune_bias_only,30,19,1.0,0.5789473684210527,True,5,2,6,20260620,0.7333333333333334,0.0,1.0,0.5789473684210527
unchanged,stage1,0.0,0.0,0.0,D001,0.7333333333333334,0,0.0,False,stage1_finetune_head,30,19,1.0,0.5789473684210527,True,5,2,6,20260620,0.7333333333333334,0.0,1.0,0.5789473684210527
unchanged,stage1+stage2,0.0,0.0,0.0,D001,0.7333333333333334,0,0.0,False,stage1_stage2_combined,30,19,1.0,0.5789473684210527,True,5,2,6,20260620,0.7333333333333334,0.0,1.0,0.5789473684210527
improved,stage2,0.14901960784313717,0.0,0.21052631578947367,D001,0.8823529411764706,0,0.0,False,stage2_cosine_prototype,30,19,1.0,0.7894736842105263,True,5,2,6,20260620,0.7333333333333334,0.0,1.0,0.5789473684210527
unchanged,stage2,0.0,0.0,0.0,D001,0.7333333333333334,0,0.0,False,stage2_finetune_bias_only,30,19,1.0,0.5789473684210527,True,5,2,6,20260620,0.7333333333333334,0.0,1.0,0.5789473684210527
unchanged,stage2,0.0,0.0,0.0,D001,0.7333333333333334,0,0.0,False,stage2_finetune_head,30,19,1.0,0.5789473684210527,True,5,2,6,20260620,0.7333333333333334,0.0,1.0,0.5789473684210527
improved,stage2,0.14901960784313717,0.0,0.21052631578947367,D001,0.8823529411764706,0,0.0,False,stage2_positive_bias,30,19,1.0,0.7894736842105263,True,5,2,6,20260620,0.7333333333333334,0.0,1.0,0.5789473684210527
unchanged,none,0.0,0.0,0.0,D001,0.7333333333333334,0,0.0,False,zero_shot,30,19,1.0,0.5789473684210527,True,5,2,6,20260620,0.7333333333333334,0.0,1.0,0.5789473684210527
unchanged,stage1,0.0,0.0,0.0,D001,0.6896551724137931,0,0.0,False,stage1_finetune_bias_only,30,19,1.0,0.5263157894736842,True,5,1,8,20260621,0.6896551724137931,0.0,1.0,0.5263157894736842
unchanged,stage1,0.0,0.0,0.0,D001,0.6896551724137931,0,0.0,False,stage1_finetune_head,30,19,1.0,0.5263157894736842,True,5,1,8,20260621,0.6896551724137931,0.0,1.0,0.5263157894736842
unchanged,stage1+stage2,0.0,0.0,0.0,D001,0.6896551724137931,0,0.0,False,stage1_stage2_combined,30,19,1.0,0.5263157894736842,True,5,1,8,20260621,0.6896551724137931,0.0,1.0,0.5263157894736842
improved,stage2,0.1926977687626774,0.0,0.26315789473684215,D001,0.8823529411764706,0,0.0,False,stage2_cosine_prototype,30,19,1.0,0.7894736842105263,True,5,1,8,20260621,0.6896551724137931,0.0,1.0,0.5263157894736842
unchanged,stage2,0.0,0.0,0.0,D001,0.6896551724137931,0,0.0,False,stage2_finetune_bias_only,30,19,1.0,0.5263157894736842,True,5,1,8,20260621,0.6896551724137931,0.0,1.0,0.5263157894736842
unchanged,stage2,0.0,0.0,0.0,D001,0.6896551724137931,0,0.0,False,stage2_finetune_head,30,19,1.0,0.5263157894736842,True,5,1,8,20260621,0.6896551724137931,0.0,1.0,0.5263157894736842
improved,stage2,0.1926977687626774,0.0,0.26315789473684215,D001,0.8823529411764706,0,0.0,False,stage2_positive_bias,30,19,1.0,0.7894736842105263,True,5,1,8,20260621,0.6896551724137931,0.0,1.0,0.5263157894736842
unchanged,none,0.0,0.0,0.0,D001,0.6896551724137931,0,0.0,False,zero_shot,30,19,1.0,0.5263157894736842,True,5,1,8,20260621,0.6896551724137931,0.0,1.0,0.5263157894736842
unchanged,stage1,0.0,0.0,0.0,D001,0.6896551724137931,0,0.0,False,stage1_finetune_bias_only,30,19,1.0,0.5263157894736842,True,5,2,7,20260622,0.6896551724137931,0.0,1.0,0.5263157894736842
unchanged,stage1,0.0,0.0,0.0,D001,0.6896551724137931,0,0.0,False,stage1_finetune_head,30,19,1.0,0.5263157894736842,True,5,2,7,20260622,0.6896551724137931,0.0,1.0,0.5263157894736842
unchanged,stage1+stage2,0.0,0.0,0.0,D001,0.6896551724137931,0,0.0,False,stage1_stage2_combined,30,19,1.0,0.5263157894736842,True,5,2,7,20260622,0.6896551724137931,0.0,1.0,0.5263157894736842
improved,stage2,0.12284482758620696,0.0,0.1578947368421053,D001,0.8125000000000001,0,0.0,False,stage2_cosine_prototype,30,19,1.0,0.6842105263157895,True,5,2,7,20260622,0.6896551724137931,0.0,1.0,0.5263157894736842
unchanged,stage2,0.0,0.0,0.0,D001,0.6896551724137931,0,0.0,False,stage2_finetune_bias_only,30,19,1.0,0.5263157894736842,True,5,2,7,20260622,0.6896551724137931,0.0,1.0,0.5263157894736842
unchanged,stage2,0.0,0.0,0.0,D001,0.6896551724137931,0,0.0,False,stage2_finetune_head,30,19,1.0,0.5263157894736842,True,5,2,7,20260622,0.6896551724137931,0.0,1.0,0.5263157894736842
improved,stage2,0.12284482758620696,0.0,0.1578947368421053,D001,0.8125000000000001,0,0.0,False,stage2_positive_bias,30,19,1.0,0.6842105263157895,True,5,2,7,20260622,0.6896551724137931,0.0,1.0,0.5263157894736842
unchanged,none,0.0,0.0,0.0,D001,0.6896551724137931,0,0.0,False,zero_shot,30,19,1.0,0.5263157894736842,True,5,2,7,20260622,0.6896551724137931,0.0,1.0,0.5263157894736842
unchanged,stage1,0.0,0.0,0.0,D001,0.6896551724137931,0,0.0,False,stage1_finetune_bias_only,30,19,1.0,0.5263157894736842,True,5,2,7,20260623,0.6896551724137931,0.0,1.0,0.5263157894736842
unchanged,stage1,0.0,0.0,0.0,D001,0.6896551724137931,0,0.0,False,stage1_finetune_head,30,19,1.0,0.5263157894736842,True,5,2,7,20260623,0.6896551724137931,0.0,1.0,0.5263157894736842
unchanged,stage1+stage2,0.0,0.0,0.0,D001,0.6896551724137931,0,0.0,False,stage1_stage2_combined,30,19,1.0,0.5263157894736842,True,5,2,7,20260623,0.6896551724137931,0.0,1.0,0.5263157894736842
improved,stage2,0.12284482758620696,0.0,0.1578947368421053,D001,0.8125000000000001,0,0.0,False,stage2_cosine_prototype,30,19,1.0,0.6842105263157895,True,5,2,7,20260623,0.6896551724137931,0.0,1.0,0.5263157894736842
unchanged,stage2,0.0,0.0,0.0,D001,0.6896551724137931,0,0.0,False,stage2_finetune_bias_only,30,19,1.0,0.5263157894736842,True,5,2,7,20260623,0.6896551724137931,0.0,1.0,0.5263157894736842
unchanged,stage2,0.0,0.0,0.0,D001,0.6896551724137931,0,0.0,False,stage2_finetune_head,30,19,1.0,0.5263157894736842,True,5,2,7,20260623,0.6896551724137931,0.0,1.0,0.5263157894736842
improved,stage2,0.0845383759733036,0.0,0.10526315789473684,D001,0.7741935483870968,0,0.0,False,stage2_positive_bias,30,19,1.0,0.631578947368421,True,5,2,7,20260623,0.6896551724137931,0.0,1.0,0.5263157894736842
unchanged,none,0.0,0.0,0.0,D001,0.6896551724137931,0,0.0,False,zero_shot,30,19,1.0,0.5263157894736842,True,5,2,7,20260623,0.6896551724137931,0.0,1.0,0.5263157894736842
unchanged,stage1,0.0,0.0,0.0,D001,0.6428571428571429,0,0.0,False,stage1_finetune_bias_only,30,19,1.0,0.47368421052631576,True,5,2,8,20260624,0.6428571428571429,0.0,1.0,0.47368421052631576
unchanged,stage1,0.0,0.0,0.0,D001,0.6428571428571429,0,0.0,False,stage1_finetune_head,30,19,1.0,0.47368421052631576,True,5,2,8,20260624,0.6428571428571429,0.0,1.0,0.47368421052631576
unchanged,stage1+stage2,0.0,0.0,0.0,D001,0.6428571428571429,0,0.0,False,stage1_stage2_combined,30,19,1.0,0.47368421052631576,True,5,2,8,20260624,0.6428571428571429,0.0,1.0,0.47368421052631576
improved,stage2,0.2056277056277055,0.0,0.2631578947368421,D001,0.8484848484848484,0,0.0,False,stage2_cosine_prototype,30,19,1.0,0.7368421052631579,True,5,2,8,20260624,0.6428571428571429,0.0,1.0,0.47368421052631576
unchanged,stage2,0.0,0.0,0.0,D001,0.6428571428571429,0,0.0,False,stage2_finetune_bias_only,30,19,1.0,0.47368421052631576,True,5,2,8,20260624,0.6428571428571429,0.0,1.0,0.47368421052631576
unchanged,stage2,0.0,0.0,0.0,D001,0.6428571428571429,0,0.0,False,stage2_finetune_head,30,19,1.0,0.47368421052631576,True,5,2,8,20260624,0.6428571428571429,0.0,1.0,0.47368421052631576
improved,stage2,0.2056277056277055,0.0,0.2631578947368421,D001,0.8484848484848484,0,0.0,False,stage2_positive_bias,30,19,1.0,0.7368421052631579,True,5,2,8,20260624,0.6428571428571429,0.0,1.0,0.47368421052631576
unchanged,none,0.0,0.0,0.0,D001,0.6428571428571429,0,0.0,False,zero_shot,30,19,1.0,0.47368421052631576,True,5,2,8,20260624,0.6428571428571429,0.0,1.0,0.47368421052631576
unchanged,stage1,0.0,0.0,0.0,D003,,0,0.0,True,stage1_finetune_bias_only,3,2,,0.0,True,3,2,0,20260620,,0.0,,0.0
unchanged,stage1,0.0,0.0,0.0,D003,,0,0.0,True,stage1_finetune_head,3,2,,0.0,True,3,2,0,20260620,,0.0,,0.0
unchanged,stage1+stage2,0.0,0.0,0.0,D003,,0,0.0,True,stage1_stage2_combined,3,2,,0.0,True,3,2,0,20260620,,0.0,,0.0
unchanged,stage2,0.0,0.0,0.0,D003,,0,0.0,True,stage2_cosine_prototype,3,2,,0.0,True,3,2,0,20260620,,0.0,,0.0
unchanged,stage2,0.0,0.0,0.0,D003,,0,0.0,True,stage2_finetune_bias_only,3,2,,0.0,True,3,2,0,20260620,,0.0,,0.0
unchanged,stage2,0.0,0.0,0.0,D003,,0,0.0,True,stage2_finetune_head,3,2,,0.0,True,3,2,0,20260620,,0.0,,0.0
unchanged,stage2,0.0,0.0,0.0,D003,,0,0.0,True,stage2_positive_bias,3,2,,0.0,True,3,2,0,20260620,,0.0,,0.0
unchanged,none,0.0,0.0,0.0,D003,,0,0.0,True,zero_shot,3,2,,0.0,True,3,2,0,20260620,,0.0,,0.0
unchanged,stage1,0.0,0.0,0.0,D003,,0,0.0,True,stage1_finetune_bias_only,3,2,,0.0,True,3,2,0,20260621,,0.0,,0.0
unchanged,stage1,0.0,0.0,0.0,D003,,0,0.0,True,stage1_finetune_head,3,2,,0.0,True,3,2,0,20260621,,0.0,,0.0
unchanged,stage1+stage2,0.0,0.0,0.0,D003,,0,0.0,True,stage1_stage2_combined,3,2,,0.0,True,3,2,0,20260621,,0.0,,0.0
unchanged,stage2,0.0,0.0,0.0,D003,,0,0.0,True,stage2_cosine_prototype,3,2,,0.0,True,3,2,0,20260621,,0.0,,0.0
unchanged,stage2,0.0,0.0,0.0,D003,,0,0.0,True,stage2_finetune_bias_only,3,2,,0.0,True,3,2,0,20260621,,0.0,,0.0
unchanged,stage2,0.0,0.0,0.0,D003,,0,0.0,True,stage2_finetune_head,3,2,,0.0,True,3,2,0,20260621,,0.0,,0.0
unchanged,stage2,0.0,0.0,0.0,D003,,0,0.0,True,stage2_positive_bias,3,2,,0.0,True,3,2,0,20260621,,0.0,,0.0
unchanged,none,0.0,0.0,0.0,D003,,0,0.0,True,zero_shot,3,2,,0.0,True,3,2,0,20260621,,0.0,,0.0
unchanged,stage1,0.0,0.0,0.0,D003,,0,0.0,True,stage1_finetune_bias_only,3,2,,0.0,True,3,2,0,20260622,,0.0,,0.0
unchanged,stage1,0.0,0.0,0.0,D003,,0,0.0,True,stage1_finetune_head,3,2,,0.0,True,3,2,0,20260622,,0.0,,0.0
unchanged,stage1+stage2,0.0,0.0,0.0,D003,,0,0.0,True,stage1_stage2_combined,3,2,,0.0,True,3,2,0,20260622,,0.0,,0.0
unchanged,stage2,0.0,0.0,0.0,D003,,0,0.0,True,stage2_cosine_prototype,3,2,,0.0,True,3,2,0,20260622,,0.0,,0.0
unchanged,stage2,0.0,0.0,0.0,D003,,0,0.0,True,stage2_finetune_bias_only,3,2,,0.0,True,3,2,0,20260622,,0.0,,0.0
unchanged,stage2,0.0,0.0,0.0,D003,,0,0.0,True,stage2_finetune_head,3,2,,0.0,True,3,2,0,20260622,,0.0,,0.0
unchanged,stage2,0.0,0.0,0.0,D003,,0,0.0,True,stage2_positive_bias,3,2,,0.0,True,3,2,0,20260622,,0.0,,0.0
unchanged,none,0.0,0.0,0.0,D003,,0,0.0,True,zero_shot,3,2,,0.0,True,3,2,0,20260622,,0.0,,0.0
unchanged,stage1,0.0,0.0,0.0,D003,,0,0.0,True,stage1_finetune_bias_only,3,2,,0.0,True,3,2,0,20260623,,0.0,,0.0
unchanged,stage1,0.0,0.0,0.0,D003,,0,0.0,True,stage1_finetune_head,3,2,,0.0,True,3,2,0,20260623,,0.0,,0.0
unchanged,stage1+stage2,0.0,0.0,0.0,D003,,0,0.0,True,stage1_stage2_combined,3,2,,0.0,True,3,2,0,20260623,,0.0,,0.0
unchanged,stage2,0.0,0.0,0.0,D003,,0,0.0,True,stage2_cosine_prototype,3,2,,0.0,True,3,2,0,20260623,,0.0,,0.0
unchanged,stage2,0.0,0.0,0.0,D003,,0,0.0,True,stage2_finetune_bias_only,3,2,,0.0,True,3,2,0,20260623,,0.0,,0.0
unchanged,stage2,0.0,0.0,0.0,D003,,0,0.0,True,stage2_finetune_head,3,2,,0.0,True,3,2,0,20260623,,0.0,,0.0
unchanged,stage2,0.0,0.0,0.0,D003,,0,0.0,True,stage2_positive_bias,3,2,,0.0,True,3,2,0,20260623,,0.0,,0.0
unchanged,none,0.0,0.0,0.0,D003,,0,0.0,True,zero_shot,3,2,,0.0,True,3,2,0,20260623,,0.0,,0.0
unchanged,stage1,0.0,0.0,0.0,D003,,0,0.0,True,stage1_finetune_bias_only,3,2,,0.0,True,3,2,0,20260624,,0.0,,0.0
unchanged,stage1,0.0,0.0,0.0,D003,,0,0.0,True,stage1_finetune_head,3,2,,0.0,True,3,2,0,20260624,,0.0,,0.0
unchanged,stage1+stage2,0.0,0.0,0.0,D003,,0,0.0,True,stage1_stage2_combined,3,2,,0.0,True,3,2,0,20260624,,0.0,,0.0
unchanged,stage2,0.0,0.0,0.0,D003,,0,0.0,True,stage2_cosine_prototype,3,2,,0.0,True,3,2,0,20260624,,0.0,,0.0
unchanged,stage2,0.0,0.0,0.0,D003,,0,0.0,True,stage2_finetune_bias_only,3,2,,0.0,True,3,2,0,20260624,,0.0,,0.0
unchanged,stage2,0.0,0.0,0.0,D003,,0,0.0,True,stage2_finetune_head,3,2,,0.0,True,3,2,0,20260624,,0.0,,0.0
unchanged,stage2,0.0,0.0,0.0,D003,,0,0.0,True,stage2_positive_bias,3,2,,0.0,True,3,2,0,20260624,,0.0,,0.0
unchanged,none,0.0,0.0,0.0,D003,,0,0.0,True,zero_shot,3,2,,0.0,True,3,2,0,20260624,,0.0,,0.0
unchanged,stage1,0.0,0.0,0.0,D004,0.888888888888889,0,0.0,True,stage1_finetune_bias_only,3,10,1.0,0.8,True,3,0,2,20260620,0.888888888888889,0.0,1.0,0.8
unchanged,stage1,0.0,0.0,0.0,D004,0.888888888888889,0,0.0,True,stage1_finetune_head,3,10,1.0,0.8,True,3,0,2,20260620,0.888888888888889,0.0,1.0,0.8
unchanged,stage1+stage2,0.0,0.0,0.0,D004,0.888888888888889,0,0.0,True,stage1_stage2_combined,3,10,1.0,0.8,True,3,0,2,20260620,0.888888888888889,0.0,1.0,0.8
improved,stage2,0.11111111111111105,0.0,0.19999999999999996,D004,1.0,0,0.0,True,stage2_cosine_prototype,3,10,1.0,1.0,True,3,0,2,20260620,0.888888888888889,0.0,1.0,0.8
unchanged,stage2,0.0,0.0,0.0,D004,0.888888888888889,0,0.0,True,stage2_finetune_bias_only,3,10,1.0,0.8,True,3,0,2,20260620,0.888888888888889,0.0,1.0,0.8
unchanged,stage2,0.0,0.0,0.0,D004,0.888888888888889,0,0.0,True,stage2_finetune_head,3,10,1.0,0.8,True,3,0,2,20260620,0.888888888888889,0.0,1.0,0.8
improved,stage2,0.11111111111111105,0.0,0.19999999999999996,D004,1.0,0,0.0,True,stage2_positive_bias,3,10,1.0,1.0,True,3,0,2,20260620,0.888888888888889,0.0,1.0,0.8
unchanged,none,0.0,0.0,0.0,D004,0.888888888888889,0,0.0,True,zero_shot,3,10,1.0,0.8,True,3,0,2,20260620,0.888888888888889,0.0,1.0,0.8
unchanged,stage1,0.0,0.0,0.0,D004,0.8235294117647058,0,0.0,True,stage1_finetune_bias_only,3,10,1.0,0.7,True,3,1,2,20260621,0.8235294117647058,0.0,1.0,0.7
unchanged,stage1,0.0,0.0,0.0,D004,0.8235294117647058,0,0.0,True,stage1_finetune_head,3,10,1.0,0.7,True,3,1,2,20260621,0.8235294117647058,0.0,1.0,0.7
unchanged,stage1+stage2,0.0,0.0,0.0,D004,0.8235294117647058,0,0.0,True,stage1_stage2_combined,3,10,1.0,0.7,True,3,1,2,20260621,0.8235294117647058,0.0,1.0,0.7
improved,stage2,0.1238390092879258,0.0,0.20000000000000007,D004,0.9473684210526316,0,0.0,True,stage2_cosine_prototype,3,10,1.0,0.9,True,3,1,2,20260621,0.8235294117647058,0.0,1.0,0.7
unchanged,stage2,0.0,0.0,0.0,D004,0.8235294117647058,0,0.0,True,stage2_finetune_bias_only,3,10,1.0,0.7,True,3,1,2,20260621,0.8235294117647058,0.0,1.0,0.7
unchanged,stage2,0.0,0.0,0.0,D004,0.8235294117647058,0,0.0,True,stage2_finetune_head,3,10,1.0,0.7,True,3,1,2,20260621,0.8235294117647058,0.0,1.0,0.7
improved,stage2,0.1238390092879258,0.0,0.20000000000000007,D004,0.9473684210526316,0,0.0,True,stage2_positive_bias,3,10,1.0,0.9,True,3,1,2,20260621,0.8235294117647058,0.0,1.0,0.7
unchanged,none,0.0,0.0,0.0,D004,0.8235294117647058,0,0.0,True,zero_shot,3,10,1.0,0.7,True,3,1,2,20260621,0.8235294117647058,0.0,1.0,0.7
unchanged,stage1,0.0,0.0,0.0,D004,0.7499999999999999,0,0.0,True,stage1_finetune_bias_only,3,10,1.0,0.6,True,3,1,3,20260622,0.7499999999999999,0.0,1.0,0.6
unchanged,stage1,0.0,0.0,0.0,D004,0.7499999999999999,0,0.0,True,stage1_finetune_head,3,10,1.0,0.6,True,3,1,3,20260622,0.7499999999999999,0.0,1.0,0.6
unchanged,stage1+stage2,0.0,0.0,0.0,D004,0.7499999999999999,0,0.0,True,stage1_stage2_combined,3,10,1.0,0.6,True,3,1,3,20260622,0.7499999999999999,0.0,1.0,0.6
improved,stage2,0.19736842105263175,0.0,0.30000000000000004,D004,0.9473684210526316,0,0.0,True,stage2_cosine_prototype,3,10,1.0,0.9,True,3,1,3,20260622,0.7499999999999999,0.0,1.0,0.6
unchanged,stage2,0.0,0.0,0.0,D004,0.7499999999999999,0,0.0,True,stage2_finetune_bias_only,3,10,1.0,0.6,True,3,1,3,20260622,0.7499999999999999,0.0,1.0,0.6
unchanged,stage2,0.0,0.0,0.0,D004,0.7499999999999999,0,0.0,True,stage2_finetune_head,3,10,1.0,0.6,True,3,1,3,20260622,0.7499999999999999,0.0,1.0,0.6
improved,stage2,0.19736842105263175,0.0,0.30000000000000004,D004,0.9473684210526316,0,0.0,True,stage2_positive_bias,3,10,1.0,0.9,True,3,1,3,20260622,0.7499999999999999,0.0,1.0,0.6
unchanged,none,0.0,0.0,0.0,D004,0.7499999999999999,0,0.0,True,zero_shot,3,10,1.0,0.6,True,3,1,3,20260622,0.7499999999999999,0.0,1.0,0.6
unchanged,stage1,0.0,0.0,0.0,D004,0.8235294117647058,0,0.0,True,stage1_finetune_bias_only,3,10,1.0,0.7,True,3,1,2,20260623,0.8235294117647058,0.0,1.0,0.7
unchanged,stage1,0.0,0.0,0.0,D004,0.8235294117647058,0,0.0,True,stage1_finetune_head,3,10,1.0,0.7,True,3,1,2,20260623,0.8235294117647058,0.0,1.0,0.7
unchanged,stage1+stage2,0.0,0.0,0.0,D004,0.8235294117647058,0,0.0,True,stage1_stage2_combined,3,10,1.0,0.7,True,3,1,2,20260623,0.8235294117647058,0.0,1.0,0.7
improved,stage2,0.1238390092879258,0.0,0.20000000000000007,D004,0.9473684210526316,0,0.0,True,stage2_cosine_prototype,3,10,1.0,0.9,True,3,1,2,20260623,0.8235294117647058,0.0,1.0,0.7
unchanged,stage2,0.0,0.0,0.0,D004,0.8235294117647058,0,0.0,True,stage2_finetune_bias_only,3,10,1.0,0.7,True,3,1,2,20260623,0.8235294117647058,0.0,1.0,0.7
unchanged,stage2,0.0,0.0,0.0,D004,0.8235294117647058,0,0.0,True,stage2_finetune_head,3,10,1.0,0.7,True,3,1,2,20260623,0.8235294117647058,0.0,1.0,0.7
improved,stage2,0.1238390092879258,0.0,0.20000000000000007,D004,0.9473684210526316,0,0.0,True,stage2_positive_bias,3,10,1.0,0.9,True,3,1,2,20260623,0.8235294117647058,0.0,1.0,0.7
unchanged,none,0.0,0.0,0.0,D004,0.8235294117647058,0,0.0,True,zero_shot,3,10,1.0,0.7,True,3,1,2,20260623,0.8235294117647058,0.0,1.0,0.7
unchanged,stage1,0.0,0.0,0.0,D004,0.888888888888889,0,0.0,True,stage1_finetune_bias_only,3,10,1.0,0.8,True,3,1,1,20260624,0.888888888888889,0.0,1.0,0.8
unchanged,stage1,0.0,0.0,0.0,D004,0.888888888888889,0,0.0,True,stage1_finetune_head,3,10,1.0,0.8,True,3,1,1,20260624,0.888888888888889,0.0,1.0,0.8
unchanged,stage1+stage2,0.0,0.0,0.0,D004,0.888888888888889,0,0.0,True,stage1_stage2_combined,3,10,1.0,0.8,True,3,1,1,20260624,0.888888888888889,0.0,1.0,0.8
improved,stage2,0.05847953216374269,0.0,0.09999999999999998,D004,0.9473684210526316,0,0.0,True,stage2_cosine_prototype,3,10,1.0,0.9,True,3,1,1,20260624,0.888888888888889,0.0,1.0,0.8
unchanged,stage2,0.0,0.0,0.0,D004,0.888888888888889,0,0.0,True,stage2_finetune_bias_only,3,10,1.0,0.8,True,3,1,1,20260624,0.888888888888889,0.0,1.0,0.8
unchanged,stage2,0.0,0.0,0.0,D004,0.888888888888889,0,0.0,True,stage2_finetune_head,3,10,1.0,0.8,True,3,1,1,20260624,0.888888888888889,0.0,1.0,0.8
improved,stage2,0.05847953216374269,0.0,0.09999999999999998,D004,0.9473684210526316,0,0.0,True,stage2_positive_bias,3,10,1.0,0.9,True,3,1,1,20260624,0.888888888888889,0.0,1.0,0.8
unchanged,none,0.0,0.0,0.0,D004,0.888888888888889,0,0.0,True,zero_shot,3,10,1.0,0.8,True,3,1,1,20260624,0.888888888888889,0.0,1.0,0.8
unchanged,stage1,0.0,0.0,0.0,D004,0.8571428571428571,0,0.0,True,stage1_finetune_bias_only,3,8,1.0,0.75,True,5,0,2,20260620,0.8571428571428571,0.0,1.0,0.75
unchanged,stage1,0.0,0.0,0.0,D004,0.8571428571428571,0,0.0,True,stage1_finetune_head,3,8,1.0,0.75,True,5,0,2,20260620,0.8571428571428571,0.0,1.0,0.75
unchanged,stage1+stage2,0.0,0.0,0.0,D004,0.8571428571428571,0,0.0,True,stage1_stage2_combined,3,8,1.0,0.75,True,5,0,2,20260620,0.8571428571428571,0.0,1.0,0.75
improved,stage2,0.1428571428571429,0.0,0.25,D004,1.0,0,0.0,True,stage2_cosine_prototype,3,8,1.0,1.0,True,5,0,2,20260620,0.8571428571428571,0.0,1.0,0.75
unchanged,stage2,0.0,0.0,0.0,D004,0.8571428571428571,0,0.0,True,stage2_finetune_bias_only,3,8,1.0,0.75,True,5,0,2,20260620,0.8571428571428571,0.0,1.0,0.75
unchanged,stage2,0.0,0.0,0.0,D004,0.8571428571428571,0,0.0,True,stage2_finetune_head,3,8,1.0,0.75,True,5,0,2,20260620,0.8571428571428571,0.0,1.0,0.75
improved,stage2,0.1428571428571429,0.0,0.25,D004,1.0,0,0.0,True,stage2_positive_bias,3,8,1.0,1.0,True,5,0,2,20260620,0.8571428571428571,0.0,1.0,0.75
unchanged,none,0.0,0.0,0.0,D004,0.8571428571428571,0,0.0,True,zero_shot,3,8,1.0,0.75,True,5,0,2,20260620,0.8571428571428571,0.0,1.0,0.75
unchanged,stage1,0.0,0.0,0.0,D004,0.7692307692307693,0,0.0,True,stage1_finetune_bias_only,3,8,1.0,0.625,True,5,1,2,20260621,0.7692307692307693,0.0,1.0,0.625
unchanged,stage1,0.0,0.0,0.0,D004,0.7692307692307693,0,0.0,True,stage1_finetune_head,3,8,1.0,0.625,True,5,1,2,20260621,0.7692307692307693,0.0,1.0,0.625
unchanged,stage1+stage2,0.0,0.0,0.0,D004,0.7692307692307693,0,0.0,True,stage1_stage2_combined,3,8,1.0,0.625,True,5,1,2,20260621,0.7692307692307693,0.0,1.0,0.625
improved,stage2,0.16410256410256407,0.0,0.25,D004,0.9333333333333333,0,0.0,True,stage2_cosine_prototype,3,8,1.0,0.875,True,5,1,2,20260621,0.7692307692307693,0.0,1.0,0.625
unchanged,stage2,0.0,0.0,0.0,D004,0.7692307692307693,0,0.0,True,stage2_finetune_bias_only,3,8,1.0,0.625,True,5,1,2,20260621,0.7692307692307693,0.0,1.0,0.625
unchanged,stage2,0.0,0.0,0.0,D004,0.7692307692307693,0,0.0,True,stage2_finetune_head,3,8,1.0,0.625,True,5,1,2,20260621,0.7692307692307693,0.0,1.0,0.625
improved,stage2,0.16410256410256407,0.0,0.25,D004,0.9333333333333333,0,0.0,True,stage2_positive_bias,3,8,1.0,0.875,True,5,1,2,20260621,0.7692307692307693,0.0,1.0,0.625
unchanged,none,0.0,0.0,0.0,D004,0.7692307692307693,0,0.0,True,zero_shot,3,8,1.0,0.625,True,5,1,2,20260621,0.7692307692307693,0.0,1.0,0.625
unchanged,stage1,0.0,0.0,0.0,D004,0.6666666666666666,0,0.0,True,stage1_finetune_bias_only,3,8,1.0,0.5,True,5,1,3,20260622,0.6666666666666666,0.0,1.0,0.5
unchanged,stage1,0.0,0.0,0.0,D004,0.6666666666666666,0,0.0,True,stage1_finetune_head,3,8,1.0,0.5,True,5,1,3,20260622,0.6666666666666666,0.0,1.0,0.5
unchanged,stage1+stage2,0.0,0.0,0.0,D004,0.6666666666666666,0,0.0,True,stage1_stage2_combined,3,8,1.0,0.5,True,5,1,3,20260622,0.6666666666666666,0.0,1.0,0.5
improved,stage2,0.2666666666666667,0.0,0.375,D004,0.9333333333333333,0,0.0,True,stage2_cosine_prototype,3,8,1.0,0.875,True,5,1,3,20260622,0.6666666666666666,0.0,1.0,0.5
unchanged,stage2,0.0,0.0,0.0,D004,0.6666666666666666,0,0.0,True,stage2_finetune_bias_only,3,8,1.0,0.5,True,5,1,3,20260622,0.6666666666666666,0.0,1.0,0.5
unchanged,stage2,0.0,0.0,0.0,D004,0.6666666666666666,0,0.0,True,stage2_finetune_head,3,8,1.0,0.5,True,5,1,3,20260622,0.6666666666666666,0.0,1.0,0.5
improved,stage2,0.2666666666666667,0.0,0.375,D004,0.9333333333333333,0,0.0,True,stage2_positive_bias,3,8,1.0,0.875,True,5,1,3,20260622,0.6666666666666666,0.0,1.0,0.5
unchanged,none,0.0,0.0,0.0,D004,0.6666666666666666,0,0.0,True,zero_shot,3,8,1.0,0.5,True,5,1,3,20260622,0.6666666666666666,0.0,1.0,0.5
unchanged,stage1,0.0,0.0,0.0,D004,0.7692307692307693,0,0.0,True,stage1_finetune_bias_only,3,8,1.0,0.625,True,5,1,2,20260623,0.7692307692307693,0.0,1.0,0.625
unchanged,stage1,0.0,0.0,0.0,D004,0.7692307692307693,0,0.0,True,stage1_finetune_head,3,8,1.0,0.625,True,5,1,2,20260623,0.7692307692307693,0.0,1.0,0.625
unchanged,stage1+stage2,0.0,0.0,0.0,D004,0.7692307692307693,0,0.0,True,stage1_stage2_combined,3,8,1.0,0.625,True,5,1,2,20260623,0.7692307692307693,0.0,1.0,0.625
improved,stage2,0.16410256410256407,0.0,0.25,D004,0.9333333333333333,0,0.0,True,stage2_cosine_prototype,3,8,1.0,0.875,True,5,1,2,20260623,0.7692307692307693,0.0,1.0,0.625
unchanged,stage2,0.0,0.0,0.0,D004,0.7692307692307693,0,0.0,True,stage2_finetune_bias_only,3,8,1.0,0.625,True,5,1,2,20260623,0.7692307692307693,0.0,1.0,0.625
unchanged,stage2,0.0,0.0,0.0,D004,0.7692307692307693,0,0.0,True,stage2_finetune_head,3,8,1.0,0.625,True,5,1,2,20260623,0.7692307692307693,0.0,1.0,0.625
improved,stage2,0.16410256410256407,0.0,0.25,D004,0.9333333333333333,0,0.0,True,stage2_positive_bias,3,8,1.0,0.875,True,5,1,2,20260623,0.7692307692307693,0.0,1.0,0.625
unchanged,none,0.0,0.0,0.0,D004,0.7692307692307693,0,0.0,True,zero_shot,3,8,1.0,0.625,True,5,1,2,20260623,0.7692307692307693,0.0,1.0,0.625
unchanged,stage1,0.0,0.0,0.0,D004,0.8571428571428571,0,0.0,True,stage1_finetune_bias_only,3,8,1.0,0.75,True,5,1,1,20260624,0.8571428571428571,0.0,1.0,0.75
unchanged,stage1,0.0,0.0,0.0,D004,0.8571428571428571,0,0.0,True,stage1_finetune_head,3,8,1.0,0.75,True,5,1,1,20260624,0.8571428571428571,0.0,1.0,0.75
unchanged,stage1+stage2,0.0,0.0,0.0,D004,0.8571428571428571,0,0.0,True,stage1_stage2_combined,3,8,1.0,0.75,True,5,1,1,20260624,0.8571428571428571,0.0,1.0,0.75
improved,stage2,0.07619047619047625,0.0,0.125,D004,0.9333333333333333,0,0.0,True,stage2_cosine_prototype,3,8,1.0,0.875,True,5,1,1,20260624,0.8571428571428571,0.0,1.0,0.75
unchanged,stage2,0.0,0.0,0.0,D004,0.8571428571428571,0,0.0,True,stage2_finetune_bias_only,3,8,1.0,0.75,True,5,1,1,20260624,0.8571428571428571,0.0,1.0,0.75
unchanged,stage2,0.0,0.0,0.0,D004,0.8571428571428571,0,0.0,True,stage2_finetune_head,3,8,1.0,0.75,True,5,1,1,20260624,0.8571428571428571,0.0,1.0,0.75
improved,stage2,0.07619047619047625,0.0,0.125,D004,0.9333333333333333,0,0.0,True,stage2_positive_bias,3,8,1.0,0.875,True,5,1,1,20260624,0.8571428571428571,0.0,1.0,0.75
unchanged,none,0.0,0.0,0.0,D004,0.8571428571428571,0,0.0,True,zero_shot,3,8,1.0,0.75,True,5,1,1,20260624,0.8571428571428571,0.0,1.0,0.75
unchanged,stage1,0.0,0.0,0.0,D006,1.0,0,0.0,False,stage1_finetune_bias_only,7,24,1.0,1.0,True,3,0,0,20260620,1.0,0.0,1.0,1.0
unchanged,stage1,0.0,0.0,0.0,D006,1.0,0,0.0,False,stage1_finetune_head,7,24,1.0,1.0,True,3,0,0,20260620,1.0,0.0,1.0,1.0
unchanged,stage1+stage2,0.0,0.0,0.0,D006,1.0,0,0.0,False,stage1_stage2_combined,7,24,1.0,1.0,True,3,0,0,20260620,1.0,0.0,1.0,1.0
unchanged,stage2,0.0,0.0,0.0,D006,1.0,0,0.0,False,stage2_cosine_prototype,7,24,1.0,1.0,True,3,0,0,20260620,1.0,0.0,1.0,1.0
unchanged,stage2,0.0,0.0,0.0,D006,1.0,0,0.0,False,stage2_finetune_bias_only,7,24,1.0,1.0,True,3,0,0,20260620,1.0,0.0,1.0,1.0
unchanged,stage2,0.0,0.0,0.0,D006,1.0,0,0.0,False,stage2_finetune_head,7,24,1.0,1.0,True,3,0,0,20260620,1.0,0.0,1.0,1.0
unchanged,stage2,0.0,0.0,0.0,D006,1.0,0,0.0,False,stage2_positive_bias,7,24,1.0,1.0,True,3,0,0,20260620,1.0,0.0,1.0,1.0
unchanged,none,0.0,0.0,0.0,D006,1.0,0,0.0,False,zero_shot,7,24,1.0,1.0,True,3,0,0,20260620,1.0,0.0,1.0,1.0
unchanged,stage1,0.0,0.0,0.0,D006,1.0,0,0.0,False,stage1_finetune_bias_only,7,24,1.0,1.0,True,3,0,0,20260621,1.0,0.0,1.0,1.0
unchanged,stage1,0.0,0.0,0.0,D006,1.0,0,0.0,False,stage1_finetune_head,7,24,1.0,1.0,True,3,0,0,20260621,1.0,0.0,1.0,1.0
unchanged,stage1+stage2,0.0,0.0,0.0,D006,1.0,0,0.0,False,stage1_stage2_combined,7,24,1.0,1.0,True,3,0,0,20260621,1.0,0.0,1.0,1.0
unchanged,stage2,0.0,0.0,0.0,D006,1.0,0,0.0,False,stage2_cosine_prototype,7,24,1.0,1.0,True,3,0,0,20260621,1.0,0.0,1.0,1.0
unchanged,stage2,0.0,0.0,0.0,D006,1.0,0,0.0,False,stage2_finetune_bias_only,7,24,1.0,1.0,True,3,0,0,20260621,1.0,0.0,1.0,1.0
unchanged,stage2,0.0,0.0,0.0,D006,1.0,0,0.0,False,stage2_finetune_head,7,24,1.0,1.0,True,3,0,0,20260621,1.0,0.0,1.0,1.0
unchanged,stage2,0.0,0.0,0.0,D006,1.0,0,0.0,False,stage2_positive_bias,7,24,1.0,1.0,True,3,0,0,20260621,1.0,0.0,1.0,1.0
unchanged,none,0.0,0.0,0.0,D006,1.0,0,0.0,False,zero_shot,7,24,1.0,1.0,True,3,0,0,20260621,1.0,0.0,1.0,1.0
unchanged,stage1,0.0,0.0,0.0,D006,1.0,0,0.0,False,stage1_finetune_bias_only,7,24,1.0,1.0,True,3,0,0,20260622,1.0,0.0,1.0,1.0
unchanged,stage1,0.0,0.0,0.0,D006,1.0,0,0.0,False,stage1_finetune_head,7,24,1.0,1.0,True,3,0,0,20260622,1.0,0.0,1.0,1.0
unchanged,stage1+stage2,0.0,0.0,0.0,D006,1.0,0,0.0,False,stage1_stage2_combined,7,24,1.0,1.0,True,3,0,0,20260622,1.0,0.0,1.0,1.0
unchanged,stage2,0.0,0.0,0.0,D006,1.0,0,0.0,False,stage2_cosine_prototype,7,24,1.0,1.0,True,3,0,0,20260622,1.0,0.0,1.0,1.0
unchanged,stage2,0.0,0.0,0.0,D006,1.0,0,0.0,False,stage2_finetune_bias_only,7,24,1.0,1.0,True,3,0,0,20260622,1.0,0.0,1.0,1.0
unchanged,stage2,0.0,0.0,0.0,D006,1.0,0,0.0,False,stage2_finetune_head,7,24,1.0,1.0,True,3,0,0,20260622,1.0,0.0,1.0,1.0
unchanged,stage2,0.0,0.0,0.0,D006,1.0,0,0.0,False,stage2_positive_bias,7,24,1.0,1.0,True,3,0,0,20260622,1.0,0.0,1.0,1.0
unchanged,none,0.0,0.0,0.0,D006,1.0,0,0.0,False,zero_shot,7,24,1.0,1.0,True,3,0,0,20260622,1.0,0.0,1.0,1.0
unchanged,stage1,0.0,0.0,0.0,D006,1.0,0,0.0,False,stage1_finetune_bias_only,7,24,1.0,1.0,True,3,0,0,20260623,1.0,0.0,1.0,1.0
unchanged,stage1,0.0,0.0,0.0,D006,1.0,0,0.0,False,stage1_finetune_head,7,24,1.0,1.0,True,3,0,0,20260623,1.0,0.0,1.0,1.0
unchanged,stage1+stage2,0.0,0.0,0.0,D006,1.0,0,0.0,False,stage1_stage2_combined,7,24,1.0,1.0,True,3,0,0,20260623,1.0,0.0,1.0,1.0
unchanged,stage2,0.0,0.0,0.0,D006,1.0,0,0.0,False,stage2_cosine_prototype,7,24,1.0,1.0,True,3,0,0,20260623,1.0,0.0,1.0,1.0
unchanged,stage2,0.0,0.0,0.0,D006,1.0,0,0.0,False,stage2_finetune_bias_only,7,24,1.0,1.0,True,3,0,0,20260623,1.0,0.0,1.0,1.0
unchanged,stage2,0.0,0.0,0.0,D006,1.0,0,0.0,False,stage2_finetune_head,7,24,1.0,1.0,True,3,0,0,20260623,1.0,0.0,1.0,1.0
unchanged,stage2,0.0,0.0,0.0,D006,1.0,0,0.0,False,stage2_positive_bias,7,24,1.0,1.0,True,3,0,0,20260623,1.0,0.0,1.0,1.0
unchanged,none,0.0,0.0,0.0,D006,1.0,0,0.0,False,zero_shot,7,24,1.0,1.0,True,3,0,0,20260623,1.0,0.0,1.0,1.0
unchanged,stage1,0.0,0.0,0.0,D006,1.0,0,0.0,False,stage1_finetune_bias_only,7,24,1.0,1.0,True,3,0,0,20260624,1.0,0.0,1.0,1.0
unchanged,stage1,0.0,0.0,0.0,D006,1.0,0,0.0,False,stage1_finetune_head,7,24,1.0,1.0,True,3,0,0,20260624,1.0,0.0,1.0,1.0
unchanged,stage1+stage2,0.0,0.0,0.0,D006,1.0,0,0.0,False,stage1_stage2_combined,7,24,1.0,1.0,True,3,0,0,20260624,1.0,0.0,1.0,1.0
unchanged,stage2,0.0,0.0,0.0,D006,1.0,0,0.0,False,stage2_cosine_prototype,7,24,1.0,1.0,True,3,0,0,20260624,1.0,0.0,1.0,1.0
unchanged,stage2,0.0,0.0,0.0,D006,1.0,0,0.0,False,stage2_finetune_bias_only,7,24,1.0,1.0,True,3,0,0,20260624,1.0,0.0,1.0,1.0
unchanged,stage2,0.0,0.0,0.0,D006,1.0,0,0.0,False,stage2_finetune_head,7,24,1.0,1.0,True,3,0,0,20260624,1.0,0.0,1.0,1.0
unchanged,stage2,0.0,0.0,0.0,D006,1.0,0,0.0,False,stage2_positive_bias,7,24,1.0,1.0,True,3,0,0,20260624,1.0,0.0,1.0,1.0
unchanged,none,0.0,0.0,0.0,D006,1.0,0,0.0,False,zero_shot,7,24,1.0,1.0,True,3,0,0,20260624,1.0,0.0,1.0,1.0
unchanged,stage1,0.0,0.0,0.0,D006,1.0,0,0.0,False,stage1_finetune_bias_only,7,22,1.0,1.0,True,5,0,0,20260620,1.0,0.0,1.0,1.0
unchanged,stage1,0.0,0.0,0.0,D006,1.0,0,0.0,False,stage1_finetune_head,7,22,1.0,1.0,True,5,0,0,20260620,1.0,0.0,1.0,1.0
unchanged,stage1+stage2,0.0,0.0,0.0,D006,1.0,0,0.0,False,stage1_stage2_combined,7,22,1.0,1.0,True,5,0,0,20260620,1.0,0.0,1.0,1.0
unchanged,stage2,0.0,0.0,0.0,D006,1.0,0,0.0,False,stage2_cosine_prototype,7,22,1.0,1.0,True,5,0,0,20260620,1.0,0.0,1.0,1.0
unchanged,stage2,0.0,0.0,0.0,D006,1.0,0,0.0,False,stage2_finetune_bias_only,7,22,1.0,1.0,True,5,0,0,20260620,1.0,0.0,1.0,1.0
unchanged,stage2,0.0,0.0,0.0,D006,1.0,0,0.0,False,stage2_finetune_head,7,22,1.0,1.0,True,5,0,0,20260620,1.0,0.0,1.0,1.0
unchanged,stage2,0.0,0.0,0.0,D006,1.0,0,0.0,False,stage2_positive_bias,7,22,1.0,1.0,True,5,0,0,20260620,1.0,0.0,1.0,1.0
unchanged,none,0.0,0.0,0.0,D006,1.0,0,0.0,False,zero_shot,7,22,1.0,1.0,True,5,0,0,20260620,1.0,0.0,1.0,1.0
unchanged,stage1,0.0,0.0,0.0,D006,1.0,0,0.0,False,stage1_finetune_bias_only,7,22,1.0,1.0,True,5,0,0,20260621,1.0,0.0,1.0,1.0
unchanged,stage1,0.0,0.0,0.0,D006,1.0,0,0.0,False,stage1_finetune_head,7,22,1.0,1.0,True,5,0,0,20260621,1.0,0.0,1.0,1.0
unchanged,stage1+stage2,0.0,0.0,0.0,D006,1.0,0,0.0,False,stage1_stage2_combined,7,22,1.0,1.0,True,5,0,0,20260621,1.0,0.0,1.0,1.0
unchanged,stage2,0.0,0.0,0.0,D006,1.0,0,0.0,False,stage2_cosine_prototype,7,22,1.0,1.0,True,5,0,0,20260621,1.0,0.0,1.0,1.0
unchanged,stage2,0.0,0.0,0.0,D006,1.0,0,0.0,False,stage2_finetune_bias_only,7,22,1.0,1.0,True,5,0,0,20260621,1.0,0.0,1.0,1.0
unchanged,stage2,0.0,0.0,0.0,D006,1.0,0,0.0,False,stage2_finetune_head,7,22,1.0,1.0,True,5,0,0,20260621,1.0,0.0,1.0,1.0
unchanged,stage2,0.0,0.0,0.0,D006,1.0,0,0.0,False,stage2_positive_bias,7,22,1.0,1.0,True,5,0,0,20260621,1.0,0.0,1.0,1.0
unchanged,none,0.0,0.0,0.0,D006,1.0,0,0.0,False,zero_shot,7,22,1.0,1.0,True,5,0,0,20260621,1.0,0.0,1.0,1.0
unchanged,stage1,0.0,0.0,0.0,D006,1.0,0,0.0,False,stage1_finetune_bias_only,7,22,1.0,1.0,True,5,0,0,20260622,1.0,0.0,1.0,1.0
unchanged,stage1,0.0,0.0,0.0,D006,1.0,0,0.0,False,stage1_finetune_head,7,22,1.0,1.0,True,5,0,0,20260622,1.0,0.0,1.0,1.0
unchanged,stage1+stage2,0.0,0.0,0.0,D006,1.0,0,0.0,False,stage1_stage2_combined,7,22,1.0,1.0,True,5,0,0,20260622,1.0,0.0,1.0,1.0
unchanged,stage2,0.0,0.0,0.0,D006,1.0,0,0.0,False,stage2_cosine_prototype,7,22,1.0,1.0,True,5,0,0,20260622,1.0,0.0,1.0,1.0
unchanged,stage2,0.0,0.0,0.0,D006,1.0,0,0.0,False,stage2_finetune_bias_only,7,22,1.0,1.0,True,5,0,0,20260622,1.0,0.0,1.0,1.0
unchanged,stage2,0.0,0.0,0.0,D006,1.0,0,0.0,False,stage2_finetune_head,7,22,1.0,1.0,True,5,0,0,20260622,1.0,0.0,1.0,1.0
unchanged,stage2,0.0,0.0,0.0,D006,1.0,0,0.0,False,stage2_positive_bias,7,22,1.0,1.0,True,5,0,0,20260622,1.0,0.0,1.0,1.0
unchanged,none,0.0,0.0,0.0,D006,1.0,0,0.0,False,zero_shot,7,22,1.0,1.0,True,5,0,0,20260622,1.0,0.0,1.0,1.0
unchanged,stage1,0.0,0.0,0.0,D006,1.0,0,0.0,False,stage1_finetune_bias_only,7,22,1.0,1.0,True,5,0,0,20260623,1.0,0.0,1.0,1.0
unchanged,stage1,0.0,0.0,0.0,D006,1.0,0,0.0,False,stage1_finetune_head,7,22,1.0,1.0,True,5,0,0,20260623,1.0,0.0,1.0,1.0
unchanged,stage1+stage2,0.0,0.0,0.0,D006,1.0,0,0.0,False,stage1_stage2_combined,7,22,1.0,1.0,True,5,0,0,20260623,1.0,0.0,1.0,1.0
unchanged,stage2,0.0,0.0,0.0,D006,1.0,0,0.0,False,stage2_cosine_prototype,7,22,1.0,1.0,True,5,0,0,20260623,1.0,0.0,1.0,1.0
unchanged,stage2,0.0,0.0,0.0,D006,1.0,0,0.0,False,stage2_finetune_bias_only,7,22,1.0,1.0,True,5,0,0,20260623,1.0,0.0,1.0,1.0
unchanged,stage2,0.0,0.0,0.0,D006,1.0,0,0.0,False,stage2_finetune_head,7,22,1.0,1.0,True,5,0,0,20260623,1.0,0.0,1.0,1.0
unchanged,stage2,0.0,0.0,0.0,D006,1.0,0,0.0,False,stage2_positive_bias,7,22,1.0,1.0,True,5,0,0,20260623,1.0,0.0,1.0,1.0
unchanged,none,0.0,0.0,0.0,D006,1.0,0,0.0,False,zero_shot,7,22,1.0,1.0,True,5,0,0,20260623,1.0,0.0,1.0,1.0
unchanged,stage1,0.0,0.0,0.0,D006,1.0,0,0.0,False,stage1_finetune_bias_only,7,22,1.0,1.0,True,5,0,0,20260624,1.0,0.0,1.0,1.0
unchanged,stage1,0.0,0.0,0.0,D006,1.0,0,0.0,False,stage1_finetune_head,7,22,1.0,1.0,True,5,0,0,20260624,1.0,0.0,1.0,1.0
unchanged,stage1+stage2,0.0,0.0,0.0,D006,1.0,0,0.0,False,stage1_stage2_combined,7,22,1.0,1.0,True,5,0,0,20260624,1.0,0.0,1.0,1.0
unchanged,stage2,0.0,0.0,0.0,D006,1.0,0,0.0,False,stage2_cosine_prototype,7,22,1.0,1.0,True,5,0,0,20260624,1.0,0.0,1.0,1.0
unchanged,stage2,0.0,0.0,0.0,D006,1.0,0,0.0,False,stage2_finetune_bias_only,7,22,1.0,1.0,True,5,0,0,20260624,1.0,0.0,1.0,1.0
unchanged,stage2,0.0,0.0,0.0,D006,1.0,0,0.0,False,stage2_finetune_head,7,22,1.0,1.0,True,5,0,0,20260624,1.0,0.0,1.0,1.0
unchanged,stage2,0.0,0.0,0.0,D006,1.0,0,0.0,False,stage2_positive_bias,7,22,1.0,1.0,True,5,0,0,20260624,1.0,0.0,1.0,1.0
unchanged,none,0.0,0.0,0.0,D006,1.0,0,0.0,False,zero_shot,7,22,1.0,1.0,True,5,0,0,20260624,1.0,0.0,1.0,1.0
unchanged,stage1,0.0,0.0,0.0,D007,0.9473684210526316,0,0.0,False,stage1_finetune_bias_only,30,20,1.0,0.9,True,3,2,0,20260620,0.9473684210526316,0.0,1.0,0.9
unchanged,stage1,0.0,0.0,0.0,D007,0.9473684210526316,0,0.0,False,stage1_finetune_head,30,20,1.0,0.9,True,3,2,0,20260620,0.9473684210526316,0.0,1.0,0.9
unchanged,stage1+stage2,0.0,0.0,0.0,D007,0.9473684210526316,0,0.0,False,stage1_stage2_combined,30,20,1.0,0.9,True,3,2,0,20260620,0.9473684210526316,0.0,1.0,0.9
unchanged,stage2,0.0,0.0,0.0,D007,0.9473684210526316,0,0.0,False,stage2_cosine_prototype,30,20,1.0,0.9,True,3,2,0,20260620,0.9473684210526316,0.0,1.0,0.9
unchanged,stage2,0.0,0.0,0.0,D007,0.9473684210526316,0,0.0,False,stage2_finetune_bias_only,30,20,1.0,0.9,True,3,2,0,20260620,0.9473684210526316,0.0,1.0,0.9
unchanged,stage2,0.0,0.0,0.0,D007,0.9473684210526316,0,0.0,False,stage2_finetune_head,30,20,1.0,0.9,True,3,2,0,20260620,0.9473684210526316,0.0,1.0,0.9
unchanged,stage2,0.0,0.0,0.0,D007,0.9473684210526316,0,0.0,False,stage2_positive_bias,30,20,1.0,0.9,True,3,2,0,20260620,0.9473684210526316,0.0,1.0,0.9
unchanged,none,0.0,0.0,0.0,D007,0.9473684210526316,0,0.0,False,zero_shot,30,20,1.0,0.9,True,3,2,0,20260620,0.9473684210526316,0.0,1.0,0.9
unchanged,stage1,0.0,0.0,0.0,D007,0.9473684210526316,0,0.0,False,stage1_finetune_bias_only,30,20,1.0,0.9,True,3,2,0,20260621,0.9473684210526316,0.0,1.0,0.9
unchanged,stage1,0.0,0.0,0.0,D007,0.9473684210526316,0,0.0,False,stage1_finetune_head,30,20,1.0,0.9,True,3,2,0,20260621,0.9473684210526316,0.0,1.0,0.9
unchanged,stage1+stage2,0.0,0.0,0.0,D007,0.9473684210526316,0,0.0,False,stage1_stage2_combined,30,20,1.0,0.9,True,3,2,0,20260621,0.9473684210526316,0.0,1.0,0.9
unchanged,stage2,0.0,0.0,0.0,D007,0.9473684210526316,0,0.0,False,stage2_cosine_prototype,30,20,1.0,0.9,True,3,2,0,20260621,0.9473684210526316,0.0,1.0,0.9
unchanged,stage2,0.0,0.0,0.0,D007,0.9473684210526316,0,0.0,False,stage2_finetune_bias_only,30,20,1.0,0.9,True,3,2,0,20260621,0.9473684210526316,0.0,1.0,0.9
unchanged,stage2,0.0,0.0,0.0,D007,0.9473684210526316,0,0.0,False,stage2_finetune_head,30,20,1.0,0.9,True,3,2,0,20260621,0.9473684210526316,0.0,1.0,0.9
unchanged,stage2,0.0,0.0,0.0,D007,0.9473684210526316,0,0.0,False,stage2_positive_bias,30,20,1.0,0.9,True,3,2,0,20260621,0.9473684210526316,0.0,1.0,0.9
unchanged,none,0.0,0.0,0.0,D007,0.9473684210526316,0,0.0,False,zero_shot,30,20,1.0,0.9,True,3,2,0,20260621,0.9473684210526316,0.0,1.0,0.9
unchanged,stage1,0.0,0.0,0.0,D007,0.9189189189189189,0,0.0,False,stage1_finetune_bias_only,30,20,1.0,0.85,True,3,3,0,20260622,0.9189189189189189,0.0,1.0,0.85
unchanged,stage1,0.0,0.0,0.0,D007,0.9189189189189189,0,0.0,False,stage1_finetune_head,30,20,1.0,0.85,True,3,3,0,20260622,0.9189189189189189,0.0,1.0,0.85
unchanged,stage1+stage2,0.0,0.0,0.0,D007,0.9189189189189189,0,0.0,False,stage1_stage2_combined,30,20,1.0,0.85,True,3,3,0,20260622,0.9189189189189189,0.0,1.0,0.85
unchanged,stage2,0.0,0.0,0.0,D007,0.9189189189189189,0,0.0,False,stage2_cosine_prototype,30,20,1.0,0.85,True,3,3,0,20260622,0.9189189189189189,0.0,1.0,0.85
unchanged,stage2,0.0,0.0,0.0,D007,0.9189189189189189,0,0.0,False,stage2_finetune_bias_only,30,20,1.0,0.85,True,3,3,0,20260622,0.9189189189189189,0.0,1.0,0.85
unchanged,stage2,0.0,0.0,0.0,D007,0.9189189189189189,0,0.0,False,stage2_finetune_head,30,20,1.0,0.85,True,3,3,0,20260622,0.9189189189189189,0.0,1.0,0.85
unchanged,stage2,0.0,0.0,0.0,D007,0.9189189189189189,0,0.0,False,stage2_positive_bias,30,20,1.0,0.85,True,3,3,0,20260622,0.9189189189189189,0.0,1.0,0.85
unchanged,none,0.0,0.0,0.0,D007,0.9189189189189189,0,0.0,False,zero_shot,30,20,1.0,0.85,True,3,3,0,20260622,0.9189189189189189,0.0,1.0,0.85
unchanged,stage1,0.0,0.0,0.0,D007,0.9473684210526316,0,0.0,False,stage1_finetune_bias_only,30,20,1.0,0.9,True,3,2,0,20260623,0.9473684210526316,0.0,1.0,0.9
unchanged,stage1,0.0,0.0,0.0,D007,0.9473684210526316,0,0.0,False,stage1_finetune_head,30,20,1.0,0.9,True,3,2,0,20260623,0.9473684210526316,0.0,1.0,0.9
unchanged,stage1+stage2,0.0,0.0,0.0,D007,0.9473684210526316,0,0.0,False,stage1_stage2_combined,30,20,1.0,0.9,True,3,2,0,20260623,0.9473684210526316,0.0,1.0,0.9
unchanged,stage2,0.0,0.0,0.0,D007,0.9473684210526316,0,0.0,False,stage2_cosine_prototype,30,20,1.0,0.9,True,3,2,0,20260623,0.9473684210526316,0.0,1.0,0.9
unchanged,stage2,0.0,0.0,0.0,D007,0.9473684210526316,0,0.0,False,stage2_finetune_bias_only,30,20,1.0,0.9,True,3,2,0,20260623,0.9473684210526316,0.0,1.0,0.9
unchanged,stage2,0.0,0.0,0.0,D007,0.9473684210526316,0,0.0,False,stage2_finetune_head,30,20,1.0,0.9,True,3,2,0,20260623,0.9473684210526316,0.0,1.0,0.9
unchanged,stage2,0.0,0.0,0.0,D007,0.9473684210526316,0,0.0,False,stage2_positive_bias,30,20,1.0,0.9,True,3,2,0,20260623,0.9473684210526316,0.0,1.0,0.9
unchanged,none,0.0,0.0,0.0,D007,0.9473684210526316,0,0.0,False,zero_shot,30,20,1.0,0.9,True,3,2,0,20260623,0.9473684210526316,0.0,1.0,0.9
unchanged,stage1,0.0,0.0,0.0,D007,0.9473684210526316,0,0.0,False,stage1_finetune_bias_only,30,20,1.0,0.9,True,3,2,0,20260624,0.9473684210526316,0.0,1.0,0.9
unchanged,stage1,0.0,0.0,0.0,D007,0.9473684210526316,0,0.0,False,stage1_finetune_head,30,20,1.0,0.9,True,3,2,0,20260624,0.9473684210526316,0.0,1.0,0.9
unchanged,stage1+stage2,0.0,0.0,0.0,D007,0.9473684210526316,0,0.0,False,stage1_stage2_combined,30,20,1.0,0.9,True,3,2,0,20260624,0.9473684210526316,0.0,1.0,0.9
unchanged,stage2,0.0,0.0,0.0,D007,0.9473684210526316,0,0.0,False,stage2_cosine_prototype,30,20,1.0,0.9,True,3,2,0,20260624,0.9473684210526316,0.0,1.0,0.9
unchanged,stage2,0.0,0.0,0.0,D007,0.9473684210526316,0,0.0,False,stage2_finetune_bias_only,30,20,1.0,0.9,True,3,2,0,20260624,0.9473684210526316,0.0,1.0,0.9
unchanged,stage2,0.0,0.0,0.0,D007,0.9473684210526316,0,0.0,False,stage2_finetune_head,30,20,1.0,0.9,True,3,2,0,20260624,0.9473684210526316,0.0,1.0,0.9
unchanged,stage2,0.0,0.0,0.0,D007,0.9473684210526316,0,0.0,False,stage2_positive_bias,30,20,1.0,0.9,True,3,2,0,20260624,0.9473684210526316,0.0,1.0,0.9
unchanged,none,0.0,0.0,0.0,D007,0.9473684210526316,0,0.0,False,zero_shot,30,20,1.0,0.9,True,3,2,0,20260624,0.9473684210526316,0.0,1.0,0.9
unchanged,stage1,0.0,0.0,0.0,D007,0.9411764705882353,0,0.0,False,stage1_finetune_bias_only,30,18,1.0,0.8888888888888888,True,5,2,0,20260620,0.9411764705882353,0.0,1.0,0.8888888888888888
unchanged,stage1,0.0,0.0,0.0,D007,0.9411764705882353,0,0.0,False,stage1_finetune_head,30,18,1.0,0.8888888888888888,True,5,2,0,20260620,0.9411764705882353,0.0,1.0,0.8888888888888888
unchanged,stage1+stage2,0.0,0.0,0.0,D007,0.9411764705882353,0,0.0,False,stage1_stage2_combined,30,18,1.0,0.8888888888888888,True,5,2,0,20260620,0.9411764705882353,0.0,1.0,0.8888888888888888
unchanged,stage2,0.0,0.0,0.0,D007,0.9411764705882353,0,0.0,False,stage2_cosine_prototype,30,18,1.0,0.8888888888888888,True,5,2,0,20260620,0.9411764705882353,0.0,1.0,0.8888888888888888
unchanged,stage2,0.0,0.0,0.0,D007,0.9411764705882353,0,0.0,False,stage2_finetune_bias_only,30,18,1.0,0.8888888888888888,True,5,2,0,20260620,0.9411764705882353,0.0,1.0,0.8888888888888888
unchanged,stage2,0.0,0.0,0.0,D007,0.9411764705882353,0,0.0,False,stage2_finetune_head,30,18,1.0,0.8888888888888888,True,5,2,0,20260620,0.9411764705882353,0.0,1.0,0.8888888888888888
unchanged,stage2,0.0,0.0,0.0,D007,0.9411764705882353,0,0.0,False,stage2_positive_bias,30,18,1.0,0.8888888888888888,True,5,2,0,20260620,0.9411764705882353,0.0,1.0,0.8888888888888888
unchanged,none,0.0,0.0,0.0,D007,0.9411764705882353,0,0.0,False,zero_shot,30,18,1.0,0.8888888888888888,True,5,2,0,20260620,0.9411764705882353,0.0,1.0,0.8888888888888888
unchanged,stage1,0.0,0.0,0.0,D007,0.9714285714285714,0,0.0,False,stage1_finetune_bias_only,30,18,1.0,0.9444444444444444,True,5,1,0,20260621,0.9714285714285714,0.0,1.0,0.9444444444444444
unchanged,stage1,0.0,0.0,0.0,D007,0.9714285714285714,0,0.0,False,stage1_finetune_head,30,18,1.0,0.9444444444444444,True,5,1,0,20260621,0.9714285714285714,0.0,1.0,0.9444444444444444
unchanged,stage1+stage2,0.0,0.0,0.0,D007,0.9714285714285714,0,0.0,False,stage1_stage2_combined,30,18,1.0,0.9444444444444444,True,5,1,0,20260621,0.9714285714285714,0.0,1.0,0.9444444444444444
unchanged,stage2,0.0,0.0,0.0,D007,0.9714285714285714,0,0.0,False,stage2_cosine_prototype,30,18,1.0,0.9444444444444444,True,5,1,0,20260621,0.9714285714285714,0.0,1.0,0.9444444444444444
unchanged,stage2,0.0,0.0,0.0,D007,0.9714285714285714,0,0.0,False,stage2_finetune_bias_only,30,18,1.0,0.9444444444444444,True,5,1,0,20260621,0.9714285714285714,0.0,1.0,0.9444444444444444
unchanged,stage2,0.0,0.0,0.0,D007,0.9714285714285714,0,0.0,False,stage2_finetune_head,30,18,1.0,0.9444444444444444,True,5,1,0,20260621,0.9714285714285714,0.0,1.0,0.9444444444444444
unchanged,stage2,0.0,0.0,0.0,D007,0.9714285714285714,0,0.0,False,stage2_positive_bias,30,18,1.0,0.9444444444444444,True,5,1,0,20260621,0.9714285714285714,0.0,1.0,0.9444444444444444
unchanged,none,0.0,0.0,0.0,D007,0.9714285714285714,0,0.0,False,zero_shot,30,18,1.0,0.9444444444444444,True,5,1,0,20260621,0.9714285714285714,0.0,1.0,0.9444444444444444
unchanged,stage1,0.0,0.0,0.0,D007,0.9411764705882353,0,0.0,False,stage1_finetune_bias_only,30,18,1.0,0.8888888888888888,True,5,2,0,20260622,0.9411764705882353,0.0,1.0,0.8888888888888888
unchanged,stage1,0.0,0.0,0.0,D007,0.9411764705882353,0,0.0,False,stage1_finetune_head,30,18,1.0,0.8888888888888888,True,5,2,0,20260622,0.9411764705882353,0.0,1.0,0.8888888888888888
unchanged,stage1+stage2,0.0,0.0,0.0,D007,0.9411764705882353,0,0.0,False,stage1_stage2_combined,30,18,1.0,0.8888888888888888,True,5,2,0,20260622,0.9411764705882353,0.0,1.0,0.8888888888888888
unchanged,stage2,0.0,0.0,0.0,D007,0.9411764705882353,0,0.0,False,stage2_cosine_prototype,30,18,1.0,0.8888888888888888,True,5,2,0,20260622,0.9411764705882353,0.0,1.0,0.8888888888888888
unchanged,stage2,0.0,0.0,0.0,D007,0.9411764705882353,0,0.0,False,stage2_finetune_bias_only,30,18,1.0,0.8888888888888888,True,5,2,0,20260622,0.9411764705882353,0.0,1.0,0.8888888888888888
unchanged,stage2,0.0,0.0,0.0,D007,0.9411764705882353,0,0.0,False,stage2_finetune_head,30,18,1.0,0.8888888888888888,True,5,2,0,20260622,0.9411764705882353,0.0,1.0,0.8888888888888888
unchanged,stage2,0.0,0.0,0.0,D007,0.9411764705882353,0,0.0,False,stage2_positive_bias,30,18,1.0,0.8888888888888888,True,5,2,0,20260622,0.9411764705882353,0.0,1.0,0.8888888888888888
unchanged,none,0.0,0.0,0.0,D007,0.9411764705882353,0,0.0,False,zero_shot,30,18,1.0,0.8888888888888888,True,5,2,0,20260622,0.9411764705882353,0.0,1.0,0.8888888888888888
unchanged,stage1,0.0,0.0,0.0,D007,0.9714285714285714,0,0.0,False,stage1_finetune_bias_only,30,18,1.0,0.9444444444444444,True,5,1,0,20260623,0.9714285714285714,0.0,1.0,0.9444444444444444
unchanged,stage1,0.0,0.0,0.0,D007,0.9714285714285714,0,0.0,False,stage1_finetune_head,30,18,1.0,0.9444444444444444,True,5,1,0,20260623,0.9714285714285714,0.0,1.0,0.9444444444444444
unchanged,stage1+stage2,0.0,0.0,0.0,D007,0.9714285714285714,0,0.0,False,stage1_stage2_combined,30,18,1.0,0.9444444444444444,True,5,1,0,20260623,0.9714285714285714,0.0,1.0,0.9444444444444444
unchanged,stage2,0.0,0.0,0.0,D007,0.9714285714285714,0,0.0,False,stage2_cosine_prototype,30,18,1.0,0.9444444444444444,True,5,1,0,20260623,0.9714285714285714,0.0,1.0,0.9444444444444444
unchanged,stage2,0.0,0.0,0.0,D007,0.9714285714285714,0,0.0,False,stage2_finetune_bias_only,30,18,1.0,0.9444444444444444,True,5,1,0,20260623,0.9714285714285714,0.0,1.0,0.9444444444444444
unchanged,stage2,0.0,0.0,0.0,D007,0.9714285714285714,0,0.0,False,stage2_finetune_head,30,18,1.0,0.9444444444444444,True,5,1,0,20260623,0.9714285714285714,0.0,1.0,0.9444444444444444
unchanged,stage2,0.0,0.0,0.0,D007,0.9714285714285714,0,0.0,False,stage2_positive_bias,30,18,1.0,0.9444444444444444,True,5,1,0,20260623,0.9714285714285714,0.0,1.0,0.9444444444444444
unchanged,none,0.0,0.0,0.0,D007,0.9714285714285714,0,0.0,False,zero_shot,30,18,1.0,0.9444444444444444,True,5,1,0,20260623,0.9714285714285714,0.0,1.0,0.9444444444444444
unchanged,stage1,0.0,0.0,0.0,D007,0.9411764705882353,0,0.0,False,stage1_finetune_bias_only,30,18,1.0,0.8888888888888888,True,5,2,0,20260624,0.9411764705882353,0.0,1.0,0.8888888888888888
unchanged,stage1,0.0,0.0,0.0,D007,0.9411764705882353,0,0.0,False,stage1_finetune_head,30,18,1.0,0.8888888888888888,True,5,2,0,20260624,0.9411764705882353,0.0,1.0,0.8888888888888888
unchanged,stage1+stage2,0.0,0.0,0.0,D007,0.9411764705882353,0,0.0,False,stage1_stage2_combined,30,18,1.0,0.8888888888888888,True,5,2,0,20260624,0.9411764705882353,0.0,1.0,0.8888888888888888
unchanged,stage2,0.0,0.0,0.0,D007,0.9411764705882353,0,0.0,False,stage2_cosine_prototype,30,18,1.0,0.8888888888888888,True,5,2,0,20260624,0.9411764705882353,0.0,1.0,0.8888888888888888
unchanged,stage2,0.0,0.0,0.0,D007,0.9411764705882353,0,0.0,False,stage2_finetune_bias_only,30,18,1.0,0.8888888888888888,True,5,2,0,20260624,0.9411764705882353,0.0,1.0,0.8888888888888888
unchanged,stage2,0.0,0.0,0.0,D007,0.9411764705882353,0,0.0,False,stage2_finetune_head,30,18,1.0,0.8888888888888888,True,5,2,0,20260624,0.9411764705882353,0.0,1.0,0.8888888888888888
unchanged,stage2,0.0,0.0,0.0,D007,0.9411764705882353,0,0.0,False,stage2_positive_bias,30,18,1.0,0.8888888888888888,True,5,2,0,20260624,0.9411764705882353,0.0,1.0,0.8888888888888888
unchanged,none,0.0,0.0,0.0,D007,0.9411764705882353,0,0.0,False,zero_shot,30,18,1.0,0.8888888888888888,True,5,2,0,20260624,0.9411764705882353,0.0,1.0,0.8888888888888888
unchanged,stage1,0.0,0.0,0.0,D008,1.0,0,0.0,False,stage1_finetune_bias_only,15,12,1.0,1.0,True,3,0,0,20260620,1.0,0.0,1.0,1.0
unchanged,stage1,0.0,0.0,0.0,D008,1.0,0,0.0,False,stage1_finetune_head,15,12,1.0,1.0,True,3,0,0,20260620,1.0,0.0,1.0,1.0
unchanged,stage1+stage2,0.0,0.0,0.0,D008,1.0,0,0.0,False,stage1_stage2_combined,15,12,1.0,1.0,True,3,0,0,20260620,1.0,0.0,1.0,1.0
unchanged,stage2,0.0,0.0,0.0,D008,1.0,0,0.0,False,stage2_cosine_prototype,15,12,1.0,1.0,True,3,0,0,20260620,1.0,0.0,1.0,1.0
unchanged,stage2,0.0,0.0,0.0,D008,1.0,0,0.0,False,stage2_finetune_bias_only,15,12,1.0,1.0,True,3,0,0,20260620,1.0,0.0,1.0,1.0
unchanged,stage2,0.0,0.0,0.0,D008,1.0,0,0.0,False,stage2_finetune_head,15,12,1.0,1.0,True,3,0,0,20260620,1.0,0.0,1.0,1.0
unchanged,stage2,0.0,0.0,0.0,D008,1.0,0,0.0,False,stage2_positive_bias,15,12,1.0,1.0,True,3,0,0,20260620,1.0,0.0,1.0,1.0
unchanged,none,0.0,0.0,0.0,D008,1.0,0,0.0,False,zero_shot,15,12,1.0,1.0,True,3,0,0,20260620,1.0,0.0,1.0,1.0
unchanged,stage1,0.0,0.0,0.0,D008,1.0,0,0.0,False,stage1_finetune_bias_only,15,12,1.0,1.0,True,3,0,0,20260621,1.0,0.0,1.0,1.0
unchanged,stage1,0.0,0.0,0.0,D008,1.0,0,0.0,False,stage1_finetune_head,15,12,1.0,1.0,True,3,0,0,20260621,1.0,0.0,1.0,1.0
unchanged,stage1+stage2,0.0,0.0,0.0,D008,1.0,0,0.0,False,stage1_stage2_combined,15,12,1.0,1.0,True,3,0,0,20260621,1.0,0.0,1.0,1.0
unchanged,stage2,0.0,0.0,0.0,D008,1.0,0,0.0,False,stage2_cosine_prototype,15,12,1.0,1.0,True,3,0,0,20260621,1.0,0.0,1.0,1.0
unchanged,stage2,0.0,0.0,0.0,D008,1.0,0,0.0,False,stage2_finetune_bias_only,15,12,1.0,1.0,True,3,0,0,20260621,1.0,0.0,1.0,1.0
unchanged,stage2,0.0,0.0,0.0,D008,1.0,0,0.0,False,stage2_finetune_head,15,12,1.0,1.0,True,3,0,0,20260621,1.0,0.0,1.0,1.0
unchanged,stage2,0.0,0.0,0.0,D008,1.0,0,0.0,False,stage2_positive_bias,15,12,1.0,1.0,True,3,0,0,20260621,1.0,0.0,1.0,1.0
unchanged,none,0.0,0.0,0.0,D008,1.0,0,0.0,False,zero_shot,15,12,1.0,1.0,True,3,0,0,20260621,1.0,0.0,1.0,1.0
unchanged,stage1,0.0,0.0,0.0,D008,1.0,0,0.0,False,stage1_finetune_bias_only,15,12,1.0,1.0,True,3,0,0,20260622,1.0,0.0,1.0,1.0
unchanged,stage1,0.0,0.0,0.0,D008,1.0,0,0.0,False,stage1_finetune_head,15,12,1.0,1.0,True,3,0,0,20260622,1.0,0.0,1.0,1.0
unchanged,stage1+stage2,0.0,0.0,0.0,D008,1.0,0,0.0,False,stage1_stage2_combined,15,12,1.0,1.0,True,3,0,0,20260622,1.0,0.0,1.0,1.0
unchanged,stage2,0.0,0.0,0.0,D008,1.0,0,0.0,False,stage2_cosine_prototype,15,12,1.0,1.0,True,3,0,0,20260622,1.0,0.0,1.0,1.0
unchanged,stage2,0.0,0.0,0.0,D008,1.0,0,0.0,False,stage2_finetune_bias_only,15,12,1.0,1.0,True,3,0,0,20260622,1.0,0.0,1.0,1.0
unchanged,stage2,0.0,0.0,0.0,D008,1.0,0,0.0,False,stage2_finetune_head,15,12,1.0,1.0,True,3,0,0,20260622,1.0,0.0,1.0,1.0
unchanged,stage2,0.0,0.0,0.0,D008,1.0,0,0.0,False,stage2_positive_bias,15,12,1.0,1.0,True,3,0,0,20260622,1.0,0.0,1.0,1.0
unchanged,none,0.0,0.0,0.0,D008,1.0,0,0.0,False,zero_shot,15,12,1.0,1.0,True,3,0,0,20260622,1.0,0.0,1.0,1.0
unchanged,stage1,0.0,0.0,0.0,D008,1.0,0,0.0,False,stage1_finetune_bias_only,15,12,1.0,1.0,True,3,0,0,20260623,1.0,0.0,1.0,1.0
unchanged,stage1,0.0,0.0,0.0,D008,1.0,0,0.0,False,stage1_finetune_head,15,12,1.0,1.0,True,3,0,0,20260623,1.0,0.0,1.0,1.0
unchanged,stage1+stage2,0.0,0.0,0.0,D008,1.0,0,0.0,False,stage1_stage2_combined,15,12,1.0,1.0,True,3,0,0,20260623,1.0,0.0,1.0,1.0
unchanged,stage2,0.0,0.0,0.0,D008,1.0,0,0.0,False,stage2_cosine_prototype,15,12,1.0,1.0,True,3,0,0,20260623,1.0,0.0,1.0,1.0
unchanged,stage2,0.0,0.0,0.0,D008,1.0,0,0.0,False,stage2_finetune_bias_only,15,12,1.0,1.0,True,3,0,0,20260623,1.0,0.0,1.0,1.0
unchanged,stage2,0.0,0.0,0.0,D008,1.0,0,0.0,False,stage2_finetune_head,15,12,1.0,1.0,True,3,0,0,20260623,1.0,0.0,1.0,1.0
unchanged,stage2,0.0,0.0,0.0,D008,1.0,0,0.0,False,stage2_positive_bias,15,12,1.0,1.0,True,3,0,0,20260623,1.0,0.0,1.0,1.0
unchanged,none,0.0,0.0,0.0,D008,1.0,0,0.0,False,zero_shot,15,12,1.0,1.0,True,3,0,0,20260623,1.0,0.0,1.0,1.0
unchanged,stage1,0.0,0.0,0.0,D008,1.0,0,0.0,False,stage1_finetune_bias_only,15,12,1.0,1.0,True,3,0,0,20260624,1.0,0.0,1.0,1.0
unchanged,stage1,0.0,0.0,0.0,D008,1.0,0,0.0,False,stage1_finetune_head,15,12,1.0,1.0,True,3,0,0,20260624,1.0,0.0,1.0,1.0
unchanged,stage1+stage2,0.0,0.0,0.0,D008,1.0,0,0.0,False,stage1_stage2_combined,15,12,1.0,1.0,True,3,0,0,20260624,1.0,0.0,1.0,1.0
unchanged,stage2,0.0,0.0,0.0,D008,1.0,0,0.0,False,stage2_cosine_prototype,15,12,1.0,1.0,True,3,0,0,20260624,1.0,0.0,1.0,1.0
unchanged,stage2,0.0,0.0,0.0,D008,1.0,0,0.0,False,stage2_finetune_bias_only,15,12,1.0,1.0,True,3,0,0,20260624,1.0,0.0,1.0,1.0
unchanged,stage2,0.0,0.0,0.0,D008,1.0,0,0.0,False,stage2_finetune_head,15,12,1.0,1.0,True,3,0,0,20260624,1.0,0.0,1.0,1.0
unchanged,stage2,0.0,0.0,0.0,D008,1.0,0,0.0,False,stage2_positive_bias,15,12,1.0,1.0,True,3,0,0,20260624,1.0,0.0,1.0,1.0
unchanged,none,0.0,0.0,0.0,D008,1.0,0,0.0,False,zero_shot,15,12,1.0,1.0,True,3,0,0,20260624,1.0,0.0,1.0,1.0
unchanged,stage1,0.0,0.0,0.0,D008,1.0,0,0.0,False,stage1_finetune_bias_only,15,10,1.0,1.0,True,5,0,0,20260620,1.0,0.0,1.0,1.0
unchanged,stage1,0.0,0.0,0.0,D008,1.0,0,0.0,False,stage1_finetune_head,15,10,1.0,1.0,True,5,0,0,20260620,1.0,0.0,1.0,1.0
unchanged,stage1+stage2,0.0,0.0,0.0,D008,1.0,0,0.0,False,stage1_stage2_combined,15,10,1.0,1.0,True,5,0,0,20260620,1.0,0.0,1.0,1.0
unchanged,stage2,0.0,0.0,0.0,D008,1.0,0,0.0,False,stage2_cosine_prototype,15,10,1.0,1.0,True,5,0,0,20260620,1.0,0.0,1.0,1.0
unchanged,stage2,0.0,0.0,0.0,D008,1.0,0,0.0,False,stage2_finetune_bias_only,15,10,1.0,1.0,True,5,0,0,20260620,1.0,0.0,1.0,1.0
unchanged,stage2,0.0,0.0,0.0,D008,1.0,0,0.0,False,stage2_finetune_head,15,10,1.0,1.0,True,5,0,0,20260620,1.0,0.0,1.0,1.0
unchanged,stage2,0.0,0.0,0.0,D008,1.0,0,0.0,False,stage2_positive_bias,15,10,1.0,1.0,True,5,0,0,20260620,1.0,0.0,1.0,1.0
unchanged,none,0.0,0.0,0.0,D008,1.0,0,0.0,False,zero_shot,15,10,1.0,1.0,True,5,0,0,20260620,1.0,0.0,1.0,1.0
unchanged,stage1,0.0,0.0,0.0,D008,1.0,0,0.0,False,stage1_finetune_bias_only,15,10,1.0,1.0,True,5,0,0,20260621,1.0,0.0,1.0,1.0
unchanged,stage1,0.0,0.0,0.0,D008,1.0,0,0.0,False,stage1_finetune_head,15,10,1.0,1.0,True,5,0,0,20260621,1.0,0.0,1.0,1.0
unchanged,stage1+stage2,0.0,0.0,0.0,D008,1.0,0,0.0,False,stage1_stage2_combined,15,10,1.0,1.0,True,5,0,0,20260621,1.0,0.0,1.0,1.0
unchanged,stage2,0.0,0.0,0.0,D008,1.0,0,0.0,False,stage2_cosine_prototype,15,10,1.0,1.0,True,5,0,0,20260621,1.0,0.0,1.0,1.0
unchanged,stage2,0.0,0.0,0.0,D008,1.0,0,0.0,False,stage2_finetune_bias_only,15,10,1.0,1.0,True,5,0,0,20260621,1.0,0.0,1.0,1.0
unchanged,stage2,0.0,0.0,0.0,D008,1.0,0,0.0,False,stage2_finetune_head,15,10,1.0,1.0,True,5,0,0,20260621,1.0,0.0,1.0,1.0
unchanged,stage2,0.0,0.0,0.0,D008,1.0,0,0.0,False,stage2_positive_bias,15,10,1.0,1.0,True,5,0,0,20260621,1.0,0.0,1.0,1.0
unchanged,none,0.0,0.0,0.0,D008,1.0,0,0.0,False,zero_shot,15,10,1.0,1.0,True,5,0,0,20260621,1.0,0.0,1.0,1.0
unchanged,stage1,0.0,0.0,0.0,D008,1.0,0,0.0,False,stage1_finetune_bias_only,15,10,1.0,1.0,True,5,0,0,20260622,1.0,0.0,1.0,1.0
unchanged,stage1,0.0,0.0,0.0,D008,1.0,0,0.0,False,stage1_finetune_head,15,10,1.0,1.0,True,5,0,0,20260622,1.0,0.0,1.0,1.0
unchanged,stage1+stage2,0.0,0.0,0.0,D008,1.0,0,0.0,False,stage1_stage2_combined,15,10,1.0,1.0,True,5,0,0,20260622,1.0,0.0,1.0,1.0
unchanged,stage2,0.0,0.0,0.0,D008,1.0,0,0.0,False,stage2_cosine_prototype,15,10,1.0,1.0,True,5,0,0,20260622,1.0,0.0,1.0,1.0
unchanged,stage2,0.0,0.0,0.0,D008,1.0,0,0.0,False,stage2_finetune_bias_only,15,10,1.0,1.0,True,5,0,0,20260622,1.0,0.0,1.0,1.0
unchanged,stage2,0.0,0.0,0.0,D008,1.0,0,0.0,False,stage2_finetune_head,15,10,1.0,1.0,True,5,0,0,20260622,1.0,0.0,1.0,1.0
unchanged,stage2,0.0,0.0,0.0,D008,1.0,0,0.0,False,stage2_positive_bias,15,10,1.0,1.0,True,5,0,0,20260622,1.0,0.0,1.0,1.0
unchanged,none,0.0,0.0,0.0,D008,1.0,0,0.0,False,zero_shot,15,10,1.0,1.0,True,5,0,0,20260622,1.0,0.0,1.0,1.0
unchanged,stage1,0.0,0.0,0.0,D008,1.0,0,0.0,False,stage1_finetune_bias_only,15,10,1.0,1.0,True,5,0,0,20260623,1.0,0.0,1.0,1.0
unchanged,stage1,0.0,0.0,0.0,D008,1.0,0,0.0,False,stage1_finetune_head,15,10,1.0,1.0,True,5,0,0,20260623,1.0,0.0,1.0,1.0
unchanged,stage1+stage2,0.0,0.0,0.0,D008,1.0,0,0.0,False,stage1_stage2_combined,15,10,1.0,1.0,True,5,0,0,20260623,1.0,0.0,1.0,1.0
unchanged,stage2,0.0,0.0,0.0,D008,1.0,0,0.0,False,stage2_cosine_prototype,15,10,1.0,1.0,True,5,0,0,20260623,1.0,0.0,1.0,1.0
unchanged,stage2,0.0,0.0,0.0,D008,1.0,0,0.0,False,stage2_finetune_bias_only,15,10,1.0,1.0,True,5,0,0,20260623,1.0,0.0,1.0,1.0
unchanged,stage2,0.0,0.0,0.0,D008,1.0,0,0.0,False,stage2_finetune_head,15,10,1.0,1.0,True,5,0,0,20260623,1.0,0.0,1.0,1.0
unchanged,stage2,0.0,0.0,0.0,D008,1.0,0,0.0,False,stage2_positive_bias,15,10,1.0,1.0,True,5,0,0,20260623,1.0,0.0,1.0,1.0
unchanged,none,0.0,0.0,0.0,D008,1.0,0,0.0,False,zero_shot,15,10,1.0,1.0,True,5,0,0,20260623,1.0,0.0,1.0,1.0
unchanged,stage1,0.0,0.0,0.0,D008,1.0,0,0.0,False,stage1_finetune_bias_only,15,10,1.0,1.0,True,5,0,0,20260624,1.0,0.0,1.0,1.0
unchanged,stage1,0.0,0.0,0.0,D008,1.0,0,0.0,False,stage1_finetune_head,15,10,1.0,1.0,True,5,0,0,20260624,1.0,0.0,1.0,1.0
unchanged,stage1+stage2,0.0,0.0,0.0,D008,1.0,0,0.0,False,stage1_stage2_combined,15,10,1.0,1.0,True,5,0,0,20260624,1.0,0.0,1.0,1.0
unchanged,stage2,0.0,0.0,0.0,D008,1.0,0,0.0,False,stage2_cosine_prototype,15,10,1.0,1.0,True,5,0,0,20260624,1.0,0.0,1.0,1.0
unchanged,stage2,0.0,0.0,0.0,D008,1.0,0,0.0,False,stage2_finetune_bias_only,15,10,1.0,1.0,True,5,0,0,20260624,1.0,0.0,1.0,1.0
unchanged,stage2,0.0,0.0,0.0,D008,1.0,0,0.0,False,stage2_finetune_head,15,10,1.0,1.0,True,5,0,0,20260624,1.0,0.0,1.0,1.0
unchanged,stage2,0.0,0.0,0.0,D008,1.0,0,0.0,False,stage2_positive_bias,15,10,1.0,1.0,True,5,0,0,20260624,1.0,0.0,1.0,1.0
unchanged,none,0.0,0.0,0.0,D008,1.0,0,0.0,False,zero_shot,15,10,1.0,1.0,True,5,0,0,20260624,1.0,0.0,1.0,1.0
unchanged,stage1,0.0,0.0,0.0,D009,0.923076923076923,0,0.0,False,stage1_finetune_bias_only,15,14,1.0,0.8571428571428571,True,3,2,0,20260620,0.923076923076923,0.0,1.0,0.8571428571428571
unchanged,stage1,0.0,0.0,0.0,D009,0.923076923076923,0,0.0,False,stage1_finetune_head,15,14,1.0,0.8571428571428571,True,3,2,0,20260620,0.923076923076923,0.0,1.0,0.8571428571428571
unchanged,stage1+stage2,0.0,0.0,0.0,D009,0.923076923076923,0,0.0,False,stage1_stage2_combined,15,14,1.0,0.8571428571428571,True,3,2,0,20260620,0.923076923076923,0.0,1.0,0.8571428571428571
unchanged,stage2,0.0,0.0,0.0,D009,0.923076923076923,0,0.0,False,stage2_cosine_prototype,15,14,1.0,0.8571428571428571,True,3,2,0,20260620,0.923076923076923,0.0,1.0,0.8571428571428571
unchanged,stage2,0.0,0.0,0.0,D009,0.923076923076923,0,0.0,False,stage2_finetune_bias_only,15,14,1.0,0.8571428571428571,True,3,2,0,20260620,0.923076923076923,0.0,1.0,0.8571428571428571
unchanged,stage2,0.0,0.0,0.0,D009,0.923076923076923,0,0.0,False,stage2_finetune_head,15,14,1.0,0.8571428571428571,True,3,2,0,20260620,0.923076923076923,0.0,1.0,0.8571428571428571
unchanged,stage2,0.0,0.0,0.0,D009,0.923076923076923,0,0.0,False,stage2_positive_bias,15,14,1.0,0.8571428571428571,True,3,2,0,20260620,0.923076923076923,0.0,1.0,0.8571428571428571
unchanged,none,0.0,0.0,0.0,D009,0.923076923076923,0,0.0,False,zero_shot,15,14,1.0,0.8571428571428571,True,3,2,0,20260620,0.923076923076923,0.0,1.0,0.8571428571428571
unchanged,stage1,0.0,0.0,0.0,D009,0.923076923076923,0,0.0,False,stage1_finetune_bias_only,15,14,1.0,0.8571428571428571,True,3,2,0,20260621,0.923076923076923,0.0,1.0,0.8571428571428571
unchanged,stage1,0.0,0.0,0.0,D009,0.923076923076923,0,0.0,False,stage1_finetune_head,15,14,1.0,0.8571428571428571,True,3,2,0,20260621,0.923076923076923,0.0,1.0,0.8571428571428571
unchanged,stage1+stage2,0.0,0.0,0.0,D009,0.923076923076923,0,0.0,False,stage1_stage2_combined,15,14,1.0,0.8571428571428571,True,3,2,0,20260621,0.923076923076923,0.0,1.0,0.8571428571428571
unchanged,stage2,0.0,0.0,0.0,D009,0.923076923076923,0,0.0,False,stage2_cosine_prototype,15,14,1.0,0.8571428571428571,True,3,2,0,20260621,0.923076923076923,0.0,1.0,0.8571428571428571
unchanged,stage2,0.0,0.0,0.0,D009,0.923076923076923,0,0.0,False,stage2_finetune_bias_only,15,14,1.0,0.8571428571428571,True,3,2,0,20260621,0.923076923076923,0.0,1.0,0.8571428571428571
unchanged,stage2,0.0,0.0,0.0,D009,0.923076923076923,0,0.0,False,stage2_finetune_head,15,14,1.0,0.8571428571428571,True,3,2,0,20260621,0.923076923076923,0.0,1.0,0.8571428571428571
unchanged,stage2,0.0,0.0,0.0,D009,0.923076923076923,0,0.0,False,stage2_positive_bias,15,14,1.0,0.8571428571428571,True,3,2,0,20260621,0.923076923076923,0.0,1.0,0.8571428571428571
unchanged,none,0.0,0.0,0.0,D009,0.923076923076923,0,0.0,False,zero_shot,15,14,1.0,0.8571428571428571,True,3,2,0,20260621,0.923076923076923,0.0,1.0,0.8571428571428571
unchanged,stage1,0.0,0.0,0.0,D009,0.923076923076923,0,0.0,False,stage1_finetune_bias_only,15,14,1.0,0.8571428571428571,True,3,2,0,20260622,0.923076923076923,0.0,1.0,0.8571428571428571
unchanged,stage1,0.0,0.0,0.0,D009,0.923076923076923,0,0.0,False,stage1_finetune_head,15,14,1.0,0.8571428571428571,True,3,2,0,20260622,0.923076923076923,0.0,1.0,0.8571428571428571
unchanged,stage1+stage2,0.0,0.0,0.0,D009,0.923076923076923,0,0.0,False,stage1_stage2_combined,15,14,1.0,0.8571428571428571,True,3,2,0,20260622,0.923076923076923,0.0,1.0,0.8571428571428571
unchanged,stage2,0.0,0.0,0.0,D009,0.923076923076923,0,0.0,False,stage2_cosine_prototype,15,14,1.0,0.8571428571428571,True,3,2,0,20260622,0.923076923076923,0.0,1.0,0.8571428571428571
unchanged,stage2,0.0,0.0,0.0,D009,0.923076923076923,0,0.0,False,stage2_finetune_bias_only,15,14,1.0,0.8571428571428571,True,3,2,0,20260622,0.923076923076923,0.0,1.0,0.8571428571428571
unchanged,stage2,0.0,0.0,0.0,D009,0.923076923076923,0,0.0,False,stage2_finetune_head,15,14,1.0,0.8571428571428571,True,3,2,0,20260622,0.923076923076923,0.0,1.0,0.8571428571428571
unchanged,stage2,0.0,0.0,0.0,D009,0.923076923076923,0,0.0,False,stage2_positive_bias,15,14,1.0,0.8571428571428571,True,3,2,0,20260622,0.923076923076923,0.0,1.0,0.8571428571428571
unchanged,none,0.0,0.0,0.0,D009,0.923076923076923,0,0.0,False,zero_shot,15,14,1.0,0.8571428571428571,True,3,2,0,20260622,0.923076923076923,0.0,1.0,0.8571428571428571
unchanged,stage1,0.0,0.0,0.0,D009,0.923076923076923,0,0.0,False,stage1_finetune_bias_only,15,14,1.0,0.8571428571428571,True,3,2,0,20260623,0.923076923076923,0.0,1.0,0.8571428571428571
unchanged,stage1,0.0,0.0,0.0,D009,0.923076923076923,0,0.0,False,stage1_finetune_head,15,14,1.0,0.8571428571428571,True,3,2,0,20260623,0.923076923076923,0.0,1.0,0.8571428571428571
unchanged,stage1+stage2,0.0,0.0,0.0,D009,0.923076923076923,0,0.0,False,stage1_stage2_combined,15,14,1.0,0.8571428571428571,True,3,2,0,20260623,0.923076923076923,0.0,1.0,0.8571428571428571
unchanged,stage2,0.0,0.0,0.0,D009,0.923076923076923,0,0.0,False,stage2_cosine_prototype,15,14,1.0,0.8571428571428571,True,3,2,0,20260623,0.923076923076923,0.0,1.0,0.8571428571428571
unchanged,stage2,0.0,0.0,0.0,D009,0.923076923076923,0,0.0,False,stage2_finetune_bias_only,15,14,1.0,0.8571428571428571,True,3,2,0,20260623,0.923076923076923,0.0,1.0,0.8571428571428571
unchanged,stage2,0.0,0.0,0.0,D009,0.923076923076923,0,0.0,False,stage2_finetune_head,15,14,1.0,0.8571428571428571,True,3,2,0,20260623,0.923076923076923,0.0,1.0,0.8571428571428571
unchanged,stage2,0.0,0.0,0.0,D009,0.923076923076923,0,0.0,False,stage2_positive_bias,15,14,1.0,0.8571428571428571,True,3,2,0,20260623,0.923076923076923,0.0,1.0,0.8571428571428571
unchanged,none,0.0,0.0,0.0,D009,0.923076923076923,0,0.0,False,zero_shot,15,14,1.0,0.8571428571428571,True,3,2,0,20260623,0.923076923076923,0.0,1.0,0.8571428571428571
unchanged,stage1,0.0,0.0,0.0,D009,0.923076923076923,0,0.0,False,stage1_finetune_bias_only,15,14,1.0,0.8571428571428571,True,3,2,0,20260624,0.923076923076923,0.0,1.0,0.8571428571428571
unchanged,stage1,0.0,0.0,0.0,D009,0.923076923076923,0,0.0,False,stage1_finetune_head,15,14,1.0,0.8571428571428571,True,3,2,0,20260624,0.923076923076923,0.0,1.0,0.8571428571428571
unchanged,stage1+stage2,0.0,0.0,0.0,D009,0.923076923076923,0,0.0,False,stage1_stage2_combined,15,14,1.0,0.8571428571428571,True,3,2,0,20260624,0.923076923076923,0.0,1.0,0.8571428571428571
unchanged,stage2,0.0,0.0,0.0,D009,0.923076923076923,0,0.0,False,stage2_cosine_prototype,15,14,1.0,0.8571428571428571,True,3,2,0,20260624,0.923076923076923,0.0,1.0,0.8571428571428571
unchanged,stage2,0.0,0.0,0.0,D009,0.923076923076923,0,0.0,False,stage2_finetune_bias_only,15,14,1.0,0.8571428571428571,True,3,2,0,20260624,0.923076923076923,0.0,1.0,0.8571428571428571
unchanged,stage2,0.0,0.0,0.0,D009,0.923076923076923,0,0.0,False,stage2_finetune_head,15,14,1.0,0.8571428571428571,True,3,2,0,20260624,0.923076923076923,0.0,1.0,0.8571428571428571
unchanged,stage2,0.0,0.0,0.0,D009,0.923076923076923,0,0.0,False,stage2_positive_bias,15,14,1.0,0.8571428571428571,True,3,2,0,20260624,0.923076923076923,0.0,1.0,0.8571428571428571
unchanged,none,0.0,0.0,0.0,D009,0.923076923076923,0,0.0,False,zero_shot,15,14,1.0,0.8571428571428571,True,3,2,0,20260624,0.923076923076923,0.0,1.0,0.8571428571428571
unchanged,stage1,0.0,0.0,0.0,D009,0.9565217391304348,0,0.0,False,stage1_finetune_bias_only,15,12,1.0,0.9166666666666666,True,5,1,0,20260620,0.9565217391304348,0.0,1.0,0.9166666666666666
unchanged,stage1,0.0,0.0,0.0,D009,0.9565217391304348,0,0.0,False,stage1_finetune_head,15,12,1.0,0.9166666666666666,True,5,1,0,20260620,0.9565217391304348,0.0,1.0,0.9166666666666666
unchanged,stage1+stage2,0.0,0.0,0.0,D009,0.9565217391304348,0,0.0,False,stage1_stage2_combined,15,12,1.0,0.9166666666666666,True,5,1,0,20260620,0.9565217391304348,0.0,1.0,0.9166666666666666
unchanged,stage2,0.0,0.0,0.0,D009,0.9565217391304348,0,0.0,False,stage2_cosine_prototype,15,12,1.0,0.9166666666666666,True,5,1,0,20260620,0.9565217391304348,0.0,1.0,0.9166666666666666
unchanged,stage2,0.0,0.0,0.0,D009,0.9565217391304348,0,0.0,False,stage2_finetune_bias_only,15,12,1.0,0.9166666666666666,True,5,1,0,20260620,0.9565217391304348,0.0,1.0,0.9166666666666666
unchanged,stage2,0.0,0.0,0.0,D009,0.9565217391304348,0,0.0,False,stage2_finetune_head,15,12,1.0,0.9166666666666666,True,5,1,0,20260620,0.9565217391304348,0.0,1.0,0.9166666666666666
unchanged,stage2,0.0,0.0,0.0,D009,0.9565217391304348,0,0.0,False,stage2_positive_bias,15,12,1.0,0.9166666666666666,True,5,1,0,20260620,0.9565217391304348,0.0,1.0,0.9166666666666666
unchanged,none,0.0,0.0,0.0,D009,0.9565217391304348,0,0.0,False,zero_shot,15,12,1.0,0.9166666666666666,True,5,1,0,20260620,0.9565217391304348,0.0,1.0,0.9166666666666666
unchanged,stage1,0.0,0.0,0.0,D009,0.9090909090909091,0,0.0,False,stage1_finetune_bias_only,15,12,1.0,0.8333333333333334,True,5,2,0,20260621,0.9090909090909091,0.0,1.0,0.8333333333333334
unchanged,stage1,0.0,0.0,0.0,D009,0.9090909090909091,0,0.0,False,stage1_finetune_head,15,12,1.0,0.8333333333333334,True,5,2,0,20260621,0.9090909090909091,0.0,1.0,0.8333333333333334
unchanged,stage1+stage2,0.0,0.0,0.0,D009,0.9090909090909091,0,0.0,False,stage1_stage2_combined,15,12,1.0,0.8333333333333334,True,5,2,0,20260621,0.9090909090909091,0.0,1.0,0.8333333333333334
unchanged,stage2,0.0,0.0,0.0,D009,0.9090909090909091,0,0.0,False,stage2_cosine_prototype,15,12,1.0,0.8333333333333334,True,5,2,0,20260621,0.9090909090909091,0.0,1.0,0.8333333333333334
unchanged,stage2,0.0,0.0,0.0,D009,0.9090909090909091,0,0.0,False,stage2_finetune_bias_only,15,12,1.0,0.8333333333333334,True,5,2,0,20260621,0.9090909090909091,0.0,1.0,0.8333333333333334
unchanged,stage2,0.0,0.0,0.0,D009,0.9090909090909091,0,0.0,False,stage2_finetune_head,15,12,1.0,0.8333333333333334,True,5,2,0,20260621,0.9090909090909091,0.0,1.0,0.8333333333333334
unchanged,stage2,0.0,0.0,0.0,D009,0.9090909090909091,0,0.0,False,stage2_positive_bias,15,12,1.0,0.8333333333333334,True,5,2,0,20260621,0.9090909090909091,0.0,1.0,0.8333333333333334
unchanged,none,0.0,0.0,0.0,D009,0.9090909090909091,0,0.0,False,zero_shot,15,12,1.0,0.8333333333333334,True,5,2,0,20260621,0.9090909090909091,0.0,1.0,0.8333333333333334
unchanged,stage1,0.0,0.0,0.0,D009,0.9090909090909091,0,0.0,False,stage1_finetune_bias_only,15,12,1.0,0.8333333333333334,True,5,2,0,20260622,0.9090909090909091,0.0,1.0,0.8333333333333334
unchanged,stage1,0.0,0.0,0.0,D009,0.9090909090909091,0,0.0,False,stage1_finetune_head,15,12,1.0,0.8333333333333334,True,5,2,0,20260622,0.9090909090909091,0.0,1.0,0.8333333333333334
unchanged,stage1+stage2,0.0,0.0,0.0,D009,0.9090909090909091,0,0.0,False,stage1_stage2_combined,15,12,1.0,0.8333333333333334,True,5,2,0,20260622,0.9090909090909091,0.0,1.0,0.8333333333333334
unchanged,stage2,0.0,0.0,0.0,D009,0.9090909090909091,0,0.0,False,stage2_cosine_prototype,15,12,1.0,0.8333333333333334,True,5,2,0,20260622,0.9090909090909091,0.0,1.0,0.8333333333333334
unchanged,stage2,0.0,0.0,0.0,D009,0.9090909090909091,0,0.0,False,stage2_finetune_bias_only,15,12,1.0,0.8333333333333334,True,5,2,0,20260622,0.9090909090909091,0.0,1.0,0.8333333333333334
unchanged,stage2,0.0,0.0,0.0,D009,0.9090909090909091,0,0.0,False,stage2_finetune_head,15,12,1.0,0.8333333333333334,True,5,2,0,20260622,0.9090909090909091,0.0,1.0,0.8333333333333334
unchanged,stage2,0.0,0.0,0.0,D009,0.9090909090909091,0,0.0,False,stage2_positive_bias,15,12,1.0,0.8333333333333334,True,5,2,0,20260622,0.9090909090909091,0.0,1.0,0.8333333333333334
unchanged,none,0.0,0.0,0.0,D009,0.9090909090909091,0,0.0,False,zero_shot,15,12,1.0,0.8333333333333334,True,5,2,0,20260622,0.9090909090909091,0.0,1.0,0.8333333333333334
unchanged,stage1,0.0,0.0,0.0,D009,0.9090909090909091,0,0.0,False,stage1_finetune_bias_only,15,12,1.0,0.8333333333333334,True,5,2,0,20260623,0.9090909090909091,0.0,1.0,0.8333333333333334
unchanged,stage1,0.0,0.0,0.0,D009,0.9090909090909091,0,0.0,False,stage1_finetune_head,15,12,1.0,0.8333333333333334,True,5,2,0,20260623,0.9090909090909091,0.0,1.0,0.8333333333333334
unchanged,stage1+stage2,0.0,0.0,0.0,D009,0.9090909090909091,0,0.0,False,stage1_stage2_combined,15,12,1.0,0.8333333333333334,True,5,2,0,20260623,0.9090909090909091,0.0,1.0,0.8333333333333334
unchanged,stage2,0.0,0.0,0.0,D009,0.9090909090909091,0,0.0,False,stage2_cosine_prototype,15,12,1.0,0.8333333333333334,True,5,2,0,20260623,0.9090909090909091,0.0,1.0,0.8333333333333334
unchanged,stage2,0.0,0.0,0.0,D009,0.9090909090909091,0,0.0,False,stage2_finetune_bias_only,15,12,1.0,0.8333333333333334,True,5,2,0,20260623,0.9090909090909091,0.0,1.0,0.8333333333333334
unchanged,stage2,0.0,0.0,0.0,D009,0.9090909090909091,0,0.0,False,stage2_finetune_head,15,12,1.0,0.8333333333333334,True,5,2,0,20260623,0.9090909090909091,0.0,1.0,0.8333333333333334
unchanged,stage2,0.0,0.0,0.0,D009,0.9090909090909091,0,0.0,False,stage2_positive_bias,15,12,1.0,0.8333333333333334,True,5,2,0,20260623,0.9090909090909091,0.0,1.0,0.8333333333333334
unchanged,none,0.0,0.0,0.0,D009,0.9090909090909091,0,0.0,False,zero_shot,15,12,1.0,0.8333333333333334,True,5,2,0,20260623,0.9090909090909091,0.0,1.0,0.8333333333333334
unchanged,stage1,0.0,0.0,0.0,D009,0.9565217391304348,0,0.0,False,stage1_finetune_bias_only,15,12,1.0,0.9166666666666666,True,5,1,0,20260624,0.9565217391304348,0.0,1.0,0.9166666666666666
unchanged,stage1,0.0,0.0,0.0,D009,0.9565217391304348,0,0.0,False,stage1_finetune_head,15,12,1.0,0.9166666666666666,True,5,1,0,20260624,0.9565217391304348,0.0,1.0,0.9166666666666666
unchanged,stage1+stage2,0.0,0.0,0.0,D009,0.9565217391304348,0,0.0,False,stage1_stage2_combined,15,12,1.0,0.9166666666666666,True,5,1,0,20260624,0.9565217391304348,0.0,1.0,0.9166666666666666
unchanged,stage2,0.0,0.0,0.0,D009,0.9565217391304348,0,0.0,False,stage2_cosine_prototype,15,12,1.0,0.9166666666666666,True,5,1,0,20260624,0.9565217391304348,0.0,1.0,0.9166666666666666
unchanged,stage2,0.0,0.0,0.0,D009,0.9565217391304348,0,0.0,False,stage2_finetune_bias_only,15,12,1.0,0.9166666666666666,True,5,1,0,20260624,0.9565217391304348,0.0,1.0,0.9166666666666666
unchanged,stage2,0.0,0.0,0.0,D009,0.9565217391304348,0,0.0,False,stage2_finetune_head,15,12,1.0,0.9166666666666666,True,5,1,0,20260624,0.9565217391304348,0.0,1.0,0.9166666666666666
unchanged,stage2,0.0,0.0,0.0,D009,0.9565217391304348,0,0.0,False,stage2_positive_bias,15,12,1.0,0.9166666666666666,True,5,1,0,20260624,0.9565217391304348,0.0,1.0,0.9166666666666666
unchanged,none,0.0,0.0,0.0,D009,0.9565217391304348,0,0.0,False,zero_shot,15,12,1.0,0.9166666666666666,True,5,1,0,20260624,0.9565217391304348,0.0,1.0,0.9166666666666666
unchanged,stage1,0.0,0.0,0.0,D010,0.967741935483871,0,0.0,False,stage1_finetune_bias_only,17,16,1.0,0.9375,True,3,1,0,20260620,0.967741935483871,0.0,1.0,0.9375
unchanged,stage1,0.0,0.0,0.0,D010,0.967741935483871,0,0.0,False,stage1_finetune_head,17,16,1.0,0.9375,True,3,1,0,20260620,0.967741935483871,0.0,1.0,0.9375
unchanged,stage1+stage2,0.0,0.0,0.0,D010,0.967741935483871,0,0.0,False,stage1_stage2_combined,17,16,1.0,0.9375,True,3,1,0,20260620,0.967741935483871,0.0,1.0,0.9375
unchanged,stage2,0.0,0.0,0.0,D010,0.967741935483871,0,0.0,False,stage2_cosine_prototype,17,16,1.0,0.9375,True,3,1,0,20260620,0.967741935483871,0.0,1.0,0.9375
unchanged,stage2,0.0,0.0,0.0,D010,0.967741935483871,0,0.0,False,stage2_finetune_bias_only,17,16,1.0,0.9375,True,3,1,0,20260620,0.967741935483871,0.0,1.0,0.9375
unchanged,stage2,0.0,0.0,0.0,D010,0.967741935483871,0,0.0,False,stage2_finetune_head,17,16,1.0,0.9375,True,3,1,0,20260620,0.967741935483871,0.0,1.0,0.9375
unchanged,stage2,0.0,0.0,0.0,D010,0.967741935483871,0,0.0,False,stage2_positive_bias,17,16,1.0,0.9375,True,3,1,0,20260620,0.967741935483871,0.0,1.0,0.9375
unchanged,none,0.0,0.0,0.0,D010,0.967741935483871,0,0.0,False,zero_shot,17,16,1.0,0.9375,True,3,1,0,20260620,0.967741935483871,0.0,1.0,0.9375
unchanged,stage1,0.0,0.0,0.0,D010,0.967741935483871,0,0.0,False,stage1_finetune_bias_only,17,16,1.0,0.9375,True,3,1,0,20260621,0.967741935483871,0.0,1.0,0.9375
unchanged,stage1,0.0,0.0,0.0,D010,0.967741935483871,0,0.0,False,stage1_finetune_head,17,16,1.0,0.9375,True,3,1,0,20260621,0.967741935483871,0.0,1.0,0.9375
unchanged,stage1+stage2,0.0,0.0,0.0,D010,0.967741935483871,0,0.0,False,stage1_stage2_combined,17,16,1.0,0.9375,True,3,1,0,20260621,0.967741935483871,0.0,1.0,0.9375
unchanged,stage2,0.0,0.0,0.0,D010,0.967741935483871,0,0.0,False,stage2_cosine_prototype,17,16,1.0,0.9375,True,3,1,0,20260621,0.967741935483871,0.0,1.0,0.9375
unchanged,stage2,0.0,0.0,0.0,D010,0.967741935483871,0,0.0,False,stage2_finetune_bias_only,17,16,1.0,0.9375,True,3,1,0,20260621,0.967741935483871,0.0,1.0,0.9375
unchanged,stage2,0.0,0.0,0.0,D010,0.967741935483871,0,0.0,False,stage2_finetune_head,17,16,1.0,0.9375,True,3,1,0,20260621,0.967741935483871,0.0,1.0,0.9375
unchanged,stage2,0.0,0.0,0.0,D010,0.967741935483871,0,0.0,False,stage2_positive_bias,17,16,1.0,0.9375,True,3,1,0,20260621,0.967741935483871,0.0,1.0,0.9375
unchanged,none,0.0,0.0,0.0,D010,0.967741935483871,0,0.0,False,zero_shot,17,16,1.0,0.9375,True,3,1,0,20260621,0.967741935483871,0.0,1.0,0.9375
unchanged,stage1,0.0,0.0,0.0,D010,0.967741935483871,0,0.0,False,stage1_finetune_bias_only,17,16,1.0,0.9375,True,3,1,0,20260622,0.967741935483871,0.0,1.0,0.9375
unchanged,stage1,0.0,0.0,0.0,D010,0.967741935483871,0,0.0,False,stage1_finetune_head,17,16,1.0,0.9375,True,3,1,0,20260622,0.967741935483871,0.0,1.0,0.9375
unchanged,stage1+stage2,0.0,0.0,0.0,D010,0.967741935483871,0,0.0,False,stage1_stage2_combined,17,16,1.0,0.9375,True,3,1,0,20260622,0.967741935483871,0.0,1.0,0.9375
unchanged,stage2,0.0,0.0,0.0,D010,0.967741935483871,0,0.0,False,stage2_cosine_prototype,17,16,1.0,0.9375,True,3,1,0,20260622,0.967741935483871,0.0,1.0,0.9375
unchanged,stage2,0.0,0.0,0.0,D010,0.967741935483871,0,0.0,False,stage2_finetune_bias_only,17,16,1.0,0.9375,True,3,1,0,20260622,0.967741935483871,0.0,1.0,0.9375
unchanged,stage2,0.0,0.0,0.0,D010,0.967741935483871,0,0.0,False,stage2_finetune_head,17,16,1.0,0.9375,True,3,1,0,20260622,0.967741935483871,0.0,1.0,0.9375
unchanged,stage2,0.0,0.0,0.0,D010,0.967741935483871,0,0.0,False,stage2_positive_bias,17,16,1.0,0.9375,True,3,1,0,20260622,0.967741935483871,0.0,1.0,0.9375
unchanged,none,0.0,0.0,0.0,D010,0.967741935483871,0,0.0,False,zero_shot,17,16,1.0,0.9375,True,3,1,0,20260622,0.967741935483871,0.0,1.0,0.9375
unchanged,stage1,0.0,0.0,0.0,D010,1.0,0,0.0,False,stage1_finetune_bias_only,17,16,1.0,1.0,True,3,0,0,20260623,1.0,0.0,1.0,1.0
unchanged,stage1,0.0,0.0,0.0,D010,1.0,0,0.0,False,stage1_finetune_head,17,16,1.0,1.0,True,3,0,0,20260623,1.0,0.0,1.0,1.0
unchanged,stage1+stage2,0.0,0.0,0.0,D010,1.0,0,0.0,False,stage1_stage2_combined,17,16,1.0,1.0,True,3,0,0,20260623,1.0,0.0,1.0,1.0
unchanged,stage2,0.0,0.0,0.0,D010,1.0,0,0.0,False,stage2_cosine_prototype,17,16,1.0,1.0,True,3,0,0,20260623,1.0,0.0,1.0,1.0
unchanged,stage2,0.0,0.0,0.0,D010,1.0,0,0.0,False,stage2_finetune_bias_only,17,16,1.0,1.0,True,3,0,0,20260623,1.0,0.0,1.0,1.0
unchanged,stage2,0.0,0.0,0.0,D010,1.0,0,0.0,False,stage2_finetune_head,17,16,1.0,1.0,True,3,0,0,20260623,1.0,0.0,1.0,1.0
unchanged,stage2,0.0,0.0,0.0,D010,1.0,0,0.0,False,stage2_positive_bias,17,16,1.0,1.0,True,3,0,0,20260623,1.0,0.0,1.0,1.0
unchanged,none,0.0,0.0,0.0,D010,1.0,0,0.0,False,zero_shot,17,16,1.0,1.0,True,3,0,0,20260623,1.0,0.0,1.0,1.0
unchanged,stage1,0.0,0.0,0.0,D010,0.967741935483871,0,0.0,False,stage1_finetune_bias_only,17,16,1.0,0.9375,True,3,1,0,20260624,0.967741935483871,0.0,1.0,0.9375
unchanged,stage1,0.0,0.0,0.0,D010,0.967741935483871,0,0.0,False,stage1_finetune_head,17,16,1.0,0.9375,True,3,1,0,20260624,0.967741935483871,0.0,1.0,0.9375
unchanged,stage1+stage2,0.0,0.0,0.0,D010,0.967741935483871,0,0.0,False,stage1_stage2_combined,17,16,1.0,0.9375,True,3,1,0,20260624,0.967741935483871,0.0,1.0,0.9375
unchanged,stage2,0.0,0.0,0.0,D010,0.967741935483871,0,0.0,False,stage2_cosine_prototype,17,16,1.0,0.9375,True,3,1,0,20260624,0.967741935483871,0.0,1.0,0.9375
unchanged,stage2,0.0,0.0,0.0,D010,0.967741935483871,0,0.0,False,stage2_finetune_bias_only,17,16,1.0,0.9375,True,3,1,0,20260624,0.967741935483871,0.0,1.0,0.9375
unchanged,stage2,0.0,0.0,0.0,D010,0.967741935483871,0,0.0,False,stage2_finetune_head,17,16,1.0,0.9375,True,3,1,0,20260624,0.967741935483871,0.0,1.0,0.9375
unchanged,stage2,0.0,0.0,0.0,D010,0.967741935483871,0,0.0,False,stage2_positive_bias,17,16,1.0,0.9375,True,3,1,0,20260624,0.967741935483871,0.0,1.0,0.9375
unchanged,none,0.0,0.0,0.0,D010,0.967741935483871,0,0.0,False,zero_shot,17,16,1.0,0.9375,True,3,1,0,20260624,0.967741935483871,0.0,1.0,0.9375
unchanged,stage1,0.0,0.0,0.0,D010,0.962962962962963,0,0.0,False,stage1_finetune_bias_only,17,14,1.0,0.9285714285714286,True,5,1,0,20260620,0.962962962962963,0.0,1.0,0.9285714285714286
unchanged,stage1,0.0,0.0,0.0,D010,0.962962962962963,0,0.0,False,stage1_finetune_head,17,14,1.0,0.9285714285714286,True,5,1,0,20260620,0.962962962962963,0.0,1.0,0.9285714285714286
unchanged,stage1+stage2,0.0,0.0,0.0,D010,0.962962962962963,0,0.0,False,stage1_stage2_combined,17,14,1.0,0.9285714285714286,True,5,1,0,20260620,0.962962962962963,0.0,1.0,0.9285714285714286
unchanged,stage2,0.0,0.0,0.0,D010,0.962962962962963,0,0.0,False,stage2_cosine_prototype,17,14,1.0,0.9285714285714286,True,5,1,0,20260620,0.962962962962963,0.0,1.0,0.9285714285714286
unchanged,stage2,0.0,0.0,0.0,D010,0.962962962962963,0,0.0,False,stage2_finetune_bias_only,17,14,1.0,0.9285714285714286,True,5,1,0,20260620,0.962962962962963,0.0,1.0,0.9285714285714286
unchanged,stage2,0.0,0.0,0.0,D010,0.962962962962963,0,0.0,False,stage2_finetune_head,17,14,1.0,0.9285714285714286,True,5,1,0,20260620,0.962962962962963,0.0,1.0,0.9285714285714286
unchanged,stage2,0.0,0.0,0.0,D010,0.962962962962963,0,0.0,False,stage2_positive_bias,17,14,1.0,0.9285714285714286,True,5,1,0,20260620,0.962962962962963,0.0,1.0,0.9285714285714286
unchanged,none,0.0,0.0,0.0,D010,0.962962962962963,0,0.0,False,zero_shot,17,14,1.0,0.9285714285714286,True,5,1,0,20260620,0.962962962962963,0.0,1.0,0.9285714285714286
unchanged,stage1,0.0,0.0,0.0,D010,1.0,0,0.0,False,stage1_finetune_bias_only,17,14,1.0,1.0,True,5,0,0,20260621,1.0,0.0,1.0,1.0
unchanged,stage1,0.0,0.0,0.0,D010,1.0,0,0.0,False,stage1_finetune_head,17,14,1.0,1.0,True,5,0,0,20260621,1.0,0.0,1.0,1.0
unchanged,stage1+stage2,0.0,0.0,0.0,D010,1.0,0,0.0,False,stage1_stage2_combined,17,14,1.0,1.0,True,5,0,0,20260621,1.0,0.0,1.0,1.0
unchanged,stage2,0.0,0.0,0.0,D010,1.0,0,0.0,False,stage2_cosine_prototype,17,14,1.0,1.0,True,5,0,0,20260621,1.0,0.0,1.0,1.0
unchanged,stage2,0.0,0.0,0.0,D010,1.0,0,0.0,False,stage2_finetune_bias_only,17,14,1.0,1.0,True,5,0,0,20260621,1.0,0.0,1.0,1.0
unchanged,stage2,0.0,0.0,0.0,D010,1.0,0,0.0,False,stage2_finetune_head,17,14,1.0,1.0,True,5,0,0,20260621,1.0,0.0,1.0,1.0
unchanged,stage2,0.0,0.0,0.0,D010,1.0,0,0.0,False,stage2_positive_bias,17,14,1.0,1.0,True,5,0,0,20260621,1.0,0.0,1.0,1.0
unchanged,none,0.0,0.0,0.0,D010,1.0,0,0.0,False,zero_shot,17,14,1.0,1.0,True,5,0,0,20260621,1.0,0.0,1.0,1.0
unchanged,stage1,0.0,0.0,0.0,D010,0.962962962962963,0,0.0,False,stage1_finetune_bias_only,17,14,1.0,0.9285714285714286,True,5,1,0,20260622,0.962962962962963,0.0,1.0,0.9285714285714286
unchanged,stage1,0.0,0.0,0.0,D010,0.962962962962963,0,0.0,False,stage1_finetune_head,17,14,1.0,0.9285714285714286,True,5,1,0,20260622,0.962962962962963,0.0,1.0,0.9285714285714286
unchanged,stage1+stage2,0.0,0.0,0.0,D010,0.962962962962963,0,0.0,False,stage1_stage2_combined,17,14,1.0,0.9285714285714286,True,5,1,0,20260622,0.962962962962963,0.0,1.0,0.9285714285714286
unchanged,stage2,0.0,0.0,0.0,D010,0.962962962962963,0,0.0,False,stage2_cosine_prototype,17,14,1.0,0.9285714285714286,True,5,1,0,20260622,0.962962962962963,0.0,1.0,0.9285714285714286
unchanged,stage2,0.0,0.0,0.0,D010,0.962962962962963,0,0.0,False,stage2_finetune_bias_only,17,14,1.0,0.9285714285714286,True,5,1,0,20260622,0.962962962962963,0.0,1.0,0.9285714285714286
unchanged,stage2,0.0,0.0,0.0,D010,0.962962962962963,0,0.0,False,stage2_finetune_head,17,14,1.0,0.9285714285714286,True,5,1,0,20260622,0.962962962962963,0.0,1.0,0.9285714285714286
unchanged,stage2,0.0,0.0,0.0,D010,0.962962962962963,0,0.0,False,stage2_positive_bias,17,14,1.0,0.9285714285714286,True,5,1,0,20260622,0.962962962962963,0.0,1.0,0.9285714285714286
unchanged,none,0.0,0.0,0.0,D010,0.962962962962963,0,0.0,False,zero_shot,17,14,1.0,0.9285714285714286,True,5,1,0,20260622,0.962962962962963,0.0,1.0,0.9285714285714286
unchanged,stage1,0.0,0.0,0.0,D010,1.0,0,0.0,False,stage1_finetune_bias_only,17,14,1.0,1.0,True,5,0,0,20260623,1.0,0.0,1.0,1.0
unchanged,stage1,0.0,0.0,0.0,D010,1.0,0,0.0,False,stage1_finetune_head,17,14,1.0,1.0,True,5,0,0,20260623,1.0,0.0,1.0,1.0
unchanged,stage1+stage2,0.0,0.0,0.0,D010,1.0,0,0.0,False,stage1_stage2_combined,17,14,1.0,1.0,True,5,0,0,20260623,1.0,0.0,1.0,1.0
unchanged,stage2,0.0,0.0,0.0,D010,1.0,0,0.0,False,stage2_cosine_prototype,17,14,1.0,1.0,True,5,0,0,20260623,1.0,0.0,1.0,1.0
unchanged,stage2,0.0,0.0,0.0,D010,1.0,0,0.0,False,stage2_finetune_bias_only,17,14,1.0,1.0,True,5,0,0,20260623,1.0,0.0,1.0,1.0
unchanged,stage2,0.0,0.0,0.0,D010,1.0,0,0.0,False,stage2_finetune_head,17,14,1.0,1.0,True,5,0,0,20260623,1.0,0.0,1.0,1.0
unchanged,stage2,0.0,0.0,0.0,D010,1.0,0,0.0,False,stage2_positive_bias,17,14,1.0,1.0,True,5,0,0,20260623,1.0,0.0,1.0,1.0
unchanged,none,0.0,0.0,0.0,D010,1.0,0,0.0,False,zero_shot,17,14,1.0,1.0,True,5,0,0,20260623,1.0,0.0,1.0,1.0
unchanged,stage1,0.0,0.0,0.0,D010,0.962962962962963,0,0.0,False,stage1_finetune_bias_only,17,14,1.0,0.9285714285714286,True,5,1,0,20260624,0.962962962962963,0.0,1.0,0.9285714285714286
unchanged,stage1,0.0,0.0,0.0,D010,0.962962962962963,0,0.0,False,stage1_finetune_head,17,14,1.0,0.9285714285714286,True,5,1,0,20260624,0.962962962962963,0.0,1.0,0.9285714285714286
unchanged,stage1+stage2,0.0,0.0,0.0,D010,0.962962962962963,0,0.0,False,stage1_stage2_combined,17,14,1.0,0.9285714285714286,True,5,1,0,20260624,0.962962962962963,0.0,1.0,0.9285714285714286
unchanged,stage2,0.0,0.0,0.0,D010,0.962962962962963,0,0.0,False,stage2_cosine_prototype,17,14,1.0,0.9285714285714286,True,5,1,0,20260624,0.962962962962963,0.0,1.0,0.9285714285714286
unchanged,stage2,0.0,0.0,0.0,D010,0.962962962962963,0,0.0,False,stage2_finetune_bias_only,17,14,1.0,0.9285714285714286,True,5,1,0,20260624,0.962962962962963,0.0,1.0,0.9285714285714286
unchanged,stage2,0.0,0.0,0.0,D010,0.962962962962963,0,0.0,False,stage2_finetune_head,17,14,1.0,0.9285714285714286,True,5,1,0,20260624,0.962962962962963,0.0,1.0,0.9285714285714286
unchanged,stage2,0.0,0.0,0.0,D010,0.962962962962963,0,0.0,False,stage2_positive_bias,17,14,1.0,0.9285714285714286,True,5,1,0,20260624,0.962962962962963,0.0,1.0,0.9285714285714286
unchanged,none,0.0,0.0,0.0,D010,0.962962962962963,0,0.0,False,zero_shot,17,14,1.0,0.9285714285714286,True,5,1,0,20260624,0.962962962962963,0.0,1.0,0.9285714285714286
unchanged,stage1,0.0,0.0,0.0,D011,1.0,0,0.0,False,stage1_finetune_bias_only,15,8,1.0,1.0,True,3,0,0,20260620,1.0,0.0,1.0,1.0
unchanged,stage1,0.0,0.0,0.0,D011,1.0,0,0.0,False,stage1_finetune_head,15,8,1.0,1.0,True,3,0,0,20260620,1.0,0.0,1.0,1.0
unchanged,stage1+stage2,0.0,0.0,0.0,D011,1.0,0,0.0,False,stage1_stage2_combined,15,8,1.0,1.0,True,3,0,0,20260620,1.0,0.0,1.0,1.0
unchanged,stage2,0.0,0.0,0.0,D011,1.0,0,0.0,False,stage2_cosine_prototype,15,8,1.0,1.0,True,3,0,0,20260620,1.0,0.0,1.0,1.0
unchanged,stage2,0.0,0.0,0.0,D011,1.0,0,0.0,False,stage2_finetune_bias_only,15,8,1.0,1.0,True,3,0,0,20260620,1.0,0.0,1.0,1.0
unchanged,stage2,0.0,0.0,0.0,D011,1.0,0,0.0,False,stage2_finetune_head,15,8,1.0,1.0,True,3,0,0,20260620,1.0,0.0,1.0,1.0
unchanged,stage2,0.0,0.0,0.0,D011,1.0,0,0.0,False,stage2_positive_bias,15,8,1.0,1.0,True,3,0,0,20260620,1.0,0.0,1.0,1.0
unchanged,none,0.0,0.0,0.0,D011,1.0,0,0.0,False,zero_shot,15,8,1.0,1.0,True,3,0,0,20260620,1.0,0.0,1.0,1.0
unchanged,stage1,0.0,0.0,0.0,D011,1.0,0,0.0,False,stage1_finetune_bias_only,15,8,1.0,1.0,True,3,0,0,20260621,1.0,0.0,1.0,1.0
unchanged,stage1,0.0,0.0,0.0,D011,1.0,0,0.0,False,stage1_finetune_head,15,8,1.0,1.0,True,3,0,0,20260621,1.0,0.0,1.0,1.0
unchanged,stage1+stage2,0.0,0.0,0.0,D011,1.0,0,0.0,False,stage1_stage2_combined,15,8,1.0,1.0,True,3,0,0,20260621,1.0,0.0,1.0,1.0
unchanged,stage2,0.0,0.0,0.0,D011,1.0,0,0.0,False,stage2_cosine_prototype,15,8,1.0,1.0,True,3,0,0,20260621,1.0,0.0,1.0,1.0
unchanged,stage2,0.0,0.0,0.0,D011,1.0,0,0.0,False,stage2_finetune_bias_only,15,8,1.0,1.0,True,3,0,0,20260621,1.0,0.0,1.0,1.0
unchanged,stage2,0.0,0.0,0.0,D011,1.0,0,0.0,False,stage2_finetune_head,15,8,1.0,1.0,True,3,0,0,20260621,1.0,0.0,1.0,1.0
unchanged,stage2,0.0,0.0,0.0,D011,1.0,0,0.0,False,stage2_positive_bias,15,8,1.0,1.0,True,3,0,0,20260621,1.0,0.0,1.0,1.0
unchanged,none,0.0,0.0,0.0,D011,1.0,0,0.0,False,zero_shot,15,8,1.0,1.0,True,3,0,0,20260621,1.0,0.0,1.0,1.0
unchanged,stage1,0.0,0.0,0.0,D011,1.0,0,0.0,False,stage1_finetune_bias_only,15,8,1.0,1.0,True,3,0,0,20260622,1.0,0.0,1.0,1.0
unchanged,stage1,0.0,0.0,0.0,D011,1.0,0,0.0,False,stage1_finetune_head,15,8,1.0,1.0,True,3,0,0,20260622,1.0,0.0,1.0,1.0
unchanged,stage1+stage2,0.0,0.0,0.0,D011,1.0,0,0.0,False,stage1_stage2_combined,15,8,1.0,1.0,True,3,0,0,20260622,1.0,0.0,1.0,1.0
unchanged,stage2,0.0,0.0,0.0,D011,1.0,0,0.0,False,stage2_cosine_prototype,15,8,1.0,1.0,True,3,0,0,20260622,1.0,0.0,1.0,1.0
unchanged,stage2,0.0,0.0,0.0,D011,1.0,0,0.0,False,stage2_finetune_bias_only,15,8,1.0,1.0,True,3,0,0,20260622,1.0,0.0,1.0,1.0
unchanged,stage2,0.0,0.0,0.0,D011,1.0,0,0.0,False,stage2_finetune_head,15,8,1.0,1.0,True,3,0,0,20260622,1.0,0.0,1.0,1.0
unchanged,stage2,0.0,0.0,0.0,D011,1.0,0,0.0,False,stage2_positive_bias,15,8,1.0,1.0,True,3,0,0,20260622,1.0,0.0,1.0,1.0
unchanged,none,0.0,0.0,0.0,D011,1.0,0,0.0,False,zero_shot,15,8,1.0,1.0,True,3,0,0,20260622,1.0,0.0,1.0,1.0
unchanged,stage1,0.0,0.0,0.0,D011,1.0,0,0.0,False,stage1_finetune_bias_only,15,8,1.0,1.0,True,3,0,0,20260623,1.0,0.0,1.0,1.0
unchanged,stage1,0.0,0.0,0.0,D011,1.0,0,0.0,False,stage1_finetune_head,15,8,1.0,1.0,True,3,0,0,20260623,1.0,0.0,1.0,1.0
unchanged,stage1+stage2,0.0,0.0,0.0,D011,1.0,0,0.0,False,stage1_stage2_combined,15,8,1.0,1.0,True,3,0,0,20260623,1.0,0.0,1.0,1.0
unchanged,stage2,0.0,0.0,0.0,D011,1.0,0,0.0,False,stage2_cosine_prototype,15,8,1.0,1.0,True,3,0,0,20260623,1.0,0.0,1.0,1.0
unchanged,stage2,0.0,0.0,0.0,D011,1.0,0,0.0,False,stage2_finetune_bias_only,15,8,1.0,1.0,True,3,0,0,20260623,1.0,0.0,1.0,1.0
unchanged,stage2,0.0,0.0,0.0,D011,1.0,0,0.0,False,stage2_finetune_head,15,8,1.0,1.0,True,3,0,0,20260623,1.0,0.0,1.0,1.0
unchanged,stage2,0.0,0.0,0.0,D011,1.0,0,0.0,False,stage2_positive_bias,15,8,1.0,1.0,True,3,0,0,20260623,1.0,0.0,1.0,1.0
unchanged,none,0.0,0.0,0.0,D011,1.0,0,0.0,False,zero_shot,15,8,1.0,1.0,True,3,0,0,20260623,1.0,0.0,1.0,1.0
unchanged,stage1,0.0,0.0,0.0,D011,1.0,0,0.0,False,stage1_finetune_bias_only,15,8,1.0,1.0,True,3,0,0,20260624,1.0,0.0,1.0,1.0
unchanged,stage1,0.0,0.0,0.0,D011,1.0,0,0.0,False,stage1_finetune_head,15,8,1.0,1.0,True,3,0,0,20260624,1.0,0.0,1.0,1.0
unchanged,stage1+stage2,0.0,0.0,0.0,D011,1.0,0,0.0,False,stage1_stage2_combined,15,8,1.0,1.0,True,3,0,0,20260624,1.0,0.0,1.0,1.0
unchanged,stage2,0.0,0.0,0.0,D011,1.0,0,0.0,False,stage2_cosine_prototype,15,8,1.0,1.0,True,3,0,0,20260624,1.0,0.0,1.0,1.0
unchanged,stage2,0.0,0.0,0.0,D011,1.0,0,0.0,False,stage2_finetune_bias_only,15,8,1.0,1.0,True,3,0,0,20260624,1.0,0.0,1.0,1.0
unchanged,stage2,0.0,0.0,0.0,D011,1.0,0,0.0,False,stage2_finetune_head,15,8,1.0,1.0,True,3,0,0,20260624,1.0,0.0,1.0,1.0
unchanged,stage2,0.0,0.0,0.0,D011,1.0,0,0.0,False,stage2_positive_bias,15,8,1.0,1.0,True,3,0,0,20260624,1.0,0.0,1.0,1.0
unchanged,none,0.0,0.0,0.0,D011,1.0,0,0.0,False,zero_shot,15,8,1.0,1.0,True,3,0,0,20260624,1.0,0.0,1.0,1.0
unchanged,stage1,0.0,0.0,0.0,D011,1.0,0,0.0,False,stage1_finetune_bias_only,15,6,1.0,1.0,True,5,0,0,20260620,1.0,0.0,1.0,1.0
unchanged,stage1,0.0,0.0,0.0,D011,1.0,0,0.0,False,stage1_finetune_head,15,6,1.0,1.0,True,5,0,0,20260620,1.0,0.0,1.0,1.0
unchanged,stage1+stage2,0.0,0.0,0.0,D011,1.0,0,0.0,False,stage1_stage2_combined,15,6,1.0,1.0,True,5,0,0,20260620,1.0,0.0,1.0,1.0
unchanged,stage2,0.0,0.0,0.0,D011,1.0,0,0.0,False,stage2_cosine_prototype,15,6,1.0,1.0,True,5,0,0,20260620,1.0,0.0,1.0,1.0
unchanged,stage2,0.0,0.0,0.0,D011,1.0,0,0.0,False,stage2_finetune_bias_only,15,6,1.0,1.0,True,5,0,0,20260620,1.0,0.0,1.0,1.0
unchanged,stage2,0.0,0.0,0.0,D011,1.0,0,0.0,False,stage2_finetune_head,15,6,1.0,1.0,True,5,0,0,20260620,1.0,0.0,1.0,1.0
unchanged,stage2,0.0,0.0,0.0,D011,1.0,0,0.0,False,stage2_positive_bias,15,6,1.0,1.0,True,5,0,0,20260620,1.0,0.0,1.0,1.0
unchanged,none,0.0,0.0,0.0,D011,1.0,0,0.0,False,zero_shot,15,6,1.0,1.0,True,5,0,0,20260620,1.0,0.0,1.0,1.0
unchanged,stage1,0.0,0.0,0.0,D011,1.0,0,0.0,False,stage1_finetune_bias_only,15,6,1.0,1.0,True,5,0,0,20260621,1.0,0.0,1.0,1.0
unchanged,stage1,0.0,0.0,0.0,D011,1.0,0,0.0,False,stage1_finetune_head,15,6,1.0,1.0,True,5,0,0,20260621,1.0,0.0,1.0,1.0
unchanged,stage1+stage2,0.0,0.0,0.0,D011,1.0,0,0.0,False,stage1_stage2_combined,15,6,1.0,1.0,True,5,0,0,20260621,1.0,0.0,1.0,1.0
unchanged,stage2,0.0,0.0,0.0,D011,1.0,0,0.0,False,stage2_cosine_prototype,15,6,1.0,1.0,True,5,0,0,20260621,1.0,0.0,1.0,1.0
unchanged,stage2,0.0,0.0,0.0,D011,1.0,0,0.0,False,stage2_finetune_bias_only,15,6,1.0,1.0,True,5,0,0,20260621,1.0,0.0,1.0,1.0
unchanged,stage2,0.0,0.0,0.0,D011,1.0,0,0.0,False,stage2_finetune_head,15,6,1.0,1.0,True,5,0,0,20260621,1.0,0.0,1.0,1.0
unchanged,stage2,0.0,0.0,0.0,D011,1.0,0,0.0,False,stage2_positive_bias,15,6,1.0,1.0,True,5,0,0,20260621,1.0,0.0,1.0,1.0
unchanged,none,0.0,0.0,0.0,D011,1.0,0,0.0,False,zero_shot,15,6,1.0,1.0,True,5,0,0,20260621,1.0,0.0,1.0,1.0
unchanged,stage1,0.0,0.0,0.0,D011,1.0,0,0.0,False,stage1_finetune_bias_only,15,6,1.0,1.0,True,5,0,0,20260622,1.0,0.0,1.0,1.0
unchanged,stage1,0.0,0.0,0.0,D011,1.0,0,0.0,False,stage1_finetune_head,15,6,1.0,1.0,True,5,0,0,20260622,1.0,0.0,1.0,1.0
unchanged,stage1+stage2,0.0,0.0,0.0,D011,1.0,0,0.0,False,stage1_stage2_combined,15,6,1.0,1.0,True,5,0,0,20260622,1.0,0.0,1.0,1.0
unchanged,stage2,0.0,0.0,0.0,D011,1.0,0,0.0,False,stage2_cosine_prototype,15,6,1.0,1.0,True,5,0,0,20260622,1.0,0.0,1.0,1.0
unchanged,stage2,0.0,0.0,0.0,D011,1.0,0,0.0,False,stage2_finetune_bias_only,15,6,1.0,1.0,True,5,0,0,20260622,1.0,0.0,1.0,1.0
unchanged,stage2,0.0,0.0,0.0,D011,1.0,0,0.0,False,stage2_finetune_head,15,6,1.0,1.0,True,5,0,0,20260622,1.0,0.0,1.0,1.0
unchanged,stage2,0.0,0.0,0.0,D011,1.0,0,0.0,False,stage2_positive_bias,15,6,1.0,1.0,True,5,0,0,20260622,1.0,0.0,1.0,1.0
unchanged,none,0.0,0.0,0.0,D011,1.0,0,0.0,False,zero_shot,15,6,1.0,1.0,True,5,0,0,20260622,1.0,0.0,1.0,1.0
unchanged,stage1,0.0,0.0,0.0,D011,1.0,0,0.0,False,stage1_finetune_bias_only,15,6,1.0,1.0,True,5,0,0,20260623,1.0,0.0,1.0,1.0
unchanged,stage1,0.0,0.0,0.0,D011,1.0,0,0.0,False,stage1_finetune_head,15,6,1.0,1.0,True,5,0,0,20260623,1.0,0.0,1.0,1.0
unchanged,stage1+stage2,0.0,0.0,0.0,D011,1.0,0,0.0,False,stage1_stage2_combined,15,6,1.0,1.0,True,5,0,0,20260623,1.0,0.0,1.0,1.0
unchanged,stage2,0.0,0.0,0.0,D011,1.0,0,0.0,False,stage2_cosine_prototype,15,6,1.0,1.0,True,5,0,0,20260623,1.0,0.0,1.0,1.0
unchanged,stage2,0.0,0.0,0.0,D011,1.0,0,0.0,False,stage2_finetune_bias_only,15,6,1.0,1.0,True,5,0,0,20260623,1.0,0.0,1.0,1.0
unchanged,stage2,0.0,0.0,0.0,D011,1.0,0,0.0,False,stage2_finetune_head,15,6,1.0,1.0,True,5,0,0,20260623,1.0,0.0,1.0,1.0
unchanged,stage2,0.0,0.0,0.0,D011,1.0,0,0.0,False,stage2_positive_bias,15,6,1.0,1.0,True,5,0,0,20260623,1.0,0.0,1.0,1.0
unchanged,none,0.0,0.0,0.0,D011,1.0,0,0.0,False,zero_shot,15,6,1.0,1.0,True,5,0,0,20260623,1.0,0.0,1.0,1.0
unchanged,stage1,0.0,0.0,0.0,D011,1.0,0,0.0,False,stage1_finetune_bias_only,15,6,1.0,1.0,True,5,0,0,20260624,1.0,0.0,1.0,1.0
unchanged,stage1,0.0,0.0,0.0,D011,1.0,0,0.0,False,stage1_finetune_head,15,6,1.0,1.0,True,5,0,0,20260624,1.0,0.0,1.0,1.0
unchanged,stage1+stage2,0.0,0.0,0.0,D011,1.0,0,0.0,False,stage1_stage2_combined,15,6,1.0,1.0,True,5,0,0,20260624,1.0,0.0,1.0,1.0
unchanged,stage2,0.0,0.0,0.0,D011,1.0,0,0.0,False,stage2_cosine_prototype,15,6,1.0,1.0,True,5,0,0,20260624,1.0,0.0,1.0,1.0
unchanged,stage2,0.0,0.0,0.0,D011,1.0,0,0.0,False,stage2_finetune_bias_only,15,6,1.0,1.0,True,5,0,0,20260624,1.0,0.0,1.0,1.0
unchanged,stage2,0.0,0.0,0.0,D011,1.0,0,0.0,False,stage2_finetune_head,15,6,1.0,1.0,True,5,0,0,20260624,1.0,0.0,1.0,1.0
unchanged,stage2,0.0,0.0,0.0,D011,1.0,0,0.0,False,stage2_positive_bias,15,6,1.0,1.0,True,5,0,0,20260624,1.0,0.0,1.0,1.0
unchanged,none,0.0,0.0,0.0,D011,1.0,0,0.0,False,zero_shot,15,6,1.0,1.0,True,5,0,0,20260624,1.0,0.0,1.0,1.0
unchanged,stage1,0.0,0.0,0.0,D012,0.9473684210526316,0,0.0,False,stage1_finetune_bias_only,20,10,1.0,0.9,True,3,0,1,20260620,0.9473684210526316,0.0,1.0,0.9
unchanged,stage1,0.0,0.0,0.0,D012,0.9473684210526316,0,0.0,False,stage1_finetune_head,20,10,1.0,0.9,True,3,0,1,20260620,0.9473684210526316,0.0,1.0,0.9
unchanged,stage1+stage2,0.0,0.0,0.0,D012,0.9473684210526316,0,0.0,False,stage1_stage2_combined,20,10,1.0,0.9,True,3,0,1,20260620,0.9473684210526316,0.0,1.0,0.9
degraded,stage2,-0.1473684210526316,0.25,0.09999999999999998,D012,0.8,5,0.25,False,stage2_cosine_prototype,20,10,0.6666666666666666,1.0,False,3,0,1,20260620,0.9473684210526316,0.0,1.0,0.9
unchanged,stage2,0.0,0.0,0.0,D012,0.9473684210526316,0,0.0,False,stage2_finetune_bias_only,20,10,1.0,0.9,True,3,0,1,20260620,0.9473684210526316,0.0,1.0,0.9
unchanged,stage2,0.0,0.0,0.0,D012,0.9473684210526316,0,0.0,False,stage2_finetune_head,20,10,1.0,0.9,True,3,0,1,20260620,0.9473684210526316,0.0,1.0,0.9
degraded,stage2,-0.1473684210526316,0.25,0.09999999999999998,D012,0.8,5,0.25,False,stage2_positive_bias,20,10,0.6666666666666666,1.0,False,3,0,1,20260620,0.9473684210526316,0.0,1.0,0.9
unchanged,none,0.0,0.0,0.0,D012,0.9473684210526316,0,0.0,False,zero_shot,20,10,1.0,0.9,True,3,0,1,20260620,0.9473684210526316,0.0,1.0,0.9
unchanged,stage1,0.0,0.0,0.0,D012,0.888888888888889,0,0.0,False,stage1_finetune_bias_only,20,10,1.0,0.8,True,3,1,1,20260621,0.888888888888889,0.0,1.0,0.8
unchanged,stage1,0.0,0.0,0.0,D012,0.888888888888889,0,0.0,False,stage1_finetune_head,20,10,1.0,0.8,True,3,1,1,20260621,0.888888888888889,0.0,1.0,0.8
unchanged,stage1+stage2,0.0,0.0,0.0,D012,0.888888888888889,0,0.0,False,stage1_stage2_combined,20,10,1.0,0.8,True,3,1,1,20260621,0.888888888888889,0.0,1.0,0.8
degraded,stage2,-0.13888888888888895,0.25,0.09999999999999998,D012,0.75,5,0.25,False,stage2_cosine_prototype,20,10,0.6428571428571429,0.9,False,3,1,1,20260621,0.888888888888889,0.0,1.0,0.8
unchanged,stage2,0.0,0.0,0.0,D012,0.888888888888889,0,0.0,False,stage2_finetune_bias_only,20,10,1.0,0.8,True,3,1,1,20260621,0.888888888888889,0.0,1.0,0.8
unchanged,stage2,0.0,0.0,0.0,D012,0.888888888888889,0,0.0,False,stage2_finetune_head,20,10,1.0,0.8,True,3,1,1,20260621,0.888888888888889,0.0,1.0,0.8
degraded,stage2,-0.13888888888888895,0.25,0.09999999999999998,D012,0.75,5,0.25,False,stage2_positive_bias,20,10,0.6428571428571429,0.9,False,3,1,1,20260621,0.888888888888889,0.0,1.0,0.8
unchanged,none,0.0,0.0,0.0,D012,0.888888888888889,0,0.0,False,zero_shot,20,10,1.0,0.8,True,3,1,1,20260621,0.888888888888889,0.0,1.0,0.8
unchanged,stage1,0.0,0.0,0.0,D012,0.888888888888889,0,0.0,False,stage1_finetune_bias_only,20,10,1.0,0.8,True,3,1,1,20260622,0.888888888888889,0.0,1.0,0.8
unchanged,stage1,0.0,0.0,0.0,D012,0.888888888888889,0,0.0,False,stage1_finetune_head,20,10,1.0,0.8,True,3,1,1,20260622,0.888888888888889,0.0,1.0,0.8
unchanged,stage1+stage2,0.0,0.0,0.0,D012,0.888888888888889,0,0.0,False,stage1_stage2_combined,20,10,1.0,0.8,True,3,1,1,20260622,0.888888888888889,0.0,1.0,0.8
degraded,stage2,-0.13888888888888895,0.25,0.09999999999999998,D012,0.75,5,0.25,False,stage2_cosine_prototype,20,10,0.6428571428571429,0.9,False,3,1,1,20260622,0.888888888888889,0.0,1.0,0.8
unchanged,stage2,0.0,0.0,0.0,D012,0.888888888888889,0,0.0,False,stage2_finetune_bias_only,20,10,1.0,0.8,True,3,1,1,20260622,0.888888888888889,0.0,1.0,0.8
unchanged,stage2,0.0,0.0,0.0,D012,0.888888888888889,0,0.0,False,stage2_finetune_head,20,10,1.0,0.8,True,3,1,1,20260622,0.888888888888889,0.0,1.0,0.8
degraded,stage2,-0.13888888888888895,0.25,0.09999999999999998,D012,0.75,5,0.25,False,stage2_positive_bias,20,10,0.6428571428571429,0.9,False,3,1,1,20260622,0.888888888888889,0.0,1.0,0.8
unchanged,none,0.0,0.0,0.0,D012,0.888888888888889,0,0.0,False,zero_shot,20,10,1.0,0.8,True,3,1,1,20260622,0.888888888888889,0.0,1.0,0.8
unchanged,stage1,0.0,0.0,0.0,D012,0.888888888888889,0,0.0,False,stage1_finetune_bias_only,20,10,1.0,0.8,True,3,1,1,20260623,0.888888888888889,0.0,1.0,0.8
unchanged,stage1,0.0,0.0,0.0,D012,0.888888888888889,0,0.0,False,stage1_finetune_head,20,10,1.0,0.8,True,3,1,1,20260623,0.888888888888889,0.0,1.0,0.8
unchanged,stage1+stage2,0.0,0.0,0.0,D012,0.888888888888889,0,0.0,False,stage1_stage2_combined,20,10,1.0,0.8,True,3,1,1,20260623,0.888888888888889,0.0,1.0,0.8
degraded,stage2,-0.13888888888888895,0.25,0.09999999999999998,D012,0.75,5,0.25,False,stage2_cosine_prototype,20,10,0.6428571428571429,0.9,False,3,1,1,20260623,0.888888888888889,0.0,1.0,0.8
unchanged,stage2,0.0,0.0,0.0,D012,0.888888888888889,0,0.0,False,stage2_finetune_bias_only,20,10,1.0,0.8,True,3,1,1,20260623,0.888888888888889,0.0,1.0,0.8
unchanged,stage2,0.0,0.0,0.0,D012,0.888888888888889,0,0.0,False,stage2_finetune_head,20,10,1.0,0.8,True,3,1,1,20260623,0.888888888888889,0.0,1.0,0.8
degraded,stage2,-0.13888888888888895,0.25,0.09999999999999998,D012,0.75,5,0.25,False,stage2_positive_bias,20,10,0.6428571428571429,0.9,False,3,1,1,20260623,0.888888888888889,0.0,1.0,0.8
unchanged,none,0.0,0.0,0.0,D012,0.888888888888889,0,0.0,False,zero_shot,20,10,1.0,0.8,True,3,1,1,20260623,0.888888888888889,0.0,1.0,0.8
unchanged,stage1,0.0,0.0,0.0,D012,0.888888888888889,0,0.0,False,stage1_finetune_bias_only,20,10,1.0,0.8,True,3,1,1,20260624,0.888888888888889,0.0,1.0,0.8
unchanged,stage1,0.0,0.0,0.0,D012,0.888888888888889,0,0.0,False,stage1_finetune_head,20,10,1.0,0.8,True,3,1,1,20260624,0.888888888888889,0.0,1.0,0.8
unchanged,stage1+stage2,0.0,0.0,0.0,D012,0.888888888888889,0,0.0,False,stage1_stage2_combined,20,10,1.0,0.8,True,3,1,1,20260624,0.888888888888889,0.0,1.0,0.8
degraded,stage2,-0.13888888888888895,0.25,0.09999999999999998,D012,0.75,5,0.25,False,stage2_cosine_prototype,20,10,0.6428571428571429,0.9,False,3,1,1,20260624,0.888888888888889,0.0,1.0,0.8
unchanged,stage2,0.0,0.0,0.0,D012,0.888888888888889,0,0.0,False,stage2_finetune_bias_only,20,10,1.0,0.8,True,3,1,1,20260624,0.888888888888889,0.0,1.0,0.8
unchanged,stage2,0.0,0.0,0.0,D012,0.888888888888889,0,0.0,False,stage2_finetune_head,20,10,1.0,0.8,True,3,1,1,20260624,0.888888888888889,0.0,1.0,0.8
degraded,stage2,-0.13888888888888895,0.25,0.09999999999999998,D012,0.75,5,0.25,False,stage2_positive_bias,20,10,0.6428571428571429,0.9,False,3,1,1,20260624,0.888888888888889,0.0,1.0,0.8
unchanged,none,0.0,0.0,0.0,D012,0.888888888888889,0,0.0,False,zero_shot,20,10,1.0,0.8,True,3,1,1,20260624,0.888888888888889,0.0,1.0,0.8
unchanged,stage1,0.0,0.0,0.0,D012,1.0,0,0.0,False,stage1_finetune_bias_only,20,8,1.0,1.0,True,5,0,0,20260620,1.0,0.0,1.0,1.0
unchanged,stage1,0.0,0.0,0.0,D012,1.0,0,0.0,False,stage1_finetune_head,20,8,1.0,1.0,True,5,0,0,20260620,1.0,0.0,1.0,1.0
unchanged,stage1+stage2,0.0,0.0,0.0,D012,1.0,0,0.0,False,stage1_stage2_combined,20,8,1.0,1.0,True,5,0,0,20260620,1.0,0.0,1.0,1.0
degraded,stage2,-0.23809523809523803,0.25,0.0,D012,0.761904761904762,5,0.25,False,stage2_cosine_prototype,20,8,0.6153846153846154,1.0,False,5,0,0,20260620,1.0,0.0,1.0,1.0
unchanged,stage2,0.0,0.0,0.0,D012,1.0,0,0.0,False,stage2_finetune_bias_only,20,8,1.0,1.0,True,5,0,0,20260620,1.0,0.0,1.0,1.0
unchanged,stage2,0.0,0.0,0.0,D012,1.0,0,0.0,False,stage2_finetune_head,20,8,1.0,1.0,True,5,0,0,20260620,1.0,0.0,1.0,1.0
degraded,stage2,-0.23809523809523803,0.25,0.0,D012,0.761904761904762,5,0.25,False,stage2_positive_bias,20,8,0.6153846153846154,1.0,False,5,0,0,20260620,1.0,0.0,1.0,1.0
unchanged,none,0.0,0.0,0.0,D012,1.0,0,0.0,False,zero_shot,20,8,1.0,1.0,True,5,0,0,20260620,1.0,0.0,1.0,1.0
unchanged,stage1,0.0,0.0,0.0,D012,0.8571428571428571,0,0.0,False,stage1_finetune_bias_only,20,8,1.0,0.75,True,5,1,1,20260621,0.8571428571428571,0.0,1.0,0.75
unchanged,stage1,0.0,0.0,0.0,D012,0.8571428571428571,0,0.0,False,stage1_finetune_head,20,8,1.0,0.75,True,5,1,1,20260621,0.8571428571428571,0.0,1.0,0.75
unchanged,stage1+stage2,0.0,0.0,0.0,D012,0.8571428571428571,0,0.0,False,stage1_stage2_combined,20,8,1.0,0.75,True,5,1,1,20260621,0.8571428571428571,0.0,1.0,0.75
degraded,stage2,-0.15714285714285703,0.25,0.125,D012,0.7000000000000001,5,0.25,False,stage2_cosine_prototype,20,8,0.5833333333333334,0.875,False,5,1,1,20260621,0.8571428571428571,0.0,1.0,0.75
unchanged,stage2,0.0,0.0,0.0,D012,0.8571428571428571,0,0.0,False,stage2_finetune_bias_only,20,8,1.0,0.75,True,5,1,1,20260621,0.8571428571428571,0.0,1.0,0.75
unchanged,stage2,0.0,0.0,0.0,D012,0.8571428571428571,0,0.0,False,stage2_finetune_head,20,8,1.0,0.75,True,5,1,1,20260621,0.8571428571428571,0.0,1.0,0.75
degraded,stage2,-0.15714285714285703,0.25,0.125,D012,0.7000000000000001,5,0.25,False,stage2_positive_bias,20,8,0.5833333333333334,0.875,False,5,1,1,20260621,0.8571428571428571,0.0,1.0,0.75
unchanged,none,0.0,0.0,0.0,D012,0.8571428571428571,0,0.0,False,zero_shot,20,8,1.0,0.75,True,5,1,1,20260621,0.8571428571428571,0.0,1.0,0.75
unchanged,stage1,0.0,0.0,0.0,D012,0.8571428571428571,0,0.0,False,stage1_finetune_bias_only,20,8,1.0,0.75,True,5,1,1,20260622,0.8571428571428571,0.0,1.0,0.75
unchanged,stage1,0.0,0.0,0.0,D012,0.8571428571428571,0,0.0,False,stage1_finetune_head,20,8,1.0,0.75,True,5,1,1,20260622,0.8571428571428571,0.0,1.0,0.75
unchanged,stage1+stage2,0.0,0.0,0.0,D012,0.8571428571428571,0,0.0,False,stage1_stage2_combined,20,8,1.0,0.75,True,5,1,1,20260622,0.8571428571428571,0.0,1.0,0.75
degraded,stage2,-0.15714285714285703,0.25,0.125,D012,0.7000000000000001,5,0.25,False,stage2_cosine_prototype,20,8,0.5833333333333334,0.875,False,5,1,1,20260622,0.8571428571428571,0.0,1.0,0.75
unchanged,stage2,0.0,0.0,0.0,D012,0.8571428571428571,0,0.0,False,stage2_finetune_bias_only,20,8,1.0,0.75,True,5,1,1,20260622,0.8571428571428571,0.0,1.0,0.75
unchanged,stage2,0.0,0.0,0.0,D012,0.8571428571428571,0,0.0,False,stage2_finetune_head,20,8,1.0,0.75,True,5,1,1,20260622,0.8571428571428571,0.0,1.0,0.75
degraded,stage2,-0.15714285714285703,0.25,0.125,D012,0.7000000000000001,5,0.25,False,stage2_positive_bias,20,8,0.5833333333333334,0.875,False,5,1,1,20260622,0.8571428571428571,0.0,1.0,0.75
unchanged,none,0.0,0.0,0.0,D012,0.8571428571428571,0,0.0,False,zero_shot,20,8,1.0,0.75,True,5,1,1,20260622,0.8571428571428571,0.0,1.0,0.75
unchanged,stage1,0.0,0.0,0.0,D012,0.9333333333333333,0,0.0,False,stage1_finetune_bias_only,20,8,1.0,0.875,True,5,0,1,20260623,0.9333333333333333,0.0,1.0,0.875
unchanged,stage1,0.0,0.0,0.0,D012,0.9333333333333333,0,0.0,False,stage1_finetune_head,20,8,1.0,0.875,True,5,0,1,20260623,0.9333333333333333,0.0,1.0,0.875
unchanged,stage1+stage2,0.0,0.0,0.0,D012,0.9333333333333333,0,0.0,False,stage1_stage2_combined,20,8,1.0,0.875,True,5,0,1,20260623,0.9333333333333333,0.0,1.0,0.875
degraded,stage2,-0.17142857142857137,0.25,0.125,D012,0.761904761904762,5,0.25,False,stage2_cosine_prototype,20,8,0.6153846153846154,1.0,False,5,0,1,20260623,0.9333333333333333,0.0,1.0,0.875
unchanged,stage2,0.0,0.0,0.0,D012,0.9333333333333333,0,0.0,False,stage2_finetune_bias_only,20,8,1.0,0.875,True,5,0,1,20260623,0.9333333333333333,0.0,1.0,0.875
unchanged,stage2,0.0,0.0,0.0,D012,0.9333333333333333,0,0.0,False,stage2_finetune_head,20,8,1.0,0.875,True,5,0,1,20260623,0.9333333333333333,0.0,1.0,0.875
degraded,stage2,-0.17142857142857137,0.25,0.125,D012,0.761904761904762,5,0.25,False,stage2_positive_bias,20,8,0.6153846153846154,1.0,False,5,0,1,20260623,0.9333333333333333,0.0,1.0,0.875
unchanged,none,0.0,0.0,0.0,D012,0.9333333333333333,0,0.0,False,zero_shot,20,8,1.0,0.875,True,5,0,1,20260623,0.9333333333333333,0.0,1.0,0.875
unchanged,stage1,0.0,0.0,0.0,D012,0.8571428571428571,0,0.0,False,stage1_finetune_bias_only,20,8,1.0,0.75,True,5,1,1,20260624,0.8571428571428571,0.0,1.0,0.75
unchanged,stage1,0.0,0.0,0.0,D012,0.8571428571428571,0,0.0,False,stage1_finetune_head,20,8,1.0,0.75,True,5,1,1,20260624,0.8571428571428571,0.0,1.0,0.75
unchanged,stage1+stage2,0.0,0.0,0.0,D012,0.8571428571428571,0,0.0,False,stage1_stage2_combined,20,8,1.0,0.75,True,5,1,1,20260624,0.8571428571428571,0.0,1.0,0.75
degraded,stage2,-0.15714285714285703,0.25,0.125,D012,0.7000000000000001,5,0.25,False,stage2_cosine_prototype,20,8,0.5833333333333334,0.875,False,5,1,1,20260624,0.8571428571428571,0.0,1.0,0.75
unchanged,stage2,0.0,0.0,0.0,D012,0.8571428571428571,0,0.0,False,stage2_finetune_bias_only,20,8,1.0,0.75,True,5,1,1,20260624,0.8571428571428571,0.0,1.0,0.75
unchanged,stage2,0.0,0.0,0.0,D012,0.8571428571428571,0,0.0,False,stage2_finetune_head,20,8,1.0,0.75,True,5,1,1,20260624,0.8571428571428571,0.0,1.0,0.75
degraded,stage2,-0.15714285714285703,0.25,0.125,D012,0.7000000000000001,5,0.25,False,stage2_positive_bias,20,8,0.5833333333333334,0.875,False,5,1,1,20260624,0.8571428571428571,0.0,1.0,0.75
unchanged,none,0.0,0.0,0.0,D012,0.8571428571428571,0,0.0,False,zero_shot,20,8,1.0,0.75,True,5,1,1,20260624,0.8571428571428571,0.0,1.0,0.75
unchanged,stage1,0.0,0.0,0.0,D013,1.0,0,0.0,False,stage1_finetune_bias_only,15,9,1.0,1.0,True,3,0,0,20260620,1.0,0.0,1.0,1.0
unchanged,stage1,0.0,0.0,0.0,D013,1.0,0,0.0,False,stage1_finetune_head,15,9,1.0,1.0,True,3,0,0,20260620,1.0,0.0,1.0,1.0
unchanged,stage1+stage2,0.0,0.0,0.0,D013,1.0,0,0.0,False,stage1_stage2_combined,15,9,1.0,1.0,True,3,0,0,20260620,1.0,0.0,1.0,1.0
unchanged,stage2,0.0,0.0,0.0,D013,1.0,0,0.0,False,stage2_cosine_prototype,15,9,1.0,1.0,True,3,0,0,20260620,1.0,0.0,1.0,1.0
unchanged,stage2,0.0,0.0,0.0,D013,1.0,0,0.0,False,stage2_finetune_bias_only,15,9,1.0,1.0,True,3,0,0,20260620,1.0,0.0,1.0,1.0
unchanged,stage2,0.0,0.0,0.0,D013,1.0,0,0.0,False,stage2_finetune_head,15,9,1.0,1.0,True,3,0,0,20260620,1.0,0.0,1.0,1.0
unchanged,stage2,0.0,0.0,0.0,D013,1.0,0,0.0,False,stage2_positive_bias,15,9,1.0,1.0,True,3,0,0,20260620,1.0,0.0,1.0,1.0
unchanged,none,0.0,0.0,0.0,D013,1.0,0,0.0,False,zero_shot,15,9,1.0,1.0,True,3,0,0,20260620,1.0,0.0,1.0,1.0
unchanged,stage1,0.0,0.0,0.0,D013,1.0,0,0.0,False,stage1_finetune_bias_only,15,9,1.0,1.0,True,3,0,0,20260621,1.0,0.0,1.0,1.0
unchanged,stage1,0.0,0.0,0.0,D013,1.0,0,0.0,False,stage1_finetune_head,15,9,1.0,1.0,True,3,0,0,20260621,1.0,0.0,1.0,1.0
unchanged,stage1+stage2,0.0,0.0,0.0,D013,1.0,0,0.0,False,stage1_stage2_combined,15,9,1.0,1.0,True,3,0,0,20260621,1.0,0.0,1.0,1.0
unchanged,stage2,0.0,0.0,0.0,D013,1.0,0,0.0,False,stage2_cosine_prototype,15,9,1.0,1.0,True,3,0,0,20260621,1.0,0.0,1.0,1.0
unchanged,stage2,0.0,0.0,0.0,D013,1.0,0,0.0,False,stage2_finetune_bias_only,15,9,1.0,1.0,True,3,0,0,20260621,1.0,0.0,1.0,1.0
unchanged,stage2,0.0,0.0,0.0,D013,1.0,0,0.0,False,stage2_finetune_head,15,9,1.0,1.0,True,3,0,0,20260621,1.0,0.0,1.0,1.0
unchanged,stage2,0.0,0.0,0.0,D013,1.0,0,0.0,False,stage2_positive_bias,15,9,1.0,1.0,True,3,0,0,20260621,1.0,0.0,1.0,1.0
unchanged,none,0.0,0.0,0.0,D013,1.0,0,0.0,False,zero_shot,15,9,1.0,1.0,True,3,0,0,20260621,1.0,0.0,1.0,1.0
unchanged,stage1,0.0,0.0,0.0,D013,1.0,0,0.0,False,stage1_finetune_bias_only,15,9,1.0,1.0,True,3,0,0,20260622,1.0,0.0,1.0,1.0
unchanged,stage1,0.0,0.0,0.0,D013,1.0,0,0.0,False,stage1_finetune_head,15,9,1.0,1.0,True,3,0,0,20260622,1.0,0.0,1.0,1.0
unchanged,stage1+stage2,0.0,0.0,0.0,D013,1.0,0,0.0,False,stage1_stage2_combined,15,9,1.0,1.0,True,3,0,0,20260622,1.0,0.0,1.0,1.0
unchanged,stage2,0.0,0.0,0.0,D013,1.0,0,0.0,False,stage2_cosine_prototype,15,9,1.0,1.0,True,3,0,0,20260622,1.0,0.0,1.0,1.0
unchanged,stage2,0.0,0.0,0.0,D013,1.0,0,0.0,False,stage2_finetune_bias_only,15,9,1.0,1.0,True,3,0,0,20260622,1.0,0.0,1.0,1.0
unchanged,stage2,0.0,0.0,0.0,D013,1.0,0,0.0,False,stage2_finetune_head,15,9,1.0,1.0,True,3,0,0,20260622,1.0,0.0,1.0,1.0
unchanged,stage2,0.0,0.0,0.0,D013,1.0,0,0.0,False,stage2_positive_bias,15,9,1.0,1.0,True,3,0,0,20260622,1.0,0.0,1.0,1.0
unchanged,none,0.0,0.0,0.0,D013,1.0,0,0.0,False,zero_shot,15,9,1.0,1.0,True,3,0,0,20260622,1.0,0.0,1.0,1.0
unchanged,stage1,0.0,0.0,0.0,D013,1.0,0,0.0,False,stage1_finetune_bias_only,15,9,1.0,1.0,True,3,0,0,20260623,1.0,0.0,1.0,1.0
unchanged,stage1,0.0,0.0,0.0,D013,1.0,0,0.0,False,stage1_finetune_head,15,9,1.0,1.0,True,3,0,0,20260623,1.0,0.0,1.0,1.0
unchanged,stage1+stage2,0.0,0.0,0.0,D013,1.0,0,0.0,False,stage1_stage2_combined,15,9,1.0,1.0,True,3,0,0,20260623,1.0,0.0,1.0,1.0
unchanged,stage2,0.0,0.0,0.0,D013,1.0,0,0.0,False,stage2_cosine_prototype,15,9,1.0,1.0,True,3,0,0,20260623,1.0,0.0,1.0,1.0
unchanged,stage2,0.0,0.0,0.0,D013,1.0,0,0.0,False,stage2_finetune_bias_only,15,9,1.0,1.0,True,3,0,0,20260623,1.0,0.0,1.0,1.0
unchanged,stage2,0.0,0.0,0.0,D013,1.0,0,0.0,False,stage2_finetune_head,15,9,1.0,1.0,True,3,0,0,20260623,1.0,0.0,1.0,1.0
unchanged,stage2,0.0,0.0,0.0,D013,1.0,0,0.0,False,stage2_positive_bias,15,9,1.0,1.0,True,3,0,0,20260623,1.0,0.0,1.0,1.0
unchanged,none,0.0,0.0,0.0,D013,1.0,0,0.0,False,zero_shot,15,9,1.0,1.0,True,3,0,0,20260623,1.0,0.0,1.0,1.0
unchanged,stage1,0.0,0.0,0.0,D013,1.0,0,0.0,False,stage1_finetune_bias_only,15,9,1.0,1.0,True,3,0,0,20260624,1.0,0.0,1.0,1.0
unchanged,stage1,0.0,0.0,0.0,D013,1.0,0,0.0,False,stage1_finetune_head,15,9,1.0,1.0,True,3,0,0,20260624,1.0,0.0,1.0,1.0
unchanged,stage1+stage2,0.0,0.0,0.0,D013,1.0,0,0.0,False,stage1_stage2_combined,15,9,1.0,1.0,True,3,0,0,20260624,1.0,0.0,1.0,1.0
unchanged,stage2,0.0,0.0,0.0,D013,1.0,0,0.0,False,stage2_cosine_prototype,15,9,1.0,1.0,True,3,0,0,20260624,1.0,0.0,1.0,1.0
unchanged,stage2,0.0,0.0,0.0,D013,1.0,0,0.0,False,stage2_finetune_bias_only,15,9,1.0,1.0,True,3,0,0,20260624,1.0,0.0,1.0,1.0
unchanged,stage2,0.0,0.0,0.0,D013,1.0,0,0.0,False,stage2_finetune_head,15,9,1.0,1.0,True,3,0,0,20260624,1.0,0.0,1.0,1.0
unchanged,stage2,0.0,0.0,0.0,D013,1.0,0,0.0,False,stage2_positive_bias,15,9,1.0,1.0,True,3,0,0,20260624,1.0,0.0,1.0,1.0
unchanged,none,0.0,0.0,0.0,D013,1.0,0,0.0,False,zero_shot,15,9,1.0,1.0,True,3,0,0,20260624,1.0,0.0,1.0,1.0
unchanged,stage1,0.0,0.0,0.0,D013,1.0,0,0.0,False,stage1_finetune_bias_only,15,7,1.0,1.0,True,5,0,0,20260620,1.0,0.0,1.0,1.0
unchanged,stage1,0.0,0.0,0.0,D013,1.0,0,0.0,False,stage1_finetune_head,15,7,1.0,1.0,True,5,0,0,20260620,1.0,0.0,1.0,1.0
unchanged,stage1+stage2,0.0,0.0,0.0,D013,1.0,0,0.0,False,stage1_stage2_combined,15,7,1.0,1.0,True,5,0,0,20260620,1.0,0.0,1.0,1.0
unchanged,stage2,0.0,0.0,0.0,D013,1.0,0,0.0,False,stage2_cosine_prototype,15,7,1.0,1.0,True,5,0,0,20260620,1.0,0.0,1.0,1.0
unchanged,stage2,0.0,0.0,0.0,D013,1.0,0,0.0,False,stage2_finetune_bias_only,15,7,1.0,1.0,True,5,0,0,20260620,1.0,0.0,1.0,1.0
unchanged,stage2,0.0,0.0,0.0,D013,1.0,0,0.0,False,stage2_finetune_head,15,7,1.0,1.0,True,5,0,0,20260620,1.0,0.0,1.0,1.0
unchanged,stage2,0.0,0.0,0.0,D013,1.0,0,0.0,False,stage2_positive_bias,15,7,1.0,1.0,True,5,0,0,20260620,1.0,0.0,1.0,1.0
unchanged,none,0.0,0.0,0.0,D013,1.0,0,0.0,False,zero_shot,15,7,1.0,1.0,True,5,0,0,20260620,1.0,0.0,1.0,1.0
unchanged,stage1,0.0,0.0,0.0,D013,1.0,0,0.0,False,stage1_finetune_bias_only,15,7,1.0,1.0,True,5,0,0,20260621,1.0,0.0,1.0,1.0
unchanged,stage1,0.0,0.0,0.0,D013,1.0,0,0.0,False,stage1_finetune_head,15,7,1.0,1.0,True,5,0,0,20260621,1.0,0.0,1.0,1.0
unchanged,stage1+stage2,0.0,0.0,0.0,D013,1.0,0,0.0,False,stage1_stage2_combined,15,7,1.0,1.0,True,5,0,0,20260621,1.0,0.0,1.0,1.0
unchanged,stage2,0.0,0.0,0.0,D013,1.0,0,0.0,False,stage2_cosine_prototype,15,7,1.0,1.0,True,5,0,0,20260621,1.0,0.0,1.0,1.0
unchanged,stage2,0.0,0.0,0.0,D013,1.0,0,0.0,False,stage2_finetune_bias_only,15,7,1.0,1.0,True,5,0,0,20260621,1.0,0.0,1.0,1.0
unchanged,stage2,0.0,0.0,0.0,D013,1.0,0,0.0,False,stage2_finetune_head,15,7,1.0,1.0,True,5,0,0,20260621,1.0,0.0,1.0,1.0
unchanged,stage2,0.0,0.0,0.0,D013,1.0,0,0.0,False,stage2_positive_bias,15,7,1.0,1.0,True,5,0,0,20260621,1.0,0.0,1.0,1.0
unchanged,none,0.0,0.0,0.0,D013,1.0,0,0.0,False,zero_shot,15,7,1.0,1.0,True,5,0,0,20260621,1.0,0.0,1.0,1.0
unchanged,stage1,0.0,0.0,0.0,D013,1.0,0,0.0,False,stage1_finetune_bias_only,15,7,1.0,1.0,True,5,0,0,20260622,1.0,0.0,1.0,1.0
unchanged,stage1,0.0,0.0,0.0,D013,1.0,0,0.0,False,stage1_finetune_head,15,7,1.0,1.0,True,5,0,0,20260622,1.0,0.0,1.0,1.0
unchanged,stage1+stage2,0.0,0.0,0.0,D013,1.0,0,0.0,False,stage1_stage2_combined,15,7,1.0,1.0,True,5,0,0,20260622,1.0,0.0,1.0,1.0
unchanged,stage2,0.0,0.0,0.0,D013,1.0,0,0.0,False,stage2_cosine_prototype,15,7,1.0,1.0,True,5,0,0,20260622,1.0,0.0,1.0,1.0
unchanged,stage2,0.0,0.0,0.0,D013,1.0,0,0.0,False,stage2_finetune_bias_only,15,7,1.0,1.0,True,5,0,0,20260622,1.0,0.0,1.0,1.0
unchanged,stage2,0.0,0.0,0.0,D013,1.0,0,0.0,False,stage2_finetune_head,15,7,1.0,1.0,True,5,0,0,20260622,1.0,0.0,1.0,1.0
unchanged,stage2,0.0,0.0,0.0,D013,1.0,0,0.0,False,stage2_positive_bias,15,7,1.0,1.0,True,5,0,0,20260622,1.0,0.0,1.0,1.0
unchanged,none,0.0,0.0,0.0,D013,1.0,0,0.0,False,zero_shot,15,7,1.0,1.0,True,5,0,0,20260622,1.0,0.0,1.0,1.0
unchanged,stage1,0.0,0.0,0.0,D013,1.0,0,0.0,False,stage1_finetune_bias_only,15,7,1.0,1.0,True,5,0,0,20260623,1.0,0.0,1.0,1.0
unchanged,stage1,0.0,0.0,0.0,D013,1.0,0,0.0,False,stage1_finetune_head,15,7,1.0,1.0,True,5,0,0,20260623,1.0,0.0,1.0,1.0
unchanged,stage1+stage2,0.0,0.0,0.0,D013,1.0,0,0.0,False,stage1_stage2_combined,15,7,1.0,1.0,True,5,0,0,20260623,1.0,0.0,1.0,1.0
unchanged,stage2,0.0,0.0,0.0,D013,1.0,0,0.0,False,stage2_cosine_prototype,15,7,1.0,1.0,True,5,0,0,20260623,1.0,0.0,1.0,1.0
unchanged,stage2,0.0,0.0,0.0,D013,1.0,0,0.0,False,stage2_finetune_bias_only,15,7,1.0,1.0,True,5,0,0,20260623,1.0,0.0,1.0,1.0
unchanged,stage2,0.0,0.0,0.0,D013,1.0,0,0.0,False,stage2_finetune_head,15,7,1.0,1.0,True,5,0,0,20260623,1.0,0.0,1.0,1.0
unchanged,stage2,0.0,0.0,0.0,D013,1.0,0,0.0,False,stage2_positive_bias,15,7,1.0,1.0,True,5,0,0,20260623,1.0,0.0,1.0,1.0
unchanged,none,0.0,0.0,0.0,D013,1.0,0,0.0,False,zero_shot,15,7,1.0,1.0,True,5,0,0,20260623,1.0,0.0,1.0,1.0
unchanged,stage1,0.0,0.0,0.0,D013,1.0,0,0.0,False,stage1_finetune_bias_only,15,7,1.0,1.0,True,5,0,0,20260624,1.0,0.0,1.0,1.0
unchanged,stage1,0.0,0.0,0.0,D013,1.0,0,0.0,False,stage1_finetune_head,15,7,1.0,1.0,True,5,0,0,20260624,1.0,0.0,1.0,1.0
unchanged,stage1+stage2,0.0,0.0,0.0,D013,1.0,0,0.0,False,stage1_stage2_combined,15,7,1.0,1.0,True,5,0,0,20260624,1.0,0.0,1.0,1.0
unchanged,stage2,0.0,0.0,0.0,D013,1.0,0,0.0,False,stage2_cosine_prototype,15,7,1.0,1.0,True,5,0,0,20260624,1.0,0.0,1.0,1.0
unchanged,stage2,0.0,0.0,0.0,D013,1.0,0,0.0,False,stage2_finetune_bias_only,15,7,1.0,1.0,True,5,0,0,20260624,1.0,0.0,1.0,1.0
unchanged,stage2,0.0,0.0,0.0,D013,1.0,0,0.0,False,stage2_finetune_head,15,7,1.0,1.0,True,5,0,0,20260624,1.0,0.0,1.0,1.0
unchanged,stage2,0.0,0.0,0.0,D013,1.0,0,0.0,False,stage2_positive_bias,15,7,1.0,1.0,True,5,0,0,20260624,1.0,0.0,1.0,1.0
unchanged,none,0.0,0.0,0.0,D013,1.0,0,0.0,False,zero_shot,15,7,1.0,1.0,True,5,0,0,20260624,1.0,0.0,1.0,1.0
unchanged,stage1,0.0,0.0,0.0,D014,0.9917355371900827,0,0.0,False,stage1_finetune_bias_only,36,61,1.0,0.9836065573770492,True,3,0,1,20260620,0.9917355371900827,0.0,1.0,0.9836065573770492
unchanged,stage1,0.0,0.0,0.0,D014,0.9917355371900827,0,0.0,False,stage1_finetune_head,36,61,1.0,0.9836065573770492,True,3,0,1,20260620,0.9917355371900827,0.0,1.0,0.9836065573770492
unchanged,stage1+stage2,0.0,0.0,0.0,D014,0.9917355371900827,0,0.0,False,stage1_stage2_combined,36,61,1.0,0.9836065573770492,True,3,0,1,20260620,0.9917355371900827,0.0,1.0,0.9836065573770492
degraded,stage2,-0.007864569448147285,0.05555555555555555,0.016393442622950838,D014,0.9838709677419354,2,0.05555555555555555,False,stage2_cosine_prototype,36,61,0.9682539682539683,1.0,False,3,0,1,20260620,0.9917355371900827,0.0,1.0,0.9836065573770492
unchanged,stage2,0.0,0.0,0.0,D014,0.9917355371900827,0,0.0,False,stage2_finetune_bias_only,36,61,1.0,0.9836065573770492,True,3,0,1,20260620,0.9917355371900827,0.0,1.0,0.9836065573770492
unchanged,stage2,0.0,0.0,0.0,D014,0.9917355371900827,0,0.0,False,stage2_finetune_head,36,61,1.0,0.9836065573770492,True,3,0,1,20260620,0.9917355371900827,0.0,1.0,0.9836065573770492
improved,stage2,0.0001343815091042755,0.027777777777777776,0.016393442622950838,D014,0.991869918699187,1,0.027777777777777776,False,stage2_positive_bias,36,61,0.9838709677419355,1.0,False,3,0,1,20260620,0.9917355371900827,0.0,1.0,0.9836065573770492
unchanged,none,0.0,0.0,0.0,D014,0.9917355371900827,0,0.0,False,zero_shot,36,61,1.0,0.9836065573770492,True,3,0,1,20260620,0.9917355371900827,0.0,1.0,0.9836065573770492
unchanged,stage1,0.0,0.0,0.0,D014,1.0,0,0.0,False,stage1_finetune_bias_only,36,61,1.0,1.0,True,3,0,0,20260621,1.0,0.0,1.0,1.0
unchanged,stage1,0.0,0.0,0.0,D014,1.0,0,0.0,False,stage1_finetune_head,36,61,1.0,1.0,True,3,0,0,20260621,1.0,0.0,1.0,1.0
unchanged,stage1+stage2,0.0,0.0,0.0,D014,1.0,0,0.0,False,stage1_stage2_combined,36,61,1.0,1.0,True,3,0,0,20260621,1.0,0.0,1.0,1.0
degraded,stage2,-0.016129032258064613,0.05555555555555555,0.0,D014,0.9838709677419354,2,0.05555555555555555,False,stage2_cosine_prototype,36,61,0.9682539682539683,1.0,False,3,0,0,20260621,1.0,0.0,1.0,1.0
unchanged,stage2,0.0,0.0,0.0,D014,1.0,0,0.0,False,stage2_finetune_bias_only,36,61,1.0,1.0,True,3,0,0,20260621,1.0,0.0,1.0,1.0
unchanged,stage2,0.0,0.0,0.0,D014,1.0,0,0.0,False,stage2_finetune_head,36,61,1.0,1.0,True,3,0,0,20260621,1.0,0.0,1.0,1.0
degraded,stage2,-0.008130081300813052,0.027777777777777776,0.0,D014,0.991869918699187,1,0.027777777777777776,False,stage2_positive_bias,36,61,0.9838709677419355,1.0,False,3,0,0,20260621,1.0,0.0,1.0,1.0
unchanged,none,0.0,0.0,0.0,D014,1.0,0,0.0,False,zero_shot,36,61,1.0,1.0,True,3,0,0,20260621,1.0,0.0,1.0,1.0
unchanged,stage1,0.0,0.0,0.0,D014,0.9917355371900827,0,0.0,False,stage1_finetune_bias_only,36,61,1.0,0.9836065573770492,True,3,0,1,20260622,0.9917355371900827,0.0,1.0,0.9836065573770492
unchanged,stage1,0.0,0.0,0.0,D014,0.9917355371900827,0,0.0,False,stage1_finetune_head,36,61,1.0,0.9836065573770492,True,3,0,1,20260622,0.9917355371900827,0.0,1.0,0.9836065573770492
unchanged,stage1+stage2,0.0,0.0,0.0,D014,0.9917355371900827,0,0.0,False,stage1_stage2_combined,36,61,1.0,0.9836065573770492,True,3,0,1,20260622,0.9917355371900827,0.0,1.0,0.9836065573770492
degraded,stage2,-0.007864569448147285,0.05555555555555555,0.016393442622950838,D014,0.9838709677419354,2,0.05555555555555555,False,stage2_cosine_prototype,36,61,0.9682539682539683,1.0,False,3,0,1,20260622,0.9917355371900827,0.0,1.0,0.9836065573770492
unchanged,stage2,0.0,0.0,0.0,D014,0.9917355371900827,0,0.0,False,stage2_finetune_bias_only,36,61,1.0,0.9836065573770492,True,3,0,1,20260622,0.9917355371900827,0.0,1.0,0.9836065573770492
unchanged,stage2,0.0,0.0,0.0,D014,0.9917355371900827,0,0.0,False,stage2_finetune_head,36,61,1.0,0.9836065573770492,True,3,0,1,20260622,0.9917355371900827,0.0,1.0,0.9836065573770492
improved,stage2,0.0001343815091042755,0.027777777777777776,0.016393442622950838,D014,0.991869918699187,1,0.027777777777777776,False,stage2_positive_bias,36,61,0.9838709677419355,1.0,False,3,0,1,20260622,0.9917355371900827,0.0,1.0,0.9836065573770492
unchanged,none,0.0,0.0,0.0,D014,0.9917355371900827,0,0.0,False,zero_shot,36,61,1.0,0.9836065573770492,True,3,0,1,20260622,0.9917355371900827,0.0,1.0,0.9836065573770492
unchanged,stage1,0.0,0.0,0.0,D014,0.9917355371900827,0,0.0,False,stage1_finetune_bias_only,36,61,1.0,0.9836065573770492,True,3,0,1,20260623,0.9917355371900827,0.0,1.0,0.9836065573770492
unchanged,stage1,0.0,0.0,0.0,D014,0.9917355371900827,0,0.0,False,stage1_finetune_head,36,61,1.0,0.9836065573770492,True,3,0,1,20260623,0.9917355371900827,0.0,1.0,0.9836065573770492
unchanged,stage1+stage2,0.0,0.0,0.0,D014,0.9917355371900827,0,0.0,False,stage1_stage2_combined,36,61,1.0,0.9836065573770492,True,3,0,1,20260623,0.9917355371900827,0.0,1.0,0.9836065573770492
degraded,stage2,-0.007864569448147285,0.05555555555555555,0.016393442622950838,D014,0.9838709677419354,2,0.05555555555555555,False,stage2_cosine_prototype,36,61,0.9682539682539683,1.0,False,3,0,1,20260623,0.9917355371900827,0.0,1.0,0.9836065573770492
unchanged,stage2,0.0,0.0,0.0,D014,0.9917355371900827,0,0.0,False,stage2_finetune_bias_only,36,61,1.0,0.9836065573770492,True,3,0,1,20260623,0.9917355371900827,0.0,1.0,0.9836065573770492
unchanged,stage2,0.0,0.0,0.0,D014,0.9917355371900827,0,0.0,False,stage2_finetune_head,36,61,1.0,0.9836065573770492,True,3,0,1,20260623,0.9917355371900827,0.0,1.0,0.9836065573770492
improved,stage2,0.0001343815091042755,0.027777777777777776,0.016393442622950838,D014,0.991869918699187,1,0.027777777777777776,False,stage2_positive_bias,36,61,0.9838709677419355,1.0,False,3,0,1,20260623,0.9917355371900827,0.0,1.0,0.9836065573770492
unchanged,none,0.0,0.0,0.0,D014,0.9917355371900827,0,0.0,False,zero_shot,36,61,1.0,0.9836065573770492,True,3,0,1,20260623,0.9917355371900827,0.0,1.0,0.9836065573770492
unchanged,stage1,0.0,0.0,0.0,D014,0.9917355371900827,0,0.0,False,stage1_finetune_bias_only,36,61,1.0,0.9836065573770492,True,3,0,1,20260624,0.9917355371900827,0.0,1.0,0.9836065573770492
unchanged,stage1,0.0,0.0,0.0,D014,0.9917355371900827,0,0.0,False,stage1_finetune_head,36,61,1.0,0.9836065573770492,True,3,0,1,20260624,0.9917355371900827,0.0,1.0,0.9836065573770492
unchanged,stage1+stage2,0.0,0.0,0.0,D014,0.9917355371900827,0,0.0,False,stage1_stage2_combined,36,61,1.0,0.9836065573770492,True,3,0,1,20260624,0.9917355371900827,0.0,1.0,0.9836065573770492
degraded,stage2,-0.007864569448147285,0.05555555555555555,0.016393442622950838,D014,0.9838709677419354,2,0.05555555555555555,False,stage2_cosine_prototype,36,61,0.9682539682539683,1.0,False,3,0,1,20260624,0.9917355371900827,0.0,1.0,0.9836065573770492
unchanged,stage2,0.0,0.0,0.0,D014,0.9917355371900827,0,0.0,False,stage2_finetune_bias_only,36,61,1.0,0.9836065573770492,True,3,0,1,20260624,0.9917355371900827,0.0,1.0,0.9836065573770492
unchanged,stage2,0.0,0.0,0.0,D014,0.9917355371900827,0,0.0,False,stage2_finetune_head,36,61,1.0,0.9836065573770492,True,3,0,1,20260624,0.9917355371900827,0.0,1.0,0.9836065573770492
improved,stage2,0.0001343815091042755,0.027777777777777776,0.016393442622950838,D014,0.991869918699187,1,0.027777777777777776,False,stage2_positive_bias,36,61,0.9838709677419355,1.0,False,3,0,1,20260624,0.9917355371900827,0.0,1.0,0.9836065573770492
unchanged,none,0.0,0.0,0.0,D014,0.9917355371900827,0,0.0,False,zero_shot,36,61,1.0,0.9836065573770492,True,3,0,1,20260624,0.9917355371900827,0.0,1.0,0.9836065573770492
unchanged,stage1,0.0,0.0,0.0,D014,0.9914529914529915,0,0.0,False,stage1_finetune_bias_only,36,59,1.0,0.9830508474576272,True,5,0,1,20260620,0.9914529914529915,0.0,1.0,0.9830508474576272
unchanged,stage1,0.0,0.0,0.0,D014,0.9914529914529915,0,0.0,False,stage1_finetune_head,36,59,1.0,0.9830508474576272,True,5,0,1,20260620,0.9914529914529915,0.0,1.0,0.9830508474576272
unchanged,stage1+stage2,0.0,0.0,0.0,D014,0.9914529914529915,0,0.0,False,stage1_stage2_combined,36,59,1.0,0.9830508474576272,True,5,0,1,20260620,0.9914529914529915,0.0,1.0,0.9830508474576272
degraded,stage2,-0.008119658119658202,0.05555555555555555,0.016949152542372836,D014,0.9833333333333333,2,0.05555555555555555,False,stage2_cosine_prototype,36,59,0.9672131147540983,1.0,False,5,0,1,20260620,0.9914529914529915,0.0,1.0,0.9830508474576272
unchanged,stage2,0.0,0.0,0.0,D014,0.9914529914529915,0,0.0,False,stage2_finetune_bias_only,36,59,1.0,0.9830508474576272,True,5,0,1,20260620,0.9914529914529915,0.0,1.0,0.9830508474576272
unchanged,stage2,0.0,0.0,0.0,D014,0.9914529914529915,0,0.0,False,stage2_finetune_head,36,59,1.0,0.9830508474576272,True,5,0,1,20260620,0.9914529914529915,0.0,1.0,0.9830508474576272
improved,stage2,0.00014364720247062035,0.027777777777777776,0.016949152542372836,D014,0.9915966386554621,1,0.027777777777777776,False,stage2_positive_bias,36,59,0.9833333333333333,1.0,False,5,0,1,20260620,0.9914529914529915,0.0,1.0,0.9830508474576272
unchanged,none,0.0,0.0,0.0,D014,0.9914529914529915,0,0.0,False,zero_shot,36,59,1.0,0.9830508474576272,True,5,0,1,20260620,0.9914529914529915,0.0,1.0,0.9830508474576272
unchanged,stage1,0.0,0.0,0.0,D014,1.0,0,0.0,False,stage1_finetune_bias_only,36,59,1.0,1.0,True,5,0,0,20260621,1.0,0.0,1.0,1.0
unchanged,stage1,0.0,0.0,0.0,D014,1.0,0,0.0,False,stage1_finetune_head,36,59,1.0,1.0,True,5,0,0,20260621,1.0,0.0,1.0,1.0
unchanged,stage1+stage2,0.0,0.0,0.0,D014,1.0,0,0.0,False,stage1_stage2_combined,36,59,1.0,1.0,True,5,0,0,20260621,1.0,0.0,1.0,1.0
degraded,stage2,-0.01666666666666672,0.05555555555555555,0.0,D014,0.9833333333333333,2,0.05555555555555555,False,stage2_cosine_prototype,36,59,0.9672131147540983,1.0,False,5,0,0,20260621,1.0,0.0,1.0,1.0
unchanged,stage2,0.0,0.0,0.0,D014,1.0,0,0.0,False,stage2_finetune_bias_only,36,59,1.0,1.0,True,5,0,0,20260621,1.0,0.0,1.0,1.0
unchanged,stage2,0.0,0.0,0.0,D014,1.0,0,0.0,False,stage2_finetune_head,36,59,1.0,1.0,True,5,0,0,20260621,1.0,0.0,1.0,1.0
degraded,stage2,-0.008403361344537896,0.027777777777777776,0.0,D014,0.9915966386554621,1,0.027777777777777776,False,stage2_positive_bias,36,59,0.9833333333333333,1.0,False,5,0,0,20260621,1.0,0.0,1.0,1.0
unchanged,none,0.0,0.0,0.0,D014,1.0,0,0.0,False,zero_shot,36,59,1.0,1.0,True,5,0,0,20260621,1.0,0.0,1.0,1.0
unchanged,stage1,0.0,0.0,0.0,D014,0.9914529914529915,0,0.0,False,stage1_finetune_bias_only,36,59,1.0,0.9830508474576272,True,5,0,1,20260622,0.9914529914529915,0.0,1.0,0.9830508474576272
unchanged,stage1,0.0,0.0,0.0,D014,0.9914529914529915,0,0.0,False,stage1_finetune_head,36,59,1.0,0.9830508474576272,True,5,0,1,20260622,0.9914529914529915,0.0,1.0,0.9830508474576272
unchanged,stage1+stage2,0.0,0.0,0.0,D014,0.9914529914529915,0,0.0,False,stage1_stage2_combined,36,59,1.0,0.9830508474576272,True,5,0,1,20260622,0.9914529914529915,0.0,1.0,0.9830508474576272
degraded,stage2,-0.008119658119658202,0.05555555555555555,0.016949152542372836,D014,0.9833333333333333,2,0.05555555555555555,False,stage2_cosine_prototype,36,59,0.9672131147540983,1.0,False,5,0,1,20260622,0.9914529914529915,0.0,1.0,0.9830508474576272
unchanged,stage2,0.0,0.0,0.0,D014,0.9914529914529915,0,0.0,False,stage2_finetune_bias_only,36,59,1.0,0.9830508474576272,True,5,0,1,20260622,0.9914529914529915,0.0,1.0,0.9830508474576272
unchanged,stage2,0.0,0.0,0.0,D014,0.9914529914529915,0,0.0,False,stage2_finetune_head,36,59,1.0,0.9830508474576272,True,5,0,1,20260622,0.9914529914529915,0.0,1.0,0.9830508474576272
improved,stage2,0.00014364720247062035,0.027777777777777776,0.016949152542372836,D014,0.9915966386554621,1,0.027777777777777776,False,stage2_positive_bias,36,59,0.9833333333333333,1.0,False,5,0,1,20260622,0.9914529914529915,0.0,1.0,0.9830508474576272
unchanged,none,0.0,0.0,0.0,D014,0.9914529914529915,0,0.0,False,zero_shot,36,59,1.0,0.9830508474576272,True,5,0,1,20260622,0.9914529914529915,0.0,1.0,0.9830508474576272
unchanged,stage1,0.0,0.0,0.0,D014,0.9914529914529915,0,0.0,False,stage1_finetune_bias_only,36,59,1.0,0.9830508474576272,True,5,0,1,20260623,0.9914529914529915,0.0,1.0,0.9830508474576272
unchanged,stage1,0.0,0.0,0.0,D014,0.9914529914529915,0,0.0,False,stage1_finetune_head,36,59,1.0,0.9830508474576272,True,5,0,1,20260623,0.9914529914529915,0.0,1.0,0.9830508474576272
unchanged,stage1+stage2,0.0,0.0,0.0,D014,0.9914529914529915,0,0.0,False,stage1_stage2_combined,36,59,1.0,0.9830508474576272,True,5,0,1,20260623,0.9914529914529915,0.0,1.0,0.9830508474576272
degraded,stage2,-0.008119658119658202,0.05555555555555555,0.016949152542372836,D014,0.9833333333333333,2,0.05555555555555555,False,stage2_cosine_prototype,36,59,0.9672131147540983,1.0,False,5,0,1,20260623,0.9914529914529915,0.0,1.0,0.9830508474576272
unchanged,stage2,0.0,0.0,0.0,D014,0.9914529914529915,0,0.0,False,stage2_finetune_bias_only,36,59,1.0,0.9830508474576272,True,5,0,1,20260623,0.9914529914529915,0.0,1.0,0.9830508474576272
unchanged,stage2,0.0,0.0,0.0,D014,0.9914529914529915,0,0.0,False,stage2_finetune_head,36,59,1.0,0.9830508474576272,True,5,0,1,20260623,0.9914529914529915,0.0,1.0,0.9830508474576272
improved,stage2,0.00014364720247062035,0.027777777777777776,0.016949152542372836,D014,0.9915966386554621,1,0.027777777777777776,False,stage2_positive_bias,36,59,0.9833333333333333,1.0,False,5,0,1,20260623,0.9914529914529915,0.0,1.0,0.9830508474576272
unchanged,none,0.0,0.0,0.0,D014,0.9914529914529915,0,0.0,False,zero_shot,36,59,1.0,0.9830508474576272,True,5,0,1,20260623,0.9914529914529915,0.0,1.0,0.9830508474576272
unchanged,stage1,0.0,0.0,0.0,D014,0.9914529914529915,0,0.0,False,stage1_finetune_bias_only,36,59,1.0,0.9830508474576272,True,5,0,1,20260624,0.9914529914529915,0.0,1.0,0.9830508474576272
unchanged,stage1,0.0,0.0,0.0,D014,0.9914529914529915,0,0.0,False,stage1_finetune_head,36,59,1.0,0.9830508474576272,True,5,0,1,20260624,0.9914529914529915,0.0,1.0,0.9830508474576272
unchanged,stage1+stage2,0.0,0.0,0.0,D014,0.9914529914529915,0,0.0,False,stage1_stage2_combined,36,59,1.0,0.9830508474576272,True,5,0,1,20260624,0.9914529914529915,0.0,1.0,0.9830508474576272
degraded,stage2,-0.008119658119658202,0.05555555555555555,0.016949152542372836,D014,0.9833333333333333,2,0.05555555555555555,False,stage2_cosine_prototype,36,59,0.9672131147540983,1.0,False,5,0,1,20260624,0.9914529914529915,0.0,1.0,0.9830508474576272
unchanged,stage2,0.0,0.0,0.0,D014,0.9914529914529915,0,0.0,False,stage2_finetune_bias_only,36,59,1.0,0.9830508474576272,True,5,0,1,20260624,0.9914529914529915,0.0,1.0,0.9830508474576272
unchanged,stage2,0.0,0.0,0.0,D014,0.9914529914529915,0,0.0,False,stage2_finetune_head,36,59,1.0,0.9830508474576272,True,5,0,1,20260624,0.9914529914529915,0.0,1.0,0.9830508474576272
improved,stage2,0.00014364720247062035,0.027777777777777776,0.016949152542372836,D014,0.9915966386554621,1,0.027777777777777776,False,stage2_positive_bias,36,59,0.9833333333333333,1.0,False,5,0,1,20260624,0.9914529914529915,0.0,1.0,0.9830508474576272
unchanged,none,0.0,0.0,0.0,D014,0.9914529914529915,0,0.0,False,zero_shot,36,59,1.0,0.9830508474576272,True,5,0,1,20260624,0.9914529914529915,0.0,1.0,0.9830508474576272
unchanged,stage1,0.0,0.0,0.0,D016,0.967741935483871,0,0.0,False,stage1_finetune_bias_only,14,16,1.0,0.9375,True,3,1,0,20260620,0.967741935483871,0.0,1.0,0.9375
unchanged,stage1,0.0,0.0,0.0,D016,0.967741935483871,0,0.0,False,stage1_finetune_head,14,16,1.0,0.9375,True,3,1,0,20260620,0.967741935483871,0.0,1.0,0.9375
unchanged,stage1+stage2,0.0,0.0,0.0,D016,0.967741935483871,0,0.0,False,stage1_stage2_combined,14,16,1.0,0.9375,True,3,1,0,20260620,0.967741935483871,0.0,1.0,0.9375
unchanged,stage2,0.0,0.0,0.0,D016,0.967741935483871,0,0.0,False,stage2_cosine_prototype,14,16,1.0,0.9375,True,3,1,0,20260620,0.967741935483871,0.0,1.0,0.9375
unchanged,stage2,0.0,0.0,0.0,D016,0.967741935483871,0,0.0,False,stage2_finetune_bias_only,14,16,1.0,0.9375,True,3,1,0,20260620,0.967741935483871,0.0,1.0,0.9375
unchanged,stage2,0.0,0.0,0.0,D016,0.967741935483871,0,0.0,False,stage2_finetune_head,14,16,1.0,0.9375,True,3,1,0,20260620,0.967741935483871,0.0,1.0,0.9375
unchanged,stage2,0.0,0.0,0.0,D016,0.967741935483871,0,0.0,False,stage2_positive_bias,14,16,1.0,0.9375,True,3,1,0,20260620,0.967741935483871,0.0,1.0,0.9375
unchanged,none,0.0,0.0,0.0,D016,0.967741935483871,0,0.0,False,zero_shot,14,16,1.0,0.9375,True,3,1,0,20260620,0.967741935483871,0.0,1.0,0.9375
unchanged,stage1,0.0,0.0,0.0,D016,0.967741935483871,0,0.0,False,stage1_finetune_bias_only,14,16,1.0,0.9375,True,3,1,0,20260621,0.967741935483871,0.0,1.0,0.9375
unchanged,stage1,0.0,0.0,0.0,D016,0.967741935483871,0,0.0,False,stage1_finetune_head,14,16,1.0,0.9375,True,3,1,0,20260621,0.967741935483871,0.0,1.0,0.9375
unchanged,stage1+stage2,0.0,0.0,0.0,D016,0.967741935483871,0,0.0,False,stage1_stage2_combined,14,16,1.0,0.9375,True,3,1,0,20260621,0.967741935483871,0.0,1.0,0.9375
unchanged,stage2,0.0,0.0,0.0,D016,0.967741935483871,0,0.0,False,stage2_cosine_prototype,14,16,1.0,0.9375,True,3,1,0,20260621,0.967741935483871,0.0,1.0,0.9375
unchanged,stage2,0.0,0.0,0.0,D016,0.967741935483871,0,0.0,False,stage2_finetune_bias_only,14,16,1.0,0.9375,True,3,1,0,20260621,0.967741935483871,0.0,1.0,0.9375
unchanged,stage2,0.0,0.0,0.0,D016,0.967741935483871,0,0.0,False,stage2_finetune_head,14,16,1.0,0.9375,True,3,1,0,20260621,0.967741935483871,0.0,1.0,0.9375
unchanged,stage2,0.0,0.0,0.0,D016,0.967741935483871,0,0.0,False,stage2_positive_bias,14,16,1.0,0.9375,True,3,1,0,20260621,0.967741935483871,0.0,1.0,0.9375
unchanged,none,0.0,0.0,0.0,D016,0.967741935483871,0,0.0,False,zero_shot,14,16,1.0,0.9375,True,3,1,0,20260621,0.967741935483871,0.0,1.0,0.9375
unchanged,stage1,0.0,0.0,0.0,D016,0.967741935483871,0,0.0,False,stage1_finetune_bias_only,14,16,1.0,0.9375,True,3,1,0,20260622,0.967741935483871,0.0,1.0,0.9375
unchanged,stage1,0.0,0.0,0.0,D016,0.967741935483871,0,0.0,False,stage1_finetune_head,14,16,1.0,0.9375,True,3,1,0,20260622,0.967741935483871,0.0,1.0,0.9375
unchanged,stage1+stage2,0.0,0.0,0.0,D016,0.967741935483871,0,0.0,False,stage1_stage2_combined,14,16,1.0,0.9375,True,3,1,0,20260622,0.967741935483871,0.0,1.0,0.9375
unchanged,stage2,0.0,0.0,0.0,D016,0.967741935483871,0,0.0,False,stage2_cosine_prototype,14,16,1.0,0.9375,True,3,1,0,20260622,0.967741935483871,0.0,1.0,0.9375
unchanged,stage2,0.0,0.0,0.0,D016,0.967741935483871,0,0.0,False,stage2_finetune_bias_only,14,16,1.0,0.9375,True,3,1,0,20260622,0.967741935483871,0.0,1.0,0.9375
unchanged,stage2,0.0,0.0,0.0,D016,0.967741935483871,0,0.0,False,stage2_finetune_head,14,16,1.0,0.9375,True,3,1,0,20260622,0.967741935483871,0.0,1.0,0.9375
unchanged,stage2,0.0,0.0,0.0,D016,0.967741935483871,0,0.0,False,stage2_positive_bias,14,16,1.0,0.9375,True,3,1,0,20260622,0.967741935483871,0.0,1.0,0.9375
unchanged,none,0.0,0.0,0.0,D016,0.967741935483871,0,0.0,False,zero_shot,14,16,1.0,0.9375,True,3,1,0,20260622,0.967741935483871,0.0,1.0,0.9375
unchanged,stage1,0.0,0.0,0.0,D016,1.0,0,0.0,False,stage1_finetune_bias_only,14,16,1.0,1.0,True,3,0,0,20260623,1.0,0.0,1.0,1.0
unchanged,stage1,0.0,0.0,0.0,D016,1.0,0,0.0,False,stage1_finetune_head,14,16,1.0,1.0,True,3,0,0,20260623,1.0,0.0,1.0,1.0
unchanged,stage1+stage2,0.0,0.0,0.0,D016,1.0,0,0.0,False,stage1_stage2_combined,14,16,1.0,1.0,True,3,0,0,20260623,1.0,0.0,1.0,1.0
unchanged,stage2,0.0,0.0,0.0,D016,1.0,0,0.0,False,stage2_cosine_prototype,14,16,1.0,1.0,True,3,0,0,20260623,1.0,0.0,1.0,1.0
unchanged,stage2,0.0,0.0,0.0,D016,1.0,0,0.0,False,stage2_finetune_bias_only,14,16,1.0,1.0,True,3,0,0,20260623,1.0,0.0,1.0,1.0
unchanged,stage2,0.0,0.0,0.0,D016,1.0,0,0.0,False,stage2_finetune_head,14,16,1.0,1.0,True,3,0,0,20260623,1.0,0.0,1.0,1.0
unchanged,stage2,0.0,0.0,0.0,D016,1.0,0,0.0,False,stage2_positive_bias,14,16,1.0,1.0,True,3,0,0,20260623,1.0,0.0,1.0,1.0
unchanged,none,0.0,0.0,0.0,D016,1.0,0,0.0,False,zero_shot,14,16,1.0,1.0,True,3,0,0,20260623,1.0,0.0,1.0,1.0
unchanged,stage1,0.0,0.0,0.0,D016,0.967741935483871,0,0.0,False,stage1_finetune_bias_only,14,16,1.0,0.9375,True,3,1,0,20260624,0.967741935483871,0.0,1.0,0.9375
unchanged,stage1,0.0,0.0,0.0,D016,0.967741935483871,0,0.0,False,stage1_finetune_head,14,16,1.0,0.9375,True,3,1,0,20260624,0.967741935483871,0.0,1.0,0.9375
unchanged,stage1+stage2,0.0,0.0,0.0,D016,0.967741935483871,0,0.0,False,stage1_stage2_combined,14,16,1.0,0.9375,True,3,1,0,20260624,0.967741935483871,0.0,1.0,0.9375
unchanged,stage2,0.0,0.0,0.0,D016,0.967741935483871,0,0.0,False,stage2_cosine_prototype,14,16,1.0,0.9375,True,3,1,0,20260624,0.967741935483871,0.0,1.0,0.9375
unchanged,stage2,0.0,0.0,0.0,D016,0.967741935483871,0,0.0,False,stage2_finetune_bias_only,14,16,1.0,0.9375,True,3,1,0,20260624,0.967741935483871,0.0,1.0,0.9375
unchanged,stage2,0.0,0.0,0.0,D016,0.967741935483871,0,0.0,False,stage2_finetune_head,14,16,1.0,0.9375,True,3,1,0,20260624,0.967741935483871,0.0,1.0,0.9375
unchanged,stage2,0.0,0.0,0.0,D016,0.967741935483871,0,0.0,False,stage2_positive_bias,14,16,1.0,0.9375,True,3,1,0,20260624,0.967741935483871,0.0,1.0,0.9375
unchanged,none,0.0,0.0,0.0,D016,0.967741935483871,0,0.0,False,zero_shot,14,16,1.0,0.9375,True,3,1,0,20260624,0.967741935483871,0.0,1.0,0.9375
unchanged,stage1,0.0,0.0,0.0,D016,1.0,0,0.0,False,stage1_finetune_bias_only,14,14,1.0,1.0,True,5,0,0,20260620,1.0,0.0,1.0,1.0
unchanged,stage1,0.0,0.0,0.0,D016,1.0,0,0.0,False,stage1_finetune_head,14,14,1.0,1.0,True,5,0,0,20260620,1.0,0.0,1.0,1.0
unchanged,stage1+stage2,0.0,0.0,0.0,D016,1.0,0,0.0,False,stage1_stage2_combined,14,14,1.0,1.0,True,5,0,0,20260620,1.0,0.0,1.0,1.0
unchanged,stage2,0.0,0.0,0.0,D016,1.0,0,0.0,False,stage2_cosine_prototype,14,14,1.0,1.0,True,5,0,0,20260620,1.0,0.0,1.0,1.0
unchanged,stage2,0.0,0.0,0.0,D016,1.0,0,0.0,False,stage2_finetune_bias_only,14,14,1.0,1.0,True,5,0,0,20260620,1.0,0.0,1.0,1.0
unchanged,stage2,0.0,0.0,0.0,D016,1.0,0,0.0,False,stage2_finetune_head,14,14,1.0,1.0,True,5,0,0,20260620,1.0,0.0,1.0,1.0
unchanged,stage2,0.0,0.0,0.0,D016,1.0,0,0.0,False,stage2_positive_bias,14,14,1.0,1.0,True,5,0,0,20260620,1.0,0.0,1.0,1.0
unchanged,none,0.0,0.0,0.0,D016,1.0,0,0.0,False,zero_shot,14,14,1.0,1.0,True,5,0,0,20260620,1.0,0.0,1.0,1.0
unchanged,stage1,0.0,0.0,0.0,D016,0.962962962962963,0,0.0,False,stage1_finetune_bias_only,14,14,1.0,0.9285714285714286,True,5,1,0,20260621,0.962962962962963,0.0,1.0,0.9285714285714286
unchanged,stage1,0.0,0.0,0.0,D016,0.962962962962963,0,0.0,False,stage1_finetune_head,14,14,1.0,0.9285714285714286,True,5,1,0,20260621,0.962962962962963,0.0,1.0,0.9285714285714286
unchanged,stage1+stage2,0.0,0.0,0.0,D016,0.962962962962963,0,0.0,False,stage1_stage2_combined,14,14,1.0,0.9285714285714286,True,5,1,0,20260621,0.962962962962963,0.0,1.0,0.9285714285714286
unchanged,stage2,0.0,0.0,0.0,D016,0.962962962962963,0,0.0,False,stage2_cosine_prototype,14,14,1.0,0.9285714285714286,True,5,1,0,20260621,0.962962962962963,0.0,1.0,0.9285714285714286
unchanged,stage2,0.0,0.0,0.0,D016,0.962962962962963,0,0.0,False,stage2_finetune_bias_only,14,14,1.0,0.9285714285714286,True,5,1,0,20260621,0.962962962962963,0.0,1.0,0.9285714285714286
unchanged,stage2,0.0,0.0,0.0,D016,0.962962962962963,0,0.0,False,stage2_finetune_head,14,14,1.0,0.9285714285714286,True,5,1,0,20260621,0.962962962962963,0.0,1.0,0.9285714285714286
unchanged,stage2,0.0,0.0,0.0,D016,0.962962962962963,0,0.0,False,stage2_positive_bias,14,14,1.0,0.9285714285714286,True,5,1,0,20260621,0.962962962962963,0.0,1.0,0.9285714285714286
unchanged,none,0.0,0.0,0.0,D016,0.962962962962963,0,0.0,False,zero_shot,14,14,1.0,0.9285714285714286,True,5,1,0,20260621,0.962962962962963,0.0,1.0,0.9285714285714286
unchanged,stage1,0.0,0.0,0.0,D016,0.962962962962963,0,0.0,False,stage1_finetune_bias_only,14,14,1.0,0.9285714285714286,True,5,1,0,20260622,0.962962962962963,0.0,1.0,0.9285714285714286
unchanged,stage1,0.0,0.0,0.0,D016,0.962962962962963,0,0.0,False,stage1_finetune_head,14,14,1.0,0.9285714285714286,True,5,1,0,20260622,0.962962962962963,0.0,1.0,0.9285714285714286
unchanged,stage1+stage2,0.0,0.0,0.0,D016,0.962962962962963,0,0.0,False,stage1_stage2_combined,14,14,1.0,0.9285714285714286,True,5,1,0,20260622,0.962962962962963,0.0,1.0,0.9285714285714286
unchanged,stage2,0.0,0.0,0.0,D016,0.962962962962963,0,0.0,False,stage2_cosine_prototype,14,14,1.0,0.9285714285714286,True,5,1,0,20260622,0.962962962962963,0.0,1.0,0.9285714285714286
unchanged,stage2,0.0,0.0,0.0,D016,0.962962962962963,0,0.0,False,stage2_finetune_bias_only,14,14,1.0,0.9285714285714286,True,5,1,0,20260622,0.962962962962963,0.0,1.0,0.9285714285714286
unchanged,stage2,0.0,0.0,0.0,D016,0.962962962962963,0,0.0,False,stage2_finetune_head,14,14,1.0,0.9285714285714286,True,5,1,0,20260622,0.962962962962963,0.0,1.0,0.9285714285714286
unchanged,stage2,0.0,0.0,0.0,D016,0.962962962962963,0,0.0,False,stage2_positive_bias,14,14,1.0,0.9285714285714286,True,5,1,0,20260622,0.962962962962963,0.0,1.0,0.9285714285714286
unchanged,none,0.0,0.0,0.0,D016,0.962962962962963,0,0.0,False,zero_shot,14,14,1.0,0.9285714285714286,True,5,1,0,20260622,0.962962962962963,0.0,1.0,0.9285714285714286
unchanged,stage1,0.0,0.0,0.0,D016,1.0,0,0.0,False,stage1_finetune_bias_only,14,14,1.0,1.0,True,5,0,0,20260623,1.0,0.0,1.0,1.0
unchanged,stage1,0.0,0.0,0.0,D016,1.0,0,0.0,False,stage1_finetune_head,14,14,1.0,1.0,True,5,0,0,20260623,1.0,0.0,1.0,1.0
unchanged,stage1+stage2,0.0,0.0,0.0,D016,1.0,0,0.0,False,stage1_stage2_combined,14,14,1.0,1.0,True,5,0,0,20260623,1.0,0.0,1.0,1.0
unchanged,stage2,0.0,0.0,0.0,D016,1.0,0,0.0,False,stage2_cosine_prototype,14,14,1.0,1.0,True,5,0,0,20260623,1.0,0.0,1.0,1.0
unchanged,stage2,0.0,0.0,0.0,D016,1.0,0,0.0,False,stage2_finetune_bias_only,14,14,1.0,1.0,True,5,0,0,20260623,1.0,0.0,1.0,1.0
unchanged,stage2,0.0,0.0,0.0,D016,1.0,0,0.0,False,stage2_finetune_head,14,14,1.0,1.0,True,5,0,0,20260623,1.0,0.0,1.0,1.0
unchanged,stage2,0.0,0.0,0.0,D016,1.0,0,0.0,False,stage2_positive_bias,14,14,1.0,1.0,True,5,0,0,20260623,1.0,0.0,1.0,1.0
unchanged,none,0.0,0.0,0.0,D016,1.0,0,0.0,False,zero_shot,14,14,1.0,1.0,True,5,0,0,20260623,1.0,0.0,1.0,1.0
unchanged,stage1,0.0,0.0,0.0,D016,0.962962962962963,0,0.0,False,stage1_finetune_bias_only,14,14,1.0,0.9285714285714286,True,5,1,0,20260624,0.962962962962963,0.0,1.0,0.9285714285714286
unchanged,stage1,0.0,0.0,0.0,D016,0.962962962962963,0,0.0,False,stage1_finetune_head,14,14,1.0,0.9285714285714286,True,5,1,0,20260624,0.962962962962963,0.0,1.0,0.9285714285714286
unchanged,stage1+stage2,0.0,0.0,0.0,D016,0.962962962962963,0,0.0,False,stage1_stage2_combined,14,14,1.0,0.9285714285714286,True,5,1,0,20260624,0.962962962962963,0.0,1.0,0.9285714285714286
unchanged,stage2,0.0,0.0,0.0,D016,0.962962962962963,0,0.0,False,stage2_cosine_prototype,14,14,1.0,0.9285714285714286,True,5,1,0,20260624,0.962962962962963,0.0,1.0,0.9285714285714286
unchanged,stage2,0.0,0.0,0.0,D016,0.962962962962963,0,0.0,False,stage2_finetune_bias_only,14,14,1.0,0.9285714285714286,True,5,1,0,20260624,0.962962962962963,0.0,1.0,0.9285714285714286
unchanged,stage2,0.0,0.0,0.0,D016,0.962962962962963,0,0.0,False,stage2_finetune_head,14,14,1.0,0.9285714285714286,True,5,1,0,20260624,0.962962962962963,0.0,1.0,0.9285714285714286
unchanged,stage2,0.0,0.0,0.0,D016,0.962962962962963,0,0.0,False,stage2_positive_bias,14,14,1.0,0.9285714285714286,True,5,1,0,20260624,0.962962962962963,0.0,1.0,0.9285714285714286
unchanged,none,0.0,0.0,0.0,D016,0.962962962962963,0,0.0,False,zero_shot,14,14,1.0,0.9285714285714286,True,5,1,0,20260624,0.962962962962963,0.0,1.0,0.9285714285714286
unchanged,stage1,0.0,0.0,0.0,D017,0.8,0,0.0,False,stage1_finetune_bias_only,5,6,1.0,0.6666666666666666,True,3,2,0,20260620,0.8,0.0,1.0,0.6666666666666666
unchanged,stage1,0.0,0.0,0.0,D017,0.8,0,0.0,False,stage1_finetune_head,5,6,1.0,0.6666666666666666,True,3,2,0,20260620,0.8,0.0,1.0,0.6666666666666666
unchanged,stage1+stage2,0.0,0.0,0.0,D017,0.8,0,0.0,False,stage1_stage2_combined,5,6,1.0,0.6666666666666666,True,3,2,0,20260620,0.8,0.0,1.0,0.6666666666666666
unchanged,stage2,0.0,0.0,0.0,D017,0.8,0,0.0,False,stage2_cosine_prototype,5,6,1.0,0.6666666666666666,True,3,2,0,20260620,0.8,0.0,1.0,0.6666666666666666
unchanged,stage2,0.0,0.0,0.0,D017,0.8,0,0.0,False,stage2_finetune_bias_only,5,6,1.0,0.6666666666666666,True,3,2,0,20260620,0.8,0.0,1.0,0.6666666666666666
unchanged,stage2,0.0,0.0,0.0,D017,0.8,0,0.0,False,stage2_finetune_head,5,6,1.0,0.6666666666666666,True,3,2,0,20260620,0.8,0.0,1.0,0.6666666666666666
unchanged,stage2,0.0,0.0,0.0,D017,0.8,0,0.0,False,stage2_positive_bias,5,6,1.0,0.6666666666666666,True,3,2,0,20260620,0.8,0.0,1.0,0.6666666666666666
unchanged,none,0.0,0.0,0.0,D017,0.8,0,0.0,False,zero_shot,5,6,1.0,0.6666666666666666,True,3,2,0,20260620,0.8,0.0,1.0,0.6666666666666666
unchanged,stage1,0.0,0.0,0.0,D017,0.9090909090909091,0,0.0,False,stage1_finetune_bias_only,5,6,1.0,0.8333333333333334,True,3,1,0,20260621,0.9090909090909091,0.0,1.0,0.8333333333333334
unchanged,stage1,0.0,0.0,0.0,D017,0.9090909090909091,0,0.0,False,stage1_finetune_head,5,6,1.0,0.8333333333333334,True,3,1,0,20260621,0.9090909090909091,0.0,1.0,0.8333333333333334
unchanged,stage1+stage2,0.0,0.0,0.0,D017,0.9090909090909091,0,0.0,False,stage1_stage2_combined,5,6,1.0,0.8333333333333334,True,3,1,0,20260621,0.9090909090909091,0.0,1.0,0.8333333333333334
unchanged,stage2,0.0,0.0,0.0,D017,0.9090909090909091,0,0.0,False,stage2_cosine_prototype,5,6,1.0,0.8333333333333334,True,3,1,0,20260621,0.9090909090909091,0.0,1.0,0.8333333333333334
unchanged,stage2,0.0,0.0,0.0,D017,0.9090909090909091,0,0.0,False,stage2_finetune_bias_only,5,6,1.0,0.8333333333333334,True,3,1,0,20260621,0.9090909090909091,0.0,1.0,0.8333333333333334
unchanged,stage2,0.0,0.0,0.0,D017,0.9090909090909091,0,0.0,False,stage2_finetune_head,5,6,1.0,0.8333333333333334,True,3,1,0,20260621,0.9090909090909091,0.0,1.0,0.8333333333333334
unchanged,stage2,0.0,0.0,0.0,D017,0.9090909090909091,0,0.0,False,stage2_positive_bias,5,6,1.0,0.8333333333333334,True,3,1,0,20260621,0.9090909090909091,0.0,1.0,0.8333333333333334
unchanged,none,0.0,0.0,0.0,D017,0.9090909090909091,0,0.0,False,zero_shot,5,6,1.0,0.8333333333333334,True,3,1,0,20260621,0.9090909090909091,0.0,1.0,0.8333333333333334
unchanged,stage1,0.0,0.0,0.0,D017,0.9090909090909091,0,0.0,False,stage1_finetune_bias_only,5,6,1.0,0.8333333333333334,True,3,1,0,20260622,0.9090909090909091,0.0,1.0,0.8333333333333334
unchanged,stage1,0.0,0.0,0.0,D017,0.9090909090909091,0,0.0,False,stage1_finetune_head,5,6,1.0,0.8333333333333334,True,3,1,0,20260622,0.9090909090909091,0.0,1.0,0.8333333333333334
unchanged,stage1+stage2,0.0,0.0,0.0,D017,0.9090909090909091,0,0.0,False,stage1_stage2_combined,5,6,1.0,0.8333333333333334,True,3,1,0,20260622,0.9090909090909091,0.0,1.0,0.8333333333333334
unchanged,stage2,0.0,0.0,0.0,D017,0.9090909090909091,0,0.0,False,stage2_cosine_prototype,5,6,1.0,0.8333333333333334,True,3,1,0,20260622,0.9090909090909091,0.0,1.0,0.8333333333333334
unchanged,stage2,0.0,0.0,0.0,D017,0.9090909090909091,0,0.0,False,stage2_finetune_bias_only,5,6,1.0,0.8333333333333334,True,3,1,0,20260622,0.9090909090909091,0.0,1.0,0.8333333333333334
unchanged,stage2,0.0,0.0,0.0,D017,0.9090909090909091,0,0.0,False,stage2_finetune_head,5,6,1.0,0.8333333333333334,True,3,1,0,20260622,0.9090909090909091,0.0,1.0,0.8333333333333334
unchanged,stage2,0.0,0.0,0.0,D017,0.9090909090909091,0,0.0,False,stage2_positive_bias,5,6,1.0,0.8333333333333334,True,3,1,0,20260622,0.9090909090909091,0.0,1.0,0.8333333333333334
unchanged,none,0.0,0.0,0.0,D017,0.9090909090909091,0,0.0,False,zero_shot,5,6,1.0,0.8333333333333334,True,3,1,0,20260622,0.9090909090909091,0.0,1.0,0.8333333333333334
unchanged,stage1,0.0,0.0,0.0,D017,0.9090909090909091,0,0.0,False,stage1_finetune_bias_only,5,6,1.0,0.8333333333333334,True,3,1,0,20260623,0.9090909090909091,0.0,1.0,0.8333333333333334
unchanged,stage1,0.0,0.0,0.0,D017,0.9090909090909091,0,0.0,False,stage1_finetune_head,5,6,1.0,0.8333333333333334,True,3,1,0,20260623,0.9090909090909091,0.0,1.0,0.8333333333333334
unchanged,stage1+stage2,0.0,0.0,0.0,D017,0.9090909090909091,0,0.0,False,stage1_stage2_combined,5,6,1.0,0.8333333333333334,True,3,1,0,20260623,0.9090909090909091,0.0,1.0,0.8333333333333334
unchanged,stage2,0.0,0.0,0.0,D017,0.9090909090909091,0,0.0,False,stage2_cosine_prototype,5,6,1.0,0.8333333333333334,True,3,1,0,20260623,0.9090909090909091,0.0,1.0,0.8333333333333334
unchanged,stage2,0.0,0.0,0.0,D017,0.9090909090909091,0,0.0,False,stage2_finetune_bias_only,5,6,1.0,0.8333333333333334,True,3,1,0,20260623,0.9090909090909091,0.0,1.0,0.8333333333333334
unchanged,stage2,0.0,0.0,0.0,D017,0.9090909090909091,0,0.0,False,stage2_finetune_head,5,6,1.0,0.8333333333333334,True,3,1,0,20260623,0.9090909090909091,0.0,1.0,0.8333333333333334
unchanged,stage2,0.0,0.0,0.0,D017,0.9090909090909091,0,0.0,False,stage2_positive_bias,5,6,1.0,0.8333333333333334,True,3,1,0,20260623,0.9090909090909091,0.0,1.0,0.8333333333333334
unchanged,none,0.0,0.0,0.0,D017,0.9090909090909091,0,0.0,False,zero_shot,5,6,1.0,0.8333333333333334,True,3,1,0,20260623,0.9090909090909091,0.0,1.0,0.8333333333333334
unchanged,stage1,0.0,0.0,0.0,D017,0.8,0,0.0,False,stage1_finetune_bias_only,5,6,1.0,0.6666666666666666,True,3,2,0,20260624,0.8,0.0,1.0,0.6666666666666666
unchanged,stage1,0.0,0.0,0.0,D017,0.8,0,0.0,False,stage1_finetune_head,5,6,1.0,0.6666666666666666,True,3,2,0,20260624,0.8,0.0,1.0,0.6666666666666666
unchanged,stage1+stage2,0.0,0.0,0.0,D017,0.8,0,0.0,False,stage1_stage2_combined,5,6,1.0,0.6666666666666666,True,3,2,0,20260624,0.8,0.0,1.0,0.6666666666666666
unchanged,stage2,0.0,0.0,0.0,D017,0.8,0,0.0,False,stage2_cosine_prototype,5,6,1.0,0.6666666666666666,True,3,2,0,20260624,0.8,0.0,1.0,0.6666666666666666
unchanged,stage2,0.0,0.0,0.0,D017,0.8,0,0.0,False,stage2_finetune_bias_only,5,6,1.0,0.6666666666666666,True,3,2,0,20260624,0.8,0.0,1.0,0.6666666666666666
unchanged,stage2,0.0,0.0,0.0,D017,0.8,0,0.0,False,stage2_finetune_head,5,6,1.0,0.6666666666666666,True,3,2,0,20260624,0.8,0.0,1.0,0.6666666666666666
unchanged,stage2,0.0,0.0,0.0,D017,0.8,0,0.0,False,stage2_positive_bias,5,6,1.0,0.6666666666666666,True,3,2,0,20260624,0.8,0.0,1.0,0.6666666666666666
unchanged,none,0.0,0.0,0.0,D017,0.8,0,0.0,False,zero_shot,5,6,1.0,0.6666666666666666,True,3,2,0,20260624,0.8,0.0,1.0,0.6666666666666666
unchanged,stage1,0.0,0.0,0.0,D017,0.8571428571428571,0,0.0,False,stage1_finetune_bias_only,5,4,1.0,0.75,True,5,1,0,20260620,0.8571428571428571,0.0,1.0,0.75
unchanged,stage1,0.0,0.0,0.0,D017,0.8571428571428571,0,0.0,False,stage1_finetune_head,5,4,1.0,0.75,True,5,1,0,20260620,0.8571428571428571,0.0,1.0,0.75
unchanged,stage1+stage2,0.0,0.0,0.0,D017,0.8571428571428571,0,0.0,False,stage1_stage2_combined,5,4,1.0,0.75,True,5,1,0,20260620,0.8571428571428571,0.0,1.0,0.75
unchanged,stage2,0.0,0.0,0.0,D017,0.8571428571428571,0,0.0,False,stage2_cosine_prototype,5,4,1.0,0.75,True,5,1,0,20260620,0.8571428571428571,0.0,1.0,0.75
unchanged,stage2,0.0,0.0,0.0,D017,0.8571428571428571,0,0.0,False,stage2_finetune_bias_only,5,4,1.0,0.75,True,5,1,0,20260620,0.8571428571428571,0.0,1.0,0.75
unchanged,stage2,0.0,0.0,0.0,D017,0.8571428571428571,0,0.0,False,stage2_finetune_head,5,4,1.0,0.75,True,5,1,0,20260620,0.8571428571428571,0.0,1.0,0.75
unchanged,stage2,0.0,0.0,0.0,D017,0.8571428571428571,0,0.0,False,stage2_positive_bias,5,4,1.0,0.75,True,5,1,0,20260620,0.8571428571428571,0.0,1.0,0.75
unchanged,none,0.0,0.0,0.0,D017,0.8571428571428571,0,0.0,False,zero_shot,5,4,1.0,0.75,True,5,1,0,20260620,0.8571428571428571,0.0,1.0,0.75
unchanged,stage1,0.0,0.0,0.0,D017,0.8571428571428571,0,0.0,False,stage1_finetune_bias_only,5,4,1.0,0.75,True,5,1,0,20260621,0.8571428571428571,0.0,1.0,0.75
unchanged,stage1,0.0,0.0,0.0,D017,0.8571428571428571,0,0.0,False,stage1_finetune_head,5,4,1.0,0.75,True,5,1,0,20260621,0.8571428571428571,0.0,1.0,0.75
unchanged,stage1+stage2,0.0,0.0,0.0,D017,0.8571428571428571,0,0.0,False,stage1_stage2_combined,5,4,1.0,0.75,True,5,1,0,20260621,0.8571428571428571,0.0,1.0,0.75
unchanged,stage2,0.0,0.0,0.0,D017,0.8571428571428571,0,0.0,False,stage2_cosine_prototype,5,4,1.0,0.75,True,5,1,0,20260621,0.8571428571428571,0.0,1.0,0.75
unchanged,stage2,0.0,0.0,0.0,D017,0.8571428571428571,0,0.0,False,stage2_finetune_bias_only,5,4,1.0,0.75,True,5,1,0,20260621,0.8571428571428571,0.0,1.0,0.75
unchanged,stage2,0.0,0.0,0.0,D017,0.8571428571428571,0,0.0,False,stage2_finetune_head,5,4,1.0,0.75,True,5,1,0,20260621,0.8571428571428571,0.0,1.0,0.75
unchanged,stage2,0.0,0.0,0.0,D017,0.8571428571428571,0,0.0,False,stage2_positive_bias,5,4,1.0,0.75,True,5,1,0,20260621,0.8571428571428571,0.0,1.0,0.75
unchanged,none,0.0,0.0,0.0,D017,0.8571428571428571,0,0.0,False,zero_shot,5,4,1.0,0.75,True,5,1,0,20260621,0.8571428571428571,0.0,1.0,0.75
unchanged,stage1,0.0,0.0,0.0,D017,1.0,0,0.0,False,stage1_finetune_bias_only,5,4,1.0,1.0,True,5,0,0,20260622,1.0,0.0,1.0,1.0
unchanged,stage1,0.0,0.0,0.0,D017,1.0,0,0.0,False,stage1_finetune_head,5,4,1.0,1.0,True,5,0,0,20260622,1.0,0.0,1.0,1.0
unchanged,stage1+stage2,0.0,0.0,0.0,D017,1.0,0,0.0,False,stage1_stage2_combined,5,4,1.0,1.0,True,5,0,0,20260622,1.0,0.0,1.0,1.0
unchanged,stage2,0.0,0.0,0.0,D017,1.0,0,0.0,False,stage2_cosine_prototype,5,4,1.0,1.0,True,5,0,0,20260622,1.0,0.0,1.0,1.0
unchanged,stage2,0.0,0.0,0.0,D017,1.0,0,0.0,False,stage2_finetune_bias_only,5,4,1.0,1.0,True,5,0,0,20260622,1.0,0.0,1.0,1.0
unchanged,stage2,0.0,0.0,0.0,D017,1.0,0,0.0,False,stage2_finetune_head,5,4,1.0,1.0,True,5,0,0,20260622,1.0,0.0,1.0,1.0
unchanged,stage2,0.0,0.0,0.0,D017,1.0,0,0.0,False,stage2_positive_bias,5,4,1.0,1.0,True,5,0,0,20260622,1.0,0.0,1.0,1.0
unchanged,none,0.0,0.0,0.0,D017,1.0,0,0.0,False,zero_shot,5,4,1.0,1.0,True,5,0,0,20260622,1.0,0.0,1.0,1.0
unchanged,stage1,0.0,0.0,0.0,D017,1.0,0,0.0,False,stage1_finetune_bias_only,5,4,1.0,1.0,True,5,0,0,20260623,1.0,0.0,1.0,1.0
unchanged,stage1,0.0,0.0,0.0,D017,1.0,0,0.0,False,stage1_finetune_head,5,4,1.0,1.0,True,5,0,0,20260623,1.0,0.0,1.0,1.0
unchanged,stage1+stage2,0.0,0.0,0.0,D017,1.0,0,0.0,False,stage1_stage2_combined,5,4,1.0,1.0,True,5,0,0,20260623,1.0,0.0,1.0,1.0
unchanged,stage2,0.0,0.0,0.0,D017,1.0,0,0.0,False,stage2_cosine_prototype,5,4,1.0,1.0,True,5,0,0,20260623,1.0,0.0,1.0,1.0
unchanged,stage2,0.0,0.0,0.0,D017,1.0,0,0.0,False,stage2_finetune_bias_only,5,4,1.0,1.0,True,5,0,0,20260623,1.0,0.0,1.0,1.0
unchanged,stage2,0.0,0.0,0.0,D017,1.0,0,0.0,False,stage2_finetune_head,5,4,1.0,1.0,True,5,0,0,20260623,1.0,0.0,1.0,1.0
unchanged,stage2,0.0,0.0,0.0,D017,1.0,0,0.0,False,stage2_positive_bias,5,4,1.0,1.0,True,5,0,0,20260623,1.0,0.0,1.0,1.0
unchanged,none,0.0,0.0,0.0,D017,1.0,0,0.0,False,zero_shot,5,4,1.0,1.0,True,5,0,0,20260623,1.0,0.0,1.0,1.0
unchanged,stage1,0.0,0.0,0.0,D017,0.8571428571428571,0,0.0,False,stage1_finetune_bias_only,5,4,1.0,0.75,True,5,1,0,20260624,0.8571428571428571,0.0,1.0,0.75
unchanged,stage1,0.0,0.0,0.0,D017,0.8571428571428571,0,0.0,False,stage1_finetune_head,5,4,1.0,0.75,True,5,1,0,20260624,0.8571428571428571,0.0,1.0,0.75
unchanged,stage1+stage2,0.0,0.0,0.0,D017,0.8571428571428571,0,0.0,False,stage1_stage2_combined,5,4,1.0,0.75,True,5,1,0,20260624,0.8571428571428571,0.0,1.0,0.75
unchanged,stage2,0.0,0.0,0.0,D017,0.8571428571428571,0,0.0,False,stage2_cosine_prototype,5,4,1.0,0.75,True,5,1,0,20260624,0.8571428571428571,0.0,1.0,0.75
unchanged,stage2,0.0,0.0,0.0,D017,0.8571428571428571,0,0.0,False,stage2_finetune_bias_only,5,4,1.0,0.75,True,5,1,0,20260624,0.8571428571428571,0.0,1.0,0.75
unchanged,stage2,0.0,0.0,0.0,D017,0.8571428571428571,0,0.0,False,stage2_finetune_head,5,4,1.0,0.75,True,5,1,0,20260624,0.8571428571428571,0.0,1.0,0.75
unchanged,stage2,0.0,0.0,0.0,D017,0.8571428571428571,0,0.0,False,stage2_positive_bias,5,4,1.0,0.75,True,5,1,0,20260624,0.8571428571428571,0.0,1.0,0.75
unchanged,none,0.0,0.0,0.0,D017,0.8571428571428571,0,0.0,False,zero_shot,5,4,1.0,0.75,True,5,1,0,20260624,0.8571428571428571,0.0,1.0,0.75
unchanged,stage1,0.0,0.0,0.0,D018,1.0,0,0.0,False,stage1_finetune_bias_only,18,33,1.0,1.0,True,3,0,0,20260620,1.0,0.0,1.0,1.0
unchanged,stage1,0.0,0.0,0.0,D018,1.0,0,0.0,False,stage1_finetune_head,18,33,1.0,1.0,True,3,0,0,20260620,1.0,0.0,1.0,1.0
unchanged,stage1+stage2,0.0,0.0,0.0,D018,1.0,0,0.0,False,stage1_stage2_combined,18,33,1.0,1.0,True,3,0,0,20260620,1.0,0.0,1.0,1.0
unchanged,stage2,0.0,0.0,0.0,D018,1.0,0,0.0,False,stage2_cosine_prototype,18,33,1.0,1.0,True,3,0,0,20260620,1.0,0.0,1.0,1.0
unchanged,stage2,0.0,0.0,0.0,D018,1.0,0,0.0,False,stage2_finetune_bias_only,18,33,1.0,1.0,True,3,0,0,20260620,1.0,0.0,1.0,1.0
unchanged,stage2,0.0,0.0,0.0,D018,1.0,0,0.0,False,stage2_finetune_head,18,33,1.0,1.0,True,3,0,0,20260620,1.0,0.0,1.0,1.0
unchanged,stage2,0.0,0.0,0.0,D018,1.0,0,0.0,False,stage2_positive_bias,18,33,1.0,1.0,True,3,0,0,20260620,1.0,0.0,1.0,1.0
unchanged,none,0.0,0.0,0.0,D018,1.0,0,0.0,False,zero_shot,18,33,1.0,1.0,True,3,0,0,20260620,1.0,0.0,1.0,1.0
unchanged,stage1,0.0,0.0,0.0,D018,1.0,0,0.0,False,stage1_finetune_bias_only,18,33,1.0,1.0,True,3,0,0,20260621,1.0,0.0,1.0,1.0
unchanged,stage1,0.0,0.0,0.0,D018,1.0,0,0.0,False,stage1_finetune_head,18,33,1.0,1.0,True,3,0,0,20260621,1.0,0.0,1.0,1.0
unchanged,stage1+stage2,0.0,0.0,0.0,D018,1.0,0,0.0,False,stage1_stage2_combined,18,33,1.0,1.0,True,3,0,0,20260621,1.0,0.0,1.0,1.0
unchanged,stage2,0.0,0.0,0.0,D018,1.0,0,0.0,False,stage2_cosine_prototype,18,33,1.0,1.0,True,3,0,0,20260621,1.0,0.0,1.0,1.0
unchanged,stage2,0.0,0.0,0.0,D018,1.0,0,0.0,False,stage2_finetune_bias_only,18,33,1.0,1.0,True,3,0,0,20260621,1.0,0.0,1.0,1.0
unchanged,stage2,0.0,0.0,0.0,D018,1.0,0,0.0,False,stage2_finetune_head,18,33,1.0,1.0,True,3,0,0,20260621,1.0,0.0,1.0,1.0
unchanged,stage2,0.0,0.0,0.0,D018,1.0,0,0.0,False,stage2_positive_bias,18,33,1.0,1.0,True,3,0,0,20260621,1.0,0.0,1.0,1.0
unchanged,none,0.0,0.0,0.0,D018,1.0,0,0.0,False,zero_shot,18,33,1.0,1.0,True,3,0,0,20260621,1.0,0.0,1.0,1.0
unchanged,stage1,0.0,0.0,0.0,D018,0.9846153846153847,0,0.0,False,stage1_finetune_bias_only,18,33,1.0,0.9696969696969697,True,3,0,1,20260622,0.9846153846153847,0.0,1.0,0.9696969696969697
unchanged,stage1,0.0,0.0,0.0,D018,0.9846153846153847,0,0.0,False,stage1_finetune_head,18,33,1.0,0.9696969696969697,True,3,0,1,20260622,0.9846153846153847,0.0,1.0,0.9696969696969697
unchanged,stage1+stage2,0.0,0.0,0.0,D018,0.9846153846153847,0,0.0,False,stage1_stage2_combined,18,33,1.0,0.9696969696969697,True,3,0,1,20260622,0.9846153846153847,0.0,1.0,0.9696969696969697
unchanged,stage2,0.0,0.0,0.0,D018,0.9846153846153847,0,0.0,False,stage2_cosine_prototype,18,33,1.0,0.9696969696969697,True,3,0,1,20260622,0.9846153846153847,0.0,1.0,0.9696969696969697
unchanged,stage2,0.0,0.0,0.0,D018,0.9846153846153847,0,0.0,False,stage2_finetune_bias_only,18,33,1.0,0.9696969696969697,True,3,0,1,20260622,0.9846153846153847,0.0,1.0,0.9696969696969697
unchanged,stage2,0.0,0.0,0.0,D018,0.9846153846153847,0,0.0,False,stage2_finetune_head,18,33,1.0,0.9696969696969697,True,3,0,1,20260622,0.9846153846153847,0.0,1.0,0.9696969696969697
unchanged,stage2,0.0,0.0,0.0,D018,0.9846153846153847,0,0.0,False,stage2_positive_bias,18,33,1.0,0.9696969696969697,True,3,0,1,20260622,0.9846153846153847,0.0,1.0,0.9696969696969697
unchanged,none,0.0,0.0,0.0,D018,0.9846153846153847,0,0.0,False,zero_shot,18,33,1.0,0.9696969696969697,True,3,0,1,20260622,0.9846153846153847,0.0,1.0,0.9696969696969697
unchanged,stage1,0.0,0.0,0.0,D018,0.9846153846153847,0,0.0,False,stage1_finetune_bias_only,18,33,1.0,0.9696969696969697,True,3,0,1,20260623,0.9846153846153847,0.0,1.0,0.9696969696969697
unchanged,stage1,0.0,0.0,0.0,D018,0.9846153846153847,0,0.0,False,stage1_finetune_head,18,33,1.0,0.9696969696969697,True,3,0,1,20260623,0.9846153846153847,0.0,1.0,0.9696969696969697
unchanged,stage1+stage2,0.0,0.0,0.0,D018,0.9846153846153847,0,0.0,False,stage1_stage2_combined,18,33,1.0,0.9696969696969697,True,3,0,1,20260623,0.9846153846153847,0.0,1.0,0.9696969696969697
unchanged,stage2,0.0,0.0,0.0,D018,0.9846153846153847,0,0.0,False,stage2_cosine_prototype,18,33,1.0,0.9696969696969697,True,3,0,1,20260623,0.9846153846153847,0.0,1.0,0.9696969696969697
unchanged,stage2,0.0,0.0,0.0,D018,0.9846153846153847,0,0.0,False,stage2_finetune_bias_only,18,33,1.0,0.9696969696969697,True,3,0,1,20260623,0.9846153846153847,0.0,1.0,0.9696969696969697
unchanged,stage2,0.0,0.0,0.0,D018,0.9846153846153847,0,0.0,False,stage2_finetune_head,18,33,1.0,0.9696969696969697,True,3,0,1,20260623,0.9846153846153847,0.0,1.0,0.9696969696969697
unchanged,stage2,0.0,0.0,0.0,D018,0.9846153846153847,0,0.0,False,stage2_positive_bias,18,33,1.0,0.9696969696969697,True,3,0,1,20260623,0.9846153846153847,0.0,1.0,0.9696969696969697
unchanged,none,0.0,0.0,0.0,D018,0.9846153846153847,0,0.0,False,zero_shot,18,33,1.0,0.9696969696969697,True,3,0,1,20260623,0.9846153846153847,0.0,1.0,0.9696969696969697
unchanged,stage1,0.0,0.0,0.0,D018,0.9846153846153847,0,0.0,False,stage1_finetune_bias_only,18,33,1.0,0.9696969696969697,True,3,0,1,20260624,0.9846153846153847,0.0,1.0,0.9696969696969697
unchanged,stage1,0.0,0.0,0.0,D018,0.9846153846153847,0,0.0,False,stage1_finetune_head,18,33,1.0,0.9696969696969697,True,3,0,1,20260624,0.9846153846153847,0.0,1.0,0.9696969696969697
unchanged,stage1+stage2,0.0,0.0,0.0,D018,0.9846153846153847,0,0.0,False,stage1_stage2_combined,18,33,1.0,0.9696969696969697,True,3,0,1,20260624,0.9846153846153847,0.0,1.0,0.9696969696969697
unchanged,stage2,0.0,0.0,0.0,D018,0.9846153846153847,0,0.0,False,stage2_cosine_prototype,18,33,1.0,0.9696969696969697,True,3,0,1,20260624,0.9846153846153847,0.0,1.0,0.9696969696969697
unchanged,stage2,0.0,0.0,0.0,D018,0.9846153846153847,0,0.0,False,stage2_finetune_bias_only,18,33,1.0,0.9696969696969697,True,3,0,1,20260624,0.9846153846153847,0.0,1.0,0.9696969696969697
unchanged,stage2,0.0,0.0,0.0,D018,0.9846153846153847,0,0.0,False,stage2_finetune_head,18,33,1.0,0.9696969696969697,True,3,0,1,20260624,0.9846153846153847,0.0,1.0,0.9696969696969697
unchanged,stage2,0.0,0.0,0.0,D018,0.9846153846153847,0,0.0,False,stage2_positive_bias,18,33,1.0,0.9696969696969697,True,3,0,1,20260624,0.9846153846153847,0.0,1.0,0.9696969696969697
unchanged,none,0.0,0.0,0.0,D018,0.9846153846153847,0,0.0,False,zero_shot,18,33,1.0,0.9696969696969697,True,3,0,1,20260624,0.9846153846153847,0.0,1.0,0.9696969696969697
unchanged,stage1,0.0,0.0,0.0,D018,1.0,0,0.0,False,stage1_finetune_bias_only,18,31,1.0,1.0,True,5,0,0,20260620,1.0,0.0,1.0,1.0
unchanged,stage1,0.0,0.0,0.0,D018,1.0,0,0.0,False,stage1_finetune_head,18,31,1.0,1.0,True,5,0,0,20260620,1.0,0.0,1.0,1.0
unchanged,stage1+stage2,0.0,0.0,0.0,D018,1.0,0,0.0,False,stage1_stage2_combined,18,31,1.0,1.0,True,5,0,0,20260620,1.0,0.0,1.0,1.0
unchanged,stage2,0.0,0.0,0.0,D018,1.0,0,0.0,False,stage2_cosine_prototype,18,31,1.0,1.0,True,5,0,0,20260620,1.0,0.0,1.0,1.0
unchanged,stage2,0.0,0.0,0.0,D018,1.0,0,0.0,False,stage2_finetune_bias_only,18,31,1.0,1.0,True,5,0,0,20260620,1.0,0.0,1.0,1.0
unchanged,stage2,0.0,0.0,0.0,D018,1.0,0,0.0,False,stage2_finetune_head,18,31,1.0,1.0,True,5,0,0,20260620,1.0,0.0,1.0,1.0
unchanged,stage2,0.0,0.0,0.0,D018,1.0,0,0.0,False,stage2_positive_bias,18,31,1.0,1.0,True,5,0,0,20260620,1.0,0.0,1.0,1.0
unchanged,none,0.0,0.0,0.0,D018,1.0,0,0.0,False,zero_shot,18,31,1.0,1.0,True,5,0,0,20260620,1.0,0.0,1.0,1.0
unchanged,stage1,0.0,0.0,0.0,D018,1.0,0,0.0,False,stage1_finetune_bias_only,18,31,1.0,1.0,True,5,0,0,20260621,1.0,0.0,1.0,1.0
unchanged,stage1,0.0,0.0,0.0,D018,1.0,0,0.0,False,stage1_finetune_head,18,31,1.0,1.0,True,5,0,0,20260621,1.0,0.0,1.0,1.0
unchanged,stage1+stage2,0.0,0.0,0.0,D018,1.0,0,0.0,False,stage1_stage2_combined,18,31,1.0,1.0,True,5,0,0,20260621,1.0,0.0,1.0,1.0
unchanged,stage2,0.0,0.0,0.0,D018,1.0,0,0.0,False,stage2_cosine_prototype,18,31,1.0,1.0,True,5,0,0,20260621,1.0,0.0,1.0,1.0
unchanged,stage2,0.0,0.0,0.0,D018,1.0,0,0.0,False,stage2_finetune_bias_only,18,31,1.0,1.0,True,5,0,0,20260621,1.0,0.0,1.0,1.0
unchanged,stage2,0.0,0.0,0.0,D018,1.0,0,0.0,False,stage2_finetune_head,18,31,1.0,1.0,True,5,0,0,20260621,1.0,0.0,1.0,1.0
unchanged,stage2,0.0,0.0,0.0,D018,1.0,0,0.0,False,stage2_positive_bias,18,31,1.0,1.0,True,5,0,0,20260621,1.0,0.0,1.0,1.0
unchanged,none,0.0,0.0,0.0,D018,1.0,0,0.0,False,zero_shot,18,31,1.0,1.0,True,5,0,0,20260621,1.0,0.0,1.0,1.0
unchanged,stage1,0.0,0.0,0.0,D018,1.0,0,0.0,False,stage1_finetune_bias_only,18,31,1.0,1.0,True,5,0,0,20260622,1.0,0.0,1.0,1.0
unchanged,stage1,0.0,0.0,0.0,D018,1.0,0,0.0,False,stage1_finetune_head,18,31,1.0,1.0,True,5,0,0,20260622,1.0,0.0,1.0,1.0
unchanged,stage1+stage2,0.0,0.0,0.0,D018,1.0,0,0.0,False,stage1_stage2_combined,18,31,1.0,1.0,True,5,0,0,20260622,1.0,0.0,1.0,1.0
unchanged,stage2,0.0,0.0,0.0,D018,1.0,0,0.0,False,stage2_cosine_prototype,18,31,1.0,1.0,True,5,0,0,20260622,1.0,0.0,1.0,1.0
unchanged,stage2,0.0,0.0,0.0,D018,1.0,0,0.0,False,stage2_finetune_bias_only,18,31,1.0,1.0,True,5,0,0,20260622,1.0,0.0,1.0,1.0
unchanged,stage2,0.0,0.0,0.0,D018,1.0,0,0.0,False,stage2_finetune_head,18,31,1.0,1.0,True,5,0,0,20260622,1.0,0.0,1.0,1.0
unchanged,stage2,0.0,0.0,0.0,D018,1.0,0,0.0,False,stage2_positive_bias,18,31,1.0,1.0,True,5,0,0,20260622,1.0,0.0,1.0,1.0
unchanged,none,0.0,0.0,0.0,D018,1.0,0,0.0,False,zero_shot,18,31,1.0,1.0,True,5,0,0,20260622,1.0,0.0,1.0,1.0
unchanged,stage1,0.0,0.0,0.0,D018,0.9836065573770492,0,0.0,False,stage1_finetune_bias_only,18,31,1.0,0.967741935483871,True,5,0,1,20260623,0.9836065573770492,0.0,1.0,0.967741935483871
unchanged,stage1,0.0,0.0,0.0,D018,0.9836065573770492,0,0.0,False,stage1_finetune_head,18,31,1.0,0.967741935483871,True,5,0,1,20260623,0.9836065573770492,0.0,1.0,0.967741935483871
unchanged,stage1+stage2,0.0,0.0,0.0,D018,0.9836065573770492,0,0.0,False,stage1_stage2_combined,18,31,1.0,0.967741935483871,True,5,0,1,20260623,0.9836065573770492,0.0,1.0,0.967741935483871
unchanged,stage2,0.0,0.0,0.0,D018,0.9836065573770492,0,0.0,False,stage2_cosine_prototype,18,31,1.0,0.967741935483871,True,5,0,1,20260623,0.9836065573770492,0.0,1.0,0.967741935483871
unchanged,stage2,0.0,0.0,0.0,D018,0.9836065573770492,0,0.0,False,stage2_finetune_bias_only,18,31,1.0,0.967741935483871,True,5,0,1,20260623,0.9836065573770492,0.0,1.0,0.967741935483871
unchanged,stage2,0.0,0.0,0.0,D018,0.9836065573770492,0,0.0,False,stage2_finetune_head,18,31,1.0,0.967741935483871,True,5,0,1,20260623,0.9836065573770492,0.0,1.0,0.967741935483871
unchanged,stage2,0.0,0.0,0.0,D018,0.9836065573770492,0,0.0,False,stage2_positive_bias,18,31,1.0,0.967741935483871,True,5,0,1,20260623,0.9836065573770492,0.0,1.0,0.967741935483871
unchanged,none,0.0,0.0,0.0,D018,0.9836065573770492,0,0.0,False,zero_shot,18,31,1.0,0.967741935483871,True,5,0,1,20260623,0.9836065573770492,0.0,1.0,0.967741935483871
unchanged,stage1,0.0,0.0,0.0,D018,0.9836065573770492,0,0.0,False,stage1_finetune_bias_only,18,31,1.0,0.967741935483871,True,5,0,1,20260624,0.9836065573770492,0.0,1.0,0.967741935483871
unchanged,stage1,0.0,0.0,0.0,D018,0.9836065573770492,0,0.0,False,stage1_finetune_head,18,31,1.0,0.967741935483871,True,5,0,1,20260624,0.9836065573770492,0.0,1.0,0.967741935483871
unchanged,stage1+stage2,0.0,0.0,0.0,D018,0.9836065573770492,0,0.0,False,stage1_stage2_combined,18,31,1.0,0.967741935483871,True,5,0,1,20260624,0.9836065573770492,0.0,1.0,0.967741935483871
unchanged,stage2,0.0,0.0,0.0,D018,0.9836065573770492,0,0.0,False,stage2_cosine_prototype,18,31,1.0,0.967741935483871,True,5,0,1,20260624,0.9836065573770492,0.0,1.0,0.967741935483871
unchanged,stage2,0.0,0.0,0.0,D018,0.9836065573770492,0,0.0,False,stage2_finetune_bias_only,18,31,1.0,0.967741935483871,True,5,0,1,20260624,0.9836065573770492,0.0,1.0,0.967741935483871
unchanged,stage2,0.0,0.0,0.0,D018,0.9836065573770492,0,0.0,False,stage2_finetune_head,18,31,1.0,0.967741935483871,True,5,0,1,20260624,0.9836065573770492,0.0,1.0,0.967741935483871
unchanged,stage2,0.0,0.0,0.0,D018,0.9836065573770492,0,0.0,False,stage2_positive_bias,18,31,1.0,0.967741935483871,True,5,0,1,20260624,0.9836065573770492,0.0,1.0,0.967741935483871
unchanged,none,0.0,0.0,0.0,D018,0.9836065573770492,0,0.0,False,zero_shot,18,31,1.0,0.967741935483871,True,5,0,1,20260624,0.9836065573770492,0.0,1.0,0.967741935483871
unchanged,stage1,0.0,0.0,0.0,D019,1.0,0,0.0,False,stage1_finetune_bias_only,45,32,1.0,1.0,True,3,0,0,20260620,1.0,0.0,1.0,1.0
unchanged,stage1,0.0,0.0,0.0,D019,1.0,0,0.0,False,stage1_finetune_head,45,32,1.0,1.0,True,3,0,0,20260620,1.0,0.0,1.0,1.0
unchanged,stage1+stage2,0.0,0.0,0.0,D019,1.0,0,0.0,False,stage1_stage2_combined,45,32,1.0,1.0,True,3,0,0,20260620,1.0,0.0,1.0,1.0
unchanged,stage2,0.0,0.0,0.0,D019,1.0,0,0.0,False,stage2_cosine_prototype,45,32,1.0,1.0,True,3,0,0,20260620,1.0,0.0,1.0,1.0
unchanged,stage2,0.0,0.0,0.0,D019,1.0,0,0.0,False,stage2_finetune_bias_only,45,32,1.0,1.0,True,3,0,0,20260620,1.0,0.0,1.0,1.0
unchanged,stage2,0.0,0.0,0.0,D019,1.0,0,0.0,False,stage2_finetune_head,45,32,1.0,1.0,True,3,0,0,20260620,1.0,0.0,1.0,1.0
unchanged,stage2,0.0,0.0,0.0,D019,1.0,0,0.0,False,stage2_positive_bias,45,32,1.0,1.0,True,3,0,0,20260620,1.0,0.0,1.0,1.0
unchanged,none,0.0,0.0,0.0,D019,1.0,0,0.0,False,zero_shot,45,32,1.0,1.0,True,3,0,0,20260620,1.0,0.0,1.0,1.0
unchanged,stage1,0.0,0.0,0.0,D019,1.0,0,0.0,False,stage1_finetune_bias_only,45,32,1.0,1.0,True,3,0,0,20260621,1.0,0.0,1.0,1.0
unchanged,stage1,0.0,0.0,0.0,D019,1.0,0,0.0,False,stage1_finetune_head,45,32,1.0,1.0,True,3,0,0,20260621,1.0,0.0,1.0,1.0
unchanged,stage1+stage2,0.0,0.0,0.0,D019,1.0,0,0.0,False,stage1_stage2_combined,45,32,1.0,1.0,True,3,0,0,20260621,1.0,0.0,1.0,1.0
unchanged,stage2,0.0,0.0,0.0,D019,1.0,0,0.0,False,stage2_cosine_prototype,45,32,1.0,1.0,True,3,0,0,20260621,1.0,0.0,1.0,1.0
unchanged,stage2,0.0,0.0,0.0,D019,1.0,0,0.0,False,stage2_finetune_bias_only,45,32,1.0,1.0,True,3,0,0,20260621,1.0,0.0,1.0,1.0
unchanged,stage2,0.0,0.0,0.0,D019,1.0,0,0.0,False,stage2_finetune_head,45,32,1.0,1.0,True,3,0,0,20260621,1.0,0.0,1.0,1.0
unchanged,stage2,0.0,0.0,0.0,D019,1.0,0,0.0,False,stage2_positive_bias,45,32,1.0,1.0,True,3,0,0,20260621,1.0,0.0,1.0,1.0
unchanged,none,0.0,0.0,0.0,D019,1.0,0,0.0,False,zero_shot,45,32,1.0,1.0,True,3,0,0,20260621,1.0,0.0,1.0,1.0
unchanged,stage1,0.0,0.0,0.0,D019,1.0,0,0.0,False,stage1_finetune_bias_only,45,32,1.0,1.0,True,3,0,0,20260622,1.0,0.0,1.0,1.0
unchanged,stage1,0.0,0.0,0.0,D019,1.0,0,0.0,False,stage1_finetune_head,45,32,1.0,1.0,True,3,0,0,20260622,1.0,0.0,1.0,1.0
unchanged,stage1+stage2,0.0,0.0,0.0,D019,1.0,0,0.0,False,stage1_stage2_combined,45,32,1.0,1.0,True,3,0,0,20260622,1.0,0.0,1.0,1.0
unchanged,stage2,0.0,0.0,0.0,D019,1.0,0,0.0,False,stage2_cosine_prototype,45,32,1.0,1.0,True,3,0,0,20260622,1.0,0.0,1.0,1.0
unchanged,stage2,0.0,0.0,0.0,D019,1.0,0,0.0,False,stage2_finetune_bias_only,45,32,1.0,1.0,True,3,0,0,20260622,1.0,0.0,1.0,1.0
unchanged,stage2,0.0,0.0,0.0,D019,1.0,0,0.0,False,stage2_finetune_head,45,32,1.0,1.0,True,3,0,0,20260622,1.0,0.0,1.0,1.0
unchanged,stage2,0.0,0.0,0.0,D019,1.0,0,0.0,False,stage2_positive_bias,45,32,1.0,1.0,True,3,0,0,20260622,1.0,0.0,1.0,1.0
unchanged,none,0.0,0.0,0.0,D019,1.0,0,0.0,False,zero_shot,45,32,1.0,1.0,True,3,0,0,20260622,1.0,0.0,1.0,1.0
unchanged,stage1,0.0,0.0,0.0,D019,1.0,0,0.0,False,stage1_finetune_bias_only,45,32,1.0,1.0,True,3,0,0,20260623,1.0,0.0,1.0,1.0
unchanged,stage1,0.0,0.0,0.0,D019,1.0,0,0.0,False,stage1_finetune_head,45,32,1.0,1.0,True,3,0,0,20260623,1.0,0.0,1.0,1.0
unchanged,stage1+stage2,0.0,0.0,0.0,D019,1.0,0,0.0,False,stage1_stage2_combined,45,32,1.0,1.0,True,3,0,0,20260623,1.0,0.0,1.0,1.0
unchanged,stage2,0.0,0.0,0.0,D019,1.0,0,0.0,False,stage2_cosine_prototype,45,32,1.0,1.0,True,3,0,0,20260623,1.0,0.0,1.0,1.0
unchanged,stage2,0.0,0.0,0.0,D019,1.0,0,0.0,False,stage2_finetune_bias_only,45,32,1.0,1.0,True,3,0,0,20260623,1.0,0.0,1.0,1.0
unchanged,stage2,0.0,0.0,0.0,D019,1.0,0,0.0,False,stage2_finetune_head,45,32,1.0,1.0,True,3,0,0,20260623,1.0,0.0,1.0,1.0
unchanged,stage2,0.0,0.0,0.0,D019,1.0,0,0.0,False,stage2_positive_bias,45,32,1.0,1.0,True,3,0,0,20260623,1.0,0.0,1.0,1.0
unchanged,none,0.0,0.0,0.0,D019,1.0,0,0.0,False,zero_shot,45,32,1.0,1.0,True,3,0,0,20260623,1.0,0.0,1.0,1.0
unchanged,stage1,0.0,0.0,0.0,D019,1.0,0,0.0,False,stage1_finetune_bias_only,45,32,1.0,1.0,True,3,0,0,20260624,1.0,0.0,1.0,1.0
unchanged,stage1,0.0,0.0,0.0,D019,1.0,0,0.0,False,stage1_finetune_head,45,32,1.0,1.0,True,3,0,0,20260624,1.0,0.0,1.0,1.0
unchanged,stage1+stage2,0.0,0.0,0.0,D019,1.0,0,0.0,False,stage1_stage2_combined,45,32,1.0,1.0,True,3,0,0,20260624,1.0,0.0,1.0,1.0
unchanged,stage2,0.0,0.0,0.0,D019,1.0,0,0.0,False,stage2_cosine_prototype,45,32,1.0,1.0,True,3,0,0,20260624,1.0,0.0,1.0,1.0
unchanged,stage2,0.0,0.0,0.0,D019,1.0,0,0.0,False,stage2_finetune_bias_only,45,32,1.0,1.0,True,3,0,0,20260624,1.0,0.0,1.0,1.0
unchanged,stage2,0.0,0.0,0.0,D019,1.0,0,0.0,False,stage2_finetune_head,45,32,1.0,1.0,True,3,0,0,20260624,1.0,0.0,1.0,1.0
unchanged,stage2,0.0,0.0,0.0,D019,1.0,0,0.0,False,stage2_positive_bias,45,32,1.0,1.0,True,3,0,0,20260624,1.0,0.0,1.0,1.0
unchanged,none,0.0,0.0,0.0,D019,1.0,0,0.0,False,zero_shot,45,32,1.0,1.0,True,3,0,0,20260624,1.0,0.0,1.0,1.0
unchanged,stage1,0.0,0.0,0.0,D019,1.0,0,0.0,False,stage1_finetune_bias_only,45,30,1.0,1.0,True,5,0,0,20260620,1.0,0.0,1.0,1.0
unchanged,stage1,0.0,0.0,0.0,D019,1.0,0,0.0,False,stage1_finetune_head,45,30,1.0,1.0,True,5,0,0,20260620,1.0,0.0,1.0,1.0
unchanged,stage1+stage2,0.0,0.0,0.0,D019,1.0,0,0.0,False,stage1_stage2_combined,45,30,1.0,1.0,True,5,0,0,20260620,1.0,0.0,1.0,1.0
unchanged,stage2,0.0,0.0,0.0,D019,1.0,0,0.0,False,stage2_cosine_prototype,45,30,1.0,1.0,True,5,0,0,20260620,1.0,0.0,1.0,1.0
unchanged,stage2,0.0,0.0,0.0,D019,1.0,0,0.0,False,stage2_finetune_bias_only,45,30,1.0,1.0,True,5,0,0,20260620,1.0,0.0,1.0,1.0
unchanged,stage2,0.0,0.0,0.0,D019,1.0,0,0.0,False,stage2_finetune_head,45,30,1.0,1.0,True,5,0,0,20260620,1.0,0.0,1.0,1.0
unchanged,stage2,0.0,0.0,0.0,D019,1.0,0,0.0,False,stage2_positive_bias,45,30,1.0,1.0,True,5,0,0,20260620,1.0,0.0,1.0,1.0
unchanged,none,0.0,0.0,0.0,D019,1.0,0,0.0,False,zero_shot,45,30,1.0,1.0,True,5,0,0,20260620,1.0,0.0,1.0,1.0
unchanged,stage1,0.0,0.0,0.0,D019,1.0,0,0.0,False,stage1_finetune_bias_only,45,30,1.0,1.0,True,5,0,0,20260621,1.0,0.0,1.0,1.0
unchanged,stage1,0.0,0.0,0.0,D019,1.0,0,0.0,False,stage1_finetune_head,45,30,1.0,1.0,True,5,0,0,20260621,1.0,0.0,1.0,1.0
unchanged,stage1+stage2,0.0,0.0,0.0,D019,1.0,0,0.0,False,stage1_stage2_combined,45,30,1.0,1.0,True,5,0,0,20260621,1.0,0.0,1.0,1.0
unchanged,stage2,0.0,0.0,0.0,D019,1.0,0,0.0,False,stage2_cosine_prototype,45,30,1.0,1.0,True,5,0,0,20260621,1.0,0.0,1.0,1.0
unchanged,stage2,0.0,0.0,0.0,D019,1.0,0,0.0,False,stage2_finetune_bias_only,45,30,1.0,1.0,True,5,0,0,20260621,1.0,0.0,1.0,1.0
unchanged,stage2,0.0,0.0,0.0,D019,1.0,0,0.0,False,stage2_finetune_head,45,30,1.0,1.0,True,5,0,0,20260621,1.0,0.0,1.0,1.0
unchanged,stage2,0.0,0.0,0.0,D019,1.0,0,0.0,False,stage2_positive_bias,45,30,1.0,1.0,True,5,0,0,20260621,1.0,0.0,1.0,1.0
unchanged,none,0.0,0.0,0.0,D019,1.0,0,0.0,False,zero_shot,45,30,1.0,1.0,True,5,0,0,20260621,1.0,0.0,1.0,1.0
unchanged,stage1,0.0,0.0,0.0,D019,1.0,0,0.0,False,stage1_finetune_bias_only,45,30,1.0,1.0,True,5,0,0,20260622,1.0,0.0,1.0,1.0
unchanged,stage1,0.0,0.0,0.0,D019,1.0,0,0.0,False,stage1_finetune_head,45,30,1.0,1.0,True,5,0,0,20260622,1.0,0.0,1.0,1.0
unchanged,stage1+stage2,0.0,0.0,0.0,D019,1.0,0,0.0,False,stage1_stage2_combined,45,30,1.0,1.0,True,5,0,0,20260622,1.0,0.0,1.0,1.0
unchanged,stage2,0.0,0.0,0.0,D019,1.0,0,0.0,False,stage2_cosine_prototype,45,30,1.0,1.0,True,5,0,0,20260622,1.0,0.0,1.0,1.0
unchanged,stage2,0.0,0.0,0.0,D019,1.0,0,0.0,False,stage2_finetune_bias_only,45,30,1.0,1.0,True,5,0,0,20260622,1.0,0.0,1.0,1.0
unchanged,stage2,0.0,0.0,0.0,D019,1.0,0,0.0,False,stage2_finetune_head,45,30,1.0,1.0,True,5,0,0,20260622,1.0,0.0,1.0,1.0
unchanged,stage2,0.0,0.0,0.0,D019,1.0,0,0.0,False,stage2_positive_bias,45,30,1.0,1.0,True,5,0,0,20260622,1.0,0.0,1.0,1.0
unchanged,none,0.0,0.0,0.0,D019,1.0,0,0.0,False,zero_shot,45,30,1.0,1.0,True,5,0,0,20260622,1.0,0.0,1.0,1.0
unchanged,stage1,0.0,0.0,0.0,D019,1.0,0,0.0,False,stage1_finetune_bias_only,45,30,1.0,1.0,True,5,0,0,20260623,1.0,0.0,1.0,1.0
unchanged,stage1,0.0,0.0,0.0,D019,1.0,0,0.0,False,stage1_finetune_head,45,30,1.0,1.0,True,5,0,0,20260623,1.0,0.0,1.0,1.0
unchanged,stage1+stage2,0.0,0.0,0.0,D019,1.0,0,0.0,False,stage1_stage2_combined,45,30,1.0,1.0,True,5,0,0,20260623,1.0,0.0,1.0,1.0
unchanged,stage2,0.0,0.0,0.0,D019,1.0,0,0.0,False,stage2_cosine_prototype,45,30,1.0,1.0,True,5,0,0,20260623,1.0,0.0,1.0,1.0
unchanged,stage2,0.0,0.0,0.0,D019,1.0,0,0.0,False,stage2_finetune_bias_only,45,30,1.0,1.0,True,5,0,0,20260623,1.0,0.0,1.0,1.0
unchanged,stage2,0.0,0.0,0.0,D019,1.0,0,0.0,False,stage2_finetune_head,45,30,1.0,1.0,True,5,0,0,20260623,1.0,0.0,1.0,1.0
unchanged,stage2,0.0,0.0,0.0,D019,1.0,0,0.0,False,stage2_positive_bias,45,30,1.0,1.0,True,5,0,0,20260623,1.0,0.0,1.0,1.0
unchanged,none,0.0,0.0,0.0,D019,1.0,0,0.0,False,zero_shot,45,30,1.0,1.0,True,5,0,0,20260623,1.0,0.0,1.0,1.0
unchanged,stage1,0.0,0.0,0.0,D019,1.0,0,0.0,False,stage1_finetune_bias_only,45,30,1.0,1.0,True,5,0,0,20260624,1.0,0.0,1.0,1.0
unchanged,stage1,0.0,0.0,0.0,D019,1.0,0,0.0,False,stage1_finetune_head,45,30,1.0,1.0,True,5,0,0,20260624,1.0,0.0,1.0,1.0
unchanged,stage1+stage2,0.0,0.0,0.0,D019,1.0,0,0.0,False,stage1_stage2_combined,45,30,1.0,1.0,True,5,0,0,20260624,1.0,0.0,1.0,1.0
unchanged,stage2,0.0,0.0,0.0,D019,1.0,0,0.0,False,stage2_cosine_prototype,45,30,1.0,1.0,True,5,0,0,20260624,1.0,0.0,1.0,1.0
unchanged,stage2,0.0,0.0,0.0,D019,1.0,0,0.0,False,stage2_finetune_bias_only,45,30,1.0,1.0,True,5,0,0,20260624,1.0,0.0,1.0,1.0
unchanged,stage2,0.0,0.0,0.0,D019,1.0,0,0.0,False,stage2_finetune_head,45,30,1.0,1.0,True,5,0,0,20260624,1.0,0.0,1.0,1.0
unchanged,stage2,0.0,0.0,0.0,D019,1.0,0,0.0,False,stage2_positive_bias,45,30,1.0,1.0,True,5,0,0,20260624,1.0,0.0,1.0,1.0
unchanged,none,0.0,0.0,0.0,D019,1.0,0,0.0,False,zero_shot,45,30,1.0,1.0,True,5,0,0,20260624,1.0,0.0,1.0,1.0
unchanged,stage1,0.0,0.0,0.0,D020,0.9473684210526316,0,0.0,False,stage1_finetune_bias_only,30,20,1.0,0.9,True,3,1,1,20260620,0.9473684210526316,0.0,1.0,0.9
unchanged,stage1,0.0,0.0,0.0,D020,0.9473684210526316,0,0.0,False,stage1_finetune_head,30,20,1.0,0.9,True,3,1,1,20260620,0.9473684210526316,0.0,1.0,0.9
unchanged,stage1+stage2,0.0,0.0,0.0,D020,0.9473684210526316,0,0.0,False,stage1_stage2_combined,30,20,1.0,0.9,True,3,1,1,20260620,0.9473684210526316,0.0,1.0,0.9
improved,stage2,0.0269905533063427,0.0,0.04999999999999993,D020,0.9743589743589743,0,0.0,False,stage2_cosine_prototype,30,20,1.0,0.95,True,3,1,1,20260620,0.9473684210526316,0.0,1.0,0.9
unchanged,stage2,0.0,0.0,0.0,D020,0.9473684210526316,0,0.0,False,stage2_finetune_bias_only,30,20,1.0,0.9,True,3,1,1,20260620,0.9473684210526316,0.0,1.0,0.9
unchanged,stage2,0.0,0.0,0.0,D020,0.9473684210526316,0,0.0,False,stage2_finetune_head,30,20,1.0,0.9,True,3,1,1,20260620,0.9473684210526316,0.0,1.0,0.9
improved,stage2,0.0269905533063427,0.0,0.04999999999999993,D020,0.9743589743589743,0,0.0,False,stage2_positive_bias,30,20,1.0,0.95,True,3,1,1,20260620,0.9473684210526316,0.0,1.0,0.9
unchanged,none,0.0,0.0,0.0,D020,0.9473684210526316,0,0.0,False,zero_shot,30,20,1.0,0.9,True,3,1,1,20260620,0.9473684210526316,0.0,1.0,0.9
unchanged,stage1,0.0,0.0,0.0,D020,0.9473684210526316,0,0.0,False,stage1_finetune_bias_only,30,20,1.0,0.9,True,3,1,1,20260621,0.9473684210526316,0.0,1.0,0.9
unchanged,stage1,0.0,0.0,0.0,D020,0.9473684210526316,0,0.0,False,stage1_finetune_head,30,20,1.0,0.9,True,3,1,1,20260621,0.9473684210526316,0.0,1.0,0.9
unchanged,stage1+stage2,0.0,0.0,0.0,D020,0.9473684210526316,0,0.0,False,stage1_stage2_combined,30,20,1.0,0.9,True,3,1,1,20260621,0.9473684210526316,0.0,1.0,0.9
improved,stage2,0.0269905533063427,0.0,0.04999999999999993,D020,0.9743589743589743,0,0.0,False,stage2_cosine_prototype,30,20,1.0,0.95,True,3,1,1,20260621,0.9473684210526316,0.0,1.0,0.9
unchanged,stage2,0.0,0.0,0.0,D020,0.9473684210526316,0,0.0,False,stage2_finetune_bias_only,30,20,1.0,0.9,True,3,1,1,20260621,0.9473684210526316,0.0,1.0,0.9
unchanged,stage2,0.0,0.0,0.0,D020,0.9473684210526316,0,0.0,False,stage2_finetune_head,30,20,1.0,0.9,True,3,1,1,20260621,0.9473684210526316,0.0,1.0,0.9
improved,stage2,0.0269905533063427,0.0,0.04999999999999993,D020,0.9743589743589743,0,0.0,False,stage2_positive_bias,30,20,1.0,0.95,True,3,1,1,20260621,0.9473684210526316,0.0,1.0,0.9
unchanged,none,0.0,0.0,0.0,D020,0.9473684210526316,0,0.0,False,zero_shot,30,20,1.0,0.9,True,3,1,1,20260621,0.9473684210526316,0.0,1.0,0.9
unchanged,stage1,0.0,0.0,0.0,D020,0.9473684210526316,0,0.0,False,stage1_finetune_bias_only,30,20,1.0,0.9,True,3,1,1,20260622,0.9473684210526316,0.0,1.0,0.9
unchanged,stage1,0.0,0.0,0.0,D020,0.9473684210526316,0,0.0,False,stage1_finetune_head,30,20,1.0,0.9,True,3,1,1,20260622,0.9473684210526316,0.0,1.0,0.9
unchanged,stage1+stage2,0.0,0.0,0.0,D020,0.9473684210526316,0,0.0,False,stage1_stage2_combined,30,20,1.0,0.9,True,3,1,1,20260622,0.9473684210526316,0.0,1.0,0.9
improved,stage2,0.0269905533063427,0.0,0.04999999999999993,D020,0.9743589743589743,0,0.0,False,stage2_cosine_prototype,30,20,1.0,0.95,True,3,1,1,20260622,0.9473684210526316,0.0,1.0,0.9
unchanged,stage2,0.0,0.0,0.0,D020,0.9473684210526316,0,0.0,False,stage2_finetune_bias_only,30,20,1.0,0.9,True,3,1,1,20260622,0.9473684210526316,0.0,1.0,0.9
unchanged,stage2,0.0,0.0,0.0,D020,0.9473684210526316,0,0.0,False,stage2_finetune_head,30,20,1.0,0.9,True,3,1,1,20260622,0.9473684210526316,0.0,1.0,0.9
improved,stage2,0.0269905533063427,0.0,0.04999999999999993,D020,0.9743589743589743,0,0.0,False,stage2_positive_bias,30,20,1.0,0.95,True,3,1,1,20260622,0.9473684210526316,0.0,1.0,0.9
unchanged,none,0.0,0.0,0.0,D020,0.9473684210526316,0,0.0,False,zero_shot,30,20,1.0,0.9,True,3,1,1,20260622,0.9473684210526316,0.0,1.0,0.9
unchanged,stage1,0.0,0.0,0.0,D020,0.9743589743589743,0,0.0,False,stage1_finetune_bias_only,30,20,1.0,0.95,True,3,0,1,20260623,0.9743589743589743,0.0,1.0,0.95
unchanged,stage1,0.0,0.0,0.0,D020,0.9743589743589743,0,0.0,False,stage1_finetune_head,30,20,1.0,0.95,True,3,0,1,20260623,0.9743589743589743,0.0,1.0,0.95
unchanged,stage1+stage2,0.0,0.0,0.0,D020,0.9743589743589743,0,0.0,False,stage1_stage2_combined,30,20,1.0,0.95,True,3,0,1,20260623,0.9743589743589743,0.0,1.0,0.95
improved,stage2,0.02564102564102566,0.0,0.050000000000000044,D020,1.0,0,0.0,False,stage2_cosine_prototype,30,20,1.0,1.0,True,3,0,1,20260623,0.9743589743589743,0.0,1.0,0.95
unchanged,stage2,0.0,0.0,0.0,D020,0.9743589743589743,0,0.0,False,stage2_finetune_bias_only,30,20,1.0,0.95,True,3,0,1,20260623,0.9743589743589743,0.0,1.0,0.95
unchanged,stage2,0.0,0.0,0.0,D020,0.9743589743589743,0,0.0,False,stage2_finetune_head,30,20,1.0,0.95,True,3,0,1,20260623,0.9743589743589743,0.0,1.0,0.95
improved,stage2,0.02564102564102566,0.0,0.050000000000000044,D020,1.0,0,0.0,False,stage2_positive_bias,30,20,1.0,1.0,True,3,0,1,20260623,0.9743589743589743,0.0,1.0,0.95
unchanged,none,0.0,0.0,0.0,D020,0.9743589743589743,0,0.0,False,zero_shot,30,20,1.0,0.95,True,3,0,1,20260623,0.9743589743589743,0.0,1.0,0.95
unchanged,stage1,0.0,0.0,0.0,D020,0.9473684210526316,0,0.0,False,stage1_finetune_bias_only,30,20,1.0,0.9,True,3,1,1,20260624,0.9473684210526316,0.0,1.0,0.9
unchanged,stage1,0.0,0.0,0.0,D020,0.9473684210526316,0,0.0,False,stage1_finetune_head,30,20,1.0,0.9,True,3,1,1,20260624,0.9473684210526316,0.0,1.0,0.9
unchanged,stage1+stage2,0.0,0.0,0.0,D020,0.9473684210526316,0,0.0,False,stage1_stage2_combined,30,20,1.0,0.9,True,3,1,1,20260624,0.9473684210526316,0.0,1.0,0.9
improved,stage2,0.0269905533063427,0.0,0.04999999999999993,D020,0.9743589743589743,0,0.0,False,stage2_cosine_prototype,30,20,1.0,0.95,True,3,1,1,20260624,0.9473684210526316,0.0,1.0,0.9
unchanged,stage2,0.0,0.0,0.0,D020,0.9473684210526316,0,0.0,False,stage2_finetune_bias_only,30,20,1.0,0.9,True,3,1,1,20260624,0.9473684210526316,0.0,1.0,0.9
unchanged,stage2,0.0,0.0,0.0,D020,0.9473684210526316,0,0.0,False,stage2_finetune_head,30,20,1.0,0.9,True,3,1,1,20260624,0.9473684210526316,0.0,1.0,0.9
improved,stage2,0.0269905533063427,0.0,0.04999999999999993,D020,0.9743589743589743,0,0.0,False,stage2_positive_bias,30,20,1.0,0.95,True,3,1,1,20260624,0.9473684210526316,0.0,1.0,0.9
unchanged,none,0.0,0.0,0.0,D020,0.9473684210526316,0,0.0,False,zero_shot,30,20,1.0,0.9,True,3,1,1,20260624,0.9473684210526316,0.0,1.0,0.9
unchanged,stage1,0.0,0.0,0.0,D020,0.9411764705882353,0,0.0,False,stage1_finetune_bias_only,30,18,1.0,0.8888888888888888,True,5,1,1,20260620,0.9411764705882353,0.0,1.0,0.8888888888888888
unchanged,stage1,0.0,0.0,0.0,D020,0.9411764705882353,0,0.0,False,stage1_finetune_head,30,18,1.0,0.8888888888888888,True,5,1,1,20260620,0.9411764705882353,0.0,1.0,0.8888888888888888
unchanged,stage1+stage2,0.0,0.0,0.0,D020,0.9411764705882353,0,0.0,False,stage1_stage2_combined,30,18,1.0,0.8888888888888888,True,5,1,1,20260620,0.9411764705882353,0.0,1.0,0.8888888888888888
improved,stage2,0.030252100840336138,0.0,0.05555555555555558,D020,0.9714285714285714,0,0.0,False,stage2_cosine_prototype,30,18,1.0,0.9444444444444444,True,5,1,1,20260620,0.9411764705882353,0.0,1.0,0.8888888888888888
unchanged,stage2,0.0,0.0,0.0,D020,0.9411764705882353,0,0.0,False,stage2_finetune_bias_only,30,18,1.0,0.8888888888888888,True,5,1,1,20260620,0.9411764705882353,0.0,1.0,0.8888888888888888
unchanged,stage2,0.0,0.0,0.0,D020,0.9411764705882353,0,0.0,False,stage2_finetune_head,30,18,1.0,0.8888888888888888,True,5,1,1,20260620,0.9411764705882353,0.0,1.0,0.8888888888888888
improved,stage2,0.030252100840336138,0.0,0.05555555555555558,D020,0.9714285714285714,0,0.0,False,stage2_positive_bias,30,18,1.0,0.9444444444444444,True,5,1,1,20260620,0.9411764705882353,0.0,1.0,0.8888888888888888
unchanged,none,0.0,0.0,0.0,D020,0.9411764705882353,0,0.0,False,zero_shot,30,18,1.0,0.8888888888888888,True,5,1,1,20260620,0.9411764705882353,0.0,1.0,0.8888888888888888
unchanged,stage1,0.0,0.0,0.0,D020,0.9411764705882353,0,0.0,False,stage1_finetune_bias_only,30,18,1.0,0.8888888888888888,True,5,1,1,20260621,0.9411764705882353,0.0,1.0,0.8888888888888888
unchanged,stage1,0.0,0.0,0.0,D020,0.9411764705882353,0,0.0,False,stage1_finetune_head,30,18,1.0,0.8888888888888888,True,5,1,1,20260621,0.9411764705882353,0.0,1.0,0.8888888888888888
unchanged,stage1+stage2,0.0,0.0,0.0,D020,0.9411764705882353,0,0.0,False,stage1_stage2_combined,30,18,1.0,0.8888888888888888,True,5,1,1,20260621,0.9411764705882353,0.0,1.0,0.8888888888888888
improved,stage2,0.030252100840336138,0.0,0.05555555555555558,D020,0.9714285714285714,0,0.0,False,stage2_cosine_prototype,30,18,1.0,0.9444444444444444,True,5,1,1,20260621,0.9411764705882353,0.0,1.0,0.8888888888888888
unchanged,stage2,0.0,0.0,0.0,D020,0.9411764705882353,0,0.0,False,stage2_finetune_bias_only,30,18,1.0,0.8888888888888888,True,5,1,1,20260621,0.9411764705882353,0.0,1.0,0.8888888888888888
unchanged,stage2,0.0,0.0,0.0,D020,0.9411764705882353,0,0.0,False,stage2_finetune_head,30,18,1.0,0.8888888888888888,True,5,1,1,20260621,0.9411764705882353,0.0,1.0,0.8888888888888888
improved,stage2,0.030252100840336138,0.0,0.05555555555555558,D020,0.9714285714285714,0,0.0,False,stage2_positive_bias,30,18,1.0,0.9444444444444444,True,5,1,1,20260621,0.9411764705882353,0.0,1.0,0.8888888888888888
unchanged,none,0.0,0.0,0.0,D020,0.9411764705882353,0,0.0,False,zero_shot,30,18,1.0,0.8888888888888888,True,5,1,1,20260621,0.9411764705882353,0.0,1.0,0.8888888888888888
unchanged,stage1,0.0,0.0,0.0,D020,0.9714285714285714,0,0.0,False,stage1_finetune_bias_only,30,18,1.0,0.9444444444444444,True,5,1,0,20260622,0.9714285714285714,0.0,1.0,0.9444444444444444
unchanged,stage1,0.0,0.0,0.0,D020,0.9714285714285714,0,0.0,False,stage1_finetune_head,30,18,1.0,0.9444444444444444,True,5,1,0,20260622,0.9714285714285714,0.0,1.0,0.9444444444444444
unchanged,stage1+stage2,0.0,0.0,0.0,D020,0.9714285714285714,0,0.0,False,stage1_stage2_combined,30,18,1.0,0.9444444444444444,True,5,1,0,20260622,0.9714285714285714,0.0,1.0,0.9444444444444444
unchanged,stage2,0.0,0.0,0.0,D020,0.9714285714285714,0,0.0,False,stage2_cosine_prototype,30,18,1.0,0.9444444444444444,True,5,1,0,20260622,0.9714285714285714,0.0,1.0,0.9444444444444444
unchanged,stage2,0.0,0.0,0.0,D020,0.9714285714285714,0,0.0,False,stage2_finetune_bias_only,30,18,1.0,0.9444444444444444,True,5,1,0,20260622,0.9714285714285714,0.0,1.0,0.9444444444444444
unchanged,stage2,0.0,0.0,0.0,D020,0.9714285714285714,0,0.0,False,stage2_finetune_head,30,18,1.0,0.9444444444444444,True,5,1,0,20260622,0.9714285714285714,0.0,1.0,0.9444444444444444
unchanged,stage2,0.0,0.0,0.0,D020,0.9714285714285714,0,0.0,False,stage2_positive_bias,30,18,1.0,0.9444444444444444,True,5,1,0,20260622,0.9714285714285714,0.0,1.0,0.9444444444444444
unchanged,none,0.0,0.0,0.0,D020,0.9714285714285714,0,0.0,False,zero_shot,30,18,1.0,0.9444444444444444,True,5,1,0,20260622,0.9714285714285714,0.0,1.0,0.9444444444444444
unchanged,stage1,0.0,0.0,0.0,D020,0.9714285714285714,0,0.0,False,stage1_finetune_bias_only,30,18,1.0,0.9444444444444444,True,5,0,1,20260623,0.9714285714285714,0.0,1.0,0.9444444444444444
unchanged,stage1,0.0,0.0,0.0,D020,0.9714285714285714,0,0.0,False,stage1_finetune_head,30,18,1.0,0.9444444444444444,True,5,0,1,20260623,0.9714285714285714,0.0,1.0,0.9444444444444444
unchanged,stage1+stage2,0.0,0.0,0.0,D020,0.9714285714285714,0,0.0,False,stage1_stage2_combined,30,18,1.0,0.9444444444444444,True,5,0,1,20260623,0.9714285714285714,0.0,1.0,0.9444444444444444
improved,stage2,0.02857142857142858,0.0,0.05555555555555558,D020,1.0,0,0.0,False,stage2_cosine_prototype,30,18,1.0,1.0,True,5,0,1,20260623,0.9714285714285714,0.0,1.0,0.9444444444444444
unchanged,stage2,0.0,0.0,0.0,D020,0.9714285714285714,0,0.0,False,stage2_finetune_bias_only,30,18,1.0,0.9444444444444444,True,5,0,1,20260623,0.9714285714285714,0.0,1.0,0.9444444444444444
unchanged,stage2,0.0,0.0,0.0,D020,0.9714285714285714,0,0.0,False,stage2_finetune_head,30,18,1.0,0.9444444444444444,True,5,0,1,20260623,0.9714285714285714,0.0,1.0,0.9444444444444444
improved,stage2,0.02857142857142858,0.0,0.05555555555555558,D020,1.0,0,0.0,False,stage2_positive_bias,30,18,1.0,1.0,True,5,0,1,20260623,0.9714285714285714,0.0,1.0,0.9444444444444444
unchanged,none,0.0,0.0,0.0,D020,0.9714285714285714,0,0.0,False,zero_shot,30,18,1.0,0.9444444444444444,True,5,0,1,20260623,0.9714285714285714,0.0,1.0,0.9444444444444444
unchanged,stage1,0.0,0.0,0.0,D020,0.9411764705882353,0,0.0,False,stage1_finetune_bias_only,30,18,1.0,0.8888888888888888,True,5,1,1,20260624,0.9411764705882353,0.0,1.0,0.8888888888888888
unchanged,stage1,0.0,0.0,0.0,D020,0.9411764705882353,0,0.0,False,stage1_finetune_head,30,18,1.0,0.8888888888888888,True,5,1,1,20260624,0.9411764705882353,0.0,1.0,0.8888888888888888
unchanged,stage1+stage2,0.0,0.0,0.0,D020,0.9411764705882353,0,0.0,False,stage1_stage2_combined,30,18,1.0,0.8888888888888888,True,5,1,1,20260624,0.9411764705882353,0.0,1.0,0.8888888888888888
improved,stage2,0.030252100840336138,0.0,0.05555555555555558,D020,0.9714285714285714,0,0.0,False,stage2_cosine_prototype,30,18,1.0,0.9444444444444444,True,5,1,1,20260624,0.9411764705882353,0.0,1.0,0.8888888888888888
unchanged,stage2,0.0,0.0,0.0,D020,0.9411764705882353,0,0.0,False,stage2_finetune_bias_only,30,18,1.0,0.8888888888888888,True,5,1,1,20260624,0.9411764705882353,0.0,1.0,0.8888888888888888
unchanged,stage2,0.0,0.0,0.0,D020,0.9411764705882353,0,0.0,False,stage2_finetune_head,30,18,1.0,0.8888888888888888,True,5,1,1,20260624,0.9411764705882353,0.0,1.0,0.8888888888888888
improved,stage2,0.030252100840336138,0.0,0.05555555555555558,D020,0.9714285714285714,0,0.0,False,stage2_positive_bias,30,18,1.0,0.9444444444444444,True,5,1,1,20260624,0.9411764705882353,0.0,1.0,0.8888888888888888
unchanged,none,0.0,0.0,0.0,D020,0.9411764705882353,0,0.0,False,zero_shot,30,18,1.0,0.8888888888888888,True,5,1,1,20260624,0.9411764705882353,0.0,1.0,0.8888888888888888
unchanged,stage1,0.0,0.0,0.0,D022,0.7476635514018691,0,0.0,False,stage1_finetune_bias_only,30,67,1.0,0.5970149253731343,True,3,1,26,20260620,0.7476635514018691,0.0,1.0,0.5970149253731343
unchanged,stage1,0.0,0.0,0.0,D022,0.7476635514018691,0,0.0,False,stage1_finetune_head,30,67,1.0,0.5970149253731343,True,3,1,26,20260620,0.7476635514018691,0.0,1.0,0.5970149253731343
unchanged,stage1+stage2,0.0,0.0,0.0,D022,0.7476635514018691,0,0.0,False,stage1_stage2_combined,30,67,1.0,0.5970149253731343,True,3,1,26,20260620,0.7476635514018691,0.0,1.0,0.5970149253731343
improved,stage2,0.2448176516056496,0.0,0.3880597014925373,D022,0.9924812030075187,0,0.0,False,stage2_cosine_prototype,30,67,1.0,0.9850746268656716,True,3,1,26,20260620,0.7476635514018691,0.0,1.0,0.5970149253731343
unchanged,stage2,0.0,0.0,0.0,D022,0.7476635514018691,0,0.0,False,stage2_finetune_bias_only,30,67,1.0,0.5970149253731343,True,3,1,26,20260620,0.7476635514018691,0.0,1.0,0.5970149253731343
unchanged,stage2,0.0,0.0,0.0,D022,0.7476635514018691,0,0.0,False,stage2_finetune_head,30,67,1.0,0.5970149253731343,True,3,1,26,20260620,0.7476635514018691,0.0,1.0,0.5970149253731343
improved,stage2,0.2448176516056496,0.0,0.3880597014925373,D022,0.9924812030075187,0,0.0,False,stage2_positive_bias,30,67,1.0,0.9850746268656716,True,3,1,26,20260620,0.7476635514018691,0.0,1.0,0.5970149253731343
unchanged,none,0.0,0.0,0.0,D022,0.7476635514018691,0,0.0,False,zero_shot,30,67,1.0,0.5970149253731343,True,3,1,26,20260620,0.7476635514018691,0.0,1.0,0.5970149253731343
unchanged,stage1,0.0,0.0,0.0,D022,0.7238095238095238,0,0.0,False,stage1_finetune_bias_only,30,67,1.0,0.5671641791044776,True,3,2,27,20260621,0.7238095238095238,0.0,1.0,0.5671641791044776
unchanged,stage1,0.0,0.0,0.0,D022,0.7238095238095238,0,0.0,False,stage1_finetune_head,30,67,1.0,0.5671641791044776,True,3,2,27,20260621,0.7238095238095238,0.0,1.0,0.5671641791044776
unchanged,stage1+stage2,0.0,0.0,0.0,D022,0.7238095238095238,0,0.0,False,stage1_stage2_combined,30,67,1.0,0.5671641791044776,True,3,2,27,20260621,0.7238095238095238,0.0,1.0,0.5671641791044776
improved,stage2,0.26103896103896107,0.0,0.4029850746268657,D022,0.9848484848484849,0,0.0,False,stage2_cosine_prototype,30,67,1.0,0.9701492537313433,True,3,2,27,20260621,0.7238095238095238,0.0,1.0,0.5671641791044776
unchanged,stage2,0.0,0.0,0.0,D022,0.7238095238095238,0,0.0,False,stage2_finetune_bias_only,30,67,1.0,0.5671641791044776,True,3,2,27,20260621,0.7238095238095238,0.0,1.0,0.5671641791044776
unchanged,stage2,0.0,0.0,0.0,D022,0.7238095238095238,0,0.0,False,stage2_finetune_head,30,67,1.0,0.5671641791044776,True,3,2,27,20260621,0.7238095238095238,0.0,1.0,0.5671641791044776
improved,stage2,0.26103896103896107,0.0,0.4029850746268657,D022,0.9848484848484849,0,0.0,False,stage2_positive_bias,30,67,1.0,0.9701492537313433,True,3,2,27,20260621,0.7238095238095238,0.0,1.0,0.5671641791044776
unchanged,none,0.0,0.0,0.0,D022,0.7238095238095238,0,0.0,False,zero_shot,30,67,1.0,0.5671641791044776,True,3,2,27,20260621,0.7238095238095238,0.0,1.0,0.5671641791044776
unchanged,stage1,0.0,0.0,0.0,D022,0.7238095238095238,0,0.0,False,stage1_finetune_bias_only,30,67,1.0,0.5671641791044776,True,3,1,28,20260622,0.7238095238095238,0.0,1.0,0.5671641791044776
unchanged,stage1,0.0,0.0,0.0,D022,0.7238095238095238,0,0.0,False,stage1_finetune_head,30,67,1.0,0.5671641791044776,True,3,1,28,20260622,0.7238095238095238,0.0,1.0,0.5671641791044776
unchanged,stage1+stage2,0.0,0.0,0.0,D022,0.7238095238095238,0,0.0,False,stage1_stage2_combined,30,67,1.0,0.5671641791044776,True,3,1,28,20260622,0.7238095238095238,0.0,1.0,0.5671641791044776
improved,stage2,0.26867167919799495,0.0,0.417910447761194,D022,0.9924812030075187,0,0.0,False,stage2_cosine_prototype,30,67,1.0,0.9850746268656716,True,3,1,28,20260622,0.7238095238095238,0.0,1.0,0.5671641791044776
unchanged,stage2,0.0,0.0,0.0,D022,0.7238095238095238,0,0.0,False,stage2_finetune_bias_only,30,67,1.0,0.5671641791044776,True,3,1,28,20260622,0.7238095238095238,0.0,1.0,0.5671641791044776
unchanged,stage2,0.0,0.0,0.0,D022,0.7238095238095238,0,0.0,False,stage2_finetune_head,30,67,1.0,0.5671641791044776,True,3,1,28,20260622,0.7238095238095238,0.0,1.0,0.5671641791044776
improved,stage2,0.26867167919799495,0.0,0.417910447761194,D022,0.9924812030075187,0,0.0,False,stage2_positive_bias,30,67,1.0,0.9850746268656716,True,3,1,28,20260622,0.7238095238095238,0.0,1.0,0.5671641791044776
unchanged,none,0.0,0.0,0.0,D022,0.7238095238095238,0,0.0,False,zero_shot,30,67,1.0,0.5671641791044776,True,3,1,28,20260622,0.7238095238095238,0.0,1.0,0.5671641791044776
unchanged,stage1,0.0,0.0,0.0,D022,0.7115384615384616,0,0.0,False,stage1_finetune_bias_only,30,67,1.0,0.5522388059701493,True,3,2,28,20260623,0.7115384615384616,0.0,1.0,0.5522388059701493
unchanged,stage1,0.0,0.0,0.0,D022,0.7115384615384616,0,0.0,False,stage1_finetune_head,30,67,1.0,0.5522388059701493,True,3,2,28,20260623,0.7115384615384616,0.0,1.0,0.5522388059701493
unchanged,stage1+stage2,0.0,0.0,0.0,D022,0.7115384615384616,0,0.0,False,stage1_stage2_combined,30,67,1.0,0.5522388059701493,True,3,2,28,20260623,0.7115384615384616,0.0,1.0,0.5522388059701493
improved,stage2,0.2733100233100233,0.0,0.417910447761194,D022,0.9848484848484849,0,0.0,False,stage2_cosine_prototype,30,67,1.0,0.9701492537313433,True,3,2,28,20260623,0.7115384615384616,0.0,1.0,0.5522388059701493
unchanged,stage2,0.0,0.0,0.0,D022,0.7115384615384616,0,0.0,False,stage2_finetune_bias_only,30,67,1.0,0.5522388059701493,True,3,2,28,20260623,0.7115384615384616,0.0,1.0,0.5522388059701493
unchanged,stage2,0.0,0.0,0.0,D022,0.7115384615384616,0,0.0,False,stage2_finetune_head,30,67,1.0,0.5522388059701493,True,3,2,28,20260623,0.7115384615384616,0.0,1.0,0.5522388059701493
improved,stage2,0.2733100233100233,0.0,0.417910447761194,D022,0.9848484848484849,0,0.0,False,stage2_positive_bias,30,67,1.0,0.9701492537313433,True,3,2,28,20260623,0.7115384615384616,0.0,1.0,0.5522388059701493
unchanged,none,0.0,0.0,0.0,D022,0.7115384615384616,0,0.0,False,zero_shot,30,67,1.0,0.5522388059701493,True,3,2,28,20260623,0.7115384615384616,0.0,1.0,0.5522388059701493
unchanged,stage1,0.0,0.0,0.0,D022,0.7238095238095238,0,0.0,False,stage1_finetune_bias_only,30,67,1.0,0.5671641791044776,True,3,2,27,20260624,0.7238095238095238,0.0,1.0,0.5671641791044776
unchanged,stage1,0.0,0.0,0.0,D022,0.7238095238095238,0,0.0,False,stage1_finetune_head,30,67,1.0,0.5671641791044776,True,3,2,27,20260624,0.7238095238095238,0.0,1.0,0.5671641791044776
unchanged,stage1+stage2,0.0,0.0,0.0,D022,0.7238095238095238,0,0.0,False,stage1_stage2_combined,30,67,1.0,0.5671641791044776,True,3,2,27,20260624,0.7238095238095238,0.0,1.0,0.5671641791044776
improved,stage2,0.26103896103896107,0.0,0.4029850746268657,D022,0.9848484848484849,0,0.0,False,stage2_cosine_prototype,30,67,1.0,0.9701492537313433,True,3,2,27,20260624,0.7238095238095238,0.0,1.0,0.5671641791044776
unchanged,stage2,0.0,0.0,0.0,D022,0.7238095238095238,0,0.0,False,stage2_finetune_bias_only,30,67,1.0,0.5671641791044776,True,3,2,27,20260624,0.7238095238095238,0.0,1.0,0.5671641791044776
unchanged,stage2,0.0,0.0,0.0,D022,0.7238095238095238,0,0.0,False,stage2_finetune_head,30,67,1.0,0.5671641791044776,True,3,2,27,20260624,0.7238095238095238,0.0,1.0,0.5671641791044776
improved,stage2,0.26103896103896107,0.0,0.4029850746268657,D022,0.9848484848484849,0,0.0,False,stage2_positive_bias,30,67,1.0,0.9701492537313433,True,3,2,27,20260624,0.7238095238095238,0.0,1.0,0.5671641791044776
unchanged,none,0.0,0.0,0.0,D022,0.7238095238095238,0,0.0,False,zero_shot,30,67,1.0,0.5671641791044776,True,3,2,27,20260624,0.7238095238095238,0.0,1.0,0.5671641791044776
unchanged,stage1,0.0,0.0,0.0,D022,0.7378640776699029,0,0.0,False,stage1_finetune_bias_only,30,65,1.0,0.5846153846153846,True,5,1,26,20260620,0.7378640776699029,0.0,1.0,0.5846153846153846
unchanged,stage1,0.0,0.0,0.0,D022,0.7378640776699029,0,0.0,False,stage1_finetune_head,30,65,1.0,0.5846153846153846,True,5,1,26,20260620,0.7378640776699029,0.0,1.0,0.5846153846153846
unchanged,stage1+stage2,0.0,0.0,0.0,D022,0.7378640776699029,0,0.0,False,stage1_stage2_combined,30,65,1.0,0.5846153846153846,True,5,1,26,20260620,0.7378640776699029,0.0,1.0,0.5846153846153846
improved,stage2,0.25438398434560094,0.0,0.4,D022,0.9922480620155039,0,0.0,False,stage2_cosine_prototype,30,65,1.0,0.9846153846153847,True,5,1,26,20260620,0.7378640776699029,0.0,1.0,0.5846153846153846
unchanged,stage2,0.0,0.0,0.0,D022,0.7378640776699029,0,0.0,False,stage2_finetune_bias_only,30,65,1.0,0.5846153846153846,True,5,1,26,20260620,0.7378640776699029,0.0,1.0,0.5846153846153846
unchanged,stage2,0.0,0.0,0.0,D022,0.7378640776699029,0,0.0,False,stage2_finetune_head,30,65,1.0,0.5846153846153846,True,5,1,26,20260620,0.7378640776699029,0.0,1.0,0.5846153846153846
improved,stage2,0.25438398434560094,0.0,0.4,D022,0.9922480620155039,0,0.0,False,stage2_positive_bias,30,65,1.0,0.9846153846153847,True,5,1,26,20260620,0.7378640776699029,0.0,1.0,0.5846153846153846
unchanged,none,0.0,0.0,0.0,D022,0.7378640776699029,0,0.0,False,zero_shot,30,65,1.0,0.5846153846153846,True,5,1,26,20260620,0.7378640776699029,0.0,1.0,0.5846153846153846
unchanged,stage1,0.0,0.0,0.0,D022,0.712871287128713,0,0.0,False,stage1_finetune_bias_only,30,65,1.0,0.5538461538461539,True,5,2,27,20260621,0.712871287128713,0.0,1.0,0.5538461538461539
unchanged,stage1,0.0,0.0,0.0,D022,0.712871287128713,0,0.0,False,stage1_finetune_head,30,65,1.0,0.5538461538461539,True,5,2,27,20260621,0.712871287128713,0.0,1.0,0.5538461538461539
unchanged,stage1+stage2,0.0,0.0,0.0,D022,0.712871287128713,0,0.0,False,stage1_stage2_combined,30,65,1.0,0.5538461538461539,True,5,2,27,20260621,0.712871287128713,0.0,1.0,0.5538461538461539
improved,stage2,0.27150371287128694,0.0,0.41538461538461535,D022,0.9843749999999999,0,0.0,False,stage2_cosine_prototype,30,65,1.0,0.9692307692307692,True,5,2,27,20260621,0.712871287128713,0.0,1.0,0.5538461538461539
unchanged,stage2,0.0,0.0,0.0,D022,0.712871287128713,0,0.0,False,stage2_finetune_bias_only,30,65,1.0,0.5538461538461539,True,5,2,27,20260621,0.712871287128713,0.0,1.0,0.5538461538461539
unchanged,stage2,0.0,0.0,0.0,D022,0.712871287128713,0,0.0,False,stage2_finetune_head,30,65,1.0,0.5538461538461539,True,5,2,27,20260621,0.712871287128713,0.0,1.0,0.5538461538461539
improved,stage2,0.27150371287128694,0.0,0.41538461538461535,D022,0.9843749999999999,0,0.0,False,stage2_positive_bias,30,65,1.0,0.9692307692307692,True,5,2,27,20260621,0.712871287128713,0.0,1.0,0.5538461538461539
unchanged,none,0.0,0.0,0.0,D022,0.712871287128713,0,0.0,False,zero_shot,30,65,1.0,0.5538461538461539,True,5,2,27,20260621,0.712871287128713,0.0,1.0,0.5538461538461539
unchanged,stage1,0.0,0.0,0.0,D022,0.712871287128713,0,0.0,False,stage1_finetune_bias_only,30,65,1.0,0.5538461538461539,True,5,1,28,20260622,0.712871287128713,0.0,1.0,0.5538461538461539
unchanged,stage1,0.0,0.0,0.0,D022,0.712871287128713,0,0.0,False,stage1_finetune_head,30,65,1.0,0.5538461538461539,True,5,1,28,20260622,0.712871287128713,0.0,1.0,0.5538461538461539
unchanged,stage1+stage2,0.0,0.0,0.0,D022,0.712871287128713,0,0.0,False,stage1_stage2_combined,30,65,1.0,0.5538461538461539,True,5,1,28,20260622,0.712871287128713,0.0,1.0,0.5538461538461539
improved,stage2,0.2793767748867909,0.0,0.4307692307692308,D022,0.9922480620155039,0,0.0,False,stage2_cosine_prototype,30,65,1.0,0.9846153846153847,True,5,1,28,20260622,0.712871287128713,0.0,1.0,0.5538461538461539
unchanged,stage2,0.0,0.0,0.0,D022,0.712871287128713,0,0.0,False,stage2_finetune_bias_only,30,65,1.0,0.5538461538461539,True,5,1,28,20260622,0.712871287128713,0.0,1.0,0.5538461538461539
unchanged,stage2,0.0,0.0,0.0,D022,0.712871287128713,0,0.0,False,stage2_finetune_head,30,65,1.0,0.5538461538461539,True,5,1,28,20260622,0.712871287128713,0.0,1.0,0.5538461538461539
improved,stage2,0.2793767748867909,0.0,0.4307692307692308,D022,0.9922480620155039,0,0.0,False,stage2_positive_bias,30,65,1.0,0.9846153846153847,True,5,1,28,20260622,0.712871287128713,0.0,1.0,0.5538461538461539
unchanged,none,0.0,0.0,0.0,D022,0.712871287128713,0,0.0,False,zero_shot,30,65,1.0,0.5538461538461539,True,5,1,28,20260622,0.712871287128713,0.0,1.0,0.5538461538461539
unchanged,stage1,0.0,0.0,0.0,D022,0.7254901960784313,0,0.0,False,stage1_finetune_bias_only,30,65,1.0,0.5692307692307692,True,5,2,26,20260623,0.7254901960784313,0.0,1.0,0.5692307692307692
unchanged,stage1,0.0,0.0,0.0,D022,0.7254901960784313,0,0.0,False,stage1_finetune_head,30,65,1.0,0.5692307692307692,True,5,2,26,20260623,0.7254901960784313,0.0,1.0,0.5692307692307692
unchanged,stage1+stage2,0.0,0.0,0.0,D022,0.7254901960784313,0,0.0,False,stage1_stage2_combined,30,65,1.0,0.5692307692307692,True,5,2,26,20260623,0.7254901960784313,0.0,1.0,0.5692307692307692
improved,stage2,0.25888480392156854,0.0,0.4,D022,0.9843749999999999,0,0.0,False,stage2_cosine_prototype,30,65,1.0,0.9692307692307692,True,5,2,26,20260623,0.7254901960784313,0.0,1.0,0.5692307692307692
unchanged,stage2,0.0,0.0,0.0,D022,0.7254901960784313,0,0.0,False,stage2_finetune_bias_only,30,65,1.0,0.5692307692307692,True,5,2,26,20260623,0.7254901960784313,0.0,1.0,0.5692307692307692
unchanged,stage2,0.0,0.0,0.0,D022,0.7254901960784313,0,0.0,False,stage2_finetune_head,30,65,1.0,0.5692307692307692,True,5,2,26,20260623,0.7254901960784313,0.0,1.0,0.5692307692307692
improved,stage2,0.25888480392156854,0.0,0.4,D022,0.9843749999999999,0,0.0,False,stage2_positive_bias,30,65,1.0,0.9692307692307692,True,5,2,26,20260623,0.7254901960784313,0.0,1.0,0.5692307692307692
unchanged,none,0.0,0.0,0.0,D022,0.7254901960784313,0,0.0,False,zero_shot,30,65,1.0,0.5692307692307692,True,5,2,26,20260623,0.7254901960784313,0.0,1.0,0.5692307692307692
unchanged,stage1,0.0,0.0,0.0,D022,0.7254901960784313,0,0.0,False,stage1_finetune_bias_only,30,65,1.0,0.5692307692307692,True,5,2,26,20260624,0.7254901960784313,0.0,1.0,0.5692307692307692
unchanged,stage1,0.0,0.0,0.0,D022,0.7254901960784313,0,0.0,False,stage1_finetune_head,30,65,1.0,0.5692307692307692,True,5,2,26,20260624,0.7254901960784313,0.0,1.0,0.5692307692307692
unchanged,stage1+stage2,0.0,0.0,0.0,D022,0.7254901960784313,0,0.0,False,stage1_stage2_combined,30,65,1.0,0.5692307692307692,True,5,2,26,20260624,0.7254901960784313,0.0,1.0,0.5692307692307692
improved,stage2,0.25888480392156854,0.0,0.4,D022,0.9843749999999999,0,0.0,False,stage2_cosine_prototype,30,65,1.0,0.9692307692307692,True,5,2,26,20260624,0.7254901960784313,0.0,1.0,0.5692307692307692
unchanged,stage2,0.0,0.0,0.0,D022,0.7254901960784313,0,0.0,False,stage2_finetune_bias_only,30,65,1.0,0.5692307692307692,True,5,2,26,20260624,0.7254901960784313,0.0,1.0,0.5692307692307692
unchanged,stage2,0.0,0.0,0.0,D022,0.7254901960784313,0,0.0,False,stage2_finetune_head,30,65,1.0,0.5692307692307692,True,5,2,26,20260624,0.7254901960784313,0.0,1.0,0.5692307692307692
improved,stage2,0.25888480392156854,0.0,0.4,D022,0.9843749999999999,0,0.0,False,stage2_positive_bias,30,65,1.0,0.9692307692307692,True,5,2,26,20260624,0.7254901960784313,0.0,1.0,0.5692307692307692
unchanged,none,0.0,0.0,0.0,D022,0.7254901960784313,0,0.0,False,zero_shot,30,65,1.0,0.5692307692307692,True,5,2,26,20260624,0.7254901960784313,0.0,1.0,0.5692307692307692
unchanged,stage1,0.0,0.0,0.0,D023,1.0,0,0.0,False,stage1_finetune_bias_only,6,9,1.0,1.0,True,3,0,0,20260620,1.0,0.0,1.0,1.0
unchanged,stage1,0.0,0.0,0.0,D023,1.0,0,0.0,False,stage1_finetune_head,6,9,1.0,1.0,True,3,0,0,20260620,1.0,0.0,1.0,1.0
unchanged,stage1+stage2,0.0,0.0,0.0,D023,1.0,0,0.0,False,stage1_stage2_combined,6,9,1.0,1.0,True,3,0,0,20260620,1.0,0.0,1.0,1.0
unchanged,stage2,0.0,0.0,0.0,D023,1.0,0,0.0,False,stage2_cosine_prototype,6,9,1.0,1.0,True,3,0,0,20260620,1.0,0.0,1.0,1.0
unchanged,stage2,0.0,0.0,0.0,D023,1.0,0,0.0,False,stage2_finetune_bias_only,6,9,1.0,1.0,True,3,0,0,20260620,1.0,0.0,1.0,1.0
unchanged,stage2,0.0,0.0,0.0,D023,1.0,0,0.0,False,stage2_finetune_head,6,9,1.0,1.0,True,3,0,0,20260620,1.0,0.0,1.0,1.0
unchanged,stage2,0.0,0.0,0.0,D023,1.0,0,0.0,False,stage2_positive_bias,6,9,1.0,1.0,True,3,0,0,20260620,1.0,0.0,1.0,1.0
unchanged,none,0.0,0.0,0.0,D023,1.0,0,0.0,False,zero_shot,6,9,1.0,1.0,True,3,0,0,20260620,1.0,0.0,1.0,1.0
unchanged,stage1,0.0,0.0,0.0,D023,1.0,0,0.0,False,stage1_finetune_bias_only,6,9,1.0,1.0,True,3,0,0,20260621,1.0,0.0,1.0,1.0
unchanged,stage1,0.0,0.0,0.0,D023,1.0,0,0.0,False,stage1_finetune_head,6,9,1.0,1.0,True,3,0,0,20260621,1.0,0.0,1.0,1.0
unchanged,stage1+stage2,0.0,0.0,0.0,D023,1.0,0,0.0,False,stage1_stage2_combined,6,9,1.0,1.0,True,3,0,0,20260621,1.0,0.0,1.0,1.0
unchanged,stage2,0.0,0.0,0.0,D023,1.0,0,0.0,False,stage2_cosine_prototype,6,9,1.0,1.0,True,3,0,0,20260621,1.0,0.0,1.0,1.0
unchanged,stage2,0.0,0.0,0.0,D023,1.0,0,0.0,False,stage2_finetune_bias_only,6,9,1.0,1.0,True,3,0,0,20260621,1.0,0.0,1.0,1.0
unchanged,stage2,0.0,0.0,0.0,D023,1.0,0,0.0,False,stage2_finetune_head,6,9,1.0,1.0,True,3,0,0,20260621,1.0,0.0,1.0,1.0
unchanged,stage2,0.0,0.0,0.0,D023,1.0,0,0.0,False,stage2_positive_bias,6,9,1.0,1.0,True,3,0,0,20260621,1.0,0.0,1.0,1.0
unchanged,none,0.0,0.0,0.0,D023,1.0,0,0.0,False,zero_shot,6,9,1.0,1.0,True,3,0,0,20260621,1.0,0.0,1.0,1.0
unchanged,stage1,0.0,0.0,0.0,D023,1.0,0,0.0,False,stage1_finetune_bias_only,6,9,1.0,1.0,True,3,0,0,20260622,1.0,0.0,1.0,1.0
unchanged,stage1,0.0,0.0,0.0,D023,1.0,0,0.0,False,stage1_finetune_head,6,9,1.0,1.0,True,3,0,0,20260622,1.0,0.0,1.0,1.0
unchanged,stage1+stage2,0.0,0.0,0.0,D023,1.0,0,0.0,False,stage1_stage2_combined,6,9,1.0,1.0,True,3,0,0,20260622,1.0,0.0,1.0,1.0
unchanged,stage2,0.0,0.0,0.0,D023,1.0,0,0.0,False,stage2_cosine_prototype,6,9,1.0,1.0,True,3,0,0,20260622,1.0,0.0,1.0,1.0
unchanged,stage2,0.0,0.0,0.0,D023,1.0,0,0.0,False,stage2_finetune_bias_only,6,9,1.0,1.0,True,3,0,0,20260622,1.0,0.0,1.0,1.0
unchanged,stage2,0.0,0.0,0.0,D023,1.0,0,0.0,False,stage2_finetune_head,6,9,1.0,1.0,True,3,0,0,20260622,1.0,0.0,1.0,1.0
unchanged,stage2,0.0,0.0,0.0,D023,1.0,0,0.0,False,stage2_positive_bias,6,9,1.0,1.0,True,3,0,0,20260622,1.0,0.0,1.0,1.0
unchanged,none,0.0,0.0,0.0,D023,1.0,0,0.0,False,zero_shot,6,9,1.0,1.0,True,3,0,0,20260622,1.0,0.0,1.0,1.0
unchanged,stage1,0.0,0.0,0.0,D023,1.0,0,0.0,False,stage1_finetune_bias_only,6,9,1.0,1.0,True,3,0,0,20260623,1.0,0.0,1.0,1.0
unchanged,stage1,0.0,0.0,0.0,D023,1.0,0,0.0,False,stage1_finetune_head,6,9,1.0,1.0,True,3,0,0,20260623,1.0,0.0,1.0,1.0
unchanged,stage1+stage2,0.0,0.0,0.0,D023,1.0,0,0.0,False,stage1_stage2_combined,6,9,1.0,1.0,True,3,0,0,20260623,1.0,0.0,1.0,1.0
unchanged,stage2,0.0,0.0,0.0,D023,1.0,0,0.0,False,stage2_cosine_prototype,6,9,1.0,1.0,True,3,0,0,20260623,1.0,0.0,1.0,1.0
unchanged,stage2,0.0,0.0,0.0,D023,1.0,0,0.0,False,stage2_finetune_bias_only,6,9,1.0,1.0,True,3,0,0,20260623,1.0,0.0,1.0,1.0
unchanged,stage2,0.0,0.0,0.0,D023,1.0,0,0.0,False,stage2_finetune_head,6,9,1.0,1.0,True,3,0,0,20260623,1.0,0.0,1.0,1.0
unchanged,stage2,0.0,0.0,0.0,D023,1.0,0,0.0,False,stage2_positive_bias,6,9,1.0,1.0,True,3,0,0,20260623,1.0,0.0,1.0,1.0
unchanged,none,0.0,0.0,0.0,D023,1.0,0,0.0,False,zero_shot,6,9,1.0,1.0,True,3,0,0,20260623,1.0,0.0,1.0,1.0
unchanged,stage1,0.0,0.0,0.0,D023,1.0,0,0.0,False,stage1_finetune_bias_only,6,9,1.0,1.0,True,3,0,0,20260624,1.0,0.0,1.0,1.0
unchanged,stage1,0.0,0.0,0.0,D023,1.0,0,0.0,False,stage1_finetune_head,6,9,1.0,1.0,True,3,0,0,20260624,1.0,0.0,1.0,1.0
unchanged,stage1+stage2,0.0,0.0,0.0,D023,1.0,0,0.0,False,stage1_stage2_combined,6,9,1.0,1.0,True,3,0,0,20260624,1.0,0.0,1.0,1.0
unchanged,stage2,0.0,0.0,0.0,D023,1.0,0,0.0,False,stage2_cosine_prototype,6,9,1.0,1.0,True,3,0,0,20260624,1.0,0.0,1.0,1.0
unchanged,stage2,0.0,0.0,0.0,D023,1.0,0,0.0,False,stage2_finetune_bias_only,6,9,1.0,1.0,True,3,0,0,20260624,1.0,0.0,1.0,1.0
unchanged,stage2,0.0,0.0,0.0,D023,1.0,0,0.0,False,stage2_finetune_head,6,9,1.0,1.0,True,3,0,0,20260624,1.0,0.0,1.0,1.0
unchanged,stage2,0.0,0.0,0.0,D023,1.0,0,0.0,False,stage2_positive_bias,6,9,1.0,1.0,True,3,0,0,20260624,1.0,0.0,1.0,1.0
unchanged,none,0.0,0.0,0.0,D023,1.0,0,0.0,False,zero_shot,6,9,1.0,1.0,True,3,0,0,20260624,1.0,0.0,1.0,1.0
unchanged,stage1,0.0,0.0,0.0,D023,1.0,0,0.0,False,stage1_finetune_bias_only,6,7,1.0,1.0,True,5,0,0,20260620,1.0,0.0,1.0,1.0
unchanged,stage1,0.0,0.0,0.0,D023,1.0,0,0.0,False,stage1_finetune_head,6,7,1.0,1.0,True,5,0,0,20260620,1.0,0.0,1.0,1.0
unchanged,stage1+stage2,0.0,0.0,0.0,D023,1.0,0,0.0,False,stage1_stage2_combined,6,7,1.0,1.0,True,5,0,0,20260620,1.0,0.0,1.0,1.0
unchanged,stage2,0.0,0.0,0.0,D023,1.0,0,0.0,False,stage2_cosine_prototype,6,7,1.0,1.0,True,5,0,0,20260620,1.0,0.0,1.0,1.0
unchanged,stage2,0.0,0.0,0.0,D023,1.0,0,0.0,False,stage2_finetune_bias_only,6,7,1.0,1.0,True,5,0,0,20260620,1.0,0.0,1.0,1.0
unchanged,stage2,0.0,0.0,0.0,D023,1.0,0,0.0,False,stage2_finetune_head,6,7,1.0,1.0,True,5,0,0,20260620,1.0,0.0,1.0,1.0
unchanged,stage2,0.0,0.0,0.0,D023,1.0,0,0.0,False,stage2_positive_bias,6,7,1.0,1.0,True,5,0,0,20260620,1.0,0.0,1.0,1.0
unchanged,none,0.0,0.0,0.0,D023,1.0,0,0.0,False,zero_shot,6,7,1.0,1.0,True,5,0,0,20260620,1.0,0.0,1.0,1.0
unchanged,stage1,0.0,0.0,0.0,D023,1.0,0,0.0,False,stage1_finetune_bias_only,6,7,1.0,1.0,True,5,0,0,20260621,1.0,0.0,1.0,1.0
unchanged,stage1,0.0,0.0,0.0,D023,1.0,0,0.0,False,stage1_finetune_head,6,7,1.0,1.0,True,5,0,0,20260621,1.0,0.0,1.0,1.0
unchanged,stage1+stage2,0.0,0.0,0.0,D023,1.0,0,0.0,False,stage1_stage2_combined,6,7,1.0,1.0,True,5,0,0,20260621,1.0,0.0,1.0,1.0
unchanged,stage2,0.0,0.0,0.0,D023,1.0,0,0.0,False,stage2_cosine_prototype,6,7,1.0,1.0,True,5,0,0,20260621,1.0,0.0,1.0,1.0
unchanged,stage2,0.0,0.0,0.0,D023,1.0,0,0.0,False,stage2_finetune_bias_only,6,7,1.0,1.0,True,5,0,0,20260621,1.0,0.0,1.0,1.0
unchanged,stage2,0.0,0.0,0.0,D023,1.0,0,0.0,False,stage2_finetune_head,6,7,1.0,1.0,True,5,0,0,20260621,1.0,0.0,1.0,1.0
unchanged,stage2,0.0,0.0,0.0,D023,1.0,0,0.0,False,stage2_positive_bias,6,7,1.0,1.0,True,5,0,0,20260621,1.0,0.0,1.0,1.0
unchanged,none,0.0,0.0,0.0,D023,1.0,0,0.0,False,zero_shot,6,7,1.0,1.0,True,5,0,0,20260621,1.0,0.0,1.0,1.0
unchanged,stage1,0.0,0.0,0.0,D023,1.0,0,0.0,False,stage1_finetune_bias_only,6,7,1.0,1.0,True,5,0,0,20260622,1.0,0.0,1.0,1.0
unchanged,stage1,0.0,0.0,0.0,D023,1.0,0,0.0,False,stage1_finetune_head,6,7,1.0,1.0,True,5,0,0,20260622,1.0,0.0,1.0,1.0
unchanged,stage1+stage2,0.0,0.0,0.0,D023,1.0,0,0.0,False,stage1_stage2_combined,6,7,1.0,1.0,True,5,0,0,20260622,1.0,0.0,1.0,1.0
unchanged,stage2,0.0,0.0,0.0,D023,1.0,0,0.0,False,stage2_cosine_prototype,6,7,1.0,1.0,True,5,0,0,20260622,1.0,0.0,1.0,1.0
unchanged,stage2,0.0,0.0,0.0,D023,1.0,0,0.0,False,stage2_finetune_bias_only,6,7,1.0,1.0,True,5,0,0,20260622,1.0,0.0,1.0,1.0
unchanged,stage2,0.0,0.0,0.0,D023,1.0,0,0.0,False,stage2_finetune_head,6,7,1.0,1.0,True,5,0,0,20260622,1.0,0.0,1.0,1.0
unchanged,stage2,0.0,0.0,0.0,D023,1.0,0,0.0,False,stage2_positive_bias,6,7,1.0,1.0,True,5,0,0,20260622,1.0,0.0,1.0,1.0
unchanged,none,0.0,0.0,0.0,D023,1.0,0,0.0,False,zero_shot,6,7,1.0,1.0,True,5,0,0,20260622,1.0,0.0,1.0,1.0
unchanged,stage1,0.0,0.0,0.0,D023,1.0,0,0.0,False,stage1_finetune_bias_only,6,7,1.0,1.0,True,5,0,0,20260623,1.0,0.0,1.0,1.0
unchanged,stage1,0.0,0.0,0.0,D023,1.0,0,0.0,False,stage1_finetune_head,6,7,1.0,1.0,True,5,0,0,20260623,1.0,0.0,1.0,1.0
unchanged,stage1+stage2,0.0,0.0,0.0,D023,1.0,0,0.0,False,stage1_stage2_combined,6,7,1.0,1.0,True,5,0,0,20260623,1.0,0.0,1.0,1.0
unchanged,stage2,0.0,0.0,0.0,D023,1.0,0,0.0,False,stage2_cosine_prototype,6,7,1.0,1.0,True,5,0,0,20260623,1.0,0.0,1.0,1.0
unchanged,stage2,0.0,0.0,0.0,D023,1.0,0,0.0,False,stage2_finetune_bias_only,6,7,1.0,1.0,True,5,0,0,20260623,1.0,0.0,1.0,1.0
unchanged,stage2,0.0,0.0,0.0,D023,1.0,0,0.0,False,stage2_finetune_head,6,7,1.0,1.0,True,5,0,0,20260623,1.0,0.0,1.0,1.0
unchanged,stage2,0.0,0.0,0.0,D023,1.0,0,0.0,False,stage2_positive_bias,6,7,1.0,1.0,True,5,0,0,20260623,1.0,0.0,1.0,1.0
unchanged,none,0.0,0.0,0.0,D023,1.0,0,0.0,False,zero_shot,6,7,1.0,1.0,True,5,0,0,20260623,1.0,0.0,1.0,1.0
unchanged,stage1,0.0,0.0,0.0,D023,1.0,0,0.0,False,stage1_finetune_bias_only,6,7,1.0,1.0,True,5,0,0,20260624,1.0,0.0,1.0,1.0
unchanged,stage1,0.0,0.0,0.0,D023,1.0,0,0.0,False,stage1_finetune_head,6,7,1.0,1.0,True,5,0,0,20260624,1.0,0.0,1.0,1.0
unchanged,stage1+stage2,0.0,0.0,0.0,D023,1.0,0,0.0,False,stage1_stage2_combined,6,7,1.0,1.0,True,5,0,0,20260624,1.0,0.0,1.0,1.0
unchanged,stage2,0.0,0.0,0.0,D023,1.0,0,0.0,False,stage2_cosine_prototype,6,7,1.0,1.0,True,5,0,0,20260624,1.0,0.0,1.0,1.0
unchanged,stage2,0.0,0.0,0.0,D023,1.0,0,0.0,False,stage2_finetune_bias_only,6,7,1.0,1.0,True,5,0,0,20260624,1.0,0.0,1.0,1.0
unchanged,stage2,0.0,0.0,0.0,D023,1.0,0,0.0,False,stage2_finetune_head,6,7,1.0,1.0,True,5,0,0,20260624,1.0,0.0,1.0,1.0
unchanged,stage2,0.0,0.0,0.0,D023,1.0,0,0.0,False,stage2_positive_bias,6,7,1.0,1.0,True,5,0,0,20260624,1.0,0.0,1.0,1.0
unchanged,none,0.0,0.0,0.0,D023,1.0,0,0.0,False,zero_shot,6,7,1.0,1.0,True,5,0,0,20260624,1.0,0.0,1.0,1.0
unchanged,stage1,0.0,0.0,0.0,D024,0.9411764705882353,0,0.0,True,stage1_finetune_bias_only,3,9,1.0,0.8888888888888888,True,3,0,1,20260620,0.9411764705882353,0.0,1.0,0.8888888888888888
unchanged,stage1,0.0,0.0,0.0,D024,0.9411764705882353,0,0.0,True,stage1_finetune_head,3,9,1.0,0.8888888888888888,True,3,0,1,20260620,0.9411764705882353,0.0,1.0,0.8888888888888888
unchanged,stage1+stage2,0.0,0.0,0.0,D024,0.9411764705882353,0,0.0,True,stage1_stage2_combined,3,9,1.0,0.8888888888888888,True,3,0,1,20260620,0.9411764705882353,0.0,1.0,0.8888888888888888
improved,stage2,0.05882352941176472,0.0,0.11111111111111116,D024,1.0,0,0.0,True,stage2_cosine_prototype,3,9,1.0,1.0,True,3,0,1,20260620,0.9411764705882353,0.0,1.0,0.8888888888888888
unchanged,stage2,0.0,0.0,0.0,D024,0.9411764705882353,0,0.0,True,stage2_finetune_bias_only,3,9,1.0,0.8888888888888888,True,3,0,1,20260620,0.9411764705882353,0.0,1.0,0.8888888888888888
unchanged,stage2,0.0,0.0,0.0,D024,0.9411764705882353,0,0.0,True,stage2_finetune_head,3,9,1.0,0.8888888888888888,True,3,0,1,20260620,0.9411764705882353,0.0,1.0,0.8888888888888888
improved,stage2,0.05882352941176472,0.0,0.11111111111111116,D024,1.0,0,0.0,True,stage2_positive_bias,3,9,1.0,1.0,True,3,0,1,20260620,0.9411764705882353,0.0,1.0,0.8888888888888888
unchanged,none,0.0,0.0,0.0,D024,0.9411764705882353,0,0.0,True,zero_shot,3,9,1.0,0.8888888888888888,True,3,0,1,20260620,0.9411764705882353,0.0,1.0,0.8888888888888888
unchanged,stage1,0.0,0.0,0.0,D024,0.9411764705882353,0,0.0,True,stage1_finetune_bias_only,3,9,1.0,0.8888888888888888,True,3,0,1,20260621,0.9411764705882353,0.0,1.0,0.8888888888888888
unchanged,stage1,0.0,0.0,0.0,D024,0.9411764705882353,0,0.0,True,stage1_finetune_head,3,9,1.0,0.8888888888888888,True,3,0,1,20260621,0.9411764705882353,0.0,1.0,0.8888888888888888
unchanged,stage1+stage2,0.0,0.0,0.0,D024,0.9411764705882353,0,0.0,True,stage1_stage2_combined,3,9,1.0,0.8888888888888888,True,3,0,1,20260621,0.9411764705882353,0.0,1.0,0.8888888888888888
improved,stage2,0.05882352941176472,0.0,0.11111111111111116,D024,1.0,0,0.0,True,stage2_cosine_prototype,3,9,1.0,1.0,True,3,0,1,20260621,0.9411764705882353,0.0,1.0,0.8888888888888888
unchanged,stage2,0.0,0.0,0.0,D024,0.9411764705882353,0,0.0,True,stage2_finetune_bias_only,3,9,1.0,0.8888888888888888,True,3,0,1,20260621,0.9411764705882353,0.0,1.0,0.8888888888888888
unchanged,stage2,0.0,0.0,0.0,D024,0.9411764705882353,0,0.0,True,stage2_finetune_head,3,9,1.0,0.8888888888888888,True,3,0,1,20260621,0.9411764705882353,0.0,1.0,0.8888888888888888
improved,stage2,0.05882352941176472,0.0,0.11111111111111116,D024,1.0,0,0.0,True,stage2_positive_bias,3,9,1.0,1.0,True,3,0,1,20260621,0.9411764705882353,0.0,1.0,0.8888888888888888
unchanged,none,0.0,0.0,0.0,D024,0.9411764705882353,0,0.0,True,zero_shot,3,9,1.0,0.8888888888888888,True,3,0,1,20260621,0.9411764705882353,0.0,1.0,0.8888888888888888
unchanged,stage1,0.0,0.0,0.0,D024,1.0,0,0.0,True,stage1_finetune_bias_only,3,9,1.0,1.0,True,3,0,0,20260622,1.0,0.0,1.0,1.0
unchanged,stage1,0.0,0.0,0.0,D024,1.0,0,0.0,True,stage1_finetune_head,3,9,1.0,1.0,True,3,0,0,20260622,1.0,0.0,1.0,1.0
unchanged,stage1+stage2,0.0,0.0,0.0,D024,1.0,0,0.0,True,stage1_stage2_combined,3,9,1.0,1.0,True,3,0,0,20260622,1.0,0.0,1.0,1.0
unchanged,stage2,0.0,0.0,0.0,D024,1.0,0,0.0,True,stage2_cosine_prototype,3,9,1.0,1.0,True,3,0,0,20260622,1.0,0.0,1.0,1.0
unchanged,stage2,0.0,0.0,0.0,D024,1.0,0,0.0,True,stage2_finetune_bias_only,3,9,1.0,1.0,True,3,0,0,20260622,1.0,0.0,1.0,1.0
unchanged,stage2,0.0,0.0,0.0,D024,1.0,0,0.0,True,stage2_finetune_head,3,9,1.0,1.0,True,3,0,0,20260622,1.0,0.0,1.0,1.0
unchanged,stage2,0.0,0.0,0.0,D024,1.0,0,0.0,True,stage2_positive_bias,3,9,1.0,1.0,True,3,0,0,20260622,1.0,0.0,1.0,1.0
unchanged,none,0.0,0.0,0.0,D024,1.0,0,0.0,True,zero_shot,3,9,1.0,1.0,True,3,0,0,20260622,1.0,0.0,1.0,1.0
unchanged,stage1,0.0,0.0,0.0,D024,0.9411764705882353,0,0.0,True,stage1_finetune_bias_only,3,9,1.0,0.8888888888888888,True,3,0,1,20260623,0.9411764705882353,0.0,1.0,0.8888888888888888
unchanged,stage1,0.0,0.0,0.0,D024,0.9411764705882353,0,0.0,True,stage1_finetune_head,3,9,1.0,0.8888888888888888,True,3,0,1,20260623,0.9411764705882353,0.0,1.0,0.8888888888888888
unchanged,stage1+stage2,0.0,0.0,0.0,D024,0.9411764705882353,0,0.0,True,stage1_stage2_combined,3,9,1.0,0.8888888888888888,True,3,0,1,20260623,0.9411764705882353,0.0,1.0,0.8888888888888888
improved,stage2,0.05882352941176472,0.0,0.11111111111111116,D024,1.0,0,0.0,True,stage2_cosine_prototype,3,9,1.0,1.0,True,3,0,1,20260623,0.9411764705882353,0.0,1.0,0.8888888888888888
unchanged,stage2,0.0,0.0,0.0,D024,0.9411764705882353,0,0.0,True,stage2_finetune_bias_only,3,9,1.0,0.8888888888888888,True,3,0,1,20260623,0.9411764705882353,0.0,1.0,0.8888888888888888
unchanged,stage2,0.0,0.0,0.0,D024,0.9411764705882353,0,0.0,True,stage2_finetune_head,3,9,1.0,0.8888888888888888,True,3,0,1,20260623,0.9411764705882353,0.0,1.0,0.8888888888888888
improved,stage2,0.05882352941176472,0.0,0.11111111111111116,D024,1.0,0,0.0,True,stage2_positive_bias,3,9,1.0,1.0,True,3,0,1,20260623,0.9411764705882353,0.0,1.0,0.8888888888888888
unchanged,none,0.0,0.0,0.0,D024,0.9411764705882353,0,0.0,True,zero_shot,3,9,1.0,0.8888888888888888,True,3,0,1,20260623,0.9411764705882353,0.0,1.0,0.8888888888888888
unchanged,stage1,0.0,0.0,0.0,D024,0.9411764705882353,0,0.0,True,stage1_finetune_bias_only,3,9,1.0,0.8888888888888888,True,3,0,1,20260624,0.9411764705882353,0.0,1.0,0.8888888888888888
unchanged,stage1,0.0,0.0,0.0,D024,0.9411764705882353,0,0.0,True,stage1_finetune_head,3,9,1.0,0.8888888888888888,True,3,0,1,20260624,0.9411764705882353,0.0,1.0,0.8888888888888888
unchanged,stage1+stage2,0.0,0.0,0.0,D024,0.9411764705882353,0,0.0,True,stage1_stage2_combined,3,9,1.0,0.8888888888888888,True,3,0,1,20260624,0.9411764705882353,0.0,1.0,0.8888888888888888
improved,stage2,0.05882352941176472,0.0,0.11111111111111116,D024,1.0,0,0.0,True,stage2_cosine_prototype,3,9,1.0,1.0,True,3,0,1,20260624,0.9411764705882353,0.0,1.0,0.8888888888888888
unchanged,stage2,0.0,0.0,0.0,D024,0.9411764705882353,0,0.0,True,stage2_finetune_bias_only,3,9,1.0,0.8888888888888888,True,3,0,1,20260624,0.9411764705882353,0.0,1.0,0.8888888888888888
unchanged,stage2,0.0,0.0,0.0,D024,0.9411764705882353,0,0.0,True,stage2_finetune_head,3,9,1.0,0.8888888888888888,True,3,0,1,20260624,0.9411764705882353,0.0,1.0,0.8888888888888888
improved,stage2,0.05882352941176472,0.0,0.11111111111111116,D024,1.0,0,0.0,True,stage2_positive_bias,3,9,1.0,1.0,True,3,0,1,20260624,0.9411764705882353,0.0,1.0,0.8888888888888888
unchanged,none,0.0,0.0,0.0,D024,0.9411764705882353,0,0.0,True,zero_shot,3,9,1.0,0.8888888888888888,True,3,0,1,20260624,0.9411764705882353,0.0,1.0,0.8888888888888888
unchanged,stage1,0.0,0.0,0.0,D024,0.923076923076923,0,0.0,True,stage1_finetune_bias_only,3,7,1.0,0.8571428571428571,True,5,0,1,20260620,0.923076923076923,0.0,1.0,0.8571428571428571
unchanged,stage1,0.0,0.0,0.0,D024,0.923076923076923,0,0.0,True,stage1_finetune_head,3,7,1.0,0.8571428571428571,True,5,0,1,20260620,0.923076923076923,0.0,1.0,0.8571428571428571
unchanged,stage1+stage2,0.0,0.0,0.0,D024,0.923076923076923,0,0.0,True,stage1_stage2_combined,3,7,1.0,0.8571428571428571,True,5,0,1,20260620,0.923076923076923,0.0,1.0,0.8571428571428571
improved,stage2,0.07692307692307698,0.0,0.1428571428571429,D024,1.0,0,0.0,True,stage2_cosine_prototype,3,7,1.0,1.0,True,5,0,1,20260620,0.923076923076923,0.0,1.0,0.8571428571428571
unchanged,stage2,0.0,0.0,0.0,D024,0.923076923076923,0,0.0,True,stage2_finetune_bias_only,3,7,1.0,0.8571428571428571,True,5,0,1,20260620,0.923076923076923,0.0,1.0,0.8571428571428571
unchanged,stage2,0.0,0.0,0.0,D024,0.923076923076923,0,0.0,True,stage2_finetune_head,3,7,1.0,0.8571428571428571,True,5,0,1,20260620,0.923076923076923,0.0,1.0,0.8571428571428571
improved,stage2,0.07692307692307698,0.0,0.1428571428571429,D024,1.0,0,0.0,True,stage2_positive_bias,3,7,1.0,1.0,True,5,0,1,20260620,0.923076923076923,0.0,1.0,0.8571428571428571
unchanged,none,0.0,0.0,0.0,D024,0.923076923076923,0,0.0,True,zero_shot,3,7,1.0,0.8571428571428571,True,5,0,1,20260620,0.923076923076923,0.0,1.0,0.8571428571428571
unchanged,stage1,0.0,0.0,0.0,D024,0.923076923076923,0,0.0,True,stage1_finetune_bias_only,3,7,1.0,0.8571428571428571,True,5,0,1,20260621,0.923076923076923,0.0,1.0,0.8571428571428571
unchanged,stage1,0.0,0.0,0.0,D024,0.923076923076923,0,0.0,True,stage1_finetune_head,3,7,1.0,0.8571428571428571,True,5,0,1,20260621,0.923076923076923,0.0,1.0,0.8571428571428571
unchanged,stage1+stage2,0.0,0.0,0.0,D024,0.923076923076923,0,0.0,True,stage1_stage2_combined,3,7,1.0,0.8571428571428571,True,5,0,1,20260621,0.923076923076923,0.0,1.0,0.8571428571428571
improved,stage2,0.07692307692307698,0.0,0.1428571428571429,D024,1.0,0,0.0,True,stage2_cosine_prototype,3,7,1.0,1.0,True,5,0,1,20260621,0.923076923076923,0.0,1.0,0.8571428571428571
unchanged,stage2,0.0,0.0,0.0,D024,0.923076923076923,0,0.0,True,stage2_finetune_bias_only,3,7,1.0,0.8571428571428571,True,5,0,1,20260621,0.923076923076923,0.0,1.0,0.8571428571428571
unchanged,stage2,0.0,0.0,0.0,D024,0.923076923076923,0,0.0,True,stage2_finetune_head,3,7,1.0,0.8571428571428571,True,5,0,1,20260621,0.923076923076923,0.0,1.0,0.8571428571428571
improved,stage2,0.07692307692307698,0.0,0.1428571428571429,D024,1.0,0,0.0,True,stage2_positive_bias,3,7,1.0,1.0,True,5,0,1,20260621,0.923076923076923,0.0,1.0,0.8571428571428571
unchanged,none,0.0,0.0,0.0,D024,0.923076923076923,0,0.0,True,zero_shot,3,7,1.0,0.8571428571428571,True,5,0,1,20260621,0.923076923076923,0.0,1.0,0.8571428571428571
unchanged,stage1,0.0,0.0,0.0,D024,1.0,0,0.0,True,stage1_finetune_bias_only,3,7,1.0,1.0,True,5,0,0,20260622,1.0,0.0,1.0,1.0
unchanged,stage1,0.0,0.0,0.0,D024,1.0,0,0.0,True,stage1_finetune_head,3,7,1.0,1.0,True,5,0,0,20260622,1.0,0.0,1.0,1.0
unchanged,stage1+stage2,0.0,0.0,0.0,D024,1.0,0,0.0,True,stage1_stage2_combined,3,7,1.0,1.0,True,5,0,0,20260622,1.0,0.0,1.0,1.0
unchanged,stage2,0.0,0.0,0.0,D024,1.0,0,0.0,True,stage2_cosine_prototype,3,7,1.0,1.0,True,5,0,0,20260622,1.0,0.0,1.0,1.0
unchanged,stage2,0.0,0.0,0.0,D024,1.0,0,0.0,True,stage2_finetune_bias_only,3,7,1.0,1.0,True,5,0,0,20260622,1.0,0.0,1.0,1.0
unchanged,stage2,0.0,0.0,0.0,D024,1.0,0,0.0,True,stage2_finetune_head,3,7,1.0,1.0,True,5,0,0,20260622,1.0,0.0,1.0,1.0
unchanged,stage2,0.0,0.0,0.0,D024,1.0,0,0.0,True,stage2_positive_bias,3,7,1.0,1.0,True,5,0,0,20260622,1.0,0.0,1.0,1.0
unchanged,none,0.0,0.0,0.0,D024,1.0,0,0.0,True,zero_shot,3,7,1.0,1.0,True,5,0,0,20260622,1.0,0.0,1.0,1.0
unchanged,stage1,0.0,0.0,0.0,D024,0.923076923076923,0,0.0,True,stage1_finetune_bias_only,3,7,1.0,0.8571428571428571,True,5,0,1,20260623,0.923076923076923,0.0,1.0,0.8571428571428571
unchanged,stage1,0.0,0.0,0.0,D024,0.923076923076923,0,0.0,True,stage1_finetune_head,3,7,1.0,0.8571428571428571,True,5,0,1,20260623,0.923076923076923,0.0,1.0,0.8571428571428571
unchanged,stage1+stage2,0.0,0.0,0.0,D024,0.923076923076923,0,0.0,True,stage1_stage2_combined,3,7,1.0,0.8571428571428571,True,5,0,1,20260623,0.923076923076923,0.0,1.0,0.8571428571428571
improved,stage2,0.07692307692307698,0.0,0.1428571428571429,D024,1.0,0,0.0,True,stage2_cosine_prototype,3,7,1.0,1.0,True,5,0,1,20260623,0.923076923076923,0.0,1.0,0.8571428571428571
unchanged,stage2,0.0,0.0,0.0,D024,0.923076923076923,0,0.0,True,stage2_finetune_bias_only,3,7,1.0,0.8571428571428571,True,5,0,1,20260623,0.923076923076923,0.0,1.0,0.8571428571428571
unchanged,stage2,0.0,0.0,0.0,D024,0.923076923076923,0,0.0,True,stage2_finetune_head,3,7,1.0,0.8571428571428571,True,5,0,1,20260623,0.923076923076923,0.0,1.0,0.8571428571428571
improved,stage2,0.07692307692307698,0.0,0.1428571428571429,D024,1.0,0,0.0,True,stage2_positive_bias,3,7,1.0,1.0,True,5,0,1,20260623,0.923076923076923,0.0,1.0,0.8571428571428571
unchanged,none,0.0,0.0,0.0,D024,0.923076923076923,0,0.0,True,zero_shot,3,7,1.0,0.8571428571428571,True,5,0,1,20260623,0.923076923076923,0.0,1.0,0.8571428571428571
unchanged,stage1,0.0,0.0,0.0,D024,1.0,0,0.0,True,stage1_finetune_bias_only,3,7,1.0,1.0,True,5,0,0,20260624,1.0,0.0,1.0,1.0
unchanged,stage1,0.0,0.0,0.0,D024,1.0,0,0.0,True,stage1_finetune_head,3,7,1.0,1.0,True,5,0,0,20260624,1.0,0.0,1.0,1.0
unchanged,stage1+stage2,0.0,0.0,0.0,D024,1.0,0,0.0,True,stage1_stage2_combined,3,7,1.0,1.0,True,5,0,0,20260624,1.0,0.0,1.0,1.0
unchanged,stage2,0.0,0.0,0.0,D024,1.0,0,0.0,True,stage2_cosine_prototype,3,7,1.0,1.0,True,5,0,0,20260624,1.0,0.0,1.0,1.0
unchanged,stage2,0.0,0.0,0.0,D024,1.0,0,0.0,True,stage2_finetune_bias_only,3,7,1.0,1.0,True,5,0,0,20260624,1.0,0.0,1.0,1.0
unchanged,stage2,0.0,0.0,0.0,D024,1.0,0,0.0,True,stage2_finetune_head,3,7,1.0,1.0,True,5,0,0,20260624,1.0,0.0,1.0,1.0
unchanged,stage2,0.0,0.0,0.0,D024,1.0,0,0.0,True,stage2_positive_bias,3,7,1.0,1.0,True,5,0,0,20260624,1.0,0.0,1.0,1.0
unchanged,none,0.0,0.0,0.0,D024,1.0,0,0.0,True,zero_shot,3,7,1.0,1.0,True,5,0,0,20260624,1.0,0.0,1.0,1.0
unchanged,stage1,0.0,0.0,0.0,D025,0.7333333333333334,0,0.0,False,stage1_finetune_bias_only,15,19,1.0,0.5789473684210527,True,3,6,2,20260620,0.7333333333333334,0.0,1.0,0.5789473684210527
unchanged,stage1,0.0,0.0,0.0,D025,0.7333333333333334,0,0.0,False,stage1_finetune_head,15,19,1.0,0.5789473684210527,True,3,6,2,20260620,0.7333333333333334,0.0,1.0,0.5789473684210527
unchanged,stage1+stage2,0.0,0.0,0.0,D025,0.7333333333333334,0,0.0,False,stage1_stage2_combined,15,19,1.0,0.5789473684210527,True,3,6,2,20260620,0.7333333333333334,0.0,1.0,0.5789473684210527
improved,stage2,0.07916666666666672,0.0,0.10526315789473684,D025,0.8125000000000001,0,0.0,False,stage2_cosine_prototype,15,19,1.0,0.6842105263157895,True,3,6,2,20260620,0.7333333333333334,0.0,1.0,0.5789473684210527
unchanged,stage2,0.0,0.0,0.0,D025,0.7333333333333334,0,0.0,False,stage2_finetune_bias_only,15,19,1.0,0.5789473684210527,True,3,6,2,20260620,0.7333333333333334,0.0,1.0,0.5789473684210527
unchanged,stage2,0.0,0.0,0.0,D025,0.7333333333333334,0,0.0,False,stage2_finetune_head,15,19,1.0,0.5789473684210527,True,3,6,2,20260620,0.7333333333333334,0.0,1.0,0.5789473684210527
improved,stage2,0.04086021505376336,0.0,0.05263157894736836,D025,0.7741935483870968,0,0.0,False,stage2_positive_bias,15,19,1.0,0.631578947368421,True,3,6,2,20260620,0.7333333333333334,0.0,1.0,0.5789473684210527
unchanged,none,0.0,0.0,0.0,D025,0.7333333333333334,0,0.0,False,zero_shot,15,19,1.0,0.5789473684210527,True,3,6,2,20260620,0.7333333333333334,0.0,1.0,0.5789473684210527
unchanged,stage1,0.0,0.0,0.0,D025,0.7333333333333334,0,0.0,False,stage1_finetune_bias_only,15,19,1.0,0.5789473684210527,True,3,6,2,20260621,0.7333333333333334,0.0,1.0,0.5789473684210527
unchanged,stage1,0.0,0.0,0.0,D025,0.7333333333333334,0,0.0,False,stage1_finetune_head,15,19,1.0,0.5789473684210527,True,3,6,2,20260621,0.7333333333333334,0.0,1.0,0.5789473684210527
unchanged,stage1+stage2,0.0,0.0,0.0,D025,0.7333333333333334,0,0.0,False,stage1_stage2_combined,15,19,1.0,0.5789473684210527,True,3,6,2,20260621,0.7333333333333334,0.0,1.0,0.5789473684210527
improved,stage2,0.07916666666666672,0.0,0.10526315789473684,D025,0.8125000000000001,0,0.0,False,stage2_cosine_prototype,15,19,1.0,0.6842105263157895,True,3,6,2,20260621,0.7333333333333334,0.0,1.0,0.5789473684210527
unchanged,stage2,0.0,0.0,0.0,D025,0.7333333333333334,0,0.0,False,stage2_finetune_bias_only,15,19,1.0,0.5789473684210527,True,3,6,2,20260621,0.7333333333333334,0.0,1.0,0.5789473684210527
unchanged,stage2,0.0,0.0,0.0,D025,0.7333333333333334,0,0.0,False,stage2_finetune_head,15,19,1.0,0.5789473684210527,True,3,6,2,20260621,0.7333333333333334,0.0,1.0,0.5789473684210527
improved,stage2,0.04086021505376336,0.0,0.05263157894736836,D025,0.7741935483870968,0,0.0,False,stage2_positive_bias,15,19,1.0,0.631578947368421,True,3,6,2,20260621,0.7333333333333334,0.0,1.0,0.5789473684210527
unchanged,none,0.0,0.0,0.0,D025,0.7333333333333334,0,0.0,False,zero_shot,15,19,1.0,0.5789473684210527,True,3,6,2,20260621,0.7333333333333334,0.0,1.0,0.5789473684210527
unchanged,stage1,0.0,0.0,0.0,D025,0.7741935483870968,0,0.0,False,stage1_finetune_bias_only,15,19,1.0,0.631578947368421,True,3,6,1,20260622,0.7741935483870968,0.0,1.0,0.631578947368421
unchanged,stage1,0.0,0.0,0.0,D025,0.7741935483870968,0,0.0,False,stage1_finetune_head,15,19,1.0,0.631578947368421,True,3,6,1,20260622,0.7741935483870968,0.0,1.0,0.631578947368421
unchanged,stage1+stage2,0.0,0.0,0.0,D025,0.7741935483870968,0,0.0,False,stage1_stage2_combined,15,19,1.0,0.631578947368421,True,3,6,1,20260622,0.7741935483870968,0.0,1.0,0.631578947368421
improved,stage2,0.03830645161290336,0.0,0.052631578947368474,D025,0.8125000000000001,0,0.0,False,stage2_cosine_prototype,15,19,1.0,0.6842105263157895,True,3,6,1,20260622,0.7741935483870968,0.0,1.0,0.631578947368421
unchanged,stage2,0.0,0.0,0.0,D025,0.7741935483870968,0,0.0,False,stage2_finetune_bias_only,15,19,1.0,0.631578947368421,True,3,6,1,20260622,0.7741935483870968,0.0,1.0,0.631578947368421
unchanged,stage2,0.0,0.0,0.0,D025,0.7741935483870968,0,0.0,False,stage2_finetune_head,15,19,1.0,0.631578947368421,True,3,6,1,20260622,0.7741935483870968,0.0,1.0,0.631578947368421
improved,stage2,0.03830645161290336,0.0,0.052631578947368474,D025,0.8125000000000001,0,0.0,False,stage2_positive_bias,15,19,1.0,0.6842105263157895,True,3,6,1,20260622,0.7741935483870968,0.0,1.0,0.631578947368421
unchanged,none,0.0,0.0,0.0,D025,0.7741935483870968,0,0.0,False,zero_shot,15,19,1.0,0.631578947368421,True,3,6,1,20260622,0.7741935483870968,0.0,1.0,0.631578947368421
unchanged,stage1,0.0,0.0,0.0,D025,0.7333333333333334,0,0.0,False,stage1_finetune_bias_only,15,19,1.0,0.5789473684210527,True,3,6,2,20260623,0.7333333333333334,0.0,1.0,0.5789473684210527
unchanged,stage1,0.0,0.0,0.0,D025,0.7333333333333334,0,0.0,False,stage1_finetune_head,15,19,1.0,0.5789473684210527,True,3,6,2,20260623,0.7333333333333334,0.0,1.0,0.5789473684210527
unchanged,stage1+stage2,0.0,0.0,0.0,D025,0.7333333333333334,0,0.0,False,stage1_stage2_combined,15,19,1.0,0.5789473684210527,True,3,6,2,20260623,0.7333333333333334,0.0,1.0,0.5789473684210527
improved,stage2,0.07916666666666672,0.0,0.10526315789473684,D025,0.8125000000000001,0,0.0,False,stage2_cosine_prototype,15,19,1.0,0.6842105263157895,True,3,6,2,20260623,0.7333333333333334,0.0,1.0,0.5789473684210527
unchanged,stage2,0.0,0.0,0.0,D025,0.7333333333333334,0,0.0,False,stage2_finetune_bias_only,15,19,1.0,0.5789473684210527,True,3,6,2,20260623,0.7333333333333334,0.0,1.0,0.5789473684210527
unchanged,stage2,0.0,0.0,0.0,D025,0.7333333333333334,0,0.0,False,stage2_finetune_head,15,19,1.0,0.5789473684210527,True,3,6,2,20260623,0.7333333333333334,0.0,1.0,0.5789473684210527
improved,stage2,0.04086021505376336,0.0,0.05263157894736836,D025,0.7741935483870968,0,0.0,False,stage2_positive_bias,15,19,1.0,0.631578947368421,True,3,6,2,20260623,0.7333333333333334,0.0,1.0,0.5789473684210527
unchanged,none,0.0,0.0,0.0,D025,0.7333333333333334,0,0.0,False,zero_shot,15,19,1.0,0.5789473684210527,True,3,6,2,20260623,0.7333333333333334,0.0,1.0,0.5789473684210527
unchanged,stage1,0.0,0.0,0.0,D025,0.7333333333333334,0,0.0,False,stage1_finetune_bias_only,15,19,1.0,0.5789473684210527,True,3,6,2,20260624,0.7333333333333334,0.0,1.0,0.5789473684210527
unchanged,stage1,0.0,0.0,0.0,D025,0.7333333333333334,0,0.0,False,stage1_finetune_head,15,19,1.0,0.5789473684210527,True,3,6,2,20260624,0.7333333333333334,0.0,1.0,0.5789473684210527
unchanged,stage1+stage2,0.0,0.0,0.0,D025,0.7333333333333334,0,0.0,False,stage1_stage2_combined,15,19,1.0,0.5789473684210527,True,3,6,2,20260624,0.7333333333333334,0.0,1.0,0.5789473684210527
improved,stage2,0.07916666666666672,0.0,0.10526315789473684,D025,0.8125000000000001,0,0.0,False,stage2_cosine_prototype,15,19,1.0,0.6842105263157895,True,3,6,2,20260624,0.7333333333333334,0.0,1.0,0.5789473684210527
unchanged,stage2,0.0,0.0,0.0,D025,0.7333333333333334,0,0.0,False,stage2_finetune_bias_only,15,19,1.0,0.5789473684210527,True,3,6,2,20260624,0.7333333333333334,0.0,1.0,0.5789473684210527
unchanged,stage2,0.0,0.0,0.0,D025,0.7333333333333334,0,0.0,False,stage2_finetune_head,15,19,1.0,0.5789473684210527,True,3,6,2,20260624,0.7333333333333334,0.0,1.0,0.5789473684210527
improved,stage2,0.04086021505376336,0.0,0.05263157894736836,D025,0.7741935483870968,0,0.0,False,stage2_positive_bias,15,19,1.0,0.631578947368421,True,3,6,2,20260624,0.7333333333333334,0.0,1.0,0.5789473684210527
unchanged,none,0.0,0.0,0.0,D025,0.7333333333333334,0,0.0,False,zero_shot,15,19,1.0,0.5789473684210527,True,3,6,2,20260624,0.7333333333333334,0.0,1.0,0.5789473684210527
unchanged,stage1,0.0,0.0,0.0,D025,0.6923076923076924,0,0.0,False,stage1_finetune_bias_only,15,17,1.0,0.5294117647058824,True,5,6,2,20260620,0.6923076923076924,0.0,1.0,0.5294117647058824
unchanged,stage1,0.0,0.0,0.0,D025,0.6923076923076924,0,0.0,False,stage1_finetune_head,15,17,1.0,0.5294117647058824,True,5,6,2,20260620,0.6923076923076924,0.0,1.0,0.5294117647058824
unchanged,stage1+stage2,0.0,0.0,0.0,D025,0.6923076923076924,0,0.0,False,stage1_stage2_combined,15,17,1.0,0.5294117647058824,True,5,6,2,20260620,0.6923076923076924,0.0,1.0,0.5294117647058824
improved,stage2,0.09340659340659341,0.0,0.11764705882352944,D025,0.7857142857142858,0,0.0,False,stage2_cosine_prototype,15,17,1.0,0.6470588235294118,True,5,6,2,20260620,0.6923076923076924,0.0,1.0,0.5294117647058824
unchanged,stage2,0.0,0.0,0.0,D025,0.6923076923076924,0,0.0,False,stage2_finetune_bias_only,15,17,1.0,0.5294117647058824,True,5,6,2,20260620,0.6923076923076924,0.0,1.0,0.5294117647058824
unchanged,stage2,0.0,0.0,0.0,D025,0.6923076923076924,0,0.0,False,stage2_finetune_head,15,17,1.0,0.5294117647058824,True,5,6,2,20260620,0.6923076923076924,0.0,1.0,0.5294117647058824
improved,stage2,0.0484330484330483,0.0,0.05882352941176472,D025,0.7407407407407407,0,0.0,False,stage2_positive_bias,15,17,1.0,0.5882352941176471,True,5,6,2,20260620,0.6923076923076924,0.0,1.0,0.5294117647058824
unchanged,none,0.0,0.0,0.0,D025,0.6923076923076924,0,0.0,False,zero_shot,15,17,1.0,0.5294117647058824,True,5,6,2,20260620,0.6923076923076924,0.0,1.0,0.5294117647058824
unchanged,stage1,0.0,0.0,0.0,D025,0.7407407407407407,0,0.0,False,stage1_finetune_bias_only,15,17,1.0,0.5882352941176471,True,5,5,2,20260621,0.7407407407407407,0.0,1.0,0.5882352941176471
unchanged,stage1,0.0,0.0,0.0,D025,0.7407407407407407,0,0.0,False,stage1_finetune_head,15,17,1.0,0.5882352941176471,True,5,5,2,20260621,0.7407407407407407,0.0,1.0,0.5882352941176471
unchanged,stage1+stage2,0.0,0.0,0.0,D025,0.7407407407407407,0,0.0,False,stage1_stage2_combined,15,17,1.0,0.5882352941176471,True,5,5,2,20260621,0.7407407407407407,0.0,1.0,0.5882352941176471
improved,stage2,0.08684546615581101,0.0,0.11764705882352944,D025,0.8275862068965517,0,0.0,False,stage2_cosine_prototype,15,17,1.0,0.7058823529411765,True,5,5,2,20260621,0.7407407407407407,0.0,1.0,0.5882352941176471
unchanged,stage2,0.0,0.0,0.0,D025,0.7407407407407407,0,0.0,False,stage2_finetune_bias_only,15,17,1.0,0.5882352941176471,True,5,5,2,20260621,0.7407407407407407,0.0,1.0,0.5882352941176471
unchanged,stage2,0.0,0.0,0.0,D025,0.7407407407407407,0,0.0,False,stage2_finetune_head,15,17,1.0,0.5882352941176471,True,5,5,2,20260621,0.7407407407407407,0.0,1.0,0.5882352941176471
improved,stage2,0.04497354497354511,0.0,0.05882352941176472,D025,0.7857142857142858,0,0.0,False,stage2_positive_bias,15,17,1.0,0.6470588235294118,True,5,5,2,20260621,0.7407407407407407,0.0,1.0,0.5882352941176471
unchanged,none,0.0,0.0,0.0,D025,0.7407407407407407,0,0.0,False,zero_shot,15,17,1.0,0.5882352941176471,True,5,5,2,20260621,0.7407407407407407,0.0,1.0,0.5882352941176471
unchanged,stage1,0.0,0.0,0.0,D025,0.7857142857142858,0,0.0,False,stage1_finetune_bias_only,15,17,1.0,0.6470588235294118,True,5,5,1,20260622,0.7857142857142858,0.0,1.0,0.6470588235294118
unchanged,stage1,0.0,0.0,0.0,D025,0.7857142857142858,0,0.0,False,stage1_finetune_head,15,17,1.0,0.6470588235294118,True,5,5,1,20260622,0.7857142857142858,0.0,1.0,0.6470588235294118
unchanged,stage1+stage2,0.0,0.0,0.0,D025,0.7857142857142858,0,0.0,False,stage1_stage2_combined,15,17,1.0,0.6470588235294118,True,5,5,1,20260622,0.7857142857142858,0.0,1.0,0.6470588235294118
improved,stage2,0.0418719211822659,0.0,0.05882352941176472,D025,0.8275862068965517,0,0.0,False,stage2_cosine_prototype,15,17,1.0,0.7058823529411765,True,5,5,1,20260622,0.7857142857142858,0.0,1.0,0.6470588235294118
unchanged,stage2,0.0,0.0,0.0,D025,0.7857142857142858,0,0.0,False,stage2_finetune_bias_only,15,17,1.0,0.6470588235294118,True,5,5,1,20260622,0.7857142857142858,0.0,1.0,0.6470588235294118
unchanged,stage2,0.0,0.0,0.0,D025,0.7857142857142858,0,0.0,False,stage2_finetune_head,15,17,1.0,0.6470588235294118,True,5,5,1,20260622,0.7857142857142858,0.0,1.0,0.6470588235294118
improved,stage2,0.0418719211822659,0.0,0.05882352941176472,D025,0.8275862068965517,0,0.0,False,stage2_positive_bias,15,17,1.0,0.7058823529411765,True,5,5,1,20260622,0.7857142857142858,0.0,1.0,0.6470588235294118
unchanged,none,0.0,0.0,0.0,D025,0.7857142857142858,0,0.0,False,zero_shot,15,17,1.0,0.6470588235294118,True,5,5,1,20260622,0.7857142857142858,0.0,1.0,0.6470588235294118
unchanged,stage1,0.0,0.0,0.0,D025,0.6923076923076924,0,0.0,False,stage1_finetune_bias_only,15,17,1.0,0.5294117647058824,True,5,6,2,20260623,0.6923076923076924,0.0,1.0,0.5294117647058824
unchanged,stage1,0.0,0.0,0.0,D025,0.6923076923076924,0,0.0,False,stage1_finetune_head,15,17,1.0,0.5294117647058824,True,5,6,2,20260623,0.6923076923076924,0.0,1.0,0.5294117647058824
unchanged,stage1+stage2,0.0,0.0,0.0,D025,0.6923076923076924,0,0.0,False,stage1_stage2_combined,15,17,1.0,0.5294117647058824,True,5,6,2,20260623,0.6923076923076924,0.0,1.0,0.5294117647058824
improved,stage2,0.09340659340659341,0.0,0.11764705882352944,D025,0.7857142857142858,0,0.0,False,stage2_cosine_prototype,15,17,1.0,0.6470588235294118,True,5,6,2,20260623,0.6923076923076924,0.0,1.0,0.5294117647058824
unchanged,stage2,0.0,0.0,0.0,D025,0.6923076923076924,0,0.0,False,stage2_finetune_bias_only,15,17,1.0,0.5294117647058824,True,5,6,2,20260623,0.6923076923076924,0.0,1.0,0.5294117647058824
unchanged,stage2,0.0,0.0,0.0,D025,0.6923076923076924,0,0.0,False,stage2_finetune_head,15,17,1.0,0.5294117647058824,True,5,6,2,20260623,0.6923076923076924,0.0,1.0,0.5294117647058824
improved,stage2,0.0484330484330483,0.0,0.05882352941176472,D025,0.7407407407407407,0,0.0,False,stage2_positive_bias,15,17,1.0,0.5882352941176471,True,5,6,2,20260623,0.6923076923076924,0.0,1.0,0.5294117647058824
unchanged,none,0.0,0.0,0.0,D025,0.6923076923076924,0,0.0,False,zero_shot,15,17,1.0,0.5294117647058824,True,5,6,2,20260623,0.6923076923076924,0.0,1.0,0.5294117647058824
unchanged,stage1,0.0,0.0,0.0,D025,0.6923076923076924,0,0.0,False,stage1_finetune_bias_only,15,17,1.0,0.5294117647058824,True,5,6,2,20260624,0.6923076923076924,0.0,1.0,0.5294117647058824
unchanged,stage1,0.0,0.0,0.0,D025,0.6923076923076924,0,0.0,False,stage1_finetune_head,15,17,1.0,0.5294117647058824,True,5,6,2,20260624,0.6923076923076924,0.0,1.0,0.5294117647058824
unchanged,stage1+stage2,0.0,0.0,0.0,D025,0.6923076923076924,0,0.0,False,stage1_stage2_combined,15,17,1.0,0.5294117647058824,True,5,6,2,20260624,0.6923076923076924,0.0,1.0,0.5294117647058824
improved,stage2,0.09340659340659341,0.0,0.11764705882352944,D025,0.7857142857142858,0,0.0,False,stage2_cosine_prototype,15,17,1.0,0.6470588235294118,True,5,6,2,20260624,0.6923076923076924,0.0,1.0,0.5294117647058824
unchanged,stage2,0.0,0.0,0.0,D025,0.6923076923076924,0,0.0,False,stage2_finetune_bias_only,15,17,1.0,0.5294117647058824,True,5,6,2,20260624,0.6923076923076924,0.0,1.0,0.5294117647058824
unchanged,stage2,0.0,0.0,0.0,D025,0.6923076923076924,0,0.0,False,stage2_finetune_head,15,17,1.0,0.5294117647058824,True,5,6,2,20260624,0.6923076923076924,0.0,1.0,0.5294117647058824
improved,stage2,0.0484330484330483,0.0,0.05882352941176472,D025,0.7407407407407407,0,0.0,False,stage2_positive_bias,15,17,1.0,0.5882352941176471,True,5,6,2,20260624,0.6923076923076924,0.0,1.0,0.5294117647058824
unchanged,none,0.0,0.0,0.0,D025,0.6923076923076924,0,0.0,False,zero_shot,15,17,1.0,0.5294117647058824,True,5,6,2,20260624,0.6923076923076924,0.0,1.0,0.5294117647058824
unchanged,stage1,0.0,0.0,0.0,D026,1.0,0,0.0,False,stage1_finetune_bias_only,15,9,1.0,1.0,True,3,0,0,20260620,1.0,0.0,1.0,1.0
unchanged,stage1,0.0,0.0,0.0,D026,1.0,0,0.0,False,stage1_finetune_head,15,9,1.0,1.0,True,3,0,0,20260620,1.0,0.0,1.0,1.0
unchanged,stage1+stage2,0.0,0.0,0.0,D026,1.0,0,0.0,False,stage1_stage2_combined,15,9,1.0,1.0,True,3,0,0,20260620,1.0,0.0,1.0,1.0
unchanged,stage2,0.0,0.0,0.0,D026,1.0,0,0.0,False,stage2_cosine_prototype,15,9,1.0,1.0,True,3,0,0,20260620,1.0,0.0,1.0,1.0
unchanged,stage2,0.0,0.0,0.0,D026,1.0,0,0.0,False,stage2_finetune_bias_only,15,9,1.0,1.0,True,3,0,0,20260620,1.0,0.0,1.0,1.0
unchanged,stage2,0.0,0.0,0.0,D026,1.0,0,0.0,False,stage2_finetune_head,15,9,1.0,1.0,True,3,0,0,20260620,1.0,0.0,1.0,1.0
unchanged,stage2,0.0,0.0,0.0,D026,1.0,0,0.0,False,stage2_positive_bias,15,9,1.0,1.0,True,3,0,0,20260620,1.0,0.0,1.0,1.0
unchanged,none,0.0,0.0,0.0,D026,1.0,0,0.0,False,zero_shot,15,9,1.0,1.0,True,3,0,0,20260620,1.0,0.0,1.0,1.0
unchanged,stage1,0.0,0.0,0.0,D026,1.0,0,0.0,False,stage1_finetune_bias_only,15,9,1.0,1.0,True,3,0,0,20260621,1.0,0.0,1.0,1.0
unchanged,stage1,0.0,0.0,0.0,D026,1.0,0,0.0,False,stage1_finetune_head,15,9,1.0,1.0,True,3,0,0,20260621,1.0,0.0,1.0,1.0
unchanged,stage1+stage2,0.0,0.0,0.0,D026,1.0,0,0.0,False,stage1_stage2_combined,15,9,1.0,1.0,True,3,0,0,20260621,1.0,0.0,1.0,1.0
unchanged,stage2,0.0,0.0,0.0,D026,1.0,0,0.0,False,stage2_cosine_prototype,15,9,1.0,1.0,True,3,0,0,20260621,1.0,0.0,1.0,1.0
unchanged,stage2,0.0,0.0,0.0,D026,1.0,0,0.0,False,stage2_finetune_bias_only,15,9,1.0,1.0,True,3,0,0,20260621,1.0,0.0,1.0,1.0
unchanged,stage2,0.0,0.0,0.0,D026,1.0,0,0.0,False,stage2_finetune_head,15,9,1.0,1.0,True,3,0,0,20260621,1.0,0.0,1.0,1.0
unchanged,stage2,0.0,0.0,0.0,D026,1.0,0,0.0,False,stage2_positive_bias,15,9,1.0,1.0,True,3,0,0,20260621,1.0,0.0,1.0,1.0
unchanged,none,0.0,0.0,0.0,D026,1.0,0,0.0,False,zero_shot,15,9,1.0,1.0,True,3,0,0,20260621,1.0,0.0,1.0,1.0
unchanged,stage1,0.0,0.0,0.0,D026,1.0,0,0.0,False,stage1_finetune_bias_only,15,9,1.0,1.0,True,3,0,0,20260622,1.0,0.0,1.0,1.0
unchanged,stage1,0.0,0.0,0.0,D026,1.0,0,0.0,False,stage1_finetune_head,15,9,1.0,1.0,True,3,0,0,20260622,1.0,0.0,1.0,1.0
unchanged,stage1+stage2,0.0,0.0,0.0,D026,1.0,0,0.0,False,stage1_stage2_combined,15,9,1.0,1.0,True,3,0,0,20260622,1.0,0.0,1.0,1.0
unchanged,stage2,0.0,0.0,0.0,D026,1.0,0,0.0,False,stage2_cosine_prototype,15,9,1.0,1.0,True,3,0,0,20260622,1.0,0.0,1.0,1.0
unchanged,stage2,0.0,0.0,0.0,D026,1.0,0,0.0,False,stage2_finetune_bias_only,15,9,1.0,1.0,True,3,0,0,20260622,1.0,0.0,1.0,1.0
unchanged,stage2,0.0,0.0,0.0,D026,1.0,0,0.0,False,stage2_finetune_head,15,9,1.0,1.0,True,3,0,0,20260622,1.0,0.0,1.0,1.0
unchanged,stage2,0.0,0.0,0.0,D026,1.0,0,0.0,False,stage2_positive_bias,15,9,1.0,1.0,True,3,0,0,20260622,1.0,0.0,1.0,1.0
unchanged,none,0.0,0.0,0.0,D026,1.0,0,0.0,False,zero_shot,15,9,1.0,1.0,True,3,0,0,20260622,1.0,0.0,1.0,1.0
unchanged,stage1,0.0,0.0,0.0,D026,1.0,0,0.0,False,stage1_finetune_bias_only,15,9,1.0,1.0,True,3,0,0,20260623,1.0,0.0,1.0,1.0
unchanged,stage1,0.0,0.0,0.0,D026,1.0,0,0.0,False,stage1_finetune_head,15,9,1.0,1.0,True,3,0,0,20260623,1.0,0.0,1.0,1.0
unchanged,stage1+stage2,0.0,0.0,0.0,D026,1.0,0,0.0,False,stage1_stage2_combined,15,9,1.0,1.0,True,3,0,0,20260623,1.0,0.0,1.0,1.0
unchanged,stage2,0.0,0.0,0.0,D026,1.0,0,0.0,False,stage2_cosine_prototype,15,9,1.0,1.0,True,3,0,0,20260623,1.0,0.0,1.0,1.0
unchanged,stage2,0.0,0.0,0.0,D026,1.0,0,0.0,False,stage2_finetune_bias_only,15,9,1.0,1.0,True,3,0,0,20260623,1.0,0.0,1.0,1.0
unchanged,stage2,0.0,0.0,0.0,D026,1.0,0,0.0,False,stage2_finetune_head,15,9,1.0,1.0,True,3,0,0,20260623,1.0,0.0,1.0,1.0
unchanged,stage2,0.0,0.0,0.0,D026,1.0,0,0.0,False,stage2_positive_bias,15,9,1.0,1.0,True,3,0,0,20260623,1.0,0.0,1.0,1.0
unchanged,none,0.0,0.0,0.0,D026,1.0,0,0.0,False,zero_shot,15,9,1.0,1.0,True,3,0,0,20260623,1.0,0.0,1.0,1.0
unchanged,stage1,0.0,0.0,0.0,D026,1.0,0,0.0,False,stage1_finetune_bias_only,15,9,1.0,1.0,True,3,0,0,20260624,1.0,0.0,1.0,1.0
unchanged,stage1,0.0,0.0,0.0,D026,1.0,0,0.0,False,stage1_finetune_head,15,9,1.0,1.0,True,3,0,0,20260624,1.0,0.0,1.0,1.0
unchanged,stage1+stage2,0.0,0.0,0.0,D026,1.0,0,0.0,False,stage1_stage2_combined,15,9,1.0,1.0,True,3,0,0,20260624,1.0,0.0,1.0,1.0
unchanged,stage2,0.0,0.0,0.0,D026,1.0,0,0.0,False,stage2_cosine_prototype,15,9,1.0,1.0,True,3,0,0,20260624,1.0,0.0,1.0,1.0
unchanged,stage2,0.0,0.0,0.0,D026,1.0,0,0.0,False,stage2_finetune_bias_only,15,9,1.0,1.0,True,3,0,0,20260624,1.0,0.0,1.0,1.0
unchanged,stage2,0.0,0.0,0.0,D026,1.0,0,0.0,False,stage2_finetune_head,15,9,1.0,1.0,True,3,0,0,20260624,1.0,0.0,1.0,1.0
unchanged,stage2,0.0,0.0,0.0,D026,1.0,0,0.0,False,stage2_positive_bias,15,9,1.0,1.0,True,3,0,0,20260624,1.0,0.0,1.0,1.0
unchanged,none,0.0,0.0,0.0,D026,1.0,0,0.0,False,zero_shot,15,9,1.0,1.0,True,3,0,0,20260624,1.0,0.0,1.0,1.0
unchanged,stage1,0.0,0.0,0.0,D026,1.0,0,0.0,False,stage1_finetune_bias_only,15,7,1.0,1.0,True,5,0,0,20260620,1.0,0.0,1.0,1.0
unchanged,stage1,0.0,0.0,0.0,D026,1.0,0,0.0,False,stage1_finetune_head,15,7,1.0,1.0,True,5,0,0,20260620,1.0,0.0,1.0,1.0
unchanged,stage1+stage2,0.0,0.0,0.0,D026,1.0,0,0.0,False,stage1_stage2_combined,15,7,1.0,1.0,True,5,0,0,20260620,1.0,0.0,1.0,1.0
unchanged,stage2,0.0,0.0,0.0,D026,1.0,0,0.0,False,stage2_cosine_prototype,15,7,1.0,1.0,True,5,0,0,20260620,1.0,0.0,1.0,1.0
unchanged,stage2,0.0,0.0,0.0,D026,1.0,0,0.0,False,stage2_finetune_bias_only,15,7,1.0,1.0,True,5,0,0,20260620,1.0,0.0,1.0,1.0
unchanged,stage2,0.0,0.0,0.0,D026,1.0,0,0.0,False,stage2_finetune_head,15,7,1.0,1.0,True,5,0,0,20260620,1.0,0.0,1.0,1.0
unchanged,stage2,0.0,0.0,0.0,D026,1.0,0,0.0,False,stage2_positive_bias,15,7,1.0,1.0,True,5,0,0,20260620,1.0,0.0,1.0,1.0
unchanged,none,0.0,0.0,0.0,D026,1.0,0,0.0,False,zero_shot,15,7,1.0,1.0,True,5,0,0,20260620,1.0,0.0,1.0,1.0
unchanged,stage1,0.0,0.0,0.0,D026,1.0,0,0.0,False,stage1_finetune_bias_only,15,7,1.0,1.0,True,5,0,0,20260621,1.0,0.0,1.0,1.0
unchanged,stage1,0.0,0.0,0.0,D026,1.0,0,0.0,False,stage1_finetune_head,15,7,1.0,1.0,True,5,0,0,20260621,1.0,0.0,1.0,1.0
unchanged,stage1+stage2,0.0,0.0,0.0,D026,1.0,0,0.0,False,stage1_stage2_combined,15,7,1.0,1.0,True,5,0,0,20260621,1.0,0.0,1.0,1.0
unchanged,stage2,0.0,0.0,0.0,D026,1.0,0,0.0,False,stage2_cosine_prototype,15,7,1.0,1.0,True,5,0,0,20260621,1.0,0.0,1.0,1.0
unchanged,stage2,0.0,0.0,0.0,D026,1.0,0,0.0,False,stage2_finetune_bias_only,15,7,1.0,1.0,True,5,0,0,20260621,1.0,0.0,1.0,1.0
unchanged,stage2,0.0,0.0,0.0,D026,1.0,0,0.0,False,stage2_finetune_head,15,7,1.0,1.0,True,5,0,0,20260621,1.0,0.0,1.0,1.0
unchanged,stage2,0.0,0.0,0.0,D026,1.0,0,0.0,False,stage2_positive_bias,15,7,1.0,1.0,True,5,0,0,20260621,1.0,0.0,1.0,1.0
unchanged,none,0.0,0.0,0.0,D026,1.0,0,0.0,False,zero_shot,15,7,1.0,1.0,True,5,0,0,20260621,1.0,0.0,1.0,1.0
unchanged,stage1,0.0,0.0,0.0,D026,1.0,0,0.0,False,stage1_finetune_bias_only,15,7,1.0,1.0,True,5,0,0,20260622,1.0,0.0,1.0,1.0
unchanged,stage1,0.0,0.0,0.0,D026,1.0,0,0.0,False,stage1_finetune_head,15,7,1.0,1.0,True,5,0,0,20260622,1.0,0.0,1.0,1.0
unchanged,stage1+stage2,0.0,0.0,0.0,D026,1.0,0,0.0,False,stage1_stage2_combined,15,7,1.0,1.0,True,5,0,0,20260622,1.0,0.0,1.0,1.0
unchanged,stage2,0.0,0.0,0.0,D026,1.0,0,0.0,False,stage2_cosine_prototype,15,7,1.0,1.0,True,5,0,0,20260622,1.0,0.0,1.0,1.0
unchanged,stage2,0.0,0.0,0.0,D026,1.0,0,0.0,False,stage2_finetune_bias_only,15,7,1.0,1.0,True,5,0,0,20260622,1.0,0.0,1.0,1.0
unchanged,stage2,0.0,0.0,0.0,D026,1.0,0,0.0,False,stage2_finetune_head,15,7,1.0,1.0,True,5,0,0,20260622,1.0,0.0,1.0,1.0
unchanged,stage2,0.0,0.0,0.0,D026,1.0,0,0.0,False,stage2_positive_bias,15,7,1.0,1.0,True,5,0,0,20260622,1.0,0.0,1.0,1.0
unchanged,none,0.0,0.0,0.0,D026,1.0,0,0.0,False,zero_shot,15,7,1.0,1.0,True,5,0,0,20260622,1.0,0.0,1.0,1.0
unchanged,stage1,0.0,0.0,0.0,D026,1.0,0,0.0,False,stage1_finetune_bias_only,15,7,1.0,1.0,True,5,0,0,20260623,1.0,0.0,1.0,1.0
unchanged,stage1,0.0,0.0,0.0,D026,1.0,0,0.0,False,stage1_finetune_head,15,7,1.0,1.0,True,5,0,0,20260623,1.0,0.0,1.0,1.0
unchanged,stage1+stage2,0.0,0.0,0.0,D026,1.0,0,0.0,False,stage1_stage2_combined,15,7,1.0,1.0,True,5,0,0,20260623,1.0,0.0,1.0,1.0
unchanged,stage2,0.0,0.0,0.0,D026,1.0,0,0.0,False,stage2_cosine_prototype,15,7,1.0,1.0,True,5,0,0,20260623,1.0,0.0,1.0,1.0
unchanged,stage2,0.0,0.0,0.0,D026,1.0,0,0.0,False,stage2_finetune_bias_only,15,7,1.0,1.0,True,5,0,0,20260623,1.0,0.0,1.0,1.0
unchanged,stage2,0.0,0.0,0.0,D026,1.0,0,0.0,False,stage2_finetune_head,15,7,1.0,1.0,True,5,0,0,20260623,1.0,0.0,1.0,1.0
unchanged,stage2,0.0,0.0,0.0,D026,1.0,0,0.0,False,stage2_positive_bias,15,7,1.0,1.0,True,5,0,0,20260623,1.0,0.0,1.0,1.0
unchanged,none,0.0,0.0,0.0,D026,1.0,0,0.0,False,zero_shot,15,7,1.0,1.0,True,5,0,0,20260623,1.0,0.0,1.0,1.0
unchanged,stage1,0.0,0.0,0.0,D026,1.0,0,0.0,False,stage1_finetune_bias_only,15,7,1.0,1.0,True,5,0,0,20260624,1.0,0.0,1.0,1.0
unchanged,stage1,0.0,0.0,0.0,D026,1.0,0,0.0,False,stage1_finetune_head,15,7,1.0,1.0,True,5,0,0,20260624,1.0,0.0,1.0,1.0
unchanged,stage1+stage2,0.0,0.0,0.0,D026,1.0,0,0.0,False,stage1_stage2_combined,15,7,1.0,1.0,True,5,0,0,20260624,1.0,0.0,1.0,1.0
unchanged,stage2,0.0,0.0,0.0,D026,1.0,0,0.0,False,stage2_cosine_prototype,15,7,1.0,1.0,True,5,0,0,20260624,1.0,0.0,1.0,1.0
unchanged,stage2,0.0,0.0,0.0,D026,1.0,0,0.0,False,stage2_finetune_bias_only,15,7,1.0,1.0,True,5,0,0,20260624,1.0,0.0,1.0,1.0
unchanged,stage2,0.0,0.0,0.0,D026,1.0,0,0.0,False,stage2_finetune_head,15,7,1.0,1.0,True,5,0,0,20260624,1.0,0.0,1.0,1.0
unchanged,stage2,0.0,0.0,0.0,D026,1.0,0,0.0,False,stage2_positive_bias,15,7,1.0,1.0,True,5,0,0,20260624,1.0,0.0,1.0,1.0
unchanged,none,0.0,0.0,0.0,D026,1.0,0,0.0,False,zero_shot,15,7,1.0,1.0,True,5,0,0,20260624,1.0,0.0,1.0,1.0
unchanged,stage1,0.0,0.0,0.0,D027,0.8235294117647058,0,0.0,False,stage1_finetune_bias_only,17,10,1.0,0.7,True,3,0,3,20260620,0.8235294117647058,0.0,1.0,0.7
unchanged,stage1,0.0,0.0,0.0,D027,0.8235294117647058,0,0.0,False,stage1_finetune_head,17,10,1.0,0.7,True,3,0,3,20260620,0.8235294117647058,0.0,1.0,0.7
unchanged,stage1+stage2,0.0,0.0,0.0,D027,0.8235294117647058,0,0.0,False,stage1_stage2_combined,17,10,1.0,0.7,True,3,0,3,20260620,0.8235294117647058,0.0,1.0,0.7
improved,stage2,0.17647058823529416,0.0,0.30000000000000004,D027,1.0,0,0.0,False,stage2_cosine_prototype,17,10,1.0,1.0,True,3,0,3,20260620,0.8235294117647058,0.0,1.0,0.7
unchanged,stage2,0.0,0.0,0.0,D027,0.8235294117647058,0,0.0,False,stage2_finetune_bias_only,17,10,1.0,0.7,True,3,0,3,20260620,0.8235294117647058,0.0,1.0,0.7
unchanged,stage2,0.0,0.0,0.0,D027,0.8235294117647058,0,0.0,False,stage2_finetune_head,17,10,1.0,0.7,True,3,0,3,20260620,0.8235294117647058,0.0,1.0,0.7
improved,stage2,0.17647058823529416,0.0,0.30000000000000004,D027,1.0,0,0.0,False,stage2_positive_bias,17,10,1.0,1.0,True,3,0,3,20260620,0.8235294117647058,0.0,1.0,0.7
unchanged,none,0.0,0.0,0.0,D027,0.8235294117647058,0,0.0,False,zero_shot,17,10,1.0,0.7,True,3,0,3,20260620,0.8235294117647058,0.0,1.0,0.7
unchanged,stage1,0.0,0.0,0.0,D027,0.7499999999999999,0,0.0,False,stage1_finetune_bias_only,17,10,1.0,0.6,True,3,0,4,20260621,0.7499999999999999,0.0,1.0,0.6
unchanged,stage1,0.0,0.0,0.0,D027,0.7499999999999999,0,0.0,False,stage1_finetune_head,17,10,1.0,0.6,True,3,0,4,20260621,0.7499999999999999,0.0,1.0,0.6
unchanged,stage1+stage2,0.0,0.0,0.0,D027,0.7499999999999999,0,0.0,False,stage1_stage2_combined,17,10,1.0,0.6,True,3,0,4,20260621,0.7499999999999999,0.0,1.0,0.6
improved,stage2,0.2500000000000001,0.0,0.4,D027,1.0,0,0.0,False,stage2_cosine_prototype,17,10,1.0,1.0,True,3,0,4,20260621,0.7499999999999999,0.0,1.0,0.6
unchanged,stage2,0.0,0.0,0.0,D027,0.7499999999999999,0,0.0,False,stage2_finetune_bias_only,17,10,1.0,0.6,True,3,0,4,20260621,0.7499999999999999,0.0,1.0,0.6
unchanged,stage2,0.0,0.0,0.0,D027,0.7499999999999999,0,0.0,False,stage2_finetune_head,17,10,1.0,0.6,True,3,0,4,20260621,0.7499999999999999,0.0,1.0,0.6
improved,stage2,0.2500000000000001,0.0,0.4,D027,1.0,0,0.0,False,stage2_positive_bias,17,10,1.0,1.0,True,3,0,4,20260621,0.7499999999999999,0.0,1.0,0.6
unchanged,none,0.0,0.0,0.0,D027,0.7499999999999999,0,0.0,False,zero_shot,17,10,1.0,0.6,True,3,0,4,20260621,0.7499999999999999,0.0,1.0,0.6
unchanged,stage1,0.0,0.0,0.0,D027,0.8235294117647058,0,0.0,False,stage1_finetune_bias_only,17,10,1.0,0.7,True,3,0,3,20260622,0.8235294117647058,0.0,1.0,0.7
unchanged,stage1,0.0,0.0,0.0,D027,0.8235294117647058,0,0.0,False,stage1_finetune_head,17,10,1.0,0.7,True,3,0,3,20260622,0.8235294117647058,0.0,1.0,0.7
unchanged,stage1+stage2,0.0,0.0,0.0,D027,0.8235294117647058,0,0.0,False,stage1_stage2_combined,17,10,1.0,0.7,True,3,0,3,20260622,0.8235294117647058,0.0,1.0,0.7
improved,stage2,0.17647058823529416,0.0,0.30000000000000004,D027,1.0,0,0.0,False,stage2_cosine_prototype,17,10,1.0,1.0,True,3,0,3,20260622,0.8235294117647058,0.0,1.0,0.7
unchanged,stage2,0.0,0.0,0.0,D027,0.8235294117647058,0,0.0,False,stage2_finetune_bias_only,17,10,1.0,0.7,True,3,0,3,20260622,0.8235294117647058,0.0,1.0,0.7
unchanged,stage2,0.0,0.0,0.0,D027,0.8235294117647058,0,0.0,False,stage2_finetune_head,17,10,1.0,0.7,True,3,0,3,20260622,0.8235294117647058,0.0,1.0,0.7
improved,stage2,0.17647058823529416,0.0,0.30000000000000004,D027,1.0,0,0.0,False,stage2_positive_bias,17,10,1.0,1.0,True,3,0,3,20260622,0.8235294117647058,0.0,1.0,0.7
unchanged,none,0.0,0.0,0.0,D027,0.8235294117647058,0,0.0,False,zero_shot,17,10,1.0,0.7,True,3,0,3,20260622,0.8235294117647058,0.0,1.0,0.7
unchanged,stage1,0.0,0.0,0.0,D027,0.8235294117647058,0,0.0,False,stage1_finetune_bias_only,17,10,1.0,0.7,True,3,0,3,20260623,0.8235294117647058,0.0,1.0,0.7
unchanged,stage1,0.0,0.0,0.0,D027,0.8235294117647058,0,0.0,False,stage1_finetune_head,17,10,1.0,0.7,True,3,0,3,20260623,0.8235294117647058,0.0,1.0,0.7
unchanged,stage1+stage2,0.0,0.0,0.0,D027,0.8235294117647058,0,0.0,False,stage1_stage2_combined,17,10,1.0,0.7,True,3,0,3,20260623,0.8235294117647058,0.0,1.0,0.7
improved,stage2,0.17647058823529416,0.0,0.30000000000000004,D027,1.0,0,0.0,False,stage2_cosine_prototype,17,10,1.0,1.0,True,3,0,3,20260623,0.8235294117647058,0.0,1.0,0.7
unchanged,stage2,0.0,0.0,0.0,D027,0.8235294117647058,0,0.0,False,stage2_finetune_bias_only,17,10,1.0,0.7,True,3,0,3,20260623,0.8235294117647058,0.0,1.0,0.7
unchanged,stage2,0.0,0.0,0.0,D027,0.8235294117647058,0,0.0,False,stage2_finetune_head,17,10,1.0,0.7,True,3,0,3,20260623,0.8235294117647058,0.0,1.0,0.7
improved,stage2,0.17647058823529416,0.0,0.30000000000000004,D027,1.0,0,0.0,False,stage2_positive_bias,17,10,1.0,1.0,True,3,0,3,20260623,0.8235294117647058,0.0,1.0,0.7
unchanged,none,0.0,0.0,0.0,D027,0.8235294117647058,0,0.0,False,zero_shot,17,10,1.0,0.7,True,3,0,3,20260623,0.8235294117647058,0.0,1.0,0.7
unchanged,stage1,0.0,0.0,0.0,D027,0.8235294117647058,0,0.0,False,stage1_finetune_bias_only,17,10,1.0,0.7,True,3,0,3,20260624,0.8235294117647058,0.0,1.0,0.7
unchanged,stage1,0.0,0.0,0.0,D027,0.8235294117647058,0,0.0,False,stage1_finetune_head,17,10,1.0,0.7,True,3,0,3,20260624,0.8235294117647058,0.0,1.0,0.7
unchanged,stage1+stage2,0.0,0.0,0.0,D027,0.8235294117647058,0,0.0,False,stage1_stage2_combined,17,10,1.0,0.7,True,3,0,3,20260624,0.8235294117647058,0.0,1.0,0.7
improved,stage2,0.17647058823529416,0.0,0.30000000000000004,D027,1.0,0,0.0,False,stage2_cosine_prototype,17,10,1.0,1.0,True,3,0,3,20260624,0.8235294117647058,0.0,1.0,0.7
unchanged,stage2,0.0,0.0,0.0,D027,0.8235294117647058,0,0.0,False,stage2_finetune_bias_only,17,10,1.0,0.7,True,3,0,3,20260624,0.8235294117647058,0.0,1.0,0.7
unchanged,stage2,0.0,0.0,0.0,D027,0.8235294117647058,0,0.0,False,stage2_finetune_head,17,10,1.0,0.7,True,3,0,3,20260624,0.8235294117647058,0.0,1.0,0.7
improved,stage2,0.17647058823529416,0.0,0.30000000000000004,D027,1.0,0,0.0,False,stage2_positive_bias,17,10,1.0,1.0,True,3,0,3,20260624,0.8235294117647058,0.0,1.0,0.7
unchanged,none,0.0,0.0,0.0,D027,0.8235294117647058,0,0.0,False,zero_shot,17,10,1.0,0.7,True,3,0,3,20260624,0.8235294117647058,0.0,1.0,0.7
unchanged,stage1,0.0,0.0,0.0,D027,0.8571428571428571,0,0.0,False,stage1_finetune_bias_only,17,8,1.0,0.75,True,5,0,2,20260620,0.8571428571428571,0.0,1.0,0.75
unchanged,stage1,0.0,0.0,0.0,D027,0.8571428571428571,0,0.0,False,stage1_finetune_head,17,8,1.0,0.75,True,5,0,2,20260620,0.8571428571428571,0.0,1.0,0.75
unchanged,stage1+stage2,0.0,0.0,0.0,D027,0.8571428571428571,0,0.0,False,stage1_stage2_combined,17,8,1.0,0.75,True,5,0,2,20260620,0.8571428571428571,0.0,1.0,0.75
improved,stage2,0.1428571428571429,0.0,0.25,D027,1.0,0,0.0,False,stage2_cosine_prototype,17,8,1.0,1.0,True,5,0,2,20260620,0.8571428571428571,0.0,1.0,0.75
unchanged,stage2,0.0,0.0,0.0,D027,0.8571428571428571,0,0.0,False,stage2_finetune_bias_only,17,8,1.0,0.75,True,5,0,2,20260620,0.8571428571428571,0.0,1.0,0.75
unchanged,stage2,0.0,0.0,0.0,D027,0.8571428571428571,0,0.0,False,stage2_finetune_head,17,8,1.0,0.75,True,5,0,2,20260620,0.8571428571428571,0.0,1.0,0.75
improved,stage2,0.1428571428571429,0.0,0.25,D027,1.0,0,0.0,False,stage2_positive_bias,17,8,1.0,1.0,True,5,0,2,20260620,0.8571428571428571,0.0,1.0,0.75
unchanged,none,0.0,0.0,0.0,D027,0.8571428571428571,0,0.0,False,zero_shot,17,8,1.0,0.75,True,5,0,2,20260620,0.8571428571428571,0.0,1.0,0.75
unchanged,stage1,0.0,0.0,0.0,D027,0.7692307692307693,0,0.0,False,stage1_finetune_bias_only,17,8,1.0,0.625,True,5,0,3,20260621,0.7692307692307693,0.0,1.0,0.625
unchanged,stage1,0.0,0.0,0.0,D027,0.7692307692307693,0,0.0,False,stage1_finetune_head,17,8,1.0,0.625,True,5,0,3,20260621,0.7692307692307693,0.0,1.0,0.625
unchanged,stage1+stage2,0.0,0.0,0.0,D027,0.7692307692307693,0,0.0,False,stage1_stage2_combined,17,8,1.0,0.625,True,5,0,3,20260621,0.7692307692307693,0.0,1.0,0.625
improved,stage2,0.23076923076923073,0.0,0.375,D027,1.0,0,0.0,False,stage2_cosine_prototype,17,8,1.0,1.0,True,5,0,3,20260621,0.7692307692307693,0.0,1.0,0.625
unchanged,stage2,0.0,0.0,0.0,D027,0.7692307692307693,0,0.0,False,stage2_finetune_bias_only,17,8,1.0,0.625,True,5,0,3,20260621,0.7692307692307693,0.0,1.0,0.625
unchanged,stage2,0.0,0.0,0.0,D027,0.7692307692307693,0,0.0,False,stage2_finetune_head,17,8,1.0,0.625,True,5,0,3,20260621,0.7692307692307693,0.0,1.0,0.625
improved,stage2,0.23076923076923073,0.0,0.375,D027,1.0,0,0.0,False,stage2_positive_bias,17,8,1.0,1.0,True,5,0,3,20260621,0.7692307692307693,0.0,1.0,0.625
unchanged,none,0.0,0.0,0.0,D027,0.7692307692307693,0,0.0,False,zero_shot,17,8,1.0,0.625,True,5,0,3,20260621,0.7692307692307693,0.0,1.0,0.625
unchanged,stage1,0.0,0.0,0.0,D027,0.7692307692307693,0,0.0,False,stage1_finetune_bias_only,17,8,1.0,0.625,True,5,0,3,20260622,0.7692307692307693,0.0,1.0,0.625
unchanged,stage1,0.0,0.0,0.0,D027,0.7692307692307693,0,0.0,False,stage1_finetune_head,17,8,1.0,0.625,True,5,0,3,20260622,0.7692307692307693,0.0,1.0,0.625
unchanged,stage1+stage2,0.0,0.0,0.0,D027,0.7692307692307693,0,0.0,False,stage1_stage2_combined,17,8,1.0,0.625,True,5,0,3,20260622,0.7692307692307693,0.0,1.0,0.625
improved,stage2,0.23076923076923073,0.0,0.375,D027,1.0,0,0.0,False,stage2_cosine_prototype,17,8,1.0,1.0,True,5,0,3,20260622,0.7692307692307693,0.0,1.0,0.625
unchanged,stage2,0.0,0.0,0.0,D027,0.7692307692307693,0,0.0,False,stage2_finetune_bias_only,17,8,1.0,0.625,True,5,0,3,20260622,0.7692307692307693,0.0,1.0,0.625
unchanged,stage2,0.0,0.0,0.0,D027,0.7692307692307693,0,0.0,False,stage2_finetune_head,17,8,1.0,0.625,True,5,0,3,20260622,0.7692307692307693,0.0,1.0,0.625
improved,stage2,0.23076923076923073,0.0,0.375,D027,1.0,0,0.0,False,stage2_positive_bias,17,8,1.0,1.0,True,5,0,3,20260622,0.7692307692307693,0.0,1.0,0.625
unchanged,none,0.0,0.0,0.0,D027,0.7692307692307693,0,0.0,False,zero_shot,17,8,1.0,0.625,True,5,0,3,20260622,0.7692307692307693,0.0,1.0,0.625
unchanged,stage1,0.0,0.0,0.0,D027,0.7692307692307693,0,0.0,False,stage1_finetune_bias_only,17,8,1.0,0.625,True,5,0,3,20260623,0.7692307692307693,0.0,1.0,0.625
unchanged,stage1,0.0,0.0,0.0,D027,0.7692307692307693,0,0.0,False,stage1_finetune_head,17,8,1.0,0.625,True,5,0,3,20260623,0.7692307692307693,0.0,1.0,0.625
unchanged,stage1+stage2,0.0,0.0,0.0,D027,0.7692307692307693,0,0.0,False,stage1_stage2_combined,17,8,1.0,0.625,True,5,0,3,20260623,0.7692307692307693,0.0,1.0,0.625
improved,stage2,0.23076923076923073,0.0,0.375,D027,1.0,0,0.0,False,stage2_cosine_prototype,17,8,1.0,1.0,True,5,0,3,20260623,0.7692307692307693,0.0,1.0,0.625
unchanged,stage2,0.0,0.0,0.0,D027,0.7692307692307693,0,0.0,False,stage2_finetune_bias_only,17,8,1.0,0.625,True,5,0,3,20260623,0.7692307692307693,0.0,1.0,0.625
unchanged,stage2,0.0,0.0,0.0,D027,0.7692307692307693,0,0.0,False,stage2_finetune_head,17,8,1.0,0.625,True,5,0,3,20260623,0.7692307692307693,0.0,1.0,0.625
improved,stage2,0.23076923076923073,0.0,0.375,D027,1.0,0,0.0,False,stage2_positive_bias,17,8,1.0,1.0,True,5,0,3,20260623,0.7692307692307693,0.0,1.0,0.625
unchanged,none,0.0,0.0,0.0,D027,0.7692307692307693,0,0.0,False,zero_shot,17,8,1.0,0.625,True,5,0,3,20260623,0.7692307692307693,0.0,1.0,0.625
unchanged,stage1,0.0,0.0,0.0,D027,0.7692307692307693,0,0.0,False,stage1_finetune_bias_only,17,8,1.0,0.625,True,5,0,3,20260624,0.7692307692307693,0.0,1.0,0.625
unchanged,stage1,0.0,0.0,0.0,D027,0.7692307692307693,0,0.0,False,stage1_finetune_head,17,8,1.0,0.625,True,5,0,3,20260624,0.7692307692307693,0.0,1.0,0.625
unchanged,stage1+stage2,0.0,0.0,0.0,D027,0.7692307692307693,0,0.0,False,stage1_stage2_combined,17,8,1.0,0.625,True,5,0,3,20260624,0.7692307692307693,0.0,1.0,0.625
improved,stage2,0.23076923076923073,0.0,0.375,D027,1.0,0,0.0,False,stage2_cosine_prototype,17,8,1.0,1.0,True,5,0,3,20260624,0.7692307692307693,0.0,1.0,0.625
unchanged,stage2,0.0,0.0,0.0,D027,0.7692307692307693,0,0.0,False,stage2_finetune_bias_only,17,8,1.0,0.625,True,5,0,3,20260624,0.7692307692307693,0.0,1.0,0.625
unchanged,stage2,0.0,0.0,0.0,D027,0.7692307692307693,0,0.0,False,stage2_finetune_head,17,8,1.0,0.625,True,5,0,3,20260624,0.7692307692307693,0.0,1.0,0.625
improved,stage2,0.23076923076923073,0.0,0.375,D027,1.0,0,0.0,False,stage2_positive_bias,17,8,1.0,1.0,True,5,0,3,20260624,0.7692307692307693,0.0,1.0,0.625
unchanged,none,0.0,0.0,0.0,D027,0.7692307692307693,0,0.0,False,zero_shot,17,8,1.0,0.625,True,5,0,3,20260624,0.7692307692307693,0.0,1.0,0.625
unchanged,stage1,0.0,0.0,0.0,D028,1.0,0,0.0,False,stage1_finetune_bias_only,15,13,1.0,1.0,True,3,0,0,20260620,1.0,0.0,1.0,1.0
unchanged,stage1,0.0,0.0,0.0,D028,1.0,0,0.0,False,stage1_finetune_head,15,13,1.0,1.0,True,3,0,0,20260620,1.0,0.0,1.0,1.0
unchanged,stage1+stage2,0.0,0.0,0.0,D028,1.0,0,0.0,False,stage1_stage2_combined,15,13,1.0,1.0,True,3,0,0,20260620,1.0,0.0,1.0,1.0
unchanged,stage2,0.0,0.0,0.0,D028,1.0,0,0.0,False,stage2_cosine_prototype,15,13,1.0,1.0,True,3,0,0,20260620,1.0,0.0,1.0,1.0
unchanged,stage2,0.0,0.0,0.0,D028,1.0,0,0.0,False,stage2_finetune_bias_only,15,13,1.0,1.0,True,3,0,0,20260620,1.0,0.0,1.0,1.0
unchanged,stage2,0.0,0.0,0.0,D028,1.0,0,0.0,False,stage2_finetune_head,15,13,1.0,1.0,True,3,0,0,20260620,1.0,0.0,1.0,1.0
unchanged,stage2,0.0,0.0,0.0,D028,1.0,0,0.0,False,stage2_positive_bias,15,13,1.0,1.0,True,3,0,0,20260620,1.0,0.0,1.0,1.0
unchanged,none,0.0,0.0,0.0,D028,1.0,0,0.0,False,zero_shot,15,13,1.0,1.0,True,3,0,0,20260620,1.0,0.0,1.0,1.0
unchanged,stage1,0.0,0.0,0.0,D028,1.0,0,0.0,False,stage1_finetune_bias_only,15,13,1.0,1.0,True,3,0,0,20260621,1.0,0.0,1.0,1.0
unchanged,stage1,0.0,0.0,0.0,D028,1.0,0,0.0,False,stage1_finetune_head,15,13,1.0,1.0,True,3,0,0,20260621,1.0,0.0,1.0,1.0
unchanged,stage1+stage2,0.0,0.0,0.0,D028,1.0,0,0.0,False,stage1_stage2_combined,15,13,1.0,1.0,True,3,0,0,20260621,1.0,0.0,1.0,1.0
unchanged,stage2,0.0,0.0,0.0,D028,1.0,0,0.0,False,stage2_cosine_prototype,15,13,1.0,1.0,True,3,0,0,20260621,1.0,0.0,1.0,1.0
unchanged,stage2,0.0,0.0,0.0,D028,1.0,0,0.0,False,stage2_finetune_bias_only,15,13,1.0,1.0,True,3,0,0,20260621,1.0,0.0,1.0,1.0
unchanged,stage2,0.0,0.0,0.0,D028,1.0,0,0.0,False,stage2_finetune_head,15,13,1.0,1.0,True,3,0,0,20260621,1.0,0.0,1.0,1.0
unchanged,stage2,0.0,0.0,0.0,D028,1.0,0,0.0,False,stage2_positive_bias,15,13,1.0,1.0,True,3,0,0,20260621,1.0,0.0,1.0,1.0
unchanged,none,0.0,0.0,0.0,D028,1.0,0,0.0,False,zero_shot,15,13,1.0,1.0,True,3,0,0,20260621,1.0,0.0,1.0,1.0
unchanged,stage1,0.0,0.0,0.0,D028,1.0,0,0.0,False,stage1_finetune_bias_only,15,13,1.0,1.0,True,3,0,0,20260622,1.0,0.0,1.0,1.0
unchanged,stage1,0.0,0.0,0.0,D028,1.0,0,0.0,False,stage1_finetune_head,15,13,1.0,1.0,True,3,0,0,20260622,1.0,0.0,1.0,1.0
unchanged,stage1+stage2,0.0,0.0,0.0,D028,1.0,0,0.0,False,stage1_stage2_combined,15,13,1.0,1.0,True,3,0,0,20260622,1.0,0.0,1.0,1.0
unchanged,stage2,0.0,0.0,0.0,D028,1.0,0,0.0,False,stage2_cosine_prototype,15,13,1.0,1.0,True,3,0,0,20260622,1.0,0.0,1.0,1.0
unchanged,stage2,0.0,0.0,0.0,D028,1.0,0,0.0,False,stage2_finetune_bias_only,15,13,1.0,1.0,True,3,0,0,20260622,1.0,0.0,1.0,1.0
unchanged,stage2,0.0,0.0,0.0,D028,1.0,0,0.0,False,stage2_finetune_head,15,13,1.0,1.0,True,3,0,0,20260622,1.0,0.0,1.0,1.0
unchanged,stage2,0.0,0.0,0.0,D028,1.0,0,0.0,False,stage2_positive_bias,15,13,1.0,1.0,True,3,0,0,20260622,1.0,0.0,1.0,1.0
unchanged,none,0.0,0.0,0.0,D028,1.0,0,0.0,False,zero_shot,15,13,1.0,1.0,True,3,0,0,20260622,1.0,0.0,1.0,1.0
unchanged,stage1,0.0,0.0,0.0,D028,1.0,0,0.0,False,stage1_finetune_bias_only,15,13,1.0,1.0,True,3,0,0,20260623,1.0,0.0,1.0,1.0
unchanged,stage1,0.0,0.0,0.0,D028,1.0,0,0.0,False,stage1_finetune_head,15,13,1.0,1.0,True,3,0,0,20260623,1.0,0.0,1.0,1.0
unchanged,stage1+stage2,0.0,0.0,0.0,D028,1.0,0,0.0,False,stage1_stage2_combined,15,13,1.0,1.0,True,3,0,0,20260623,1.0,0.0,1.0,1.0
unchanged,stage2,0.0,0.0,0.0,D028,1.0,0,0.0,False,stage2_cosine_prototype,15,13,1.0,1.0,True,3,0,0,20260623,1.0,0.0,1.0,1.0
unchanged,stage2,0.0,0.0,0.0,D028,1.0,0,0.0,False,stage2_finetune_bias_only,15,13,1.0,1.0,True,3,0,0,20260623,1.0,0.0,1.0,1.0
unchanged,stage2,0.0,0.0,0.0,D028,1.0,0,0.0,False,stage2_finetune_head,15,13,1.0,1.0,True,3,0,0,20260623,1.0,0.0,1.0,1.0
unchanged,stage2,0.0,0.0,0.0,D028,1.0,0,0.0,False,stage2_positive_bias,15,13,1.0,1.0,True,3,0,0,20260623,1.0,0.0,1.0,1.0
unchanged,none,0.0,0.0,0.0,D028,1.0,0,0.0,False,zero_shot,15,13,1.0,1.0,True,3,0,0,20260623,1.0,0.0,1.0,1.0
unchanged,stage1,0.0,0.0,0.0,D028,1.0,0,0.0,False,stage1_finetune_bias_only,15,13,1.0,1.0,True,3,0,0,20260624,1.0,0.0,1.0,1.0
unchanged,stage1,0.0,0.0,0.0,D028,1.0,0,0.0,False,stage1_finetune_head,15,13,1.0,1.0,True,3,0,0,20260624,1.0,0.0,1.0,1.0
unchanged,stage1+stage2,0.0,0.0,0.0,D028,1.0,0,0.0,False,stage1_stage2_combined,15,13,1.0,1.0,True,3,0,0,20260624,1.0,0.0,1.0,1.0
unchanged,stage2,0.0,0.0,0.0,D028,1.0,0,0.0,False,stage2_cosine_prototype,15,13,1.0,1.0,True,3,0,0,20260624,1.0,0.0,1.0,1.0
unchanged,stage2,0.0,0.0,0.0,D028,1.0,0,0.0,False,stage2_finetune_bias_only,15,13,1.0,1.0,True,3,0,0,20260624,1.0,0.0,1.0,1.0
unchanged,stage2,0.0,0.0,0.0,D028,1.0,0,0.0,False,stage2_finetune_head,15,13,1.0,1.0,True,3,0,0,20260624,1.0,0.0,1.0,1.0
unchanged,stage2,0.0,0.0,0.0,D028,1.0,0,0.0,False,stage2_positive_bias,15,13,1.0,1.0,True,3,0,0,20260624,1.0,0.0,1.0,1.0
unchanged,none,0.0,0.0,0.0,D028,1.0,0,0.0,False,zero_shot,15,13,1.0,1.0,True,3,0,0,20260624,1.0,0.0,1.0,1.0
unchanged,stage1,0.0,0.0,0.0,D028,1.0,0,0.0,False,stage1_finetune_bias_only,15,11,1.0,1.0,True,5,0,0,20260620,1.0,0.0,1.0,1.0
unchanged,stage1,0.0,0.0,0.0,D028,1.0,0,0.0,False,stage1_finetune_head,15,11,1.0,1.0,True,5,0,0,20260620,1.0,0.0,1.0,1.0
unchanged,stage1+stage2,0.0,0.0,0.0,D028,1.0,0,0.0,False,stage1_stage2_combined,15,11,1.0,1.0,True,5,0,0,20260620,1.0,0.0,1.0,1.0
unchanged,stage2,0.0,0.0,0.0,D028,1.0,0,0.0,False,stage2_cosine_prototype,15,11,1.0,1.0,True,5,0,0,20260620,1.0,0.0,1.0,1.0
unchanged,stage2,0.0,0.0,0.0,D028,1.0,0,0.0,False,stage2_finetune_bias_only,15,11,1.0,1.0,True,5,0,0,20260620,1.0,0.0,1.0,1.0
unchanged,stage2,0.0,0.0,0.0,D028,1.0,0,0.0,False,stage2_finetune_head,15,11,1.0,1.0,True,5,0,0,20260620,1.0,0.0,1.0,1.0
unchanged,stage2,0.0,0.0,0.0,D028,1.0,0,0.0,False,stage2_positive_bias,15,11,1.0,1.0,True,5,0,0,20260620,1.0,0.0,1.0,1.0
unchanged,none,0.0,0.0,0.0,D028,1.0,0,0.0,False,zero_shot,15,11,1.0,1.0,True,5,0,0,20260620,1.0,0.0,1.0,1.0
unchanged,stage1,0.0,0.0,0.0,D028,1.0,0,0.0,False,stage1_finetune_bias_only,15,11,1.0,1.0,True,5,0,0,20260621,1.0,0.0,1.0,1.0
unchanged,stage1,0.0,0.0,0.0,D028,1.0,0,0.0,False,stage1_finetune_head,15,11,1.0,1.0,True,5,0,0,20260621,1.0,0.0,1.0,1.0
unchanged,stage1+stage2,0.0,0.0,0.0,D028,1.0,0,0.0,False,stage1_stage2_combined,15,11,1.0,1.0,True,5,0,0,20260621,1.0,0.0,1.0,1.0
unchanged,stage2,0.0,0.0,0.0,D028,1.0,0,0.0,False,stage2_cosine_prototype,15,11,1.0,1.0,True,5,0,0,20260621,1.0,0.0,1.0,1.0
unchanged,stage2,0.0,0.0,0.0,D028,1.0,0,0.0,False,stage2_finetune_bias_only,15,11,1.0,1.0,True,5,0,0,20260621,1.0,0.0,1.0,1.0
unchanged,stage2,0.0,0.0,0.0,D028,1.0,0,0.0,False,stage2_finetune_head,15,11,1.0,1.0,True,5,0,0,20260621,1.0,0.0,1.0,1.0
unchanged,stage2,0.0,0.0,0.0,D028,1.0,0,0.0,False,stage2_positive_bias,15,11,1.0,1.0,True,5,0,0,20260621,1.0,0.0,1.0,1.0
unchanged,none,0.0,0.0,0.0,D028,1.0,0,0.0,False,zero_shot,15,11,1.0,1.0,True,5,0,0,20260621,1.0,0.0,1.0,1.0
unchanged,stage1,0.0,0.0,0.0,D028,1.0,0,0.0,False,stage1_finetune_bias_only,15,11,1.0,1.0,True,5,0,0,20260622,1.0,0.0,1.0,1.0
unchanged,stage1,0.0,0.0,0.0,D028,1.0,0,0.0,False,stage1_finetune_head,15,11,1.0,1.0,True,5,0,0,20260622,1.0,0.0,1.0,1.0
unchanged,stage1+stage2,0.0,0.0,0.0,D028,1.0,0,0.0,False,stage1_stage2_combined,15,11,1.0,1.0,True,5,0,0,20260622,1.0,0.0,1.0,1.0
unchanged,stage2,0.0,0.0,0.0,D028,1.0,0,0.0,False,stage2_cosine_prototype,15,11,1.0,1.0,True,5,0,0,20260622,1.0,0.0,1.0,1.0
unchanged,stage2,0.0,0.0,0.0,D028,1.0,0,0.0,False,stage2_finetune_bias_only,15,11,1.0,1.0,True,5,0,0,20260622,1.0,0.0,1.0,1.0
unchanged,stage2,0.0,0.0,0.0,D028,1.0,0,0.0,False,stage2_finetune_head,15,11,1.0,1.0,True,5,0,0,20260622,1.0,0.0,1.0,1.0
unchanged,stage2,0.0,0.0,0.0,D028,1.0,0,0.0,False,stage2_positive_bias,15,11,1.0,1.0,True,5,0,0,20260622,1.0,0.0,1.0,1.0
unchanged,none,0.0,0.0,0.0,D028,1.0,0,0.0,False,zero_shot,15,11,1.0,1.0,True,5,0,0,20260622,1.0,0.0,1.0,1.0
unchanged,stage1,0.0,0.0,0.0,D028,1.0,0,0.0,False,stage1_finetune_bias_only,15,11,1.0,1.0,True,5,0,0,20260623,1.0,0.0,1.0,1.0
unchanged,stage1,0.0,0.0,0.0,D028,1.0,0,0.0,False,stage1_finetune_head,15,11,1.0,1.0,True,5,0,0,20260623,1.0,0.0,1.0,1.0
unchanged,stage1+stage2,0.0,0.0,0.0,D028,1.0,0,0.0,False,stage1_stage2_combined,15,11,1.0,1.0,True,5,0,0,20260623,1.0,0.0,1.0,1.0
unchanged,stage2,0.0,0.0,0.0,D028,1.0,0,0.0,False,stage2_cosine_prototype,15,11,1.0,1.0,True,5,0,0,20260623,1.0,0.0,1.0,1.0
unchanged,stage2,0.0,0.0,0.0,D028,1.0,0,0.0,False,stage2_finetune_bias_only,15,11,1.0,1.0,True,5,0,0,20260623,1.0,0.0,1.0,1.0
unchanged,stage2,0.0,0.0,0.0,D028,1.0,0,0.0,False,stage2_finetune_head,15,11,1.0,1.0,True,5,0,0,20260623,1.0,0.0,1.0,1.0
unchanged,stage2,0.0,0.0,0.0,D028,1.0,0,0.0,False,stage2_positive_bias,15,11,1.0,1.0,True,5,0,0,20260623,1.0,0.0,1.0,1.0
unchanged,none,0.0,0.0,0.0,D028,1.0,0,0.0,False,zero_shot,15,11,1.0,1.0,True,5,0,0,20260623,1.0,0.0,1.0,1.0
unchanged,stage1,0.0,0.0,0.0,D028,1.0,0,0.0,False,stage1_finetune_bias_only,15,11,1.0,1.0,True,5,0,0,20260624,1.0,0.0,1.0,1.0
unchanged,stage1,0.0,0.0,0.0,D028,1.0,0,0.0,False,stage1_finetune_head,15,11,1.0,1.0,True,5,0,0,20260624,1.0,0.0,1.0,1.0
unchanged,stage1+stage2,0.0,0.0,0.0,D028,1.0,0,0.0,False,stage1_stage2_combined,15,11,1.0,1.0,True,5,0,0,20260624,1.0,0.0,1.0,1.0
unchanged,stage2,0.0,0.0,0.0,D028,1.0,0,0.0,False,stage2_cosine_prototype,15,11,1.0,1.0,True,5,0,0,20260624,1.0,0.0,1.0,1.0
unchanged,stage2,0.0,0.0,0.0,D028,1.0,0,0.0,False,stage2_finetune_bias_only,15,11,1.0,1.0,True,5,0,0,20260624,1.0,0.0,1.0,1.0
unchanged,stage2,0.0,0.0,0.0,D028,1.0,0,0.0,False,stage2_finetune_head,15,11,1.0,1.0,True,5,0,0,20260624,1.0,0.0,1.0,1.0
unchanged,stage2,0.0,0.0,0.0,D028,1.0,0,0.0,False,stage2_positive_bias,15,11,1.0,1.0,True,5,0,0,20260624,1.0,0.0,1.0,1.0
unchanged,none,0.0,0.0,0.0,D028,1.0,0,0.0,False,zero_shot,15,11,1.0,1.0,True,5,0,0,20260624,1.0,0.0,1.0,1.0
unchanged,stage1,0.0,0.0,0.0,D029,1.0,0,0.0,False,stage1_finetune_bias_only,30,27,1.0,1.0,True,3,0,0,20260620,1.0,0.0,1.0,1.0
unchanged,stage1,0.0,0.0,0.0,D029,1.0,0,0.0,False,stage1_finetune_head,30,27,1.0,1.0,True,3,0,0,20260620,1.0,0.0,1.0,1.0
unchanged,stage1+stage2,0.0,0.0,0.0,D029,1.0,0,0.0,False,stage1_stage2_combined,30,27,1.0,1.0,True,3,0,0,20260620,1.0,0.0,1.0,1.0
unchanged,stage2,0.0,0.0,0.0,D029,1.0,0,0.0,False,stage2_cosine_prototype,30,27,1.0,1.0,True,3,0,0,20260620,1.0,0.0,1.0,1.0
unchanged,stage2,0.0,0.0,0.0,D029,1.0,0,0.0,False,stage2_finetune_bias_only,30,27,1.0,1.0,True,3,0,0,20260620,1.0,0.0,1.0,1.0
unchanged,stage2,0.0,0.0,0.0,D029,1.0,0,0.0,False,stage2_finetune_head,30,27,1.0,1.0,True,3,0,0,20260620,1.0,0.0,1.0,1.0
unchanged,stage2,0.0,0.0,0.0,D029,1.0,0,0.0,False,stage2_positive_bias,30,27,1.0,1.0,True,3,0,0,20260620,1.0,0.0,1.0,1.0
unchanged,none,0.0,0.0,0.0,D029,1.0,0,0.0,False,zero_shot,30,27,1.0,1.0,True,3,0,0,20260620,1.0,0.0,1.0,1.0
unchanged,stage1,0.0,0.0,0.0,D029,1.0,0,0.0,False,stage1_finetune_bias_only,30,27,1.0,1.0,True,3,0,0,20260621,1.0,0.0,1.0,1.0
unchanged,stage1,0.0,0.0,0.0,D029,1.0,0,0.0,False,stage1_finetune_head,30,27,1.0,1.0,True,3,0,0,20260621,1.0,0.0,1.0,1.0
unchanged,stage1+stage2,0.0,0.0,0.0,D029,1.0,0,0.0,False,stage1_stage2_combined,30,27,1.0,1.0,True,3,0,0,20260621,1.0,0.0,1.0,1.0
unchanged,stage2,0.0,0.0,0.0,D029,1.0,0,0.0,False,stage2_cosine_prototype,30,27,1.0,1.0,True,3,0,0,20260621,1.0,0.0,1.0,1.0
unchanged,stage2,0.0,0.0,0.0,D029,1.0,0,0.0,False,stage2_finetune_bias_only,30,27,1.0,1.0,True,3,0,0,20260621,1.0,0.0,1.0,1.0
unchanged,stage2,0.0,0.0,0.0,D029,1.0,0,0.0,False,stage2_finetune_head,30,27,1.0,1.0,True,3,0,0,20260621,1.0,0.0,1.0,1.0
unchanged,stage2,0.0,0.0,0.0,D029,1.0,0,0.0,False,stage2_positive_bias,30,27,1.0,1.0,True,3,0,0,20260621,1.0,0.0,1.0,1.0
unchanged,none,0.0,0.0,0.0,D029,1.0,0,0.0,False,zero_shot,30,27,1.0,1.0,True,3,0,0,20260621,1.0,0.0,1.0,1.0
unchanged,stage1,0.0,0.0,0.0,D029,1.0,0,0.0,False,stage1_finetune_bias_only,30,27,1.0,1.0,True,3,0,0,20260622,1.0,0.0,1.0,1.0
unchanged,stage1,0.0,0.0,0.0,D029,1.0,0,0.0,False,stage1_finetune_head,30,27,1.0,1.0,True,3,0,0,20260622,1.0,0.0,1.0,1.0
unchanged,stage1+stage2,0.0,0.0,0.0,D029,1.0,0,0.0,False,stage1_stage2_combined,30,27,1.0,1.0,True,3,0,0,20260622,1.0,0.0,1.0,1.0
unchanged,stage2,0.0,0.0,0.0,D029,1.0,0,0.0,False,stage2_cosine_prototype,30,27,1.0,1.0,True,3,0,0,20260622,1.0,0.0,1.0,1.0
unchanged,stage2,0.0,0.0,0.0,D029,1.0,0,0.0,False,stage2_finetune_bias_only,30,27,1.0,1.0,True,3,0,0,20260622,1.0,0.0,1.0,1.0
unchanged,stage2,0.0,0.0,0.0,D029,1.0,0,0.0,False,stage2_finetune_head,30,27,1.0,1.0,True,3,0,0,20260622,1.0,0.0,1.0,1.0
unchanged,stage2,0.0,0.0,0.0,D029,1.0,0,0.0,False,stage2_positive_bias,30,27,1.0,1.0,True,3,0,0,20260622,1.0,0.0,1.0,1.0
unchanged,none,0.0,0.0,0.0,D029,1.0,0,0.0,False,zero_shot,30,27,1.0,1.0,True,3,0,0,20260622,1.0,0.0,1.0,1.0
unchanged,stage1,0.0,0.0,0.0,D029,1.0,0,0.0,False,stage1_finetune_bias_only,30,27,1.0,1.0,True,3,0,0,20260623,1.0,0.0,1.0,1.0
unchanged,stage1,0.0,0.0,0.0,D029,1.0,0,0.0,False,stage1_finetune_head,30,27,1.0,1.0,True,3,0,0,20260623,1.0,0.0,1.0,1.0
unchanged,stage1+stage2,0.0,0.0,0.0,D029,1.0,0,0.0,False,stage1_stage2_combined,30,27,1.0,1.0,True,3,0,0,20260623,1.0,0.0,1.0,1.0
unchanged,stage2,0.0,0.0,0.0,D029,1.0,0,0.0,False,stage2_cosine_prototype,30,27,1.0,1.0,True,3,0,0,20260623,1.0,0.0,1.0,1.0
unchanged,stage2,0.0,0.0,0.0,D029,1.0,0,0.0,False,stage2_finetune_bias_only,30,27,1.0,1.0,True,3,0,0,20260623,1.0,0.0,1.0,1.0
unchanged,stage2,0.0,0.0,0.0,D029,1.0,0,0.0,False,stage2_finetune_head,30,27,1.0,1.0,True,3,0,0,20260623,1.0,0.0,1.0,1.0
unchanged,stage2,0.0,0.0,0.0,D029,1.0,0,0.0,False,stage2_positive_bias,30,27,1.0,1.0,True,3,0,0,20260623,1.0,0.0,1.0,1.0
unchanged,none,0.0,0.0,0.0,D029,1.0,0,0.0,False,zero_shot,30,27,1.0,1.0,True,3,0,0,20260623,1.0,0.0,1.0,1.0
unchanged,stage1,0.0,0.0,0.0,D029,1.0,0,0.0,False,stage1_finetune_bias_only,30,27,1.0,1.0,True,3,0,0,20260624,1.0,0.0,1.0,1.0
unchanged,stage1,0.0,0.0,0.0,D029,1.0,0,0.0,False,stage1_finetune_head,30,27,1.0,1.0,True,3,0,0,20260624,1.0,0.0,1.0,1.0
unchanged,stage1+stage2,0.0,0.0,0.0,D029,1.0,0,0.0,False,stage1_stage2_combined,30,27,1.0,1.0,True,3,0,0,20260624,1.0,0.0,1.0,1.0
unchanged,stage2,0.0,0.0,0.0,D029,1.0,0,0.0,False,stage2_cosine_prototype,30,27,1.0,1.0,True,3,0,0,20260624,1.0,0.0,1.0,1.0
unchanged,stage2,0.0,0.0,0.0,D029,1.0,0,0.0,False,stage2_finetune_bias_only,30,27,1.0,1.0,True,3,0,0,20260624,1.0,0.0,1.0,1.0
unchanged,stage2,0.0,0.0,0.0,D029,1.0,0,0.0,False,stage2_finetune_head,30,27,1.0,1.0,True,3,0,0,20260624,1.0,0.0,1.0,1.0
unchanged,stage2,0.0,0.0,0.0,D029,1.0,0,0.0,False,stage2_positive_bias,30,27,1.0,1.0,True,3,0,0,20260624,1.0,0.0,1.0,1.0
unchanged,none,0.0,0.0,0.0,D029,1.0,0,0.0,False,zero_shot,30,27,1.0,1.0,True,3,0,0,20260624,1.0,0.0,1.0,1.0
unchanged,stage1,0.0,0.0,0.0,D029,1.0,0,0.0,False,stage1_finetune_bias_only,30,25,1.0,1.0,True,5,0,0,20260620,1.0,0.0,1.0,1.0
unchanged,stage1,0.0,0.0,0.0,D029,1.0,0,0.0,False,stage1_finetune_head,30,25,1.0,1.0,True,5,0,0,20260620,1.0,0.0,1.0,1.0
unchanged,stage1+stage2,0.0,0.0,0.0,D029,1.0,0,0.0,False,stage1_stage2_combined,30,25,1.0,1.0,True,5,0,0,20260620,1.0,0.0,1.0,1.0
unchanged,stage2,0.0,0.0,0.0,D029,1.0,0,0.0,False,stage2_cosine_prototype,30,25,1.0,1.0,True,5,0,0,20260620,1.0,0.0,1.0,1.0
unchanged,stage2,0.0,0.0,0.0,D029,1.0,0,0.0,False,stage2_finetune_bias_only,30,25,1.0,1.0,True,5,0,0,20260620,1.0,0.0,1.0,1.0
unchanged,stage2,0.0,0.0,0.0,D029,1.0,0,0.0,False,stage2_finetune_head,30,25,1.0,1.0,True,5,0,0,20260620,1.0,0.0,1.0,1.0
unchanged,stage2,0.0,0.0,0.0,D029,1.0,0,0.0,False,stage2_positive_bias,30,25,1.0,1.0,True,5,0,0,20260620,1.0,0.0,1.0,1.0
unchanged,none,0.0,0.0,0.0,D029,1.0,0,0.0,False,zero_shot,30,25,1.0,1.0,True,5,0,0,20260620,1.0,0.0,1.0,1.0
unchanged,stage1,0.0,0.0,0.0,D029,1.0,0,0.0,False,stage1_finetune_bias_only,30,25,1.0,1.0,True,5,0,0,20260621,1.0,0.0,1.0,1.0
unchanged,stage1,0.0,0.0,0.0,D029,1.0,0,0.0,False,stage1_finetune_head,30,25,1.0,1.0,True,5,0,0,20260621,1.0,0.0,1.0,1.0
unchanged,stage1+stage2,0.0,0.0,0.0,D029,1.0,0,0.0,False,stage1_stage2_combined,30,25,1.0,1.0,True,5,0,0,20260621,1.0,0.0,1.0,1.0
unchanged,stage2,0.0,0.0,0.0,D029,1.0,0,0.0,False,stage2_cosine_prototype,30,25,1.0,1.0,True,5,0,0,20260621,1.0,0.0,1.0,1.0
unchanged,stage2,0.0,0.0,0.0,D029,1.0,0,0.0,False,stage2_finetune_bias_only,30,25,1.0,1.0,True,5,0,0,20260621,1.0,0.0,1.0,1.0
unchanged,stage2,0.0,0.0,0.0,D029,1.0,0,0.0,False,stage2_finetune_head,30,25,1.0,1.0,True,5,0,0,20260621,1.0,0.0,1.0,1.0
unchanged,stage2,0.0,0.0,0.0,D029,1.0,0,0.0,False,stage2_positive_bias,30,25,1.0,1.0,True,5,0,0,20260621,1.0,0.0,1.0,1.0
unchanged,none,0.0,0.0,0.0,D029,1.0,0,0.0,False,zero_shot,30,25,1.0,1.0,True,5,0,0,20260621,1.0,0.0,1.0,1.0
unchanged,stage1,0.0,0.0,0.0,D029,1.0,0,0.0,False,stage1_finetune_bias_only,30,25,1.0,1.0,True,5,0,0,20260622,1.0,0.0,1.0,1.0
unchanged,stage1,0.0,0.0,0.0,D029,1.0,0,0.0,False,stage1_finetune_head,30,25,1.0,1.0,True,5,0,0,20260622,1.0,0.0,1.0,1.0
unchanged,stage1+stage2,0.0,0.0,0.0,D029,1.0,0,0.0,False,stage1_stage2_combined,30,25,1.0,1.0,True,5,0,0,20260622,1.0,0.0,1.0,1.0
unchanged,stage2,0.0,0.0,0.0,D029,1.0,0,0.0,False,stage2_cosine_prototype,30,25,1.0,1.0,True,5,0,0,20260622,1.0,0.0,1.0,1.0
unchanged,stage2,0.0,0.0,0.0,D029,1.0,0,0.0,False,stage2_finetune_bias_only,30,25,1.0,1.0,True,5,0,0,20260622,1.0,0.0,1.0,1.0
unchanged,stage2,0.0,0.0,0.0,D029,1.0,0,0.0,False,stage2_finetune_head,30,25,1.0,1.0,True,5,0,0,20260622,1.0,0.0,1.0,1.0
unchanged,stage2,0.0,0.0,0.0,D029,1.0,0,0.0,False,stage2_positive_bias,30,25,1.0,1.0,True,5,0,0,20260622,1.0,0.0,1.0,1.0
unchanged,none,0.0,0.0,0.0,D029,1.0,0,0.0,False,zero_shot,30,25,1.0,1.0,True,5,0,0,20260622,1.0,0.0,1.0,1.0
unchanged,stage1,0.0,0.0,0.0,D029,1.0,0,0.0,False,stage1_finetune_bias_only,30,25,1.0,1.0,True,5,0,0,20260623,1.0,0.0,1.0,1.0
unchanged,stage1,0.0,0.0,0.0,D029,1.0,0,0.0,False,stage1_finetune_head,30,25,1.0,1.0,True,5,0,0,20260623,1.0,0.0,1.0,1.0
unchanged,stage1+stage2,0.0,0.0,0.0,D029,1.0,0,0.0,False,stage1_stage2_combined,30,25,1.0,1.0,True,5,0,0,20260623,1.0,0.0,1.0,1.0
unchanged,stage2,0.0,0.0,0.0,D029,1.0,0,0.0,False,stage2_cosine_prototype,30,25,1.0,1.0,True,5,0,0,20260623,1.0,0.0,1.0,1.0
unchanged,stage2,0.0,0.0,0.0,D029,1.0,0,0.0,False,stage2_finetune_bias_only,30,25,1.0,1.0,True,5,0,0,20260623,1.0,0.0,1.0,1.0
unchanged,stage2,0.0,0.0,0.0,D029,1.0,0,0.0,False,stage2_finetune_head,30,25,1.0,1.0,True,5,0,0,20260623,1.0,0.0,1.0,1.0
unchanged,stage2,0.0,0.0,0.0,D029,1.0,0,0.0,False,stage2_positive_bias,30,25,1.0,1.0,True,5,0,0,20260623,1.0,0.0,1.0,1.0
unchanged,none,0.0,0.0,0.0,D029,1.0,0,0.0,False,zero_shot,30,25,1.0,1.0,True,5,0,0,20260623,1.0,0.0,1.0,1.0
unchanged,stage1,0.0,0.0,0.0,D029,1.0,0,0.0,False,stage1_finetune_bias_only,30,25,1.0,1.0,True,5,0,0,20260624,1.0,0.0,1.0,1.0
unchanged,stage1,0.0,0.0,0.0,D029,1.0,0,0.0,False,stage1_finetune_head,30,25,1.0,1.0,True,5,0,0,20260624,1.0,0.0,1.0,1.0
unchanged,stage1+stage2,0.0,0.0,0.0,D029,1.0,0,0.0,False,stage1_stage2_combined,30,25,1.0,1.0,True,5,0,0,20260624,1.0,0.0,1.0,1.0
unchanged,stage2,0.0,0.0,0.0,D029,1.0,0,0.0,False,stage2_cosine_prototype,30,25,1.0,1.0,True,5,0,0,20260624,1.0,0.0,1.0,1.0
unchanged,stage2,0.0,0.0,0.0,D029,1.0,0,0.0,False,stage2_finetune_bias_only,30,25,1.0,1.0,True,5,0,0,20260624,1.0,0.0,1.0,1.0
unchanged,stage2,0.0,0.0,0.0,D029,1.0,0,0.0,False,stage2_finetune_head,30,25,1.0,1.0,True,5,0,0,20260624,1.0,0.0,1.0,1.0
unchanged,stage2,0.0,0.0,0.0,D029,1.0,0,0.0,False,stage2_positive_bias,30,25,1.0,1.0,True,5,0,0,20260624,1.0,0.0,1.0,1.0
unchanged,none,0.0,0.0,0.0,D029,1.0,0,0.0,False,zero_shot,30,25,1.0,1.0,True,5,0,0,20260624,1.0,0.0,1.0,1.0
unchanged,stage1,0.0,0.0,0.0,D030,,0,0.0,True,stage1_finetune_bias_only,2,2,,0.0,True,3,1,1,20260620,,0.0,,0.0
unchanged,stage1,0.0,0.0,0.0,D030,,0,0.0,True,stage1_finetune_head,2,2,,0.0,True,3,1,1,20260620,,0.0,,0.0
unchanged,stage1+stage2,0.0,0.0,0.0,D030,,0,0.0,True,stage1_stage2_combined,2,2,,0.0,True,3,1,1,20260620,,0.0,,0.0
improved,stage2,0.6666666666666666,0.0,0.5,D030,0.6666666666666666,0,0.0,True,stage2_cosine_prototype,2,2,1.0,0.5,True,3,1,1,20260620,,0.0,,0.0
unchanged,stage2,0.0,0.0,0.0,D030,,0,0.0,True,stage2_finetune_bias_only,2,2,,0.0,True,3,1,1,20260620,,0.0,,0.0
unchanged,stage2,0.0,0.0,0.0,D030,,0,0.0,True,stage2_finetune_head,2,2,,0.0,True,3,1,1,20260620,,0.0,,0.0
improved,stage2,0.6666666666666666,0.0,0.5,D030,0.6666666666666666,0,0.0,True,stage2_positive_bias,2,2,1.0,0.5,True,3,1,1,20260620,,0.0,,0.0
unchanged,none,0.0,0.0,0.0,D030,,0,0.0,True,zero_shot,2,2,,0.0,True,3,1,1,20260620,,0.0,,0.0
unchanged,stage1,0.0,0.0,0.0,D030,0.6666666666666666,0,0.0,True,stage1_finetune_bias_only,2,2,1.0,0.5,True,3,1,0,20260621,0.6666666666666666,0.0,1.0,0.5
unchanged,stage1,0.0,0.0,0.0,D030,0.6666666666666666,0,0.0,True,stage1_finetune_head,2,2,1.0,0.5,True,3,1,0,20260621,0.6666666666666666,0.0,1.0,0.5
unchanged,stage1+stage2,0.0,0.0,0.0,D030,0.6666666666666666,0,0.0,True,stage1_stage2_combined,2,2,1.0,0.5,True,3,1,0,20260621,0.6666666666666666,0.0,1.0,0.5
unchanged,stage2,0.0,0.0,0.0,D030,0.6666666666666666,0,0.0,True,stage2_cosine_prototype,2,2,1.0,0.5,True,3,1,0,20260621,0.6666666666666666,0.0,1.0,0.5
unchanged,stage2,0.0,0.0,0.0,D030,0.6666666666666666,0,0.0,True,stage2_finetune_bias_only,2,2,1.0,0.5,True,3,1,0,20260621,0.6666666666666666,0.0,1.0,0.5
unchanged,stage2,0.0,0.0,0.0,D030,0.6666666666666666,0,0.0,True,stage2_finetune_head,2,2,1.0,0.5,True,3,1,0,20260621,0.6666666666666666,0.0,1.0,0.5
unchanged,stage2,0.0,0.0,0.0,D030,0.6666666666666666,0,0.0,True,stage2_positive_bias,2,2,1.0,0.5,True,3,1,0,20260621,0.6666666666666666,0.0,1.0,0.5
unchanged,none,0.0,0.0,0.0,D030,0.6666666666666666,0,0.0,True,zero_shot,2,2,1.0,0.5,True,3,1,0,20260621,0.6666666666666666,0.0,1.0,0.5
unchanged,stage1,0.0,0.0,0.0,D030,0.6666666666666666,0,0.0,True,stage1_finetune_bias_only,2,2,1.0,0.5,True,3,0,1,20260622,0.6666666666666666,0.0,1.0,0.5
unchanged,stage1,0.0,0.0,0.0,D030,0.6666666666666666,0,0.0,True,stage1_finetune_head,2,2,1.0,0.5,True,3,0,1,20260622,0.6666666666666666,0.0,1.0,0.5
unchanged,stage1+stage2,0.0,0.0,0.0,D030,0.6666666666666666,0,0.0,True,stage1_stage2_combined,2,2,1.0,0.5,True,3,0,1,20260622,0.6666666666666666,0.0,1.0,0.5
improved,stage2,0.33333333333333337,0.0,0.5,D030,1.0,0,0.0,True,stage2_cosine_prototype,2,2,1.0,1.0,True,3,0,1,20260622,0.6666666666666666,0.0,1.0,0.5
unchanged,stage2,0.0,0.0,0.0,D030,0.6666666666666666,0,0.0,True,stage2_finetune_bias_only,2,2,1.0,0.5,True,3,0,1,20260622,0.6666666666666666,0.0,1.0,0.5
unchanged,stage2,0.0,0.0,0.0,D030,0.6666666666666666,0,0.0,True,stage2_finetune_head,2,2,1.0,0.5,True,3,0,1,20260622,0.6666666666666666,0.0,1.0,0.5
improved,stage2,0.33333333333333337,0.0,0.5,D030,1.0,0,0.0,True,stage2_positive_bias,2,2,1.0,1.0,True,3,0,1,20260622,0.6666666666666666,0.0,1.0,0.5
unchanged,none,0.0,0.0,0.0,D030,0.6666666666666666,0,0.0,True,zero_shot,2,2,1.0,0.5,True,3,0,1,20260622,0.6666666666666666,0.0,1.0,0.5
unchanged,stage1,0.0,0.0,0.0,D030,,0,0.0,True,stage1_finetune_bias_only,2,2,,0.0,True,3,1,1,20260623,,0.0,,0.0
unchanged,stage1,0.0,0.0,0.0,D030,,0,0.0,True,stage1_finetune_head,2,2,,0.0,True,3,1,1,20260623,,0.0,,0.0
unchanged,stage1+stage2,0.0,0.0,0.0,D030,,0,0.0,True,stage1_stage2_combined,2,2,,0.0,True,3,1,1,20260623,,0.0,,0.0
improved,stage2,0.6666666666666666,0.0,0.5,D030,0.6666666666666666,0,0.0,True,stage2_cosine_prototype,2,2,1.0,0.5,True,3,1,1,20260623,,0.0,,0.0
unchanged,stage2,0.0,0.0,0.0,D030,,0,0.0,True,stage2_finetune_bias_only,2,2,,0.0,True,3,1,1,20260623,,0.0,,0.0
unchanged,stage2,0.0,0.0,0.0,D030,,0,0.0,True,stage2_finetune_head,2,2,,0.0,True,3,1,1,20260623,,0.0,,0.0
improved,stage2,0.6666666666666666,0.0,0.5,D030,0.6666666666666666,0,0.0,True,stage2_positive_bias,2,2,1.0,0.5,True,3,1,1,20260623,,0.0,,0.0
unchanged,none,0.0,0.0,0.0,D030,,0,0.0,True,zero_shot,2,2,,0.0,True,3,1,1,20260623,,0.0,,0.0
unchanged,stage1,0.0,0.0,0.0,D030,0.6666666666666666,0,0.0,True,stage1_finetune_bias_only,2,2,1.0,0.5,True,3,1,0,20260624,0.6666666666666666,0.0,1.0,0.5
unchanged,stage1,0.0,0.0,0.0,D030,0.6666666666666666,0,0.0,True,stage1_finetune_head,2,2,1.0,0.5,True,3,1,0,20260624,0.6666666666666666,0.0,1.0,0.5
unchanged,stage1+stage2,0.0,0.0,0.0,D030,0.6666666666666666,0,0.0,True,stage1_stage2_combined,2,2,1.0,0.5,True,3,1,0,20260624,0.6666666666666666,0.0,1.0,0.5
unchanged,stage2,0.0,0.0,0.0,D030,0.6666666666666666,0,0.0,True,stage2_cosine_prototype,2,2,1.0,0.5,True,3,1,0,20260624,0.6666666666666666,0.0,1.0,0.5
unchanged,stage2,0.0,0.0,0.0,D030,0.6666666666666666,0,0.0,True,stage2_finetune_bias_only,2,2,1.0,0.5,True,3,1,0,20260624,0.6666666666666666,0.0,1.0,0.5
unchanged,stage2,0.0,0.0,0.0,D030,0.6666666666666666,0,0.0,True,stage2_finetune_head,2,2,1.0,0.5,True,3,1,0,20260624,0.6666666666666666,0.0,1.0,0.5
unchanged,stage2,0.0,0.0,0.0,D030,0.6666666666666666,0,0.0,True,stage2_positive_bias,2,2,1.0,0.5,True,3,1,0,20260624,0.6666666666666666,0.0,1.0,0.5
unchanged,none,0.0,0.0,0.0,D030,0.6666666666666666,0,0.0,True,zero_shot,2,2,1.0,0.5,True,3,1,0,20260624,0.6666666666666666,0.0,1.0,0.5
unchanged,stage1,0.0,0.0,0.0,D031,0.4,0,0.0,False,stage1_finetune_bias_only,15,8,1.0,0.25,True,3,0,6,20260620,0.4,0.0,1.0,0.25
unchanged,stage1,0.0,0.0,0.0,D031,0.4,0,0.0,False,stage1_finetune_head,15,8,1.0,0.25,True,3,0,6,20260620,0.4,0.0,1.0,0.25
unchanged,stage1+stage2,0.0,0.0,0.0,D031,0.4,0,0.0,False,stage1_stage2_combined,15,8,1.0,0.25,True,3,0,6,20260620,0.4,0.0,1.0,0.25
improved,stage2,0.5333333333333333,0.0,0.625,D031,0.9333333333333333,0,0.0,False,stage2_cosine_prototype,15,8,1.0,0.875,True,3,0,6,20260620,0.4,0.0,1.0,0.25
unchanged,stage2,0.0,0.0,0.0,D031,0.4,0,0.0,False,stage2_finetune_bias_only,15,8,1.0,0.25,True,3,0,6,20260620,0.4,0.0,1.0,0.25
unchanged,stage2,0.0,0.0,0.0,D031,0.4,0,0.0,False,stage2_finetune_head,15,8,1.0,0.25,True,3,0,6,20260620,0.4,0.0,1.0,0.25
improved,stage2,0.5333333333333333,0.0,0.625,D031,0.9333333333333333,0,0.0,False,stage2_positive_bias,15,8,1.0,0.875,True,3,0,6,20260620,0.4,0.0,1.0,0.25
unchanged,none,0.0,0.0,0.0,D031,0.4,0,0.0,False,zero_shot,15,8,1.0,0.25,True,3,0,6,20260620,0.4,0.0,1.0,0.25
unchanged,stage1,0.0,0.0,0.0,D031,0.5454545454545454,0,0.0,False,stage1_finetune_bias_only,15,8,1.0,0.375,True,3,0,5,20260621,0.5454545454545454,0.0,1.0,0.375
unchanged,stage1,0.0,0.0,0.0,D031,0.5454545454545454,0,0.0,False,stage1_finetune_head,15,8,1.0,0.375,True,3,0,5,20260621,0.5454545454545454,0.0,1.0,0.375
unchanged,stage1+stage2,0.0,0.0,0.0,D031,0.5454545454545454,0,0.0,False,stage1_stage2_combined,15,8,1.0,0.375,True,3,0,5,20260621,0.5454545454545454,0.0,1.0,0.375
degraded,stage2,-0.3232323232323232,0.0,-0.25,D031,0.2222222222222222,0,0.0,False,stage2_cosine_prototype,15,8,1.0,0.125,True,3,0,5,20260621,0.5454545454545454,0.0,1.0,0.375
unchanged,stage2,0.0,0.0,0.0,D031,0.5454545454545454,0,0.0,False,stage2_finetune_bias_only,15,8,1.0,0.375,True,3,0,5,20260621,0.5454545454545454,0.0,1.0,0.375
unchanged,stage2,0.0,0.0,0.0,D031,0.5454545454545454,0,0.0,False,stage2_finetune_head,15,8,1.0,0.375,True,3,0,5,20260621,0.5454545454545454,0.0,1.0,0.375
improved,stage2,0.4545454545454546,0.0,0.625,D031,1.0,0,0.0,False,stage2_positive_bias,15,8,1.0,1.0,True,3,0,5,20260621,0.5454545454545454,0.0,1.0,0.375
unchanged,none,0.0,0.0,0.0,D031,0.5454545454545454,0,0.0,False,zero_shot,15,8,1.0,0.375,True,3,0,5,20260621,0.5454545454545454,0.0,1.0,0.375
unchanged,stage1,0.0,0.0,0.0,D031,0.5454545454545454,0,0.0,False,stage1_finetune_bias_only,15,8,1.0,0.375,True,3,0,5,20260622,0.5454545454545454,0.0,1.0,0.375
unchanged,stage1,0.0,0.0,0.0,D031,0.5454545454545454,0,0.0,False,stage1_finetune_head,15,8,1.0,0.375,True,3,0,5,20260622,0.5454545454545454,0.0,1.0,0.375
unchanged,stage1+stage2,0.0,0.0,0.0,D031,0.5454545454545454,0,0.0,False,stage1_stage2_combined,15,8,1.0,0.375,True,3,0,5,20260622,0.5454545454545454,0.0,1.0,0.375
degraded,stage2,-0.3232323232323232,0.0,-0.25,D031,0.2222222222222222,0,0.0,False,stage2_cosine_prototype,15,8,1.0,0.125,True,3,0,5,20260622,0.5454545454545454,0.0,1.0,0.375
unchanged,stage2,0.0,0.0,0.0,D031,0.5454545454545454,0,0.0,False,stage2_finetune_bias_only,15,8,1.0,0.375,True,3,0,5,20260622,0.5454545454545454,0.0,1.0,0.375
unchanged,stage2,0.0,0.0,0.0,D031,0.5454545454545454,0,0.0,False,stage2_finetune_head,15,8,1.0,0.375,True,3,0,5,20260622,0.5454545454545454,0.0,1.0,0.375
improved,stage2,0.4545454545454546,0.0,0.625,D031,1.0,0,0.0,False,stage2_positive_bias,15,8,1.0,1.0,True,3,0,5,20260622,0.5454545454545454,0.0,1.0,0.375
unchanged,none,0.0,0.0,0.0,D031,0.5454545454545454,0,0.0,False,zero_shot,15,8,1.0,0.375,True,3,0,5,20260622,0.5454545454545454,0.0,1.0,0.375
unchanged,stage1,0.0,0.0,0.0,D031,0.5454545454545454,0,0.0,False,stage1_finetune_bias_only,15,8,1.0,0.375,True,3,0,5,20260623,0.5454545454545454,0.0,1.0,0.375
unchanged,stage1,0.0,0.0,0.0,D031,0.5454545454545454,0,0.0,False,stage1_finetune_head,15,8,1.0,0.375,True,3,0,5,20260623,0.5454545454545454,0.0,1.0,0.375
unchanged,stage1+stage2,0.0,0.0,0.0,D031,0.5454545454545454,0,0.0,False,stage1_stage2_combined,15,8,1.0,0.375,True,3,0,5,20260623,0.5454545454545454,0.0,1.0,0.375
improved,stage2,0.38787878787878793,0.0,0.5,D031,0.9333333333333333,0,0.0,False,stage2_cosine_prototype,15,8,1.0,0.875,True,3,0,5,20260623,0.5454545454545454,0.0,1.0,0.375
unchanged,stage2,0.0,0.0,0.0,D031,0.5454545454545454,0,0.0,False,stage2_finetune_bias_only,15,8,1.0,0.375,True,3,0,5,20260623,0.5454545454545454,0.0,1.0,0.375
unchanged,stage2,0.0,0.0,0.0,D031,0.5454545454545454,0,0.0,False,stage2_finetune_head,15,8,1.0,0.375,True,3,0,5,20260623,0.5454545454545454,0.0,1.0,0.375
improved,stage2,0.38787878787878793,0.0,0.5,D031,0.9333333333333333,0,0.0,False,stage2_positive_bias,15,8,1.0,0.875,True,3,0,5,20260623,0.5454545454545454,0.0,1.0,0.375
unchanged,none,0.0,0.0,0.0,D031,0.5454545454545454,0,0.0,False,zero_shot,15,8,1.0,0.375,True,3,0,5,20260623,0.5454545454545454,0.0,1.0,0.375
unchanged,stage1,0.0,0.0,0.0,D031,0.6666666666666666,0,0.0,False,stage1_finetune_bias_only,15,8,1.0,0.5,True,3,0,4,20260624,0.6666666666666666,0.0,1.0,0.5
unchanged,stage1,0.0,0.0,0.0,D031,0.6666666666666666,0,0.0,False,stage1_finetune_head,15,8,1.0,0.5,True,3,0,4,20260624,0.6666666666666666,0.0,1.0,0.5
unchanged,stage1+stage2,0.0,0.0,0.0,D031,0.6666666666666666,0,0.0,False,stage1_stage2_combined,15,8,1.0,0.5,True,3,0,4,20260624,0.6666666666666666,0.0,1.0,0.5
improved,stage2,0.2666666666666667,0.0,0.375,D031,0.9333333333333333,0,0.0,False,stage2_cosine_prototype,15,8,1.0,0.875,True,3,0,4,20260624,0.6666666666666666,0.0,1.0,0.5
unchanged,stage2,0.0,0.0,0.0,D031,0.6666666666666666,0,0.0,False,stage2_finetune_bias_only,15,8,1.0,0.5,True,3,0,4,20260624,0.6666666666666666,0.0,1.0,0.5
unchanged,stage2,0.0,0.0,0.0,D031,0.6666666666666666,0,0.0,False,stage2_finetune_head,15,8,1.0,0.5,True,3,0,4,20260624,0.6666666666666666,0.0,1.0,0.5
improved,stage2,0.2666666666666667,0.0,0.375,D031,0.9333333333333333,0,0.0,False,stage2_positive_bias,15,8,1.0,0.875,True,3,0,4,20260624,0.6666666666666666,0.0,1.0,0.5
unchanged,none,0.0,0.0,0.0,D031,0.6666666666666666,0,0.0,False,zero_shot,15,8,1.0,0.5,True,3,0,4,20260624,0.6666666666666666,0.0,1.0,0.5
unchanged,stage1,0.0,0.0,0.0,D031,0.5,0,0.0,False,stage1_finetune_bias_only,15,6,1.0,0.3333333333333333,True,5,0,4,20260620,0.5,0.0,1.0,0.3333333333333333
unchanged,stage1,0.0,0.0,0.0,D031,0.5,0,0.0,False,stage1_finetune_head,15,6,1.0,0.3333333333333333,True,5,0,4,20260620,0.5,0.0,1.0,0.3333333333333333
unchanged,stage1+stage2,0.0,0.0,0.0,D031,0.5,0,0.0,False,stage1_stage2_combined,15,6,1.0,0.3333333333333333,True,5,0,4,20260620,0.5,0.0,1.0,0.3333333333333333
improved,stage2,0.40909090909090906,0.0,0.5,D031,0.9090909090909091,0,0.0,False,stage2_cosine_prototype,15,6,1.0,0.8333333333333334,True,5,0,4,20260620,0.5,0.0,1.0,0.3333333333333333
unchanged,stage2,0.0,0.0,0.0,D031,0.5,0,0.0,False,stage2_finetune_bias_only,15,6,1.0,0.3333333333333333,True,5,0,4,20260620,0.5,0.0,1.0,0.3333333333333333
unchanged,stage2,0.0,0.0,0.0,D031,0.5,0,0.0,False,stage2_finetune_head,15,6,1.0,0.3333333333333333,True,5,0,4,20260620,0.5,0.0,1.0,0.3333333333333333
improved,stage2,0.40909090909090906,0.0,0.5,D031,0.9090909090909091,0,0.0,False,stage2_positive_bias,15,6,1.0,0.8333333333333334,True,5,0,4,20260620,0.5,0.0,1.0,0.3333333333333333
unchanged,none,0.0,0.0,0.0,D031,0.5,0,0.0,False,zero_shot,15,6,1.0,0.3333333333333333,True,5,0,4,20260620,0.5,0.0,1.0,0.3333333333333333
unchanged,stage1,0.0,0.0,0.0,D031,0.6666666666666666,0,0.0,False,stage1_finetune_bias_only,15,6,1.0,0.5,True,5,0,3,20260621,0.6666666666666666,0.0,1.0,0.5
unchanged,stage1,0.0,0.0,0.0,D031,0.6666666666666666,0,0.0,False,stage1_finetune_head,15,6,1.0,0.5,True,5,0,3,20260621,0.6666666666666666,0.0,1.0,0.5
unchanged,stage1+stage2,0.0,0.0,0.0,D031,0.6666666666666666,0,0.0,False,stage1_stage2_combined,15,6,1.0,0.5,True,5,0,3,20260621,0.6666666666666666,0.0,1.0,0.5
improved,stage2,0.33333333333333337,0.0,0.5,D031,1.0,0,0.0,False,stage2_cosine_prototype,15,6,1.0,1.0,True,5,0,3,20260621,0.6666666666666666,0.0,1.0,0.5
unchanged,stage2,0.0,0.0,0.0,D031,0.6666666666666666,0,0.0,False,stage2_finetune_bias_only,15,6,1.0,0.5,True,5,0,3,20260621,0.6666666666666666,0.0,1.0,0.5
unchanged,stage2,0.0,0.0,0.0,D031,0.6666666666666666,0,0.0,False,stage2_finetune_head,15,6,1.0,0.5,True,5,0,3,20260621,0.6666666666666666,0.0,1.0,0.5
improved,stage2,0.33333333333333337,0.0,0.5,D031,1.0,0,0.0,False,stage2_positive_bias,15,6,1.0,1.0,True,5,0,3,20260621,0.6666666666666666,0.0,1.0,0.5
unchanged,none,0.0,0.0,0.0,D031,0.6666666666666666,0,0.0,False,zero_shot,15,6,1.0,0.5,True,5,0,3,20260621,0.6666666666666666,0.0,1.0,0.5
unchanged,stage1,0.0,0.0,0.0,D031,0.6666666666666666,0,0.0,False,stage1_finetune_bias_only,15,6,1.0,0.5,True,5,0,3,20260622,0.6666666666666666,0.0,1.0,0.5
unchanged,stage1,0.0,0.0,0.0,D031,0.6666666666666666,0,0.0,False,stage1_finetune_head,15,6,1.0,0.5,True,5,0,3,20260622,0.6666666666666666,0.0,1.0,0.5
unchanged,stage1+stage2,0.0,0.0,0.0,D031,0.6666666666666666,0,0.0,False,stage1_stage2_combined,15,6,1.0,0.5,True,5,0,3,20260622,0.6666666666666666,0.0,1.0,0.5
improved,stage2,0.33333333333333337,0.0,0.5,D031,1.0,0,0.0,False,stage2_cosine_prototype,15,6,1.0,1.0,True,5,0,3,20260622,0.6666666666666666,0.0,1.0,0.5
unchanged,stage2,0.0,0.0,0.0,D031,0.6666666666666666,0,0.0,False,stage2_finetune_bias_only,15,6,1.0,0.5,True,5,0,3,20260622,0.6666666666666666,0.0,1.0,0.5
unchanged,stage2,0.0,0.0,0.0,D031,0.6666666666666666,0,0.0,False,stage2_finetune_head,15,6,1.0,0.5,True,5,0,3,20260622,0.6666666666666666,0.0,1.0,0.5
improved,stage2,0.33333333333333337,0.0,0.5,D031,1.0,0,0.0,False,stage2_positive_bias,15,6,1.0,1.0,True,5,0,3,20260622,0.6666666666666666,0.0,1.0,0.5
unchanged,none,0.0,0.0,0.0,D031,0.6666666666666666,0,0.0,False,zero_shot,15,6,1.0,0.5,True,5,0,3,20260622,0.6666666666666666,0.0,1.0,0.5
unchanged,stage1,0.0,0.0,0.0,D031,0.5,0,0.0,False,stage1_finetune_bias_only,15,6,1.0,0.3333333333333333,True,5,0,4,20260623,0.5,0.0,1.0,0.3333333333333333
unchanged,stage1,0.0,0.0,0.0,D031,0.5,0,0.0,False,stage1_finetune_head,15,6,1.0,0.3333333333333333,True,5,0,4,20260623,0.5,0.0,1.0,0.3333333333333333
unchanged,stage1+stage2,0.0,0.0,0.0,D031,0.5,0,0.0,False,stage1_stage2_combined,15,6,1.0,0.3333333333333333,True,5,0,4,20260623,0.5,0.0,1.0,0.3333333333333333
improved,stage2,0.30000000000000004,0.0,0.3333333333333333,D031,0.8,0,0.0,False,stage2_cosine_prototype,15,6,1.0,0.6666666666666666,True,5,0,4,20260623,0.5,0.0,1.0,0.3333333333333333
unchanged,stage2,0.0,0.0,0.0,D031,0.5,0,0.0,False,stage2_finetune_bias_only,15,6,1.0,0.3333333333333333,True,5,0,4,20260623,0.5,0.0,1.0,0.3333333333333333
unchanged,stage2,0.0,0.0,0.0,D031,0.5,0,0.0,False,stage2_finetune_head,15,6,1.0,0.3333333333333333,True,5,0,4,20260623,0.5,0.0,1.0,0.3333333333333333
improved,stage2,0.30000000000000004,0.0,0.3333333333333333,D031,0.8,0,0.0,False,stage2_positive_bias,15,6,1.0,0.6666666666666666,True,5,0,4,20260623,0.5,0.0,1.0,0.3333333333333333
unchanged,none,0.0,0.0,0.0,D031,0.5,0,0.0,False,zero_shot,15,6,1.0,0.3333333333333333,True,5,0,4,20260623,0.5,0.0,1.0,0.3333333333333333
unchanged,stage1,0.0,0.0,0.0,D031,0.5,0,0.0,False,stage1_finetune_bias_only,15,6,1.0,0.3333333333333333,True,5,0,4,20260624,0.5,0.0,1.0,0.3333333333333333
unchanged,stage1,0.0,0.0,0.0,D031,0.5,0,0.0,False,stage1_finetune_head,15,6,1.0,0.3333333333333333,True,5,0,4,20260624,0.5,0.0,1.0,0.3333333333333333
unchanged,stage1+stage2,0.0,0.0,0.0,D031,0.5,0,0.0,False,stage1_stage2_combined,15,6,1.0,0.3333333333333333,True,5,0,4,20260624,0.5,0.0,1.0,0.3333333333333333
improved,stage2,0.40909090909090906,0.0,0.5,D031,0.9090909090909091,0,0.0,False,stage2_cosine_prototype,15,6,1.0,0.8333333333333334,True,5,0,4,20260624,0.5,0.0,1.0,0.3333333333333333
unchanged,stage2,0.0,0.0,0.0,D031,0.5,0,0.0,False,stage2_finetune_bias_only,15,6,1.0,0.3333333333333333,True,5,0,4,20260624,0.5,0.0,1.0,0.3333333333333333
unchanged,stage2,0.0,0.0,0.0,D031,0.5,0,0.0,False,stage2_finetune_head,15,6,1.0,0.3333333333333333,True,5,0,4,20260624,0.5,0.0,1.0,0.3333333333333333
improved,stage2,0.40909090909090906,0.0,0.5,D031,0.9090909090909091,0,0.0,False,stage2_positive_bias,15,6,1.0,0.8333333333333334,True,5,0,4,20260624,0.5,0.0,1.0,0.3333333333333333
unchanged,none,0.0,0.0,0.0,D031,0.5,0,0.0,False,zero_shot,15,6,1.0,0.3333333333333333,True,5,0,4,20260624,0.5,0.0,1.0,0.3333333333333333
unchanged,stage1,0.0,0.0,0.0,D032,0.888888888888889,0,0.0,True,stage1_finetune_bias_only,2,5,1.0,0.8,True,3,0,1,20260620,0.888888888888889,0.0,1.0,0.8
unchanged,stage1,0.0,0.0,0.0,D032,0.888888888888889,0,0.0,True,stage1_finetune_head,2,5,1.0,0.8,True,3,0,1,20260620,0.888888888888889,0.0,1.0,0.8
unchanged,stage1+stage2,0.0,0.0,0.0,D032,0.888888888888889,0,0.0,True,stage1_stage2_combined,2,5,1.0,0.8,True,3,0,1,20260620,0.888888888888889,0.0,1.0,0.8
improved,stage2,0.11111111111111105,0.0,0.19999999999999996,D032,1.0,0,0.0,True,stage2_cosine_prototype,2,5,1.0,1.0,True,3,0,1,20260620,0.888888888888889,0.0,1.0,0.8
unchanged,stage2,0.0,0.0,0.0,D032,0.888888888888889,0,0.0,True,stage2_finetune_bias_only,2,5,1.0,0.8,True,3,0,1,20260620,0.888888888888889,0.0,1.0,0.8
unchanged,stage2,0.0,0.0,0.0,D032,0.888888888888889,0,0.0,True,stage2_finetune_head,2,5,1.0,0.8,True,3,0,1,20260620,0.888888888888889,0.0,1.0,0.8
improved,stage2,0.11111111111111105,0.0,0.19999999999999996,D032,1.0,0,0.0,True,stage2_positive_bias,2,5,1.0,1.0,True,3,0,1,20260620,0.888888888888889,0.0,1.0,0.8
unchanged,none,0.0,0.0,0.0,D032,0.888888888888889,0,0.0,True,zero_shot,2,5,1.0,0.8,True,3,0,1,20260620,0.888888888888889,0.0,1.0,0.8
unchanged,stage1,0.0,0.0,0.0,D032,0.888888888888889,0,0.0,True,stage1_finetune_bias_only,2,5,1.0,0.8,True,3,0,1,20260621,0.888888888888889,0.0,1.0,0.8
unchanged,stage1,0.0,0.0,0.0,D032,0.888888888888889,0,0.0,True,stage1_finetune_head,2,5,1.0,0.8,True,3,0,1,20260621,0.888888888888889,0.0,1.0,0.8
unchanged,stage1+stage2,0.0,0.0,0.0,D032,0.888888888888889,0,0.0,True,stage1_stage2_combined,2,5,1.0,0.8,True,3,0,1,20260621,0.888888888888889,0.0,1.0,0.8
improved,stage2,0.11111111111111105,0.0,0.19999999999999996,D032,1.0,0,0.0,True,stage2_cosine_prototype,2,5,1.0,1.0,True,3,0,1,20260621,0.888888888888889,0.0,1.0,0.8
unchanged,stage2,0.0,0.0,0.0,D032,0.888888888888889,0,0.0,True,stage2_finetune_bias_only,2,5,1.0,0.8,True,3,0,1,20260621,0.888888888888889,0.0,1.0,0.8
unchanged,stage2,0.0,0.0,0.0,D032,0.888888888888889,0,0.0,True,stage2_finetune_head,2,5,1.0,0.8,True,3,0,1,20260621,0.888888888888889,0.0,1.0,0.8
improved,stage2,0.11111111111111105,0.0,0.19999999999999996,D032,1.0,0,0.0,True,stage2_positive_bias,2,5,1.0,1.0,True,3,0,1,20260621,0.888888888888889,0.0,1.0,0.8
unchanged,none,0.0,0.0,0.0,D032,0.888888888888889,0,0.0,True,zero_shot,2,5,1.0,0.8,True,3,0,1,20260621,0.888888888888889,0.0,1.0,0.8
unchanged,stage1,0.0,0.0,0.0,D032,1.0,0,0.0,True,stage1_finetune_bias_only,2,5,1.0,1.0,True,3,0,0,20260622,1.0,0.0,1.0,1.0
unchanged,stage1,0.0,0.0,0.0,D032,1.0,0,0.0,True,stage1_finetune_head,2,5,1.0,1.0,True,3,0,0,20260622,1.0,0.0,1.0,1.0
unchanged,stage1+stage2,0.0,0.0,0.0,D032,1.0,0,0.0,True,stage1_stage2_combined,2,5,1.0,1.0,True,3,0,0,20260622,1.0,0.0,1.0,1.0
unchanged,stage2,0.0,0.0,0.0,D032,1.0,0,0.0,True,stage2_cosine_prototype,2,5,1.0,1.0,True,3,0,0,20260622,1.0,0.0,1.0,1.0
unchanged,stage2,0.0,0.0,0.0,D032,1.0,0,0.0,True,stage2_finetune_bias_only,2,5,1.0,1.0,True,3,0,0,20260622,1.0,0.0,1.0,1.0
unchanged,stage2,0.0,0.0,0.0,D032,1.0,0,0.0,True,stage2_finetune_head,2,5,1.0,1.0,True,3,0,0,20260622,1.0,0.0,1.0,1.0
unchanged,stage2,0.0,0.0,0.0,D032,1.0,0,0.0,True,stage2_positive_bias,2,5,1.0,1.0,True,3,0,0,20260622,1.0,0.0,1.0,1.0
unchanged,none,0.0,0.0,0.0,D032,1.0,0,0.0,True,zero_shot,2,5,1.0,1.0,True,3,0,0,20260622,1.0,0.0,1.0,1.0
unchanged,stage1,0.0,0.0,0.0,D032,0.888888888888889,0,0.0,True,stage1_finetune_bias_only,2,5,1.0,0.8,True,3,0,1,20260623,0.888888888888889,0.0,1.0,0.8
unchanged,stage1,0.0,0.0,0.0,D032,0.888888888888889,0,0.0,True,stage1_finetune_head,2,5,1.0,0.8,True,3,0,1,20260623,0.888888888888889,0.0,1.0,0.8
unchanged,stage1+stage2,0.0,0.0,0.0,D032,0.888888888888889,0,0.0,True,stage1_stage2_combined,2,5,1.0,0.8,True,3,0,1,20260623,0.888888888888889,0.0,1.0,0.8
improved,stage2,0.11111111111111105,0.0,0.19999999999999996,D032,1.0,0,0.0,True,stage2_cosine_prototype,2,5,1.0,1.0,True,3,0,1,20260623,0.888888888888889,0.0,1.0,0.8
unchanged,stage2,0.0,0.0,0.0,D032,0.888888888888889,0,0.0,True,stage2_finetune_bias_only,2,5,1.0,0.8,True,3,0,1,20260623,0.888888888888889,0.0,1.0,0.8
unchanged,stage2,0.0,0.0,0.0,D032,0.888888888888889,0,0.0,True,stage2_finetune_head,2,5,1.0,0.8,True,3,0,1,20260623,0.888888888888889,0.0,1.0,0.8
improved,stage2,0.11111111111111105,0.0,0.19999999999999996,D032,1.0,0,0.0,True,stage2_positive_bias,2,5,1.0,1.0,True,3,0,1,20260623,0.888888888888889,0.0,1.0,0.8
unchanged,none,0.0,0.0,0.0,D032,0.888888888888889,0,0.0,True,zero_shot,2,5,1.0,0.8,True,3,0,1,20260623,0.888888888888889,0.0,1.0,0.8
unchanged,stage1,0.0,0.0,0.0,D032,0.888888888888889,0,0.0,True,stage1_finetune_bias_only,2,5,1.0,0.8,True,3,0,1,20260624,0.888888888888889,0.0,1.0,0.8
unchanged,stage1,0.0,0.0,0.0,D032,0.888888888888889,0,0.0,True,stage1_finetune_head,2,5,1.0,0.8,True,3,0,1,20260624,0.888888888888889,0.0,1.0,0.8
unchanged,stage1+stage2,0.0,0.0,0.0,D032,0.888888888888889,0,0.0,True,stage1_stage2_combined,2,5,1.0,0.8,True,3,0,1,20260624,0.888888888888889,0.0,1.0,0.8
improved,stage2,0.11111111111111105,0.0,0.19999999999999996,D032,1.0,0,0.0,True,stage2_cosine_prototype,2,5,1.0,1.0,True,3,0,1,20260624,0.888888888888889,0.0,1.0,0.8
unchanged,stage2,0.0,0.0,0.0,D032,0.888888888888889,0,0.0,True,stage2_finetune_bias_only,2,5,1.0,0.8,True,3,0,1,20260624,0.888888888888889,0.0,1.0,0.8
unchanged,stage2,0.0,0.0,0.0,D032,0.888888888888889,0,0.0,True,stage2_finetune_head,2,5,1.0,0.8,True,3,0,1,20260624,0.888888888888889,0.0,1.0,0.8
improved,stage2,0.11111111111111105,0.0,0.19999999999999996,D032,1.0,0,0.0,True,stage2_positive_bias,2,5,1.0,1.0,True,3,0,1,20260624,0.888888888888889,0.0,1.0,0.8
unchanged,none,0.0,0.0,0.0,D032,0.888888888888889,0,0.0,True,zero_shot,2,5,1.0,0.8,True,3,0,1,20260624,0.888888888888889,0.0,1.0,0.8
unchanged,stage1,0.0,0.0,0.0,D032,0.8,0,0.0,True,stage1_finetune_bias_only,2,3,1.0,0.6666666666666666,True,5,0,1,20260620,0.8,0.0,1.0,0.6666666666666666
unchanged,stage1,0.0,0.0,0.0,D032,0.8,0,0.0,True,stage1_finetune_head,2,3,1.0,0.6666666666666666,True,5,0,1,20260620,0.8,0.0,1.0,0.6666666666666666
unchanged,stage1+stage2,0.0,0.0,0.0,D032,0.8,0,0.0,True,stage1_stage2_combined,2,3,1.0,0.6666666666666666,True,5,0,1,20260620,0.8,0.0,1.0,0.6666666666666666
improved,stage2,0.19999999999999996,0.0,0.33333333333333337,D032,1.0,0,0.0,True,stage2_cosine_prototype,2,3,1.0,1.0,True,5,0,1,20260620,0.8,0.0,1.0,0.6666666666666666
unchanged,stage2,0.0,0.0,0.0,D032,0.8,0,0.0,True,stage2_finetune_bias_only,2,3,1.0,0.6666666666666666,True,5,0,1,20260620,0.8,0.0,1.0,0.6666666666666666
unchanged,stage2,0.0,0.0,0.0,D032,0.8,0,0.0,True,stage2_finetune_head,2,3,1.0,0.6666666666666666,True,5,0,1,20260620,0.8,0.0,1.0,0.6666666666666666
improved,stage2,0.19999999999999996,0.0,0.33333333333333337,D032,1.0,0,0.0,True,stage2_positive_bias,2,3,1.0,1.0,True,5,0,1,20260620,0.8,0.0,1.0,0.6666666666666666
unchanged,none,0.0,0.0,0.0,D032,0.8,0,0.0,True,zero_shot,2,3,1.0,0.6666666666666666,True,5,0,1,20260620,0.8,0.0,1.0,0.6666666666666666
unchanged,stage1,0.0,0.0,0.0,D032,0.8,0,0.0,True,stage1_finetune_bias_only,2,3,1.0,0.6666666666666666,True,5,0,1,20260621,0.8,0.0,1.0,0.6666666666666666
unchanged,stage1,0.0,0.0,0.0,D032,0.8,0,0.0,True,stage1_finetune_head,2,3,1.0,0.6666666666666666,True,5,0,1,20260621,0.8,0.0,1.0,0.6666666666666666
unchanged,stage1+stage2,0.0,0.0,0.0,D032,0.8,0,0.0,True,stage1_stage2_combined,2,3,1.0,0.6666666666666666,True,5,0,1,20260621,0.8,0.0,1.0,0.6666666666666666
improved,stage2,0.19999999999999996,0.0,0.33333333333333337,D032,1.0,0,0.0,True,stage2_cosine_prototype,2,3,1.0,1.0,True,5,0,1,20260621,0.8,0.0,1.0,0.6666666666666666
unchanged,stage2,0.0,0.0,0.0,D032,0.8,0,0.0,True,stage2_finetune_bias_only,2,3,1.0,0.6666666666666666,True,5,0,1,20260621,0.8,0.0,1.0,0.6666666666666666
unchanged,stage2,0.0,0.0,0.0,D032,0.8,0,0.0,True,stage2_finetune_head,2,3,1.0,0.6666666666666666,True,5,0,1,20260621,0.8,0.0,1.0,0.6666666666666666
improved,stage2,0.19999999999999996,0.0,0.33333333333333337,D032,1.0,0,0.0,True,stage2_positive_bias,2,3,1.0,1.0,True,5,0,1,20260621,0.8,0.0,1.0,0.6666666666666666
unchanged,none,0.0,0.0,0.0,D032,0.8,0,0.0,True,zero_shot,2,3,1.0,0.6666666666666666,True,5,0,1,20260621,0.8,0.0,1.0,0.6666666666666666
unchanged,stage1,0.0,0.0,0.0,D032,1.0,0,0.0,True,stage1_finetune_bias_only,2,3,1.0,1.0,True,5,0,0,20260622,1.0,0.0,1.0,1.0
unchanged,stage1,0.0,0.0,0.0,D032,1.0,0,0.0,True,stage1_finetune_head,2,3,1.0,1.0,True,5,0,0,20260622,1.0,0.0,1.0,1.0
unchanged,stage1+stage2,0.0,0.0,0.0,D032,1.0,0,0.0,True,stage1_stage2_combined,2,3,1.0,1.0,True,5,0,0,20260622,1.0,0.0,1.0,1.0
unchanged,stage2,0.0,0.0,0.0,D032,1.0,0,0.0,True,stage2_cosine_prototype,2,3,1.0,1.0,True,5,0,0,20260622,1.0,0.0,1.0,1.0
unchanged,stage2,0.0,0.0,0.0,D032,1.0,0,0.0,True,stage2_finetune_bias_only,2,3,1.0,1.0,True,5,0,0,20260622,1.0,0.0,1.0,1.0
unchanged,stage2,0.0,0.0,0.0,D032,1.0,0,0.0,True,stage2_finetune_head,2,3,1.0,1.0,True,5,0,0,20260622,1.0,0.0,1.0,1.0
unchanged,stage2,0.0,0.0,0.0,D032,1.0,0,0.0,True,stage2_positive_bias,2,3,1.0,1.0,True,5,0,0,20260622,1.0,0.0,1.0,1.0
unchanged,none,0.0,0.0,0.0,D032,1.0,0,0.0,True,zero_shot,2,3,1.0,1.0,True,5,0,0,20260622,1.0,0.0,1.0,1.0
unchanged,stage1,0.0,0.0,0.0,D032,1.0,0,0.0,True,stage1_finetune_bias_only,2,3,1.0,1.0,True,5,0,0,20260623,1.0,0.0,1.0,1.0
unchanged,stage1,0.0,0.0,0.0,D032,1.0,0,0.0,True,stage1_finetune_head,2,3,1.0,1.0,True,5,0,0,20260623,1.0,0.0,1.0,1.0
unchanged,stage1+stage2,0.0,0.0,0.0,D032,1.0,0,0.0,True,stage1_stage2_combined,2,3,1.0,1.0,True,5,0,0,20260623,1.0,0.0,1.0,1.0
unchanged,stage2,0.0,0.0,0.0,D032,1.0,0,0.0,True,stage2_cosine_prototype,2,3,1.0,1.0,True,5,0,0,20260623,1.0,0.0,1.0,1.0
unchanged,stage2,0.0,0.0,0.0,D032,1.0,0,0.0,True,stage2_finetune_bias_only,2,3,1.0,1.0,True,5,0,0,20260623,1.0,0.0,1.0,1.0
unchanged,stage2,0.0,0.0,0.0,D032,1.0,0,0.0,True,stage2_finetune_head,2,3,1.0,1.0,True,5,0,0,20260623,1.0,0.0,1.0,1.0
unchanged,stage2,0.0,0.0,0.0,D032,1.0,0,0.0,True,stage2_positive_bias,2,3,1.0,1.0,True,5,0,0,20260623,1.0,0.0,1.0,1.0
unchanged,none,0.0,0.0,0.0,D032,1.0,0,0.0,True,zero_shot,2,3,1.0,1.0,True,5,0,0,20260623,1.0,0.0,1.0,1.0
unchanged,stage1,0.0,0.0,0.0,D032,0.8,0,0.0,True,stage1_finetune_bias_only,2,3,1.0,0.6666666666666666,True,5,0,1,20260624,0.8,0.0,1.0,0.6666666666666666
unchanged,stage1,0.0,0.0,0.0,D032,0.8,0,0.0,True,stage1_finetune_head,2,3,1.0,0.6666666666666666,True,5,0,1,20260624,0.8,0.0,1.0,0.6666666666666666
unchanged,stage1+stage2,0.0,0.0,0.0,D032,0.8,0,0.0,True,stage1_stage2_combined,2,3,1.0,0.6666666666666666,True,5,0,1,20260624,0.8,0.0,1.0,0.6666666666666666
improved,stage2,0.19999999999999996,0.0,0.33333333333333337,D032,1.0,0,0.0,True,stage2_cosine_prototype,2,3,1.0,1.0,True,5,0,1,20260624,0.8,0.0,1.0,0.6666666666666666
unchanged,stage2,0.0,0.0,0.0,D032,0.8,0,0.0,True,stage2_finetune_bias_only,2,3,1.0,0.6666666666666666,True,5,0,1,20260624,0.8,0.0,1.0,0.6666666666666666
unchanged,stage2,0.0,0.0,0.0,D032,0.8,0,0.0,True,stage2_finetune_head,2,3,1.0,0.6666666666666666,True,5,0,1,20260624,0.8,0.0,1.0,0.6666666666666666
improved,stage2,0.19999999999999996,0.0,0.33333333333333337,D032,1.0,0,0.0,True,stage2_positive_bias,2,3,1.0,1.0,True,5,0,1,20260624,0.8,0.0,1.0,0.6666666666666666
unchanged,none,0.0,0.0,0.0,D032,0.8,0,0.0,True,zero_shot,2,3,1.0,0.6666666666666666,True,5,0,1,20260624,0.8,0.0,1.0,0.6666666666666666
unchanged,stage1,0.0,0.0,0.0,D033,0.6153846153846153,0,0.0,False,stage1_finetune_bias_only,5,9,1.0,0.4444444444444444,True,3,1,4,20260620,0.6153846153846153,0.0,1.0,0.4444444444444444
unchanged,stage1,0.0,0.0,0.0,D033,0.6153846153846153,0,0.0,False,stage1_finetune_head,5,9,1.0,0.4444444444444444,True,3,1,4,20260620,0.6153846153846153,0.0,1.0,0.4444444444444444
unchanged,stage1+stage2,0.0,0.0,0.0,D033,0.6153846153846153,0,0.0,False,stage1_stage2_combined,5,9,1.0,0.4444444444444444,True,3,1,4,20260620,0.6153846153846153,0.0,1.0,0.4444444444444444
improved,stage2,0.2596153846153848,0.0,0.33333333333333337,D033,0.8750000000000001,0,0.0,False,stage2_cosine_prototype,5,9,1.0,0.7777777777777778,True,3,1,4,20260620,0.6153846153846153,0.0,1.0,0.4444444444444444
unchanged,stage2,0.0,0.0,0.0,D033,0.6153846153846153,0,0.0,False,stage2_finetune_bias_only,5,9,1.0,0.4444444444444444,True,3,1,4,20260620,0.6153846153846153,0.0,1.0,0.4444444444444444
unchanged,stage2,0.0,0.0,0.0,D033,0.6153846153846153,0,0.0,False,stage2_finetune_head,5,9,1.0,0.4444444444444444,True,3,1,4,20260620,0.6153846153846153,0.0,1.0,0.4444444444444444
improved,stage2,0.18461538461538474,0.0,0.2222222222222222,D033,0.8,0,0.0,False,stage2_positive_bias,5,9,1.0,0.6666666666666666,True,3,1,4,20260620,0.6153846153846153,0.0,1.0,0.4444444444444444
unchanged,none,0.0,0.0,0.0,D033,0.6153846153846153,0,0.0,False,zero_shot,5,9,1.0,0.4444444444444444,True,3,1,4,20260620,0.6153846153846153,0.0,1.0,0.4444444444444444
unchanged,stage1,0.0,0.0,0.0,D033,0.5,0,0.0,False,stage1_finetune_bias_only,5,9,1.0,0.3333333333333333,True,3,2,4,20260621,0.5,0.0,1.0,0.3333333333333333
unchanged,stage1,0.0,0.0,0.0,D033,0.5,0,0.0,False,stage1_finetune_head,5,9,1.0,0.3333333333333333,True,3,2,4,20260621,0.5,0.0,1.0,0.3333333333333333
unchanged,stage1+stage2,0.0,0.0,0.0,D033,0.5,0,0.0,False,stage1_stage2_combined,5,9,1.0,0.3333333333333333,True,3,2,4,20260621,0.5,0.0,1.0,0.3333333333333333
improved,stage2,0.30000000000000004,0.0,0.3333333333333333,D033,0.8,0,0.0,False,stage2_cosine_prototype,5,9,1.0,0.6666666666666666,True,3,2,4,20260621,0.5,0.0,1.0,0.3333333333333333
unchanged,stage2,0.0,0.0,0.0,D033,0.5,0,0.0,False,stage2_finetune_bias_only,5,9,1.0,0.3333333333333333,True,3,2,4,20260621,0.5,0.0,1.0,0.3333333333333333
unchanged,stage2,0.0,0.0,0.0,D033,0.5,0,0.0,False,stage2_finetune_head,5,9,1.0,0.3333333333333333,True,3,2,4,20260621,0.5,0.0,1.0,0.3333333333333333
improved,stage2,0.2142857142857143,0.0,0.22222222222222227,D033,0.7142857142857143,0,0.0,False,stage2_positive_bias,5,9,1.0,0.5555555555555556,True,3,2,4,20260621,0.5,0.0,1.0,0.3333333333333333
unchanged,none,0.0,0.0,0.0,D033,0.5,0,0.0,False,zero_shot,5,9,1.0,0.3333333333333333,True,3,2,4,20260621,0.5,0.0,1.0,0.3333333333333333
unchanged,stage1,0.0,0.0,0.0,D033,0.5,0,0.0,False,stage1_finetune_bias_only,5,9,1.0,0.3333333333333333,True,3,1,5,20260622,0.5,0.0,1.0,0.3333333333333333
unchanged,stage1,0.0,0.0,0.0,D033,0.5,0,0.0,False,stage1_finetune_head,5,9,1.0,0.3333333333333333,True,3,1,5,20260622,0.5,0.0,1.0,0.3333333333333333
unchanged,stage1+stage2,0.0,0.0,0.0,D033,0.5,0,0.0,False,stage1_stage2_combined,5,9,1.0,0.3333333333333333,True,3,1,5,20260622,0.5,0.0,1.0,0.3333333333333333
improved,stage2,0.3750000000000001,0.0,0.4444444444444445,D033,0.8750000000000001,0,0.0,False,stage2_cosine_prototype,5,9,1.0,0.7777777777777778,True,3,1,5,20260622,0.5,0.0,1.0,0.3333333333333333
unchanged,stage2,0.0,0.0,0.0,D033,0.5,0,0.0,False,stage2_finetune_bias_only,5,9,1.0,0.3333333333333333,True,3,1,5,20260622,0.5,0.0,1.0,0.3333333333333333
unchanged,stage2,0.0,0.0,0.0,D033,0.5,0,0.0,False,stage2_finetune_head,5,9,1.0,0.3333333333333333,True,3,1,5,20260622,0.5,0.0,1.0,0.3333333333333333
improved,stage2,0.30000000000000004,0.0,0.3333333333333333,D033,0.8,0,0.0,False,stage2_positive_bias,5,9,1.0,0.6666666666666666,True,3,1,5,20260622,0.5,0.0,1.0,0.3333333333333333
unchanged,none,0.0,0.0,0.0,D033,0.5,0,0.0,False,zero_shot,5,9,1.0,0.3333333333333333,True,3,1,5,20260622,0.5,0.0,1.0,0.3333333333333333
unchanged,stage1,0.0,0.0,0.0,D033,0.5,0,0.0,False,stage1_finetune_bias_only,5,9,1.0,0.3333333333333333,True,3,2,4,20260623,0.5,0.0,1.0,0.3333333333333333
unchanged,stage1,0.0,0.0,0.0,D033,0.5,0,0.0,False,stage1_finetune_head,5,9,1.0,0.3333333333333333,True,3,2,4,20260623,0.5,0.0,1.0,0.3333333333333333
unchanged,stage1+stage2,0.0,0.0,0.0,D033,0.5,0,0.0,False,stage1_stage2_combined,5,9,1.0,0.3333333333333333,True,3,2,4,20260623,0.5,0.0,1.0,0.3333333333333333
improved,stage2,0.30000000000000004,0.0,0.3333333333333333,D033,0.8,0,0.0,False,stage2_cosine_prototype,5,9,1.0,0.6666666666666666,True,3,2,4,20260623,0.5,0.0,1.0,0.3333333333333333
unchanged,stage2,0.0,0.0,0.0,D033,0.5,0,0.0,False,stage2_finetune_bias_only,5,9,1.0,0.3333333333333333,True,3,2,4,20260623,0.5,0.0,1.0,0.3333333333333333
unchanged,stage2,0.0,0.0,0.0,D033,0.5,0,0.0,False,stage2_finetune_head,5,9,1.0,0.3333333333333333,True,3,2,4,20260623,0.5,0.0,1.0,0.3333333333333333
improved,stage2,0.2142857142857143,0.0,0.22222222222222227,D033,0.7142857142857143,0,0.0,False,stage2_positive_bias,5,9,1.0,0.5555555555555556,True,3,2,4,20260623,0.5,0.0,1.0,0.3333333333333333
unchanged,none,0.0,0.0,0.0,D033,0.5,0,0.0,False,zero_shot,5,9,1.0,0.3333333333333333,True,3,2,4,20260623,0.5,0.0,1.0,0.3333333333333333
unchanged,stage1,0.0,0.0,0.0,D033,0.5,0,0.0,False,stage1_finetune_bias_only,5,9,1.0,0.3333333333333333,True,3,2,4,20260624,0.5,0.0,1.0,0.3333333333333333
unchanged,stage1,0.0,0.0,0.0,D033,0.5,0,0.0,False,stage1_finetune_head,5,9,1.0,0.3333333333333333,True,3,2,4,20260624,0.5,0.0,1.0,0.3333333333333333
unchanged,stage1+stage2,0.0,0.0,0.0,D033,0.5,0,0.0,False,stage1_stage2_combined,5,9,1.0,0.3333333333333333,True,3,2,4,20260624,0.5,0.0,1.0,0.3333333333333333
improved,stage2,0.30000000000000004,0.0,0.3333333333333333,D033,0.8,0,0.0,False,stage2_cosine_prototype,5,9,1.0,0.6666666666666666,True,3,2,4,20260624,0.5,0.0,1.0,0.3333333333333333
unchanged,stage2,0.0,0.0,0.0,D033,0.5,0,0.0,False,stage2_finetune_bias_only,5,9,1.0,0.3333333333333333,True,3,2,4,20260624,0.5,0.0,1.0,0.3333333333333333
unchanged,stage2,0.0,0.0,0.0,D033,0.5,0,0.0,False,stage2_finetune_head,5,9,1.0,0.3333333333333333,True,3,2,4,20260624,0.5,0.0,1.0,0.3333333333333333
improved,stage2,0.2142857142857143,0.0,0.22222222222222227,D033,0.7142857142857143,0,0.0,False,stage2_positive_bias,5,9,1.0,0.5555555555555556,True,3,2,4,20260624,0.5,0.0,1.0,0.3333333333333333
unchanged,none,0.0,0.0,0.0,D033,0.5,0,0.0,False,zero_shot,5,9,1.0,0.3333333333333333,True,3,2,4,20260624,0.5,0.0,1.0,0.3333333333333333
unchanged,stage1,0.0,0.0,0.0,D033,0.6,0,0.0,False,stage1_finetune_bias_only,5,7,1.0,0.42857142857142855,True,5,1,3,20260620,0.6,0.0,1.0,0.42857142857142855
unchanged,stage1,0.0,0.0,0.0,D033,0.6,0,0.0,False,stage1_finetune_head,5,7,1.0,0.42857142857142855,True,5,1,3,20260620,0.6,0.0,1.0,0.42857142857142855
unchanged,stage1+stage2,0.0,0.0,0.0,D033,0.6,0,0.0,False,stage1_stage2_combined,5,7,1.0,0.42857142857142855,True,5,1,3,20260620,0.6,0.0,1.0,0.42857142857142855
improved,stage2,0.32307692307692304,0.0,0.42857142857142855,D033,0.923076923076923,0,0.0,False,stage2_cosine_prototype,5,7,1.0,0.8571428571428571,True,5,1,3,20260620,0.6,0.0,1.0,0.42857142857142855
unchanged,stage2,0.0,0.0,0.0,D033,0.6,0,0.0,False,stage2_finetune_bias_only,5,7,1.0,0.42857142857142855,True,5,1,3,20260620,0.6,0.0,1.0,0.42857142857142855
unchanged,stage2,0.0,0.0,0.0,D033,0.6,0,0.0,False,stage2_finetune_head,5,7,1.0,0.42857142857142855,True,5,1,3,20260620,0.6,0.0,1.0,0.42857142857142855
improved,stage2,0.2571428571428571,0.2,0.42857142857142855,D033,0.8571428571428571,1,0.2,False,stage2_positive_bias,5,7,0.8571428571428571,0.8571428571428571,False,5,1,3,20260620,0.6,0.0,1.0,0.42857142857142855
unchanged,none,0.0,0.0,0.0,D033,0.6,0,0.0,False,zero_shot,5,7,1.0,0.42857142857142855,True,5,1,3,20260620,0.6,0.0,1.0,0.42857142857142855
unchanged,stage1,0.0,0.0,0.0,D033,0.4444444444444445,0,0.0,False,stage1_finetune_bias_only,5,7,1.0,0.2857142857142857,True,5,2,3,20260621,0.4444444444444445,0.0,1.0,0.2857142857142857
unchanged,stage1,0.0,0.0,0.0,D033,0.4444444444444445,0,0.0,False,stage1_finetune_head,5,7,1.0,0.2857142857142857,True,5,2,3,20260621,0.4444444444444445,0.0,1.0,0.2857142857142857
unchanged,stage1+stage2,0.0,0.0,0.0,D033,0.4444444444444445,0,0.0,False,stage1_stage2_combined,5,7,1.0,0.2857142857142857,True,5,2,3,20260621,0.4444444444444445,0.0,1.0,0.2857142857142857
improved,stage2,0.3888888888888888,0.0,0.4285714285714286,D033,0.8333333333333333,0,0.0,False,stage2_cosine_prototype,5,7,1.0,0.7142857142857143,True,5,2,3,20260621,0.4444444444444445,0.0,1.0,0.2857142857142857
unchanged,stage2,0.0,0.0,0.0,D033,0.4444444444444445,0,0.0,False,stage2_finetune_bias_only,5,7,1.0,0.2857142857142857,True,5,2,3,20260621,0.4444444444444445,0.0,1.0,0.2857142857142857
unchanged,stage2,0.0,0.0,0.0,D033,0.4444444444444445,0,0.0,False,stage2_finetune_head,5,7,1.0,0.2857142857142857,True,5,2,3,20260621,0.4444444444444445,0.0,1.0,0.2857142857142857
improved,stage2,0.3247863247863247,0.2,0.4285714285714286,D033,0.7692307692307692,1,0.2,False,stage2_positive_bias,5,7,0.8333333333333334,0.7142857142857143,False,5,2,3,20260621,0.4444444444444445,0.0,1.0,0.2857142857142857
unchanged,none,0.0,0.0,0.0,D033,0.4444444444444445,0,0.0,False,zero_shot,5,7,1.0,0.2857142857142857,True,5,2,3,20260621,0.4444444444444445,0.0,1.0,0.2857142857142857
unchanged,stage1,0.0,0.0,0.0,D033,0.6,0,0.0,False,stage1_finetune_bias_only,5,7,1.0,0.42857142857142855,True,5,1,3,20260622,0.6,0.0,1.0,0.42857142857142855
unchanged,stage1,0.0,0.0,0.0,D033,0.6,0,0.0,False,stage1_finetune_head,5,7,1.0,0.42857142857142855,True,5,1,3,20260622,0.6,0.0,1.0,0.42857142857142855
unchanged,stage1+stage2,0.0,0.0,0.0,D033,0.6,0,0.0,False,stage1_stage2_combined,5,7,1.0,0.42857142857142855,True,5,1,3,20260622,0.6,0.0,1.0,0.42857142857142855
improved,stage2,0.23333333333333328,0.0,0.28571428571428575,D033,0.8333333333333333,0,0.0,False,stage2_cosine_prototype,5,7,1.0,0.7142857142857143,True,5,1,3,20260622,0.6,0.0,1.0,0.42857142857142855
unchanged,stage2,0.0,0.0,0.0,D033,0.6,0,0.0,False,stage2_finetune_bias_only,5,7,1.0,0.42857142857142855,True,5,1,3,20260622,0.6,0.0,1.0,0.42857142857142855
unchanged,stage2,0.0,0.0,0.0,D033,0.6,0,0.0,False,stage2_finetune_head,5,7,1.0,0.42857142857142855,True,5,1,3,20260622,0.6,0.0,1.0,0.42857142857142855
improved,stage2,0.23333333333333328,0.0,0.28571428571428575,D033,0.8333333333333333,0,0.0,False,stage2_positive_bias,5,7,1.0,0.7142857142857143,True,5,1,3,20260622,0.6,0.0,1.0,0.42857142857142855
unchanged,none,0.0,0.0,0.0,D033,0.6,0,0.0,False,zero_shot,5,7,1.0,0.42857142857142855,True,5,1,3,20260622,0.6,0.0,1.0,0.42857142857142855
unchanged,stage1,0.0,0.0,0.0,D033,0.4444444444444445,0,0.0,False,stage1_finetune_bias_only,5,7,1.0,0.2857142857142857,True,5,2,3,20260623,0.4444444444444445,0.0,1.0,0.2857142857142857
unchanged,stage1,0.0,0.0,0.0,D033,0.4444444444444445,0,0.0,False,stage1_finetune_head,5,7,1.0,0.2857142857142857,True,5,2,3,20260623,0.4444444444444445,0.0,1.0,0.2857142857142857
unchanged,stage1+stage2,0.0,0.0,0.0,D033,0.4444444444444445,0,0.0,False,stage1_stage2_combined,5,7,1.0,0.2857142857142857,True,5,2,3,20260623,0.4444444444444445,0.0,1.0,0.2857142857142857
improved,stage2,0.2828282828282828,0.0,0.2857142857142857,D033,0.7272727272727273,0,0.0,False,stage2_cosine_prototype,5,7,1.0,0.5714285714285714,True,5,2,3,20260623,0.4444444444444445,0.0,1.0,0.2857142857142857
unchanged,stage2,0.0,0.0,0.0,D033,0.4444444444444445,0,0.0,False,stage2_finetune_bias_only,5,7,1.0,0.2857142857142857,True,5,2,3,20260623,0.4444444444444445,0.0,1.0,0.2857142857142857
unchanged,stage2,0.0,0.0,0.0,D033,0.4444444444444445,0,0.0,False,stage2_finetune_head,5,7,1.0,0.2857142857142857,True,5,2,3,20260623,0.4444444444444445,0.0,1.0,0.2857142857142857
improved,stage2,0.1555555555555555,0.0,0.14285714285714285,D033,0.6,0,0.0,False,stage2_positive_bias,5,7,1.0,0.42857142857142855,True,5,2,3,20260623,0.4444444444444445,0.0,1.0,0.2857142857142857
unchanged,none,0.0,0.0,0.0,D033,0.4444444444444445,0,0.0,False,zero_shot,5,7,1.0,0.2857142857142857,True,5,2,3,20260623,0.4444444444444445,0.0,1.0,0.2857142857142857
unchanged,stage1,0.0,0.0,0.0,D033,0.6,0,0.0,False,stage1_finetune_bias_only,5,7,1.0,0.42857142857142855,True,5,1,3,20260624,0.6,0.0,1.0,0.42857142857142855
unchanged,stage1,0.0,0.0,0.0,D033,0.6,0,0.0,False,stage1_finetune_head,5,7,1.0,0.42857142857142855,True,5,1,3,20260624,0.6,0.0,1.0,0.42857142857142855
unchanged,stage1+stage2,0.0,0.0,0.0,D033,0.6,0,0.0,False,stage1_stage2_combined,5,7,1.0,0.42857142857142855,True,5,1,3,20260624,0.6,0.0,1.0,0.42857142857142855
improved,stage2,0.23333333333333328,0.0,0.28571428571428575,D033,0.8333333333333333,0,0.0,False,stage2_cosine_prototype,5,7,1.0,0.7142857142857143,True,5,1,3,20260624,0.6,0.0,1.0,0.42857142857142855
unchanged,stage2,0.0,0.0,0.0,D033,0.6,0,0.0,False,stage2_finetune_bias_only,5,7,1.0,0.42857142857142855,True,5,1,3,20260624,0.6,0.0,1.0,0.42857142857142855
unchanged,stage2,0.0,0.0,0.0,D033,0.6,0,0.0,False,stage2_finetune_head,5,7,1.0,0.42857142857142855,True,5,1,3,20260624,0.6,0.0,1.0,0.42857142857142855
improved,stage2,0.23333333333333328,0.0,0.28571428571428575,D033,0.8333333333333333,0,0.0,False,stage2_positive_bias,5,7,1.0,0.7142857142857143,True,5,1,3,20260624,0.6,0.0,1.0,0.42857142857142855
unchanged,none,0.0,0.0,0.0,D033,0.6,0,0.0,False,zero_shot,5,7,1.0,0.42857142857142855,True,5,1,3,20260624,0.6,0.0,1.0,0.42857142857142855
unchanged,stage1,0.0,0.0,0.0,D034,1.0,0,0.0,False,stage1_finetune_bias_only,15,8,1.0,1.0,True,3,0,0,20260620,1.0,0.0,1.0,1.0
unchanged,stage1,0.0,0.0,0.0,D034,1.0,0,0.0,False,stage1_finetune_head,15,8,1.0,1.0,True,3,0,0,20260620,1.0,0.0,1.0,1.0
unchanged,stage1+stage2,0.0,0.0,0.0,D034,1.0,0,0.0,False,stage1_stage2_combined,15,8,1.0,1.0,True,3,0,0,20260620,1.0,0.0,1.0,1.0
unchanged,stage2,0.0,0.0,0.0,D034,1.0,0,0.0,False,stage2_cosine_prototype,15,8,1.0,1.0,True,3,0,0,20260620,1.0,0.0,1.0,1.0
unchanged,stage2,0.0,0.0,0.0,D034,1.0,0,0.0,False,stage2_finetune_bias_only,15,8,1.0,1.0,True,3,0,0,20260620,1.0,0.0,1.0,1.0
unchanged,stage2,0.0,0.0,0.0,D034,1.0,0,0.0,False,stage2_finetune_head,15,8,1.0,1.0,True,3,0,0,20260620,1.0,0.0,1.0,1.0
unchanged,stage2,0.0,0.0,0.0,D034,1.0,0,0.0,False,stage2_positive_bias,15,8,1.0,1.0,True,3,0,0,20260620,1.0,0.0,1.0,1.0
unchanged,none,0.0,0.0,0.0,D034,1.0,0,0.0,False,zero_shot,15,8,1.0,1.0,True,3,0,0,20260620,1.0,0.0,1.0,1.0
unchanged,stage1,0.0,0.0,0.0,D034,1.0,0,0.0,False,stage1_finetune_bias_only,15,8,1.0,1.0,True,3,0,0,20260621,1.0,0.0,1.0,1.0
unchanged,stage1,0.0,0.0,0.0,D034,1.0,0,0.0,False,stage1_finetune_head,15,8,1.0,1.0,True,3,0,0,20260621,1.0,0.0,1.0,1.0
unchanged,stage1+stage2,0.0,0.0,0.0,D034,1.0,0,0.0,False,stage1_stage2_combined,15,8,1.0,1.0,True,3,0,0,20260621,1.0,0.0,1.0,1.0
unchanged,stage2,0.0,0.0,0.0,D034,1.0,0,0.0,False,stage2_cosine_prototype,15,8,1.0,1.0,True,3,0,0,20260621,1.0,0.0,1.0,1.0
unchanged,stage2,0.0,0.0,0.0,D034,1.0,0,0.0,False,stage2_finetune_bias_only,15,8,1.0,1.0,True,3,0,0,20260621,1.0,0.0,1.0,1.0
unchanged,stage2,0.0,0.0,0.0,D034,1.0,0,0.0,False,stage2_finetune_head,15,8,1.0,1.0,True,3,0,0,20260621,1.0,0.0,1.0,1.0
unchanged,stage2,0.0,0.0,0.0,D034,1.0,0,0.0,False,stage2_positive_bias,15,8,1.0,1.0,True,3,0,0,20260621,1.0,0.0,1.0,1.0
unchanged,none,0.0,0.0,0.0,D034,1.0,0,0.0,False,zero_shot,15,8,1.0,1.0,True,3,0,0,20260621,1.0,0.0,1.0,1.0
unchanged,stage1,0.0,0.0,0.0,D034,1.0,0,0.0,False,stage1_finetune_bias_only,15,8,1.0,1.0,True,3,0,0,20260622,1.0,0.0,1.0,1.0
unchanged,stage1,0.0,0.0,0.0,D034,1.0,0,0.0,False,stage1_finetune_head,15,8,1.0,1.0,True,3,0,0,20260622,1.0,0.0,1.0,1.0
unchanged,stage1+stage2,0.0,0.0,0.0,D034,1.0,0,0.0,False,stage1_stage2_combined,15,8,1.0,1.0,True,3,0,0,20260622,1.0,0.0,1.0,1.0
unchanged,stage2,0.0,0.0,0.0,D034,1.0,0,0.0,False,stage2_cosine_prototype,15,8,1.0,1.0,True,3,0,0,20260622,1.0,0.0,1.0,1.0
unchanged,stage2,0.0,0.0,0.0,D034,1.0,0,0.0,False,stage2_finetune_bias_only,15,8,1.0,1.0,True,3,0,0,20260622,1.0,0.0,1.0,1.0
unchanged,stage2,0.0,0.0,0.0,D034,1.0,0,0.0,False,stage2_finetune_head,15,8,1.0,1.0,True,3,0,0,20260622,1.0,0.0,1.0,1.0
unchanged,stage2,0.0,0.0,0.0,D034,1.0,0,0.0,False,stage2_positive_bias,15,8,1.0,1.0,True,3,0,0,20260622,1.0,0.0,1.0,1.0
unchanged,none,0.0,0.0,0.0,D034,1.0,0,0.0,False,zero_shot,15,8,1.0,1.0,True,3,0,0,20260622,1.0,0.0,1.0,1.0
unchanged,stage1,0.0,0.0,0.0,D034,1.0,0,0.0,False,stage1_finetune_bias_only,15,8,1.0,1.0,True,3,0,0,20260623,1.0,0.0,1.0,1.0
unchanged,stage1,0.0,0.0,0.0,D034,1.0,0,0.0,False,stage1_finetune_head,15,8,1.0,1.0,True,3,0,0,20260623,1.0,0.0,1.0,1.0
unchanged,stage1+stage2,0.0,0.0,0.0,D034,1.0,0,0.0,False,stage1_stage2_combined,15,8,1.0,1.0,True,3,0,0,20260623,1.0,0.0,1.0,1.0
unchanged,stage2,0.0,0.0,0.0,D034,1.0,0,0.0,False,stage2_cosine_prototype,15,8,1.0,1.0,True,3,0,0,20260623,1.0,0.0,1.0,1.0
unchanged,stage2,0.0,0.0,0.0,D034,1.0,0,0.0,False,stage2_finetune_bias_only,15,8,1.0,1.0,True,3,0,0,20260623,1.0,0.0,1.0,1.0
unchanged,stage2,0.0,0.0,0.0,D034,1.0,0,0.0,False,stage2_finetune_head,15,8,1.0,1.0,True,3,0,0,20260623,1.0,0.0,1.0,1.0
unchanged,stage2,0.0,0.0,0.0,D034,1.0,0,0.0,False,stage2_positive_bias,15,8,1.0,1.0,True,3,0,0,20260623,1.0,0.0,1.0,1.0
unchanged,none,0.0,0.0,0.0,D034,1.0,0,0.0,False,zero_shot,15,8,1.0,1.0,True,3,0,0,20260623,1.0,0.0,1.0,1.0
unchanged,stage1,0.0,0.0,0.0,D034,1.0,0,0.0,False,stage1_finetune_bias_only,15,8,1.0,1.0,True,3,0,0,20260624,1.0,0.0,1.0,1.0
unchanged,stage1,0.0,0.0,0.0,D034,1.0,0,0.0,False,stage1_finetune_head,15,8,1.0,1.0,True,3,0,0,20260624,1.0,0.0,1.0,1.0
unchanged,stage1+stage2,0.0,0.0,0.0,D034,1.0,0,0.0,False,stage1_stage2_combined,15,8,1.0,1.0,True,3,0,0,20260624,1.0,0.0,1.0,1.0
unchanged,stage2,0.0,0.0,0.0,D034,1.0,0,0.0,False,stage2_cosine_prototype,15,8,1.0,1.0,True,3,0,0,20260624,1.0,0.0,1.0,1.0
unchanged,stage2,0.0,0.0,0.0,D034,1.0,0,0.0,False,stage2_finetune_bias_only,15,8,1.0,1.0,True,3,0,0,20260624,1.0,0.0,1.0,1.0
unchanged,stage2,0.0,0.0,0.0,D034,1.0,0,0.0,False,stage2_finetune_head,15,8,1.0,1.0,True,3,0,0,20260624,1.0,0.0,1.0,1.0
unchanged,stage2,0.0,0.0,0.0,D034,1.0,0,0.0,False,stage2_positive_bias,15,8,1.0,1.0,True,3,0,0,20260624,1.0,0.0,1.0,1.0
unchanged,none,0.0,0.0,0.0,D034,1.0,0,0.0,False,zero_shot,15,8,1.0,1.0,True,3,0,0,20260624,1.0,0.0,1.0,1.0
unchanged,stage1,0.0,0.0,0.0,D034,1.0,0,0.0,False,stage1_finetune_bias_only,15,6,1.0,1.0,True,5,0,0,20260620,1.0,0.0,1.0,1.0
unchanged,stage1,0.0,0.0,0.0,D034,1.0,0,0.0,False,stage1_finetune_head,15,6,1.0,1.0,True,5,0,0,20260620,1.0,0.0,1.0,1.0
unchanged,stage1+stage2,0.0,0.0,0.0,D034,1.0,0,0.0,False,stage1_stage2_combined,15,6,1.0,1.0,True,5,0,0,20260620,1.0,0.0,1.0,1.0
unchanged,stage2,0.0,0.0,0.0,D034,1.0,0,0.0,False,stage2_cosine_prototype,15,6,1.0,1.0,True,5,0,0,20260620,1.0,0.0,1.0,1.0
unchanged,stage2,0.0,0.0,0.0,D034,1.0,0,0.0,False,stage2_finetune_bias_only,15,6,1.0,1.0,True,5,0,0,20260620,1.0,0.0,1.0,1.0
unchanged,stage2,0.0,0.0,0.0,D034,1.0,0,0.0,False,stage2_finetune_head,15,6,1.0,1.0,True,5,0,0,20260620,1.0,0.0,1.0,1.0
unchanged,stage2,0.0,0.0,0.0,D034,1.0,0,0.0,False,stage2_positive_bias,15,6,1.0,1.0,True,5,0,0,20260620,1.0,0.0,1.0,1.0
unchanged,none,0.0,0.0,0.0,D034,1.0,0,0.0,False,zero_shot,15,6,1.0,1.0,True,5,0,0,20260620,1.0,0.0,1.0,1.0
unchanged,stage1,0.0,0.0,0.0,D034,1.0,0,0.0,False,stage1_finetune_bias_only,15,6,1.0,1.0,True,5,0,0,20260621,1.0,0.0,1.0,1.0
unchanged,stage1,0.0,0.0,0.0,D034,1.0,0,0.0,False,stage1_finetune_head,15,6,1.0,1.0,True,5,0,0,20260621,1.0,0.0,1.0,1.0
unchanged,stage1+stage2,0.0,0.0,0.0,D034,1.0,0,0.0,False,stage1_stage2_combined,15,6,1.0,1.0,True,5,0,0,20260621,1.0,0.0,1.0,1.0
unchanged,stage2,0.0,0.0,0.0,D034,1.0,0,0.0,False,stage2_cosine_prototype,15,6,1.0,1.0,True,5,0,0,20260621,1.0,0.0,1.0,1.0
unchanged,stage2,0.0,0.0,0.0,D034,1.0,0,0.0,False,stage2_finetune_bias_only,15,6,1.0,1.0,True,5,0,0,20260621,1.0,0.0,1.0,1.0
unchanged,stage2,0.0,0.0,0.0,D034,1.0,0,0.0,False,stage2_finetune_head,15,6,1.0,1.0,True,5,0,0,20260621,1.0,0.0,1.0,1.0
unchanged,stage2,0.0,0.0,0.0,D034,1.0,0,0.0,False,stage2_positive_bias,15,6,1.0,1.0,True,5,0,0,20260621,1.0,0.0,1.0,1.0
unchanged,none,0.0,0.0,0.0,D034,1.0,0,0.0,False,zero_shot,15,6,1.0,1.0,True,5,0,0,20260621,1.0,0.0,1.0,1.0
unchanged,stage1,0.0,0.0,0.0,D034,1.0,0,0.0,False,stage1_finetune_bias_only,15,6,1.0,1.0,True,5,0,0,20260622,1.0,0.0,1.0,1.0
unchanged,stage1,0.0,0.0,0.0,D034,1.0,0,0.0,False,stage1_finetune_head,15,6,1.0,1.0,True,5,0,0,20260622,1.0,0.0,1.0,1.0
unchanged,stage1+stage2,0.0,0.0,0.0,D034,1.0,0,0.0,False,stage1_stage2_combined,15,6,1.0,1.0,True,5,0,0,20260622,1.0,0.0,1.0,1.0
unchanged,stage2,0.0,0.0,0.0,D034,1.0,0,0.0,False,stage2_cosine_prototype,15,6,1.0,1.0,True,5,0,0,20260622,1.0,0.0,1.0,1.0
unchanged,stage2,0.0,0.0,0.0,D034,1.0,0,0.0,False,stage2_finetune_bias_only,15,6,1.0,1.0,True,5,0,0,20260622,1.0,0.0,1.0,1.0
unchanged,stage2,0.0,0.0,0.0,D034,1.0,0,0.0,False,stage2_finetune_head,15,6,1.0,1.0,True,5,0,0,20260622,1.0,0.0,1.0,1.0
unchanged,stage2,0.0,0.0,0.0,D034,1.0,0,0.0,False,stage2_positive_bias,15,6,1.0,1.0,True,5,0,0,20260622,1.0,0.0,1.0,1.0
unchanged,none,0.0,0.0,0.0,D034,1.0,0,0.0,False,zero_shot,15,6,1.0,1.0,True,5,0,0,20260622,1.0,0.0,1.0,1.0
unchanged,stage1,0.0,0.0,0.0,D034,1.0,0,0.0,False,stage1_finetune_bias_only,15,6,1.0,1.0,True,5,0,0,20260623,1.0,0.0,1.0,1.0
unchanged,stage1,0.0,0.0,0.0,D034,1.0,0,0.0,False,stage1_finetune_head,15,6,1.0,1.0,True,5,0,0,20260623,1.0,0.0,1.0,1.0
unchanged,stage1+stage2,0.0,0.0,0.0,D034,1.0,0,0.0,False,stage1_stage2_combined,15,6,1.0,1.0,True,5,0,0,20260623,1.0,0.0,1.0,1.0
unchanged,stage2,0.0,0.0,0.0,D034,1.0,0,0.0,False,stage2_cosine_prototype,15,6,1.0,1.0,True,5,0,0,20260623,1.0,0.0,1.0,1.0
unchanged,stage2,0.0,0.0,0.0,D034,1.0,0,0.0,False,stage2_finetune_bias_only,15,6,1.0,1.0,True,5,0,0,20260623,1.0,0.0,1.0,1.0
unchanged,stage2,0.0,0.0,0.0,D034,1.0,0,0.0,False,stage2_finetune_head,15,6,1.0,1.0,True,5,0,0,20260623,1.0,0.0,1.0,1.0
unchanged,stage2,0.0,0.0,0.0,D034,1.0,0,0.0,False,stage2_positive_bias,15,6,1.0,1.0,True,5,0,0,20260623,1.0,0.0,1.0,1.0
unchanged,none,0.0,0.0,0.0,D034,1.0,0,0.0,False,zero_shot,15,6,1.0,1.0,True,5,0,0,20260623,1.0,0.0,1.0,1.0
unchanged,stage1,0.0,0.0,0.0,D034,1.0,0,0.0,False,stage1_finetune_bias_only,15,6,1.0,1.0,True,5,0,0,20260624,1.0,0.0,1.0,1.0
unchanged,stage1,0.0,0.0,0.0,D034,1.0,0,0.0,False,stage1_finetune_head,15,6,1.0,1.0,True,5,0,0,20260624,1.0,0.0,1.0,1.0
unchanged,stage1+stage2,0.0,0.0,0.0,D034,1.0,0,0.0,False,stage1_stage2_combined,15,6,1.0,1.0,True,5,0,0,20260624,1.0,0.0,1.0,1.0
unchanged,stage2,0.0,0.0,0.0,D034,1.0,0,0.0,False,stage2_cosine_prototype,15,6,1.0,1.0,True,5,0,0,20260624,1.0,0.0,1.0,1.0
unchanged,stage2,0.0,0.0,0.0,D034,1.0,0,0.0,False,stage2_finetune_bias_only,15,6,1.0,1.0,True,5,0,0,20260624,1.0,0.0,1.0,1.0
unchanged,stage2,0.0,0.0,0.0,D034,1.0,0,0.0,False,stage2_finetune_head,15,6,1.0,1.0,True,5,0,0,20260624,1.0,0.0,1.0,1.0
unchanged,stage2,0.0,0.0,0.0,D034,1.0,0,0.0,False,stage2_positive_bias,15,6,1.0,1.0,True,5,0,0,20260624,1.0,0.0,1.0,1.0
unchanged,none,0.0,0.0,0.0,D034,1.0,0,0.0,False,zero_shot,15,6,1.0,1.0,True,5,0,0,20260624,1.0,0.0,1.0,1.0
unchanged,stage1,0.0,0.0,0.0,D035,0.9473684210526316,0,0.0,False,stage1_finetune_bias_only,15,10,1.0,0.9,True,3,1,0,20260620,0.9473684210526316,0.0,1.0,0.9
unchanged,stage1,0.0,0.0,0.0,D035,0.9473684210526316,0,0.0,False,stage1_finetune_head,15,10,1.0,0.9,True,3,1,0,20260620,0.9473684210526316,0.0,1.0,0.9
unchanged,stage1+stage2,0.0,0.0,0.0,D035,0.9473684210526316,0,0.0,False,stage1_stage2_combined,15,10,1.0,0.9,True,3,1,0,20260620,0.9473684210526316,0.0,1.0,0.9
unchanged,stage2,0.0,0.0,0.0,D035,0.9473684210526316,0,0.0,False,stage2_cosine_prototype,15,10,1.0,0.9,True,3,1,0,20260620,0.9473684210526316,0.0,1.0,0.9
unchanged,stage2,0.0,0.0,0.0,D035,0.9473684210526316,0,0.0,False,stage2_finetune_bias_only,15,10,1.0,0.9,True,3,1,0,20260620,0.9473684210526316,0.0,1.0,0.9
unchanged,stage2,0.0,0.0,0.0,D035,0.9473684210526316,0,0.0,False,stage2_finetune_head,15,10,1.0,0.9,True,3,1,0,20260620,0.9473684210526316,0.0,1.0,0.9
unchanged,stage2,0.0,0.0,0.0,D035,0.9473684210526316,0,0.0,False,stage2_positive_bias,15,10,1.0,0.9,True,3,1,0,20260620,0.9473684210526316,0.0,1.0,0.9
unchanged,none,0.0,0.0,0.0,D035,0.9473684210526316,0,0.0,False,zero_shot,15,10,1.0,0.9,True,3,1,0,20260620,0.9473684210526316,0.0,1.0,0.9
unchanged,stage1,0.0,0.0,0.0,D035,0.888888888888889,0,0.0,False,stage1_finetune_bias_only,15,10,1.0,0.8,True,3,2,0,20260621,0.888888888888889,0.0,1.0,0.8
unchanged,stage1,0.0,0.0,0.0,D035,0.888888888888889,0,0.0,False,stage1_finetune_head,15,10,1.0,0.8,True,3,2,0,20260621,0.888888888888889,0.0,1.0,0.8
unchanged,stage1+stage2,0.0,0.0,0.0,D035,0.888888888888889,0,0.0,False,stage1_stage2_combined,15,10,1.0,0.8,True,3,2,0,20260621,0.888888888888889,0.0,1.0,0.8
unchanged,stage2,0.0,0.0,0.0,D035,0.888888888888889,0,0.0,False,stage2_cosine_prototype,15,10,1.0,0.8,True,3,2,0,20260621,0.888888888888889,0.0,1.0,0.8
unchanged,stage2,0.0,0.0,0.0,D035,0.888888888888889,0,0.0,False,stage2_finetune_bias_only,15,10,1.0,0.8,True,3,2,0,20260621,0.888888888888889,0.0,1.0,0.8
unchanged,stage2,0.0,0.0,0.0,D035,0.888888888888889,0,0.0,False,stage2_finetune_head,15,10,1.0,0.8,True,3,2,0,20260621,0.888888888888889,0.0,1.0,0.8
unchanged,stage2,0.0,0.0,0.0,D035,0.888888888888889,0,0.0,False,stage2_positive_bias,15,10,1.0,0.8,True,3,2,0,20260621,0.888888888888889,0.0,1.0,0.8
unchanged,none,0.0,0.0,0.0,D035,0.888888888888889,0,0.0,False,zero_shot,15,10,1.0,0.8,True,3,2,0,20260621,0.888888888888889,0.0,1.0,0.8
unchanged,stage1,0.0,0.0,0.0,D035,0.9473684210526316,0,0.0,False,stage1_finetune_bias_only,15,10,1.0,0.9,True,3,1,0,20260622,0.9473684210526316,0.0,1.0,0.9
unchanged,stage1,0.0,0.0,0.0,D035,0.9473684210526316,0,0.0,False,stage1_finetune_head,15,10,1.0,0.9,True,3,1,0,20260622,0.9473684210526316,0.0,1.0,0.9
unchanged,stage1+stage2,0.0,0.0,0.0,D035,0.9473684210526316,0,0.0,False,stage1_stage2_combined,15,10,1.0,0.9,True,3,1,0,20260622,0.9473684210526316,0.0,1.0,0.9
unchanged,stage2,0.0,0.0,0.0,D035,0.9473684210526316,0,0.0,False,stage2_cosine_prototype,15,10,1.0,0.9,True,3,1,0,20260622,0.9473684210526316,0.0,1.0,0.9
unchanged,stage2,0.0,0.0,0.0,D035,0.9473684210526316,0,0.0,False,stage2_finetune_bias_only,15,10,1.0,0.9,True,3,1,0,20260622,0.9473684210526316,0.0,1.0,0.9
unchanged,stage2,0.0,0.0,0.0,D035,0.9473684210526316,0,0.0,False,stage2_finetune_head,15,10,1.0,0.9,True,3,1,0,20260622,0.9473684210526316,0.0,1.0,0.9
unchanged,stage2,0.0,0.0,0.0,D035,0.9473684210526316,0,0.0,False,stage2_positive_bias,15,10,1.0,0.9,True,3,1,0,20260622,0.9473684210526316,0.0,1.0,0.9
unchanged,none,0.0,0.0,0.0,D035,0.9473684210526316,0,0.0,False,zero_shot,15,10,1.0,0.9,True,3,1,0,20260622,0.9473684210526316,0.0,1.0,0.9
unchanged,stage1,0.0,0.0,0.0,D035,0.888888888888889,0,0.0,False,stage1_finetune_bias_only,15,10,1.0,0.8,True,3,2,0,20260623,0.888888888888889,0.0,1.0,0.8
unchanged,stage1,0.0,0.0,0.0,D035,0.888888888888889,0,0.0,False,stage1_finetune_head,15,10,1.0,0.8,True,3,2,0,20260623,0.888888888888889,0.0,1.0,0.8
unchanged,stage1+stage2,0.0,0.0,0.0,D035,0.888888888888889,0,0.0,False,stage1_stage2_combined,15,10,1.0,0.8,True,3,2,0,20260623,0.888888888888889,0.0,1.0,0.8
unchanged,stage2,0.0,0.0,0.0,D035,0.888888888888889,0,0.0,False,stage2_cosine_prototype,15,10,1.0,0.8,True,3,2,0,20260623,0.888888888888889,0.0,1.0,0.8
unchanged,stage2,0.0,0.0,0.0,D035,0.888888888888889,0,0.0,False,stage2_finetune_bias_only,15,10,1.0,0.8,True,3,2,0,20260623,0.888888888888889,0.0,1.0,0.8
unchanged,stage2,0.0,0.0,0.0,D035,0.888888888888889,0,0.0,False,stage2_finetune_head,15,10,1.0,0.8,True,3,2,0,20260623,0.888888888888889,0.0,1.0,0.8
unchanged,stage2,0.0,0.0,0.0,D035,0.888888888888889,0,0.0,False,stage2_positive_bias,15,10,1.0,0.8,True,3,2,0,20260623,0.888888888888889,0.0,1.0,0.8
unchanged,none,0.0,0.0,0.0,D035,0.888888888888889,0,0.0,False,zero_shot,15,10,1.0,0.8,True,3,2,0,20260623,0.888888888888889,0.0,1.0,0.8
unchanged,stage1,0.0,0.0,0.0,D035,0.888888888888889,0,0.0,False,stage1_finetune_bias_only,15,10,1.0,0.8,True,3,2,0,20260624,0.888888888888889,0.0,1.0,0.8
unchanged,stage1,0.0,0.0,0.0,D035,0.888888888888889,0,0.0,False,stage1_finetune_head,15,10,1.0,0.8,True,3,2,0,20260624,0.888888888888889,0.0,1.0,0.8
unchanged,stage1+stage2,0.0,0.0,0.0,D035,0.888888888888889,0,0.0,False,stage1_stage2_combined,15,10,1.0,0.8,True,3,2,0,20260624,0.888888888888889,0.0,1.0,0.8
unchanged,stage2,0.0,0.0,0.0,D035,0.888888888888889,0,0.0,False,stage2_cosine_prototype,15,10,1.0,0.8,True,3,2,0,20260624,0.888888888888889,0.0,1.0,0.8
unchanged,stage2,0.0,0.0,0.0,D035,0.888888888888889,0,0.0,False,stage2_finetune_bias_only,15,10,1.0,0.8,True,3,2,0,20260624,0.888888888888889,0.0,1.0,0.8
unchanged,stage2,0.0,0.0,0.0,D035,0.888888888888889,0,0.0,False,stage2_finetune_head,15,10,1.0,0.8,True,3,2,0,20260624,0.888888888888889,0.0,1.0,0.8
unchanged,stage2,0.0,0.0,0.0,D035,0.888888888888889,0,0.0,False,stage2_positive_bias,15,10,1.0,0.8,True,3,2,0,20260624,0.888888888888889,0.0,1.0,0.8
unchanged,none,0.0,0.0,0.0,D035,0.888888888888889,0,0.0,False,zero_shot,15,10,1.0,0.8,True,3,2,0,20260624,0.888888888888889,0.0,1.0,0.8
unchanged,stage1,0.0,0.0,0.0,D035,0.9333333333333333,0,0.0,False,stage1_finetune_bias_only,15,8,1.0,0.875,True,5,1,0,20260620,0.9333333333333333,0.0,1.0,0.875
unchanged,stage1,0.0,0.0,0.0,D035,0.9333333333333333,0,0.0,False,stage1_finetune_head,15,8,1.0,0.875,True,5,1,0,20260620,0.9333333333333333,0.0,1.0,0.875
unchanged,stage1+stage2,0.0,0.0,0.0,D035,0.9333333333333333,0,0.0,False,stage1_stage2_combined,15,8,1.0,0.875,True,5,1,0,20260620,0.9333333333333333,0.0,1.0,0.875
unchanged,stage2,0.0,0.0,0.0,D035,0.9333333333333333,0,0.0,False,stage2_cosine_prototype,15,8,1.0,0.875,True,5,1,0,20260620,0.9333333333333333,0.0,1.0,0.875
unchanged,stage2,0.0,0.0,0.0,D035,0.9333333333333333,0,0.0,False,stage2_finetune_bias_only,15,8,1.0,0.875,True,5,1,0,20260620,0.9333333333333333,0.0,1.0,0.875
unchanged,stage2,0.0,0.0,0.0,D035,0.9333333333333333,0,0.0,False,stage2_finetune_head,15,8,1.0,0.875,True,5,1,0,20260620,0.9333333333333333,0.0,1.0,0.875
unchanged,stage2,0.0,0.0,0.0,D035,0.9333333333333333,0,0.0,False,stage2_positive_bias,15,8,1.0,0.875,True,5,1,0,20260620,0.9333333333333333,0.0,1.0,0.875
unchanged,none,0.0,0.0,0.0,D035,0.9333333333333333,0,0.0,False,zero_shot,15,8,1.0,0.875,True,5,1,0,20260620,0.9333333333333333,0.0,1.0,0.875
unchanged,stage1,0.0,0.0,0.0,D035,0.8571428571428571,0,0.0,False,stage1_finetune_bias_only,15,8,1.0,0.75,True,5,2,0,20260621,0.8571428571428571,0.0,1.0,0.75
unchanged,stage1,0.0,0.0,0.0,D035,0.8571428571428571,0,0.0,False,stage1_finetune_head,15,8,1.0,0.75,True,5,2,0,20260621,0.8571428571428571,0.0,1.0,0.75
unchanged,stage1+stage2,0.0,0.0,0.0,D035,0.8571428571428571,0,0.0,False,stage1_stage2_combined,15,8,1.0,0.75,True,5,2,0,20260621,0.8571428571428571,0.0,1.0,0.75
unchanged,stage2,0.0,0.0,0.0,D035,0.8571428571428571,0,0.0,False,stage2_cosine_prototype,15,8,1.0,0.75,True,5,2,0,20260621,0.8571428571428571,0.0,1.0,0.75
unchanged,stage2,0.0,0.0,0.0,D035,0.8571428571428571,0,0.0,False,stage2_finetune_bias_only,15,8,1.0,0.75,True,5,2,0,20260621,0.8571428571428571,0.0,1.0,0.75
unchanged,stage2,0.0,0.0,0.0,D035,0.8571428571428571,0,0.0,False,stage2_finetune_head,15,8,1.0,0.75,True,5,2,0,20260621,0.8571428571428571,0.0,1.0,0.75
unchanged,stage2,0.0,0.0,0.0,D035,0.8571428571428571,0,0.0,False,stage2_positive_bias,15,8,1.0,0.75,True,5,2,0,20260621,0.8571428571428571,0.0,1.0,0.75
unchanged,none,0.0,0.0,0.0,D035,0.8571428571428571,0,0.0,False,zero_shot,15,8,1.0,0.75,True,5,2,0,20260621,0.8571428571428571,0.0,1.0,0.75
unchanged,stage1,0.0,0.0,0.0,D035,0.9333333333333333,0,0.0,False,stage1_finetune_bias_only,15,8,1.0,0.875,True,5,1,0,20260622,0.9333333333333333,0.0,1.0,0.875
unchanged,stage1,0.0,0.0,0.0,D035,0.9333333333333333,0,0.0,False,stage1_finetune_head,15,8,1.0,0.875,True,5,1,0,20260622,0.9333333333333333,0.0,1.0,0.875
unchanged,stage1+stage2,0.0,0.0,0.0,D035,0.9333333333333333,0,0.0,False,stage1_stage2_combined,15,8,1.0,0.875,True,5,1,0,20260622,0.9333333333333333,0.0,1.0,0.875
unchanged,stage2,0.0,0.0,0.0,D035,0.9333333333333333,0,0.0,False,stage2_cosine_prototype,15,8,1.0,0.875,True,5,1,0,20260622,0.9333333333333333,0.0,1.0,0.875
unchanged,stage2,0.0,0.0,0.0,D035,0.9333333333333333,0,0.0,False,stage2_finetune_bias_only,15,8,1.0,0.875,True,5,1,0,20260622,0.9333333333333333,0.0,1.0,0.875
unchanged,stage2,0.0,0.0,0.0,D035,0.9333333333333333,0,0.0,False,stage2_finetune_head,15,8,1.0,0.875,True,5,1,0,20260622,0.9333333333333333,0.0,1.0,0.875
unchanged,stage2,0.0,0.0,0.0,D035,0.9333333333333333,0,0.0,False,stage2_positive_bias,15,8,1.0,0.875,True,5,1,0,20260622,0.9333333333333333,0.0,1.0,0.875
unchanged,none,0.0,0.0,0.0,D035,0.9333333333333333,0,0.0,False,zero_shot,15,8,1.0,0.875,True,5,1,0,20260622,0.9333333333333333,0.0,1.0,0.875
unchanged,stage1,0.0,0.0,0.0,D035,0.8571428571428571,0,0.0,False,stage1_finetune_bias_only,15,8,1.0,0.75,True,5,2,0,20260623,0.8571428571428571,0.0,1.0,0.75
unchanged,stage1,0.0,0.0,0.0,D035,0.8571428571428571,0,0.0,False,stage1_finetune_head,15,8,1.0,0.75,True,5,2,0,20260623,0.8571428571428571,0.0,1.0,0.75
unchanged,stage1+stage2,0.0,0.0,0.0,D035,0.8571428571428571,0,0.0,False,stage1_stage2_combined,15,8,1.0,0.75,True,5,2,0,20260623,0.8571428571428571,0.0,1.0,0.75
unchanged,stage2,0.0,0.0,0.0,D035,0.8571428571428571,0,0.0,False,stage2_cosine_prototype,15,8,1.0,0.75,True,5,2,0,20260623,0.8571428571428571,0.0,1.0,0.75
unchanged,stage2,0.0,0.0,0.0,D035,0.8571428571428571,0,0.0,False,stage2_finetune_bias_only,15,8,1.0,0.75,True,5,2,0,20260623,0.8571428571428571,0.0,1.0,0.75
unchanged,stage2,0.0,0.0,0.0,D035,0.8571428571428571,0,0.0,False,stage2_finetune_head,15,8,1.0,0.75,True,5,2,0,20260623,0.8571428571428571,0.0,1.0,0.75
unchanged,stage2,0.0,0.0,0.0,D035,0.8571428571428571,0,0.0,False,stage2_positive_bias,15,8,1.0,0.75,True,5,2,0,20260623,0.8571428571428571,0.0,1.0,0.75
unchanged,none,0.0,0.0,0.0,D035,0.8571428571428571,0,0.0,False,zero_shot,15,8,1.0,0.75,True,5,2,0,20260623,0.8571428571428571,0.0,1.0,0.75
unchanged,stage1,0.0,0.0,0.0,D035,0.8571428571428571,0,0.0,False,stage1_finetune_bias_only,15,8,1.0,0.75,True,5,2,0,20260624,0.8571428571428571,0.0,1.0,0.75
unchanged,stage1,0.0,0.0,0.0,D035,0.8571428571428571,0,0.0,False,stage1_finetune_head,15,8,1.0,0.75,True,5,2,0,20260624,0.8571428571428571,0.0,1.0,0.75
unchanged,stage1+stage2,0.0,0.0,0.0,D035,0.8571428571428571,0,0.0,False,stage1_stage2_combined,15,8,1.0,0.75,True,5,2,0,20260624,0.8571428571428571,0.0,1.0,0.75
unchanged,stage2,0.0,0.0,0.0,D035,0.8571428571428571,0,0.0,False,stage2_cosine_prototype,15,8,1.0,0.75,True,5,2,0,20260624,0.8571428571428571,0.0,1.0,0.75
unchanged,stage2,0.0,0.0,0.0,D035,0.8571428571428571,0,0.0,False,stage2_finetune_bias_only,15,8,1.0,0.75,True,5,2,0,20260624,0.8571428571428571,0.0,1.0,0.75
unchanged,stage2,0.0,0.0,0.0,D035,0.8571428571428571,0,0.0,False,stage2_finetune_head,15,8,1.0,0.75,True,5,2,0,20260624,0.8571428571428571,0.0,1.0,0.75
unchanged,stage2,0.0,0.0,0.0,D035,0.8571428571428571,0,0.0,False,stage2_positive_bias,15,8,1.0,0.75,True,5,2,0,20260624,0.8571428571428571,0.0,1.0,0.75
unchanged,none,0.0,0.0,0.0,D035,0.8571428571428571,0,0.0,False,zero_shot,15,8,1.0,0.75,True,5,2,0,20260624,0.8571428571428571,0.0,1.0,0.75
unchanged,stage1,0.0,0.0,0.0,D036,1.0,0,0.0,False,stage1_finetune_bias_only,40,52,1.0,1.0,True,3,0,0,20260620,1.0,0.0,1.0,1.0
unchanged,stage1,0.0,0.0,0.0,D036,1.0,0,0.0,False,stage1_finetune_head,40,52,1.0,1.0,True,3,0,0,20260620,1.0,0.0,1.0,1.0
unchanged,stage1+stage2,0.0,0.0,0.0,D036,1.0,0,0.0,False,stage1_stage2_combined,40,52,1.0,1.0,True,3,0,0,20260620,1.0,0.0,1.0,1.0
unchanged,stage2,0.0,0.0,0.0,D036,1.0,0,0.0,False,stage2_cosine_prototype,40,52,1.0,1.0,True,3,0,0,20260620,1.0,0.0,1.0,1.0
unchanged,stage2,0.0,0.0,0.0,D036,1.0,0,0.0,False,stage2_finetune_bias_only,40,52,1.0,1.0,True,3,0,0,20260620,1.0,0.0,1.0,1.0
unchanged,stage2,0.0,0.0,0.0,D036,1.0,0,0.0,False,stage2_finetune_head,40,52,1.0,1.0,True,3,0,0,20260620,1.0,0.0,1.0,1.0
unchanged,stage2,0.0,0.0,0.0,D036,1.0,0,0.0,False,stage2_positive_bias,40,52,1.0,1.0,True,3,0,0,20260620,1.0,0.0,1.0,1.0
unchanged,none,0.0,0.0,0.0,D036,1.0,0,0.0,False,zero_shot,40,52,1.0,1.0,True,3,0,0,20260620,1.0,0.0,1.0,1.0
unchanged,stage1,0.0,0.0,0.0,D036,1.0,0,0.0,False,stage1_finetune_bias_only,40,52,1.0,1.0,True,3,0,0,20260621,1.0,0.0,1.0,1.0
unchanged,stage1,0.0,0.0,0.0,D036,1.0,0,0.0,False,stage1_finetune_head,40,52,1.0,1.0,True,3,0,0,20260621,1.0,0.0,1.0,1.0
unchanged,stage1+stage2,0.0,0.0,0.0,D036,1.0,0,0.0,False,stage1_stage2_combined,40,52,1.0,1.0,True,3,0,0,20260621,1.0,0.0,1.0,1.0
unchanged,stage2,0.0,0.0,0.0,D036,1.0,0,0.0,False,stage2_cosine_prototype,40,52,1.0,1.0,True,3,0,0,20260621,1.0,0.0,1.0,1.0
unchanged,stage2,0.0,0.0,0.0,D036,1.0,0,0.0,False,stage2_finetune_bias_only,40,52,1.0,1.0,True,3,0,0,20260621,1.0,0.0,1.0,1.0
unchanged,stage2,0.0,0.0,0.0,D036,1.0,0,0.0,False,stage2_finetune_head,40,52,1.0,1.0,True,3,0,0,20260621,1.0,0.0,1.0,1.0
unchanged,stage2,0.0,0.0,0.0,D036,1.0,0,0.0,False,stage2_positive_bias,40,52,1.0,1.0,True,3,0,0,20260621,1.0,0.0,1.0,1.0
unchanged,none,0.0,0.0,0.0,D036,1.0,0,0.0,False,zero_shot,40,52,1.0,1.0,True,3,0,0,20260621,1.0,0.0,1.0,1.0
unchanged,stage1,0.0,0.0,0.0,D036,1.0,0,0.0,False,stage1_finetune_bias_only,40,52,1.0,1.0,True,3,0,0,20260622,1.0,0.0,1.0,1.0
unchanged,stage1,0.0,0.0,0.0,D036,1.0,0,0.0,False,stage1_finetune_head,40,52,1.0,1.0,True,3,0,0,20260622,1.0,0.0,1.0,1.0
unchanged,stage1+stage2,0.0,0.0,0.0,D036,1.0,0,0.0,False,stage1_stage2_combined,40,52,1.0,1.0,True,3,0,0,20260622,1.0,0.0,1.0,1.0
unchanged,stage2,0.0,0.0,0.0,D036,1.0,0,0.0,False,stage2_cosine_prototype,40,52,1.0,1.0,True,3,0,0,20260622,1.0,0.0,1.0,1.0
unchanged,stage2,0.0,0.0,0.0,D036,1.0,0,0.0,False,stage2_finetune_bias_only,40,52,1.0,1.0,True,3,0,0,20260622,1.0,0.0,1.0,1.0
unchanged,stage2,0.0,0.0,0.0,D036,1.0,0,0.0,False,stage2_finetune_head,40,52,1.0,1.0,True,3,0,0,20260622,1.0,0.0,1.0,1.0
unchanged,stage2,0.0,0.0,0.0,D036,1.0,0,0.0,False,stage2_positive_bias,40,52,1.0,1.0,True,3,0,0,20260622,1.0,0.0,1.0,1.0
unchanged,none,0.0,0.0,0.0,D036,1.0,0,0.0,False,zero_shot,40,52,1.0,1.0,True,3,0,0,20260622,1.0,0.0,1.0,1.0
unchanged,stage1,0.0,0.0,0.0,D036,1.0,0,0.0,False,stage1_finetune_bias_only,40,52,1.0,1.0,True,3,0,0,20260623,1.0,0.0,1.0,1.0
unchanged,stage1,0.0,0.0,0.0,D036,1.0,0,0.0,False,stage1_finetune_head,40,52,1.0,1.0,True,3,0,0,20260623,1.0,0.0,1.0,1.0
unchanged,stage1+stage2,0.0,0.0,0.0,D036,1.0,0,0.0,False,stage1_stage2_combined,40,52,1.0,1.0,True,3,0,0,20260623,1.0,0.0,1.0,1.0
unchanged,stage2,0.0,0.0,0.0,D036,1.0,0,0.0,False,stage2_cosine_prototype,40,52,1.0,1.0,True,3,0,0,20260623,1.0,0.0,1.0,1.0
unchanged,stage2,0.0,0.0,0.0,D036,1.0,0,0.0,False,stage2_finetune_bias_only,40,52,1.0,1.0,True,3,0,0,20260623,1.0,0.0,1.0,1.0
unchanged,stage2,0.0,0.0,0.0,D036,1.0,0,0.0,False,stage2_finetune_head,40,52,1.0,1.0,True,3,0,0,20260623,1.0,0.0,1.0,1.0
unchanged,stage2,0.0,0.0,0.0,D036,1.0,0,0.0,False,stage2_positive_bias,40,52,1.0,1.0,True,3,0,0,20260623,1.0,0.0,1.0,1.0
unchanged,none,0.0,0.0,0.0,D036,1.0,0,0.0,False,zero_shot,40,52,1.0,1.0,True,3,0,0,20260623,1.0,0.0,1.0,1.0
unchanged,stage1,0.0,0.0,0.0,D036,1.0,0,0.0,False,stage1_finetune_bias_only,40,52,1.0,1.0,True,3,0,0,20260624,1.0,0.0,1.0,1.0
unchanged,stage1,0.0,0.0,0.0,D036,1.0,0,0.0,False,stage1_finetune_head,40,52,1.0,1.0,True,3,0,0,20260624,1.0,0.0,1.0,1.0
unchanged,stage1+stage2,0.0,0.0,0.0,D036,1.0,0,0.0,False,stage1_stage2_combined,40,52,1.0,1.0,True,3,0,0,20260624,1.0,0.0,1.0,1.0
unchanged,stage2,0.0,0.0,0.0,D036,1.0,0,0.0,False,stage2_cosine_prototype,40,52,1.0,1.0,True,3,0,0,20260624,1.0,0.0,1.0,1.0
unchanged,stage2,0.0,0.0,0.0,D036,1.0,0,0.0,False,stage2_finetune_bias_only,40,52,1.0,1.0,True,3,0,0,20260624,1.0,0.0,1.0,1.0
unchanged,stage2,0.0,0.0,0.0,D036,1.0,0,0.0,False,stage2_finetune_head,40,52,1.0,1.0,True,3,0,0,20260624,1.0,0.0,1.0,1.0
unchanged,stage2,0.0,0.0,0.0,D036,1.0,0,0.0,False,stage2_positive_bias,40,52,1.0,1.0,True,3,0,0,20260624,1.0,0.0,1.0,1.0
unchanged,none,0.0,0.0,0.0,D036,1.0,0,0.0,False,zero_shot,40,52,1.0,1.0,True,3,0,0,20260624,1.0,0.0,1.0,1.0
unchanged,stage1,0.0,0.0,0.0,D036,1.0,0,0.0,False,stage1_finetune_bias_only,40,50,1.0,1.0,True,5,0,0,20260620,1.0,0.0,1.0,1.0
unchanged,stage1,0.0,0.0,0.0,D036,1.0,0,0.0,False,stage1_finetune_head,40,50,1.0,1.0,True,5,0,0,20260620,1.0,0.0,1.0,1.0
unchanged,stage1+stage2,0.0,0.0,0.0,D036,1.0,0,0.0,False,stage1_stage2_combined,40,50,1.0,1.0,True,5,0,0,20260620,1.0,0.0,1.0,1.0
unchanged,stage2,0.0,0.0,0.0,D036,1.0,0,0.0,False,stage2_cosine_prototype,40,50,1.0,1.0,True,5,0,0,20260620,1.0,0.0,1.0,1.0
unchanged,stage2,0.0,0.0,0.0,D036,1.0,0,0.0,False,stage2_finetune_bias_only,40,50,1.0,1.0,True,5,0,0,20260620,1.0,0.0,1.0,1.0
unchanged,stage2,0.0,0.0,0.0,D036,1.0,0,0.0,False,stage2_finetune_head,40,50,1.0,1.0,True,5,0,0,20260620,1.0,0.0,1.0,1.0
unchanged,stage2,0.0,0.0,0.0,D036,1.0,0,0.0,False,stage2_positive_bias,40,50,1.0,1.0,True,5,0,0,20260620,1.0,0.0,1.0,1.0
unchanged,none,0.0,0.0,0.0,D036,1.0,0,0.0,False,zero_shot,40,50,1.0,1.0,True,5,0,0,20260620,1.0,0.0,1.0,1.0
unchanged,stage1,0.0,0.0,0.0,D036,1.0,0,0.0,False,stage1_finetune_bias_only,40,50,1.0,1.0,True,5,0,0,20260621,1.0,0.0,1.0,1.0
unchanged,stage1,0.0,0.0,0.0,D036,1.0,0,0.0,False,stage1_finetune_head,40,50,1.0,1.0,True,5,0,0,20260621,1.0,0.0,1.0,1.0
unchanged,stage1+stage2,0.0,0.0,0.0,D036,1.0,0,0.0,False,stage1_stage2_combined,40,50,1.0,1.0,True,5,0,0,20260621,1.0,0.0,1.0,1.0
unchanged,stage2,0.0,0.0,0.0,D036,1.0,0,0.0,False,stage2_cosine_prototype,40,50,1.0,1.0,True,5,0,0,20260621,1.0,0.0,1.0,1.0
unchanged,stage2,0.0,0.0,0.0,D036,1.0,0,0.0,False,stage2_finetune_bias_only,40,50,1.0,1.0,True,5,0,0,20260621,1.0,0.0,1.0,1.0
unchanged,stage2,0.0,0.0,0.0,D036,1.0,0,0.0,False,stage2_finetune_head,40,50,1.0,1.0,True,5,0,0,20260621,1.0,0.0,1.0,1.0
unchanged,stage2,0.0,0.0,0.0,D036,1.0,0,0.0,False,stage2_positive_bias,40,50,1.0,1.0,True,5,0,0,20260621,1.0,0.0,1.0,1.0
unchanged,none,0.0,0.0,0.0,D036,1.0,0,0.0,False,zero_shot,40,50,1.0,1.0,True,5,0,0,20260621,1.0,0.0,1.0,1.0
unchanged,stage1,0.0,0.0,0.0,D036,1.0,0,0.0,False,stage1_finetune_bias_only,40,50,1.0,1.0,True,5,0,0,20260622,1.0,0.0,1.0,1.0
unchanged,stage1,0.0,0.0,0.0,D036,1.0,0,0.0,False,stage1_finetune_head,40,50,1.0,1.0,True,5,0,0,20260622,1.0,0.0,1.0,1.0
unchanged,stage1+stage2,0.0,0.0,0.0,D036,1.0,0,0.0,False,stage1_stage2_combined,40,50,1.0,1.0,True,5,0,0,20260622,1.0,0.0,1.0,1.0
unchanged,stage2,0.0,0.0,0.0,D036,1.0,0,0.0,False,stage2_cosine_prototype,40,50,1.0,1.0,True,5,0,0,20260622,1.0,0.0,1.0,1.0
unchanged,stage2,0.0,0.0,0.0,D036,1.0,0,0.0,False,stage2_finetune_bias_only,40,50,1.0,1.0,True,5,0,0,20260622,1.0,0.0,1.0,1.0
unchanged,stage2,0.0,0.0,0.0,D036,1.0,0,0.0,False,stage2_finetune_head,40,50,1.0,1.0,True,5,0,0,20260622,1.0,0.0,1.0,1.0
unchanged,stage2,0.0,0.0,0.0,D036,1.0,0,0.0,False,stage2_positive_bias,40,50,1.0,1.0,True,5,0,0,20260622,1.0,0.0,1.0,1.0
unchanged,none,0.0,0.0,0.0,D036,1.0,0,0.0,False,zero_shot,40,50,1.0,1.0,True,5,0,0,20260622,1.0,0.0,1.0,1.0
unchanged,stage1,0.0,0.0,0.0,D036,1.0,0,0.0,False,stage1_finetune_bias_only,40,50,1.0,1.0,True,5,0,0,20260623,1.0,0.0,1.0,1.0
unchanged,stage1,0.0,0.0,0.0,D036,1.0,0,0.0,False,stage1_finetune_head,40,50,1.0,1.0,True,5,0,0,20260623,1.0,0.0,1.0,1.0
unchanged,stage1+stage2,0.0,0.0,0.0,D036,1.0,0,0.0,False,stage1_stage2_combined,40,50,1.0,1.0,True,5,0,0,20260623,1.0,0.0,1.0,1.0
unchanged,stage2,0.0,0.0,0.0,D036,1.0,0,0.0,False,stage2_cosine_prototype,40,50,1.0,1.0,True,5,0,0,20260623,1.0,0.0,1.0,1.0
unchanged,stage2,0.0,0.0,0.0,D036,1.0,0,0.0,False,stage2_finetune_bias_only,40,50,1.0,1.0,True,5,0,0,20260623,1.0,0.0,1.0,1.0
unchanged,stage2,0.0,0.0,0.0,D036,1.0,0,0.0,False,stage2_finetune_head,40,50,1.0,1.0,True,5,0,0,20260623,1.0,0.0,1.0,1.0
unchanged,stage2,0.0,0.0,0.0,D036,1.0,0,0.0,False,stage2_positive_bias,40,50,1.0,1.0,True,5,0,0,20260623,1.0,0.0,1.0,1.0
unchanged,none,0.0,0.0,0.0,D036,1.0,0,0.0,False,zero_shot,40,50,1.0,1.0,True,5,0,0,20260623,1.0,0.0,1.0,1.0
unchanged,stage1,0.0,0.0,0.0,D036,1.0,0,0.0,False,stage1_finetune_bias_only,40,50,1.0,1.0,True,5,0,0,20260624,1.0,0.0,1.0,1.0
unchanged,stage1,0.0,0.0,0.0,D036,1.0,0,0.0,False,stage1_finetune_head,40,50,1.0,1.0,True,5,0,0,20260624,1.0,0.0,1.0,1.0
unchanged,stage1+stage2,0.0,0.0,0.0,D036,1.0,0,0.0,False,stage1_stage2_combined,40,50,1.0,1.0,True,5,0,0,20260624,1.0,0.0,1.0,1.0
unchanged,stage2,0.0,0.0,0.0,D036,1.0,0,0.0,False,stage2_cosine_prototype,40,50,1.0,1.0,True,5,0,0,20260624,1.0,0.0,1.0,1.0
unchanged,stage2,0.0,0.0,0.0,D036,1.0,0,0.0,False,stage2_finetune_bias_only,40,50,1.0,1.0,True,5,0,0,20260624,1.0,0.0,1.0,1.0
unchanged,stage2,0.0,0.0,0.0,D036,1.0,0,0.0,False,stage2_finetune_head,40,50,1.0,1.0,True,5,0,0,20260624,1.0,0.0,1.0,1.0
unchanged,stage2,0.0,0.0,0.0,D036,1.0,0,0.0,False,stage2_positive_bias,40,50,1.0,1.0,True,5,0,0,20260624,1.0,0.0,1.0,1.0
unchanged,none,0.0,0.0,0.0,D036,1.0,0,0.0,False,zero_shot,40,50,1.0,1.0,True,5,0,0,20260624,1.0,0.0,1.0,1.0
unchanged,stage1,0.0,0.0,0.0,D037,0.9696969696969697,0,0.0,False,stage1_finetune_bias_only,57,34,1.0,0.9411764705882353,True,3,0,2,20260620,0.9696969696969697,0.0,1.0,0.9411764705882353
unchanged,stage1,0.0,0.0,0.0,D037,0.9696969696969697,0,0.0,False,stage1_finetune_head,57,34,1.0,0.9411764705882353,True,3,0,2,20260620,0.9696969696969697,0.0,1.0,0.9411764705882353
unchanged,stage1+stage2,0.0,0.0,0.0,D037,0.9696969696969697,0,0.0,False,stage1_stage2_combined,57,34,1.0,0.9411764705882353,True,3,0,2,20260620,0.9696969696969697,0.0,1.0,0.9411764705882353
improved,stage2,0.030303030303030276,0.0,0.05882352941176472,D037,1.0,0,0.0,False,stage2_cosine_prototype,57,34,1.0,1.0,True,3,0,2,20260620,0.9696969696969697,0.0,1.0,0.9411764705882353
unchanged,stage2,0.0,0.0,0.0,D037,0.9696969696969697,0,0.0,False,stage2_finetune_bias_only,57,34,1.0,0.9411764705882353,True,3,0,2,20260620,0.9696969696969697,0.0,1.0,0.9411764705882353
unchanged,stage2,0.0,0.0,0.0,D037,0.9696969696969697,0,0.0,False,stage2_finetune_head,57,34,1.0,0.9411764705882353,True,3,0,2,20260620,0.9696969696969697,0.0,1.0,0.9411764705882353
improved,stage2,0.030303030303030276,0.0,0.05882352941176472,D037,1.0,0,0.0,False,stage2_positive_bias,57,34,1.0,1.0,True,3,0,2,20260620,0.9696969696969697,0.0,1.0,0.9411764705882353
unchanged,none,0.0,0.0,0.0,D037,0.9696969696969697,0,0.0,False,zero_shot,57,34,1.0,0.9411764705882353,True,3,0,2,20260620,0.9696969696969697,0.0,1.0,0.9411764705882353
unchanged,stage1,0.0,0.0,0.0,D037,0.9696969696969697,0,0.0,False,stage1_finetune_bias_only,57,34,1.0,0.9411764705882353,True,3,0,2,20260621,0.9696969696969697,0.0,1.0,0.9411764705882353
unchanged,stage1,0.0,0.0,0.0,D037,0.9696969696969697,0,0.0,False,stage1_finetune_head,57,34,1.0,0.9411764705882353,True,3,0,2,20260621,0.9696969696969697,0.0,1.0,0.9411764705882353
unchanged,stage1+stage2,0.0,0.0,0.0,D037,0.9696969696969697,0,0.0,False,stage1_stage2_combined,57,34,1.0,0.9411764705882353,True,3,0,2,20260621,0.9696969696969697,0.0,1.0,0.9411764705882353
improved,stage2,0.030303030303030276,0.0,0.05882352941176472,D037,1.0,0,0.0,False,stage2_cosine_prototype,57,34,1.0,1.0,True,3,0,2,20260621,0.9696969696969697,0.0,1.0,0.9411764705882353
unchanged,stage2,0.0,0.0,0.0,D037,0.9696969696969697,0,0.0,False,stage2_finetune_bias_only,57,34,1.0,0.9411764705882353,True,3,0,2,20260621,0.9696969696969697,0.0,1.0,0.9411764705882353
unchanged,stage2,0.0,0.0,0.0,D037,0.9696969696969697,0,0.0,False,stage2_finetune_head,57,34,1.0,0.9411764705882353,True,3,0,2,20260621,0.9696969696969697,0.0,1.0,0.9411764705882353
improved,stage2,0.030303030303030276,0.0,0.05882352941176472,D037,1.0,0,0.0,False,stage2_positive_bias,57,34,1.0,1.0,True,3,0,2,20260621,0.9696969696969697,0.0,1.0,0.9411764705882353
unchanged,none,0.0,0.0,0.0,D037,0.9696969696969697,0,0.0,False,zero_shot,57,34,1.0,0.9411764705882353,True,3,0,2,20260621,0.9696969696969697,0.0,1.0,0.9411764705882353
unchanged,stage1,0.0,0.0,0.0,D037,0.9696969696969697,0,0.0,False,stage1_finetune_bias_only,57,34,1.0,0.9411764705882353,True,3,0,2,20260622,0.9696969696969697,0.0,1.0,0.9411764705882353
unchanged,stage1,0.0,0.0,0.0,D037,0.9696969696969697,0,0.0,False,stage1_finetune_head,57,34,1.0,0.9411764705882353,True,3,0,2,20260622,0.9696969696969697,0.0,1.0,0.9411764705882353
unchanged,stage1+stage2,0.0,0.0,0.0,D037,0.9696969696969697,0,0.0,False,stage1_stage2_combined,57,34,1.0,0.9411764705882353,True,3,0,2,20260622,0.9696969696969697,0.0,1.0,0.9411764705882353
improved,stage2,0.030303030303030276,0.0,0.05882352941176472,D037,1.0,0,0.0,False,stage2_cosine_prototype,57,34,1.0,1.0,True,3,0,2,20260622,0.9696969696969697,0.0,1.0,0.9411764705882353
unchanged,stage2,0.0,0.0,0.0,D037,0.9696969696969697,0,0.0,False,stage2_finetune_bias_only,57,34,1.0,0.9411764705882353,True,3,0,2,20260622,0.9696969696969697,0.0,1.0,0.9411764705882353
unchanged,stage2,0.0,0.0,0.0,D037,0.9696969696969697,0,0.0,False,stage2_finetune_head,57,34,1.0,0.9411764705882353,True,3,0,2,20260622,0.9696969696969697,0.0,1.0,0.9411764705882353
improved,stage2,0.030303030303030276,0.0,0.05882352941176472,D037,1.0,0,0.0,False,stage2_positive_bias,57,34,1.0,1.0,True,3,0,2,20260622,0.9696969696969697,0.0,1.0,0.9411764705882353
unchanged,none,0.0,0.0,0.0,D037,0.9696969696969697,0,0.0,False,zero_shot,57,34,1.0,0.9411764705882353,True,3,0,2,20260622,0.9696969696969697,0.0,1.0,0.9411764705882353
unchanged,stage1,0.0,0.0,0.0,D037,0.9850746268656716,0,0.0,False,stage1_finetune_bias_only,57,34,1.0,0.9705882352941176,True,3,0,1,20260623,0.9850746268656716,0.0,1.0,0.9705882352941176
unchanged,stage1,0.0,0.0,0.0,D037,0.9850746268656716,0,0.0,False,stage1_finetune_head,57,34,1.0,0.9705882352941176,True,3,0,1,20260623,0.9850746268656716,0.0,1.0,0.9705882352941176
unchanged,stage1+stage2,0.0,0.0,0.0,D037,0.9850746268656716,0,0.0,False,stage1_stage2_combined,57,34,1.0,0.9705882352941176,True,3,0,1,20260623,0.9850746268656716,0.0,1.0,0.9705882352941176
improved,stage2,0.014925373134328401,0.0,0.02941176470588236,D037,1.0,0,0.0,False,stage2_cosine_prototype,57,34,1.0,1.0,True,3,0,1,20260623,0.9850746268656716,0.0,1.0,0.9705882352941176
unchanged,stage2,0.0,0.0,0.0,D037,0.9850746268656716,0,0.0,False,stage2_finetune_bias_only,57,34,1.0,0.9705882352941176,True,3,0,1,20260623,0.9850746268656716,0.0,1.0,0.9705882352941176
unchanged,stage2,0.0,0.0,0.0,D037,0.9850746268656716,0,0.0,False,stage2_finetune_head,57,34,1.0,0.9705882352941176,True,3,0,1,20260623,0.9850746268656716,0.0,1.0,0.9705882352941176
improved,stage2,0.014925373134328401,0.0,0.02941176470588236,D037,1.0,0,0.0,False,stage2_positive_bias,57,34,1.0,1.0,True,3,0,1,20260623,0.9850746268656716,0.0,1.0,0.9705882352941176
unchanged,none,0.0,0.0,0.0,D037,0.9850746268656716,0,0.0,False,zero_shot,57,34,1.0,0.9705882352941176,True,3,0,1,20260623,0.9850746268656716,0.0,1.0,0.9705882352941176
unchanged,stage1,0.0,0.0,0.0,D037,0.9696969696969697,0,0.0,False,stage1_finetune_bias_only,57,34,1.0,0.9411764705882353,True,3,0,2,20260624,0.9696969696969697,0.0,1.0,0.9411764705882353
unchanged,stage1,0.0,0.0,0.0,D037,0.9696969696969697,0,0.0,False,stage1_finetune_head,57,34,1.0,0.9411764705882353,True,3,0,2,20260624,0.9696969696969697,0.0,1.0,0.9411764705882353
unchanged,stage1+stage2,0.0,0.0,0.0,D037,0.9696969696969697,0,0.0,False,stage1_stage2_combined,57,34,1.0,0.9411764705882353,True,3,0,2,20260624,0.9696969696969697,0.0,1.0,0.9411764705882353
improved,stage2,0.030303030303030276,0.0,0.05882352941176472,D037,1.0,0,0.0,False,stage2_cosine_prototype,57,34,1.0,1.0,True,3,0,2,20260624,0.9696969696969697,0.0,1.0,0.9411764705882353
unchanged,stage2,0.0,0.0,0.0,D037,0.9696969696969697,0,0.0,False,stage2_finetune_bias_only,57,34,1.0,0.9411764705882353,True,3,0,2,20260624,0.9696969696969697,0.0,1.0,0.9411764705882353
unchanged,stage2,0.0,0.0,0.0,D037,0.9696969696969697,0,0.0,False,stage2_finetune_head,57,34,1.0,0.9411764705882353,True,3,0,2,20260624,0.9696969696969697,0.0,1.0,0.9411764705882353
improved,stage2,0.030303030303030276,0.0,0.05882352941176472,D037,1.0,0,0.0,False,stage2_positive_bias,57,34,1.0,1.0,True,3,0,2,20260624,0.9696969696969697,0.0,1.0,0.9411764705882353
unchanged,none,0.0,0.0,0.0,D037,0.9696969696969697,0,0.0,False,zero_shot,57,34,1.0,0.9411764705882353,True,3,0,2,20260624,0.9696969696969697,0.0,1.0,0.9411764705882353
unchanged,stage1,0.0,0.0,0.0,D037,0.967741935483871,0,0.0,False,stage1_finetune_bias_only,57,32,1.0,0.9375,True,5,0,2,20260620,0.967741935483871,0.0,1.0,0.9375
unchanged,stage1,0.0,0.0,0.0,D037,0.967741935483871,0,0.0,False,stage1_finetune_head,57,32,1.0,0.9375,True,5,0,2,20260620,0.967741935483871,0.0,1.0,0.9375
unchanged,stage1+stage2,0.0,0.0,0.0,D037,0.967741935483871,0,0.0,False,stage1_stage2_combined,57,32,1.0,0.9375,True,5,0,2,20260620,0.967741935483871,0.0,1.0,0.9375
improved,stage2,0.032258064516129004,0.0,0.0625,D037,1.0,0,0.0,False,stage2_cosine_prototype,57,32,1.0,1.0,True,5,0,2,20260620,0.967741935483871,0.0,1.0,0.9375
unchanged,stage2,0.0,0.0,0.0,D037,0.967741935483871,0,0.0,False,stage2_finetune_bias_only,57,32,1.0,0.9375,True,5,0,2,20260620,0.967741935483871,0.0,1.0,0.9375
unchanged,stage2,0.0,0.0,0.0,D037,0.967741935483871,0,0.0,False,stage2_finetune_head,57,32,1.0,0.9375,True,5,0,2,20260620,0.967741935483871,0.0,1.0,0.9375
improved,stage2,0.032258064516129004,0.0,0.0625,D037,1.0,0,0.0,False,stage2_positive_bias,57,32,1.0,1.0,True,5,0,2,20260620,0.967741935483871,0.0,1.0,0.9375
unchanged,none,0.0,0.0,0.0,D037,0.967741935483871,0,0.0,False,zero_shot,57,32,1.0,0.9375,True,5,0,2,20260620,0.967741935483871,0.0,1.0,0.9375
unchanged,stage1,0.0,0.0,0.0,D037,0.967741935483871,0,0.0,False,stage1_finetune_bias_only,57,32,1.0,0.9375,True,5,0,2,20260621,0.967741935483871,0.0,1.0,0.9375
unchanged,stage1,0.0,0.0,0.0,D037,0.967741935483871,0,0.0,False,stage1_finetune_head,57,32,1.0,0.9375,True,5,0,2,20260621,0.967741935483871,0.0,1.0,0.9375
unchanged,stage1+stage2,0.0,0.0,0.0,D037,0.967741935483871,0,0.0,False,stage1_stage2_combined,57,32,1.0,0.9375,True,5,0,2,20260621,0.967741935483871,0.0,1.0,0.9375
improved,stage2,0.032258064516129004,0.0,0.0625,D037,1.0,0,0.0,False,stage2_cosine_prototype,57,32,1.0,1.0,True,5,0,2,20260621,0.967741935483871,0.0,1.0,0.9375
unchanged,stage2,0.0,0.0,0.0,D037,0.967741935483871,0,0.0,False,stage2_finetune_bias_only,57,32,1.0,0.9375,True,5,0,2,20260621,0.967741935483871,0.0,1.0,0.9375
unchanged,stage2,0.0,0.0,0.0,D037,0.967741935483871,0,0.0,False,stage2_finetune_head,57,32,1.0,0.9375,True,5,0,2,20260621,0.967741935483871,0.0,1.0,0.9375
improved,stage2,0.032258064516129004,0.0,0.0625,D037,1.0,0,0.0,False,stage2_positive_bias,57,32,1.0,1.0,True,5,0,2,20260621,0.967741935483871,0.0,1.0,0.9375
unchanged,none,0.0,0.0,0.0,D037,0.967741935483871,0,0.0,False,zero_shot,57,32,1.0,0.9375,True,5,0,2,20260621,0.967741935483871,0.0,1.0,0.9375
unchanged,stage1,0.0,0.0,0.0,D037,0.9841269841269841,0,0.0,False,stage1_finetune_bias_only,57,32,1.0,0.96875,True,5,0,1,20260622,0.9841269841269841,0.0,1.0,0.96875
unchanged,stage1,0.0,0.0,0.0,D037,0.9841269841269841,0,0.0,False,stage1_finetune_head,57,32,1.0,0.96875,True,5,0,1,20260622,0.9841269841269841,0.0,1.0,0.96875
unchanged,stage1+stage2,0.0,0.0,0.0,D037,0.9841269841269841,0,0.0,False,stage1_stage2_combined,57,32,1.0,0.96875,True,5,0,1,20260622,0.9841269841269841,0.0,1.0,0.96875
improved,stage2,0.015873015873015928,0.0,0.03125,D037,1.0,0,0.0,False,stage2_cosine_prototype,57,32,1.0,1.0,True,5,0,1,20260622,0.9841269841269841,0.0,1.0,0.96875
unchanged,stage2,0.0,0.0,0.0,D037,0.9841269841269841,0,0.0,False,stage2_finetune_bias_only,57,32,1.0,0.96875,True,5,0,1,20260622,0.9841269841269841,0.0,1.0,0.96875
unchanged,stage2,0.0,0.0,0.0,D037,0.9841269841269841,0,0.0,False,stage2_finetune_head,57,32,1.0,0.96875,True,5,0,1,20260622,0.9841269841269841,0.0,1.0,0.96875
improved,stage2,0.015873015873015928,0.0,0.03125,D037,1.0,0,0.0,False,stage2_positive_bias,57,32,1.0,1.0,True,5,0,1,20260622,0.9841269841269841,0.0,1.0,0.96875
unchanged,none,0.0,0.0,0.0,D037,0.9841269841269841,0,0.0,False,zero_shot,57,32,1.0,0.96875,True,5,0,1,20260622,0.9841269841269841,0.0,1.0,0.96875
unchanged,stage1,0.0,0.0,0.0,D037,0.9841269841269841,0,0.0,False,stage1_finetune_bias_only,57,32,1.0,0.96875,True,5,0,1,20260623,0.9841269841269841,0.0,1.0,0.96875
unchanged,stage1,0.0,0.0,0.0,D037,0.9841269841269841,0,0.0,False,stage1_finetune_head,57,32,1.0,0.96875,True,5,0,1,20260623,0.9841269841269841,0.0,1.0,0.96875
unchanged,stage1+stage2,0.0,0.0,0.0,D037,0.9841269841269841,0,0.0,False,stage1_stage2_combined,57,32,1.0,0.96875,True,5,0,1,20260623,0.9841269841269841,0.0,1.0,0.96875
improved,stage2,0.015873015873015928,0.0,0.03125,D037,1.0,0,0.0,False,stage2_cosine_prototype,57,32,1.0,1.0,True,5,0,1,20260623,0.9841269841269841,0.0,1.0,0.96875
unchanged,stage2,0.0,0.0,0.0,D037,0.9841269841269841,0,0.0,False,stage2_finetune_bias_only,57,32,1.0,0.96875,True,5,0,1,20260623,0.9841269841269841,0.0,1.0,0.96875
unchanged,stage2,0.0,0.0,0.0,D037,0.9841269841269841,0,0.0,False,stage2_finetune_head,57,32,1.0,0.96875,True,5,0,1,20260623,0.9841269841269841,0.0,1.0,0.96875
improved,stage2,0.015873015873015928,0.0,0.03125,D037,1.0,0,0.0,False,stage2_positive_bias,57,32,1.0,1.0,True,5,0,1,20260623,0.9841269841269841,0.0,1.0,0.96875
unchanged,none,0.0,0.0,0.0,D037,0.9841269841269841,0,0.0,False,zero_shot,57,32,1.0,0.96875,True,5,0,1,20260623,0.9841269841269841,0.0,1.0,0.96875
unchanged,stage1,0.0,0.0,0.0,D037,0.967741935483871,0,0.0,False,stage1_finetune_bias_only,57,32,1.0,0.9375,True,5,0,2,20260624,0.967741935483871,0.0,1.0,0.9375
unchanged,stage1,0.0,0.0,0.0,D037,0.967741935483871,0,0.0,False,stage1_finetune_head,57,32,1.0,0.9375,True,5,0,2,20260624,0.967741935483871,0.0,1.0,0.9375
unchanged,stage1+stage2,0.0,0.0,0.0,D037,0.967741935483871,0,0.0,False,stage1_stage2_combined,57,32,1.0,0.9375,True,5,0,2,20260624,0.967741935483871,0.0,1.0,0.9375
improved,stage2,0.032258064516129004,0.0,0.0625,D037,1.0,0,0.0,False,stage2_cosine_prototype,57,32,1.0,1.0,True,5,0,2,20260624,0.967741935483871,0.0,1.0,0.9375
unchanged,stage2,0.0,0.0,0.0,D037,0.967741935483871,0,0.0,False,stage2_finetune_bias_only,57,32,1.0,0.9375,True,5,0,2,20260624,0.967741935483871,0.0,1.0,0.9375
unchanged,stage2,0.0,0.0,0.0,D037,0.967741935483871,0,0.0,False,stage2_finetune_head,57,32,1.0,0.9375,True,5,0,2,20260624,0.967741935483871,0.0,1.0,0.9375
improved,stage2,0.032258064516129004,0.0,0.0625,D037,1.0,0,0.0,False,stage2_positive_bias,57,32,1.0,1.0,True,5,0,2,20260624,0.967741935483871,0.0,1.0,0.9375
unchanged,none,0.0,0.0,0.0,D037,0.967741935483871,0,0.0,False,zero_shot,57,32,1.0,0.9375,True,5,0,2,20260624,0.967741935483871,0.0,1.0,0.9375
